REG,QID,A4P1A,A4P1B,A4P1C,A4P1D,A4P1E,A4P1F,A4P1G,A4P1H,A4P1I,A4P1J,A4P1K,A4P1L,A4P1M
01,280302100000010010,1,2,2,2,1,1,1,2,1,2,2,2,2
01,280302100000020023,1,2,2,2,1,2,2,2,2,2,2,2,1
01,280302100000030036,1,2,2,1,1,1,1,2,1,2,2,2,1
01,280302100000040049,1,2,2,2,1,1,2,2,1,2,2,2,1
01,280302100000050063,1,2,2,1,1,1,2,2,1,2,2,2,1
01,280302100000060072,1,2,2,1,1,1,1,2,1,2,1,2,2
01,280302100000078002,1,2,2,2,2,1,2,2,1,1,2,2,2
01,280302100000088003,1,2,1,1,2,2,2,2,1,2,2,2,1
01,280302100000100124,1,2,1,1,2,1,1,2,1,2,1,2,1
01,280302100000130166,1,2,2,2,1,1,2,2,1,2,1,2,2
01,280302100000150191,1,2,2,2,2,2,2,2,1,2,2,2,2
01,280302100000160206,1,2,2,2,2,2,2,2,2,2,2,2,2
01,280302100000170219,1,2,2,1,1,1,1,2,1,2,2,2,2
01,280302100000180233,1,2,2,1,1,1,1,2,1,2,1,1,2
01,280502100000010031,1,2,2,2,1,1,1,2,1,1,2,2,1
01,280502100000020052,1,2,1,1,1,1,1,1,1,1,1,1,1
01,280502100000030073,1,2,2,1,2,1,1,2,1,2,1,1,1
01,280502100000050115,1,2,2,2,1,2,2,2,1,2,2,2,2
01,280502100000060136,1,2,2,1,1,1,1,2,1,2,2,1,1
01,280502100000070157,1,2,2,2,2,2,2,2,2,2,2,2,2
01,280502100000080178,1,2,2,2,2,1,2,2,2,2,2,2,2
01,280502100000090199,1,2,2,2,1,1,2,2,1,2,2,2,2
01,280502100000100220,1,2,2,2,1,1,2,2,1,2,2,2,2
01,280502100000110241,1,2,2,1,2,1,1,2,1,1,1,1,1
01,280502100000130284,1,2,2,2,2,1,2,2,2,2,2,2,2
01,280502100000140303,1,2,2,2,2,1,2,2,1,2,2,2,1
01,280502100000150324,1,2,1,2,1,1,1,2,1,2,2,2,1
01,280502100000170366,1,2,2,1,1,1,2,2,1,1,2,2,1
01,280900400000010005,1,2,2,2,1,2,2,2,1,2,2,2,1
01,280900400000020026,1,2,2,2,1,1,2,2,1,2,2,2,2
01,280900400000030041,1,2,2,2,1,1,2,2,1,2,1,2,1
01,280900400000040056,1,2,2,2,1,1,2,2,1,2,2,2,1
01,280900400000050071,1,2,2,2,1,1,2,2,1,2,2,2,2
01,280900400000060086,1,2,2,2,1,1,1,2,1,2,2,1,1
01,280900400000070103,1,2,2,2,2,1,2,2,1,2,2,2,1
01,280900400000080117,1,2,1,1,1,1,2,2,1,2,2,2,1
01,280900400000090132,1,2,2,2,2,1,2,2,1,2,2,2,1
01,280900400000110161,1,2,1,1,1,1,2,2,1,2,2,2,1
01,280900400000130187,1,2,2,1,2,1,2,2,1,2,1,2,1
01,280900400000140202,1,2,2,1,2,1,1,2,1,2,2,2,1
01,280900400000150215,1,1,1,2,1,1,1,2,1,2,1,2,1
01,280900400000160230,1,2,2,2,2,1,1,2,1,2,2,1,1
01,280900400000170245,1,2,2,1,1,1,2,2,1,2,2,2,1
01,281205900000020045,1,2,1,1,1,1,1,2,1,2,2,2,2
01,281205900000040084,1,2,2,2,1,1,1,2,1,2,1,2,1
01,281205900000050104,1,1,1,1,1,1,1,1,1,2,2,1,1
01,281205900000068004,1,1,1,1,2,1,1,2,1,1,1,2,2
01,281205900000070143,1,2,1,1,1,1,1,1,1,2,2,1,1
01,281205900000080163,1,2,1,1,1,1,1,1,1,2,2,1,1
01,281205900000098005,1,2,1,1,1,1,1,2,1,2,1,1,1
01,281205900000110223,1,2,2,1,1,1,1,2,1,2,2,2,1
01,281205900000130265,1,1,1,1,2,1,1,1,1,1,1,1,1
01,281205900000140283,1,2,2,2,1,1,1,2,1,2,2,2,1
01,281205900000150300,1,2,1,1,1,1,1,2,1,2,1,1,1
01,281205900000158003,1,2,2,2,1,1,2,2,1,2,1,1,1
01,281206600000030034,1,2,1,1,2,1,2,2,1,2,2,1,1
01,281206600000040048,1,2,1,1,2,1,1,2,1,2,1,1,1
01,281206600000058001,1,2,1,1,1,1,1,2,1,2,1,1,1
01,281206600000070087,1,1,1,1,2,1,1,1,1,2,1,1,1
01,281206600000080101,1,1,1,1,1,1,1,2,1,2,1,1,1
01,281206600000090115,1,2,2,2,2,1,2,2,1,2,2,2,2
01,281206600000100129,1,2,2,1,2,1,1,2,1,2,1,1,1
01,281206600000110142,1,2,2,2,1,1,1,2,1,2,1,1,1
01,281206600000120156,1,2,2,1,1,1,1,2,1,2,2,2,1
01,281206600000130169,1,1,2,2,2,1,1,1,1,2,2,2,2
01,281206600000140180,1,2,2,1,2,1,1,2,1,2,1,2,2
01,281206600000150193,1,2,2,1,2,1,2,2,1,2,2,2,1
01,281206600000160207,1,2,1,1,1,1,1,1,1,1,1,2,2
01,281208100000020017,1,1,2,1,1,1,1,1,1,1,1,1,1
01,281208100000030032,1,2,2,2,2,1,2,2,1,2,1,2,1
01,281208100000040048,1,2,2,2,1,1,1,2,1,2,2,2,1
01,281208100000070084,1,2,2,1,1,1,2,2,1,1,2,1,1
01,281208100000098001,1,2,2,2,2,1,1,2,1,2,2,2,1
01,281208100000100129,1,2,2,2,1,1,2,2,2,2,2,2,2
01,281208100000110145,1,2,2,1,1,1,1,2,1,2,1,2,1
01,281208100000120158,1,2,2,1,1,1,1,2,1,2,2,1,1
01,281208100000130173,1,2,1,1,1,1,1,2,1,2,1,2,1
01,281208100000140188,1,2,2,1,1,1,2,2,1,2,2,2,1
01,281208100000160216,1,2,2,1,1,1,1,2,1,1,2,1,1
01,281208100000170231,1,2,2,1,2,1,1,2,1,2,2,2,1
01,281208100000190262,1,2,2,1,1,1,2,2,1,2,2,2,1
01,281208100000200277,1,2,2,2,2,1,2,2,2,2,2,2,2
01,281208100000210292,1,2,2,1,1,1,1,1,2,1,1,2,1
01,281208100000238002,1,1,2,1,2,1,2,2,1,2,1,2,2
01,281500400000010001,1,2,2,2,2,1,2,2,2,2,2,2,1
01,281500400000028001,1,1,1,1,1,2,2,2,1,2,2,2,1
01,281500400000040047,1,2,2,2,2,1,2,2,1,2,2,2,1
01,281500400000060076,1,2,2,2,2,1,1,2,1,2,2,2,1
01,281500400000080104,1,2,2,2,2,1,1,2,1,2,2,2,1
01,281500400000090119,1,2,2,2,2,1,2,2,2,2,2,2,1
01,281500400000100135,1,2,2,2,1,1,2,2,2,2,2,2,1
01,281500400000110150,1,2,2,2,2,1,1,2,1,2,2,2,1
01,281500400000130179,1,2,2,2,2,1,1,2,2,2,2,2,1
01,281500400000140193,1,2,2,2,2,2,2,2,1,2,2,2,1
01,281500400000170233,1,2,2,2,2,1,1,2,1,1,1,2,1
01,281500400000190261,1,2,2,2,2,2,2,2,1,2,2,2,1
01,281600400000010004,1,2,2,1,2,1,1,2,1,1,1,2,2
01,281600400000020027,1,2,2,1,1,1,2,2,1,2,2,2,2
01,281600400000040072,1,2,2,2,2,1,1,2,1,2,2,2,2
01,281600400000050095,1,2,2,2,2,1,2,2,2,2,2,2,2
01,281600400000060118,1,2,2,1,2,1,1,2,1,2,2,2,2
01,281600400000070140,1,2,2,1,1,1,2,2,2,2,2,2,2
01,281600400000080163,1,2,2,1,1,1,1,2,1,2,2,2,2
01,281600400000090186,1,2,2,2,2,1,1,2,1,2,2,2,2
01,281600400000120253,1,2,2,1,2,1,2,2,2,2,2,2,2
01,281600400000130276,1,2,2,2,2,2,2,2,2,2,2,2,2
01,281600400000150321,1,2,2,1,1,1,1,2,1,2,1,2,2
01,281600400000160344,1,2,2,1,2,2,1,2,1,2,2,2,2
01,281600400000170367,1,2,1,1,1,1,1,2,1,2,1,2,2
01,281900100000010056,1,2,2,1,1,1,2,2,1,2,2,2,2
01,281901500000010002,1,2,2,1,1,2,2,2,1,2,2,2,2
01,281901500000020013,1,2,2,2,1,1,2,2,2,2,2,2,1
01,281901500000030023,1,2,2,2,2,1,2,2,2,2,1,2,1
01,281901500000040033,1,2,2,2,2,1,2,2,1,2,1,2,1
01,281901500000050044,1,2,2,2,2,2,2,2,1,2,2,2,2
01,281901500000060054,1,2,2,1,1,1,1,2,1,1,1,2,1
01,281901500000070065,1,2,2,2,1,1,1,2,1,2,2,2,1
01,281901500000080075,1,2,2,2,2,2,2,2,2,2,2,2,2
01,281901500000090085,1,2,2,1,1,1,1,2,1,1,1,2,1
01,281901500000110106,1,2,2,1,1,1,1,2,1,2,2,2,1
01,281901500000120116,1,2,2,1,1,1,1,2,1,2,1,2,1
01,281901500000130127,1,2,2,2,1,1,1,2,1,2,1,2,1
01,281901500000140137,1,2,2,2,2,1,2,2,1,2,2,2,2
01,281901500000150148,1,2,2,1,1,1,1,2,1,2,1,2,1
01,282300100000010017,1,2,1,2,1,1,1,2,1,2,2,2,2
01,282300100000020029,1,2,2,1,1,1,1,2,1,1,2,2,1
01,282300100000030043,1,2,1,1,1,1,1,2,1,1,1,1,1
01,282300100000050068,1,2,2,2,1,1,2,2,1,2,2,2,1
01,282300100000060080,1,2,2,1,1,1,1,2,1,2,1,1,1
01,282300100000070094,1,2,2,2,1,1,2,2,1,2,2,2,1
01,282300100000080107,1,2,2,1,1,1,1,2,1,2,2,2,2
01,282300100000090120,1,2,2,1,1,1,2,2,1,1,2,2,1
01,282300100000100134,1,2,2,1,1,1,1,2,1,2,2,2,1
01,282300100000110151,1,2,2,2,1,1,1,2,1,2,2,2,1
01,282300100000140193,1,2,2,1,1,1,2,2,1,2,2,2,1
01,282300100000150208,1,2,2,2,2,1,2,2,1,2,2,2,1
01,282300100000160221,1,2,2,2,2,1,2,2,1,2,2,2,1
01,282300100000170235,1,1,1,2,1,1,1,1,1,1,1,1,1
01,282300100000180249,1,2,2,2,2,1,2,2,2,2,2,2,2
01,290303000000010123,1,2,2,2,1,1,2,2,1,1,2,2,1
01,290303200000010013,1,2,2,2,1,1,1,2,1,2,1,2,1
01,290303200000028001,1,2,2,1,1,1,1,2,1,2,1,2,1
01,290303200000030032,1,2,2,2,2,1,2,1,1,2,2,2,1
01,290303200000040042,1,2,2,2,2,2,2,2,1,2,2,2,1
01,290303200000070071,1,2,2,2,2,1,2,2,1,2,2,2,1
01,290303200000080081,1,2,2,2,1,1,2,2,1,2,2,2,1
01,290303200000090095,1,2,2,1,1,1,1,2,1,2,2,2,1
01,290303200000100107,1,2,1,1,1,1,1,2,1,2,2,1,1
01,290303200000110116,1,2,2,1,2,1,1,2,1,2,2,1,1
01,290303200000118002,1,2,1,2,1,1,1,2,1,2,2,1,1
01,290303200000120127,1,2,2,2,1,1,1,2,1,2,2,2,1
01,290303200000130136,1,2,2,1,1,1,1,2,1,1,2,1,1
01,290303200000140147,1,2,2,2,1,1,2,2,1,2,2,2,1
01,290303200000150160,1,2,2,1,1,1,2,2,1,2,2,2,1
01,290303200000160170,1,2,2,2,1,1,1,1,1,1,1,2,1
01,290303200000170179,1,2,2,1,1,1,1,1,1,1,1,1,1
01,290401500000010006,1,2,2,2,1,1,2,2,1,2,2,2,2
01,290401500000030018,1,2,2,2,2,1,2,2,1,2,2,2,1
01,290401500000040024,1,2,2,1,2,2,2,2,2,2,2,2,1
01,290401500000050031,1,2,2,1,2,1,1,2,1,1,2,2,1
01,290401500000060037,1,2,2,2,1,2,2,2,2,2,2,2,1
01,290401500000070043,1,2,2,2,1,1,2,2,1,2,2,2,1
01,290401500000080049,1,2,2,1,1,1,1,2,1,2,1,2,1
01,290401500000100062,1,2,1,1,1,1,2,2,1,2,2,2,1
01,290401500000110069,1,2,2,2,2,1,2,2,1,2,2,2,1
01,290401500000120075,1,2,1,2,1,1,2,2,1,2,2,2,1
01,290401500000130081,1,2,2,2,2,2,2,2,2,2,2,2,2
01,290401500000150094,1,2,2,2,2,1,2,2,1,2,2,2,2
01,290401500000170107,1,2,2,2,2,1,1,2,1,2,2,2,1
01,290401500000190119,1,2,2,2,1,1,1,2,1,2,2,2,1
01,290401500000200125,1,2,2,2,2,1,1,2,1,2,2,2,2
01,290602700000020024,1,2,2,2,1,1,1,2,1,2,2,2,1
01,290602700000030038,1,2,2,2,1,2,1,2,1,2,2,2,2
01,290602700000040052,1,2,2,2,1,1,1,2,1,2,2,2,2
01,290602700000050068,1,2,2,2,1,1,2,2,1,2,2,2,1
01,290602700000060081,1,2,2,2,1,1,1,2,1,2,2,2,1
01,290602700000070096,1,2,2,2,2,2,1,2,1,2,2,2,1
01,290602700000080110,1,2,2,2,2,1,2,2,1,2,2,2,1
01,290602700000090126,1,2,2,2,1,1,1,2,1,2,2,2,1
01,290602700000100142,1,2,2,2,1,1,1,2,1,2,2,2,1
01,290602700000110154,1,2,2,2,1,1,2,2,1,2,2,2,1
01,290602700000120169,1,2,2,2,1,1,2,2,1,2,2,2,1
01,290602700000130184,1,2,2,2,1,2,2,2,1,2,2,2,1
01,290602700000140199,1,2,2,2,2,1,2,2,1,2,2,2,1
01,290602700000150214,1,2,2,2,1,1,1,2,1,2,2,1,1
01,290602700000160229,1,1,2,2,1,1,1,2,1,2,2,2,1
01,290602700000180255,1,2,2,2,1,1,1,2,1,2,2,2,1
01,290604000000010032,1,2,2,2,1,2,2,2,2,2,2,2,1
01,290604000000020055,1,2,2,2,1,1,2,2,1,2,2,2,1
01,290604000000030080,1,2,2,2,2,1,2,2,2,2,2,2,1
01,290604000000060158,1,2,2,2,2,1,1,2,1,2,1,2,2
01,290604000000080203,1,2,2,1,1,1,2,2,1,2,2,2,2
01,290604000000090225,1,1,1,1,1,1,1,1,1,2,1,1,1
01,290604000000110269,1,2,2,1,2,1,2,2,1,2,1,2,2
01,290604000000120293,1,2,2,2,2,1,2,2,1,2,2,2,2
01,290604000000130317,1,2,2,2,2,1,1,2,1,2,2,2,2
01,290604000000150363,1,2,2,2,2,1,2,2,1,2,2,2,1
01,290604000000160385,1,2,2,2,2,1,2,2,2,2,2,2,2
01,290604000000180433,1,2,2,2,2,1,1,2,2,2,2,2,2
01,290604000000198001,1,2,2,2,2,1,2,2,1,2,2,2,2
01,290700100000010001,1,1,2,1,1,1,1,2,1,2,1,1,1
01,290700100000020012,1,2,2,2,1,1,2,2,1,2,2,2,2
01,290700100000030020,1,2,2,1,1,1,1,2,1,1,2,2,1
01,290700100000040029,1,2,2,2,1,2,2,2,2,2,2,2,2
01,290700100000050042,1,2,2,2,1,1,2,2,1,2,2,2,1
01,290700100000060053,1,2,2,2,1,2,2,2,1,2,2,2,2
01,290700100000070062,1,2,2,2,2,1,2,2,1,2,1,2,1
01,290700100000080072,1,2,2,1,1,2,2,2,1,2,2,1,1
01,290700100000090082,1,2,1,2,2,1,1,2,1,2,2,2,2
01,290700100000100090,1,2,2,2,2,1,2,2,1,2,2,2,1
01,290700100000110099,1,2,2,2,2,1,1,2,1,2,2,2,1
01,290700100000120109,1,1,2,1,1,1,1,2,1,2,2,2,1
01,290700100000138002,1,2,1,1,1,1,1,1,1,1,1,1,1
01,290700100000140129,1,2,2,2,2,1,2,2,1,2,2,2,1
01,290700100000150140,1,2,2,1,1,1,1,2,1,2,1,2,1
01,290700100000168004,1,1,1,1,1,1,1,2,1,2,1,1,1
01,290700100000170165,1,2,2,2,2,1,1,2,1,2,2,2,2
01,290700100000180175,1,2,2,2,2,1,1,2,1,1,2,2,1
01,290700100000190183,1,2,2,1,1,2,2,2,1,1,2,1,1
01,290700100000200192,1,2,2,2,1,1,1,2,1,2,2,2,1
01,290800300000010020,1,2,2,1,1,2,2,2,2,2,2,2,2
01,290800300000020033,1,1,2,1,1,1,1,2,1,2,1,2,1
01,290800300000030047,1,2,2,2,2,2,2,2,2,2,2,2,2
01,290800300000040061,1,2,2,2,2,2,2,2,2,2,2,2,2
01,290800300000050075,1,2,2,2,1,1,1,2,1,2,2,2,2
01,290800300000070102,1,2,2,2,1,1,1,2,1,2,2,2,1
01,290800300000090127,1,2,2,2,2,2,2,2,2,2,2,2,2
01,290800300000100140,1,2,2,2,2,1,2,2,2,2,2,2,1
01,290800300000110154,1,2,2,2,2,2,2,2,2,2,2,2,2
01,290800300000120167,1,2,2,2,2,2,2,2,2,2,2,2,2
01,290800300000130181,1,2,2,2,2,1,2,2,1,2,2,1,1
01,290800300000140195,1,2,2,2,2,2,2,2,2,2,2,2,2
01,290800300000150207,1,2,2,2,2,1,2,2,2,2,2,2,2
01,290800300000160221,1,2,2,2,2,1,2,2,2,2,2,2,2
01,290800300000170235,1,2,2,2,2,1,2,2,2,2,1,2,1
01,290800300000180248,1,2,2,2,2,1,2,2,2,2,2,2,2
01,290800300000190262,1,2,2,2,2,1,1,2,1,2,2,2,2
01,291203600000010006,1,2,2,1,1,1,1,2,1,2,2,2,1
01,291203600000020017,1,2,2,1,1,1,1,2,1,1,2,2,1
01,291203600000030028,1,2,2,1,1,1,1,1,1,1,1,2,1
01,291203600000040041,1,2,1,2,1,1,2,2,1,2,2,2,2
01,291203600000050051,1,2,1,2,2,1,1,2,1,1,1,1,1
01,291203600000060063,1,2,2,1,1,1,1,2,1,2,2,2,1
01,291203600000070075,1,2,2,1,1,1,1,2,1,2,1,2,1
01,291203600000080083,1,2,2,1,2,1,2,2,1,2,2,2,1
01,291203600000100103,1,2,2,1,1,1,1,2,1,2,2,2,1
01,291203600000110117,1,2,2,1,1,1,2,2,1,2,2,2,1
01,291203600000110118,1,2,2,1,1,1,1,2,1,2,2,2,1
01,291203600000120130,1,2,2,1,2,1,2,2,1,2,2,2,1
01,291203600000130145,1,2,2,1,1,1,1,2,1,2,2,2,1
01,291203600000140157,1,2,2,1,2,1,2,2,1,2,2,2,2
01,291203600000150167,1,2,2,1,2,1,2,2,1,2,2,2,1
01,291203600000160179,1,2,2,1,1,1,2,2,1,2,2,2,1
01,291203600000170192,1,2,2,1,1,1,1,2,1,1,1,1,1
01,291203600000190215,1,2,1,1,1,1,1,2,1,1,1,1,1
01,292000300000010011,1,2,2,1,1,1,1,2,1,2,2,2,1
01,292000300000010012,1,2,2,1,2,1,1,2,1,2,2,2,1
01,292000300000020023,1,2,2,1,2,1,2,2,1,2,2,2,1
01,292000300000030036,1,2,2,1,2,1,2,2,1,2,2,2,1
01,292000300000040051,1,2,2,2,1,1,1,2,1,2,2,2,1
01,292000300000050066,1,2,2,2,2,2,2,2,1,2,2,2,2
01,292000300000050067,1,2,2,2,1,1,2,2,1,2,2,2,1
01,292000300000060080,1,2,2,1,1,1,1,2,1,1,1,2,1
01,292000300000070093,1,2,2,2,2,1,2,2,1,2,2,2,1
01,292000300000080109,1,2,2,1,1,1,1,2,1,2,2,2,1
01,292000300000100135,1,2,2,1,2,1,1,2,1,2,1,2,1
01,292000300000120162,1,2,2,1,2,1,1,2,1,2,1,2,1
01,292000300000130175,1,2,2,1,2,1,2,2,1,2,2,2,1
01,292000300000140189,1,2,2,2,2,1,2,2,1,2,2,2,1
01,292000300000150200,1,2,2,2,1,2,2,2,2,2,2,2,2
01,292000300000160211,1,2,2,1,2,1,2,2,1,2,2,2,2
01,292000300000170223,1,2,2,1,2,1,1,2,1,2,2,2,1
01,292402100000010006,1,2,2,1,1,1,1,2,1,2,1,2,2
01,292402100000020013,1,2,2,2,2,1,2,2,1,2,2,2,2
01,292402100000030020,1,2,2,2,2,2,2,2,2,2,2,2,2
01,292402100000040027,1,2,2,1,2,1,2,2,2,2,2,2,2
01,292402100000050034,1,2,2,1,1,1,1,2,1,2,2,2,2
01,292402100000060041,1,2,2,2,2,2,2,2,2,2,2,2,2
01,292402100000070048,1,2,2,2,2,2,2,2,1,2,2,2,2
01,292402100000080054,1,2,2,2,2,1,2,2,1,2,2,2,2
01,292402100000090061,1,2,2,2,2,2,2,2,2,2,2,2,2
01,292402100000100068,1,2,2,2,2,1,2,2,2,2,2,2,2
01,292402100000110075,1,2,2,1,2,1,1,2,1,2,2,2,2
01,292402100000130089,1,2,2,1,2,1,1,2,1,2,1,2,2
01,292402100000140096,1,2,2,2,2,1,2,2,1,2,2,2,2
01,292402100000150102,1,2,2,2,2,1,2,2,1,2,2,2,2
01,292402100000160109,1,2,2,1,1,1,2,2,1,2,2,2,2
01,292402100000170116,1,2,2,1,2,1,2,2,1,2,2,2,1
01,292404400000010003,1,2,2,1,1,1,2,2,1,2,2,2,2
01,292404400000020197,1,2,2,1,2,1,1,2,1,2,2,2,2
01,292404400000030204,1,2,2,2,1,1,2,2,1,2,2,2,2
01,293002100000010007,1,2,2,1,1,1,1,2,1,2,2,2,1
01,293002100000020069,1,2,2,2,2,1,2,2,1,2,2,2,2
01,293002100000030120,1,2,2,1,1,1,1,2,1,2,2,2,1
01,293002600000010005,1,2,2,1,1,1,2,2,1,2,2,2,2
01,293002600000020010,1,2,2,1,2,1,2,2,1,2,2,2,2
01,293002600000020011,1,2,2,1,1,1,2,2,1,2,2,2,1
01,293002600000030016,1,2,2,1,1,1,2,2,1,2,2,2,1
01,293002600000050024,1,2,2,1,1,1,2,2,1,2,2,2,1
01,293002600000060029,1,2,2,1,1,1,2,2,1,2,2,2,1
01,293002600000070034,1,2,2,1,1,1,1,2,1,1,1,2,1
01,293002600000080039,1,2,2,1,1,1,2,2,1,2,2,2,1
01,293002600000090044,1,2,1,1,1,1,1,2,1,1,2,2,1
01,293002600000100049,1,2,2,1,1,1,1,2,1,2,2,2,1
01,293002600000110054,1,2,2,1,1,1,2,2,1,2,2,2,1
01,293002600000120059,1,2,2,1,1,1,2,2,1,2,2,2,1
01,293002600000130064,1,2,2,1,1,1,2,2,1,2,2,2,1
01,293002600000140069,1,2,2,1,1,2,2,2,2,2,2,2,2
01,293002600000150074,1,2,2,1,2,2,2,2,2,2,2,2,2
01,293002600000160079,1,2,1,1,1,1,1,1,1,1,1,2,1
01,293002600000170084,1,2,2,1,1,1,2,2,1,2,2,2,1
01,330300700000010011,1,2,2,2,2,2,2,2,2,2,2,2,2
01,330300700000020034,1,2,2,2,2,1,2,2,1,2,2,2,2
01,330300700000030060,1,2,2,1,1,1,2,2,2,2,2,2,2
01,330300700000040083,1,2,2,1,1,1,2,2,1,2,2,2,2
01,330300700000050108,1,2,1,2,2,1,2,2,1,2,2,2,2
01,330300700000060133,1,2,2,1,1,1,1,2,1,2,2,1,1
01,330300700000070494,1,2,1,2,1,1,1,2,1,2,1,2,1
01,330300700000080181,1,2,2,1,1,1,2,2,1,2,2,2,1
01,330300700000090205,1,2,2,1,2,1,1,2,1,2,2,2,1
01,330300700000110254,1,2,1,2,2,1,2,2,1,2,1,2,1
01,330300700000120279,1,2,2,1,1,1,1,2,1,2,1,2,1
01,330300700000130303,1,2,2,2,2,1,2,2,1,2,2,2,1
01,330300700000150348,1,2,2,2,2,2,1,2,2,2,2,2,2
01,330300700000160371,1,2,2,2,1,1,1,2,1,1,2,2,1
01,330300700000170392,1,2,1,1,1,1,1,2,1,1,1,1,1
01,330300700000180414,1,2,2,1,1,1,1,2,1,2,1,2,1
01,330300700000190439,1,2,2,1,1,1,2,2,2,2,2,2,1
01,330300700000200461,1,2,2,2,1,2,2,2,1,2,2,2,1
01,330300700000210484,1,2,2,2,2,1,2,2,1,2,2,2,1
01,330601000000010151,1,2,2,2,2,1,1,2,2,2,2,2,2
01,330601100000010018,1,2,2,1,2,1,1,2,1,2,2,1,2
01,330601100000020036,1,2,2,2,1,1,1,2,1,2,2,2,2
01,330601100000030051,1,2,2,1,1,1,2,2,1,2,2,2,2
01,330601100000040067,1,2,2,1,2,1,2,2,1,2,2,2,2
01,330601100000050082,1,2,2,2,1,1,1,2,1,2,2,2,2
01,330601100000060097,1,2,2,2,2,1,2,2,1,2,2,2,2
01,330601100000070111,1,2,2,2,1,1,1,2,1,2,2,2,2
01,330601100000080125,1,2,2,1,2,2,2,2,1,2,2,2,2
01,330601100000100162,1,2,2,2,1,2,2,2,1,2,2,2,2
01,330601100000120194,1,2,2,1,1,2,2,2,1,2,2,2,2
01,330601100000130211,1,2,2,1,1,1,1,2,1,2,2,2,2
01,330601100000150246,1,2,2,2,1,1,2,2,1,2,2,2,2
01,330601100000160261,1,2,2,2,1,1,2,2,1,2,2,2,2
01,330601100000170278,1,2,2,2,1,1,2,2,2,2,2,2,2
01,330601100000190305,1,2,2,2,1,2,2,2,2,2,2,2,2
01,330701400200010024,1,2,2,1,2,1,1,1,2,2,2,1,2
01,330701400200020049,1,2,2,2,2,2,2,2,2,2,2,2,2
01,330701400200050107,1,2,2,2,2,1,1,2,2,2,2,2,2
01,330701400200070148,1,2,2,1,2,1,1,1,2,2,1,1,2
01,330701400200080169,1,2,2,1,2,1,1,2,2,2,1,1,2
01,330701400200098001,1,2,1,1,2,1,1,1,1,2,1,1,2
01,330701400200110232,1,2,1,1,2,1,2,2,1,2,1,2,2
01,330701400200120255,1,2,2,1,2,1,1,2,1,2,2,1,2
01,330702200000010004,1,2,2,2,1,1,2,2,2,2,2,2,2
01,330702200000020028,1,2,2,2,2,1,2,2,2,2,2,2,1
01,330702200000030043,1,2,2,2,1,1,2,2,2,2,2,2,2
01,330702200000040063,1,2,2,2,1,1,2,2,2,2,2,2,2
01,330702200000040064,1,2,2,2,1,1,2,2,2,2,2,2,2
01,330702200000050078,1,2,2,2,1,1,2,2,1,2,2,2,2
01,330702200000050079,1,2,2,2,1,1,2,2,2,2,2,2,2
01,330702200000060094,1,2,2,2,1,1,1,2,2,2,2,2,2
01,330702200000080130,1,2,2,2,1,1,2,2,1,2,2,2,2
01,330702200000110175,1,2,2,2,1,1,2,2,1,2,2,2,2
01,330702200000120190,1,2,2,2,1,1,2,2,2,2,2,2,2
01,330702200000130206,1,2,2,2,1,1,2,2,2,2,2,2,2
01,330702200000140225,1,2,2,2,1,1,2,2,2,2,2,2,2
01,330702200000150242,1,2,2,2,1,1,2,2,2,2,2,2,2
01,330702200000160257,1,2,2,2,1,2,2,2,2,2,2,2,2
01,330702200000170271,1,2,2,2,1,1,1,2,2,2,1,2,2
01,330703700000020040,1,2,2,2,2,1,2,2,2,2,2,2,1
01,330703700000040079,1,2,2,2,1,2,2,2,2,2,2,2,2
01,330703700000050099,1,2,1,1,1,1,1,2,1,2,1,1,1
01,330703700000060117,1,2,2,1,1,2,2,2,2,2,2,2,1
01,330703700000070135,1,2,2,2,1,2,2,2,2,2,2,2,2
01,330703700000080154,1,2,2,2,2,1,2,2,2,2,2,2,1
01,330703700000090172,1,2,1,1,2,1,1,1,2,2,1,1,1
01,330703700000100188,1,2,1,1,2,1,1,2,1,2,1,1,1
01,330703700000110206,1,2,2,2,2,1,2,2,1,2,2,2,1
01,330703700000128002,1,2,2,1,1,1,1,2,1,2,1,2,1
01,330703700000140262,1,2,1,1,1,1,1,2,1,2,1,1,1
01,330703700000150280,1,2,1,1,2,1,1,2,1,2,2,1,1
01,330703700000180337,1,2,1,2,1,1,1,2,1,2,1,2,1
01,330801100000010003,1,2,2,2,2,1,2,2,1,2,2,2,1
01,330801100000030010,1,2,2,2,2,1,1,2,2,2,2,2,1
01,330801100000040014,1,2,2,2,2,1,2,2,1,2,2,2,1
01,330801100000050018,1,2,2,1,1,1,1,2,1,2,1,2,1
01,330801100000060021,1,2,2,2,2,1,2,2,2,2,2,2,2
01,330801100000070025,1,2,2,2,2,2,2,2,1,2,2,2,2
01,330801100000098001,1,2,2,2,2,1,2,2,1,2,2,2,1
01,330801100000118002,1,2,2,2,2,1,2,2,1,2,2,2,1
01,330801100000140047,1,2,2,1,2,1,1,2,1,2,2,2,1
01,330801100000150051,1,2,2,2,2,1,2,2,1,2,2,2,2
01,330801100000160054,1,2,2,2,2,1,2,2,2,2,2,2,2
01,330801100000170058,1,2,2,2,2,1,2,2,1,2,2,2,1
01,330801100000180062,1,2,2,2,2,1,2,2,1,2,2,2,1
01,330801100000190065,1,2,2,2,2,1,2,2,2,2,2,2,2
01,330801200000010103,1,2,2,2,2,1,2,2,1,2,2,2,1
01,331000400000010017,1,2,2,1,1,1,1,2,1,2,1,1,2
01,331000400000020038,1,2,2,2,1,1,1,2,1,2,2,2,2
01,331000400000030058,1,2,2,1,1,1,1,2,1,2,2,2,2
01,331000400000050101,1,2,1,2,1,1,1,2,1,1,1,2,2
01,331000400000070143,1,2,1,1,1,1,1,2,1,1,1,2,2
01,331000400000080164,1,2,2,2,1,2,2,2,1,2,2,2,2
01,331000400000090185,1,2,2,2,1,1,2,2,2,2,2,2,2
01,331000400000110225,1,2,2,1,1,1,2,2,1,2,1,2,2
01,331000400000120248,1,2,2,1,2,1,1,1,1,1,1,1,2
01,331000400000138002,1,2,2,2,2,2,2,2,1,2,2,2,2
01,331000400000160331,1,2,2,2,2,2,2,2,2,2,2,2,2
01,331000400000180371,1,2,2,1,1,1,2,2,1,2,2,2,2
01,331003600000010112,1,2,2,2,1,1,2,2,2,2,2,2,2
01,331100800000010010,1,2,2,2,2,1,2,2,1,2,2,2,1
01,331100800000020023,1,2,2,2,2,1,2,2,1,2,2,2,1
01,331100800000030037,1,2,2,2,2,1,2,2,1,2,2,2,1
01,331100800000040048,1,2,1,1,1,1,1,2,1,2,1,2,1
01,331100800000050062,1,2,2,2,2,1,2,2,1,2,2,2,2
01,331100800000070088,1,2,2,1,1,1,2,2,1,2,2,2,1
01,331100800000080101,1,2,2,2,2,1,2,2,1,2,2,2,1
01,331100800000090116,1,2,2,2,2,1,2,2,1,2,2,2,1
01,331100800000110143,1,2,2,1,2,1,2,2,1,2,2,2,1
01,331100800000130168,1,2,2,1,1,1,1,2,1,2,2,2,1
01,331100800000140182,1,2,2,2,2,1,2,2,1,2,2,2,1
01,331100800000150196,1,2,2,2,2,1,2,2,1,2,2,2,1
01,331100800000160209,1,2,2,1,2,1,2,2,1,2,2,2,1
01,331100800000170223,1,2,2,1,1,1,1,2,1,1,1,2,1
01,331405900300010432,1,2,2,1,1,1,2,2,1,2,2,2,1
01,331405900300028001,1,2,2,1,2,1,2,2,1,2,2,2,1
01,331405900300030075,1,2,2,2,1,1,1,2,1,2,2,2,1
01,331405900300040102,1,2,2,2,1,1,2,2,2,2,2,2,2
01,331405900300050127,1,2,2,2,2,1,2,2,1,2,2,2,1
01,331405900300060154,1,2,2,1,2,1,1,2,1,2,2,2,1
01,331405900300070178,1,2,2,1,2,1,2,2,1,2,2,2,1
01,331405900300088002,1,2,2,1,2,1,1,2,1,2,2,2,1
01,331405900300128003,1,2,2,2,2,1,2,2,1,2,2,2,1
01,331405900300130327,1,2,2,2,2,1,2,2,1,2,2,2,2
01,331405900300160400,1,2,2,1,2,1,2,2,1,2,2,2,1
01,331405900300170421,1,2,2,1,2,1,1,2,1,2,1,2,1
01,331701500000010020,1,2,2,1,2,1,2,2,1,2,1,2,1
01,331701500000020044,1,2,2,2,1,1,2,2,1,2,2,2,1
01,331701500000030066,1,2,2,2,2,1,2,2,1,2,2,2,2
01,331701500000050109,1,2,2,2,1,1,2,2,2,2,2,2,1
01,331701500000060130,1,2,2,2,1,1,1,2,1,2,2,2,1
01,331701500000070151,1,2,2,2,2,1,2,2,1,2,2,2,2
01,331701500000090197,1,2,1,1,2,1,1,1,1,1,1,1,1
01,331701500000100223,1,2,2,1,2,1,2,2,1,2,1,2,2
01,331701500000110246,1,2,2,2,2,2,2,2,1,2,2,2,2
01,331701500000118003,1,2,2,2,2,1,2,2,1,2,2,2,2
01,331701500000120269,1,2,2,2,2,2,2,2,2,2,2,2,2
01,331701500000130290,1,2,2,2,1,1,2,2,1,2,2,2,1
01,331701500000140313,1,2,2,1,2,1,1,2,1,1,1,1,1
01,331701500000160355,1,2,2,2,2,1,2,2,1,2,2,2,1
01,331701500000180399,1,2,2,2,2,1,2,2,1,2,2,2,1
01,331701500000190422,1,2,1,1,2,1,1,1,1,1,1,1,1
01,331702000000010021,1,2,2,2,1,1,2,2,2,2,2,2,2
01,331702000000030051,1,2,2,2,2,1,2,2,2,2,2,2,1
01,331702000000040065,1,2,2,2,2,1,2,2,2,2,2,2,1
01,331702000000050079,1,2,2,2,1,1,2,2,1,2,2,2,1
01,331702000000060094,1,2,2,2,1,1,1,2,2,2,2,2,1
01,331702000000090143,1,2,2,2,2,1,2,2,2,2,2,2,1
01,331702000000100160,1,2,2,2,2,1,2,2,2,2,2,2,1
01,331702000000110175,1,2,2,2,2,2,2,2,2,2,2,2,2
01,331702000000120192,1,2,2,2,1,1,2,2,1,2,2,2,1
01,331702000000130209,1,2,2,2,1,1,2,2,2,2,2,2,1
01,331702000000140225,1,2,2,2,1,1,1,2,1,1,2,2,1
01,331702000000150242,1,2,2,2,2,1,1,2,1,2,1,1,1
01,331702000000160259,1,2,2,2,1,1,2,2,2,2,2,2,1
01,331702000000170275,1,2,2,2,2,1,2,2,1,2,2,2,2
01,331702000000180291,1,2,2,2,2,1,2,2,2,2,2,2,1
01,332001200000028001,1,2,2,2,2,1,2,2,2,2,2,2,1
01,332001200000030047,1,2,1,2,2,1,1,2,1,2,2,2,1
01,332001200000048003,1,2,2,2,2,1,2,2,2,2,2,2,2
01,332001200000060087,1,2,2,2,2,1,2,2,1,2,2,2,1
01,332001200000078004,1,2,2,2,1,1,2,2,2,2,2,2,2
01,332001200000080115,1,2,2,2,2,1,2,2,2,2,2,2,2
01,332001200000100142,1,2,2,1,1,1,1,2,1,1,1,1,1
01,332001200000110156,1,2,2,1,2,1,2,2,2,2,1,2,1
01,332001200000120170,1,2,2,2,2,1,2,2,1,2,2,2,1
01,332001200000130183,1,2,2,2,2,2,2,2,1,2,2,2,2
01,332001200000140197,1,2,2,2,2,1,2,2,1,2,2,2,1
01,332001200000150210,1,2,2,1,1,1,1,2,1,2,1,1,1
01,550100300200010015,1,2,2,1,2,1,1,2,1,2,1,2,1
01,550100300200020032,1,2,2,2,2,1,2,2,1,2,2,2,1
01,550100300200030050,1,2,2,2,2,1,2,2,1,2,1,2,1
01,550100300200040068,1,2,2,2,1,1,2,2,1,2,1,2,1
01,550100300200050086,1,2,2,2,2,1,2,2,1,2,2,2,1
01,550100300200060104,1,2,2,2,1,1,2,2,1,2,2,2,2
01,550100300200070122,1,2,2,2,2,1,2,2,2,2,2,2,2
01,550100300200080140,1,2,2,2,2,1,2,2,1,2,2,2,2
01,550100300200090158,1,2,2,2,2,1,1,2,1,2,1,2,1
01,550100300200100176,1,2,2,2,2,2,2,2,2,2,2,2,2
01,550100300200130230,1,2,2,2,1,1,1,2,1,2,2,2,1
01,550100300200140248,1,2,2,1,2,1,1,2,1,2,1,2,1
01,550100300200150266,1,2,2,2,2,1,1,2,1,2,2,2,2
01,550100300200160284,1,2,2,2,2,1,1,2,1,2,2,2,2
01,550100300200180320,1,2,2,2,2,1,2,2,2,2,2,2,1
01,550100300200190338,1,2,2,2,2,2,2,2,2,2,2,2,2
01,550100300200200356,1,2,2,2,2,1,2,2,2,2,2,2,2
01,550100300200220392,1,2,2,2,2,1,2,2,1,2,2,2,2
01,550201300000010014,1,2,2,2,1,2,2,2,2,2,2,2,1
01,550201300000020035,1,2,2,2,2,1,2,2,2,2,2,2,2
01,550201300000030057,1,2,2,2,2,1,2,2,1,2,2,2,1
01,550201300000040073,1,2,2,1,1,1,1,2,1,2,1,2,1
01,550201300000060108,1,2,1,2,1,1,1,2,1,2,1,2,1
01,550201300000070129,1,2,2,2,1,1,1,2,1,2,2,2,1
01,550201300000080147,1,2,2,2,1,1,2,2,1,2,2,2,1
01,550201300000090165,1,2,2,2,1,1,1,2,1,2,2,2,1
01,550201300000110201,1,2,2,1,1,1,1,2,1,2,2,1,1
01,550201300000120221,1,2,2,2,1,1,2,2,2,2,2,2,1
01,550201300000130239,1,2,1,2,1,1,2,2,1,2,2,2,1
01,550201300000140255,1,2,2,1,1,1,1,2,1,2,2,2,1
01,550201300000180323,1,2,2,2,2,1,2,2,1,2,2,2,1
01,550201300000190343,1,2,2,2,2,1,2,2,2,2,2,2,1
01,550201300000210375,1,2,2,2,2,2,2,2,2,2,2,2,2
01,550201300000230413,1,2,2,2,2,1,2,2,2,2,2,2,1
01,550201300000238002,1,2,2,2,1,1,2,2,1,2,2,2,1
01,550601700000020036,1,2,1,1,1,1,1,2,1,2,1,2,1
01,550601700000030053,1,2,2,2,2,1,2,2,1,2,2,2,2
01,550601700000040070,1,2,2,2,2,1,2,2,1,2,2,2,1
01,550601700000050087,1,1,1,1,1,1,1,1,1,2,1,1,1
01,550601700000060105,1,2,1,1,2,1,1,1,1,2,2,2,1
01,550601700000070122,1,2,2,1,1,1,1,2,1,2,2,2,1
01,550601700000080139,1,2,1,1,1,1,1,2,1,2,2,2,1
01,550601700000090157,1,2,2,1,1,1,2,2,1,2,2,2,1
01,550601700000100175,1,2,2,1,1,1,1,2,1,2,1,1,1
01,550601700000110192,1,2,2,1,1,1,1,2,1,2,2,2,1
01,550601700000120209,1,2,2,2,1,1,2,2,1,2,2,2,2
01,550601700000150265,1,2,2,2,1,1,2,2,1,2,2,2,2
01,550601700000168001,1,2,1,1,1,1,1,2,1,2,2,2,1
01,550601700000170300,1,1,1,2,1,1,1,1,2,2,2,2,1
01,550601700000180319,1,2,2,1,1,1,1,2,1,2,2,2,1
01,550601700000190338,1,2,2,2,2,1,1,2,1,2,2,2,2
01,550601700000200357,1,2,1,1,1,1,1,2,1,2,2,2,1
01,550602200000010019,1,2,2,2,1,1,2,2,1,2,2,2,1
01,550602200000030086,1,2,1,2,2,1,2,2,2,2,2,2,2
01,550602200000058002,1,2,2,1,1,1,2,2,1,2,2,2,1
01,550602200000060179,1,2,2,2,1,1,2,2,1,2,2,2,1
01,550602200000070211,1,2,1,1,1,1,1,2,1,2,1,1,1
01,550602200000080244,1,2,2,2,2,2,2,2,2,2,2,2,2
01,550602200000090278,1,2,1,1,1,1,2,2,2,2,2,2,1
01,550602200000120370,1,2,2,2,1,1,1,2,1,2,2,2,1
01,550602200000130402,1,2,1,2,1,2,1,2,1,2,2,2,1
01,550602200000140434,1,2,2,2,1,1,2,2,1,2,2,2,1
01,550602200000150466,1,2,2,1,1,1,1,2,1,2,1,2,2
01,550602200000160496,1,2,1,1,1,1,2,2,1,2,1,2,2
01,550602200000188001,1,2,2,2,1,1,2,2,1,2,2,2,1
01,550602200000190590,1,2,1,1,1,1,1,2,1,2,2,1,2
01,550702000000010017,1,2,2,2,1,1,2,2,1,2,2,2,1
01,550702000000040057,1,2,1,1,1,1,1,2,1,2,2,2,1
01,550702000000050071,1,2,2,2,2,1,1,2,1,2,2,2,1
01,550702000000070097,1,2,2,2,2,1,2,2,1,2,1,2,2
01,550702000000090121,1,2,1,1,1,1,1,2,1,1,2,2,1
01,550702000000100135,1,2,2,2,2,2,2,2,2,2,2,2,2
01,550702000000110149,1,2,2,2,1,1,1,2,1,2,1,2,1
01,550702000000120162,1,2,2,2,1,1,1,2,1,2,2,2,1
01,550702000000130176,1,2,2,2,2,2,2,2,2,2,2,2,2
01,550702000000160218,1,2,2,2,1,1,2,2,1,2,2,2,2
01,550702000000180244,1,2,2,2,1,1,2,2,1,2,2,2,2
01,551000300000020020,1,2,2,2,2,1,2,2,1,1,2,2,1
01,551000300000040057,1,2,2,1,1,1,1,2,1,2,2,1,1
01,551000300000060095,1,2,2,1,1,1,2,2,1,2,2,2,2
01,551000300000090145,1,2,2,1,1,1,2,2,1,2,2,2,1
01,551000300000100163,1,2,2,2,2,1,1,2,2,1,1,2,1
01,551000300000110180,1,2,2,2,1,1,2,2,1,2,1,2,1
01,551000300000120198,1,2,2,2,2,1,2,2,2,2,2,2,1
01,551000300000130217,1,2,2,2,1,1,2,2,1,2,2,2,1
01,551000300000140234,1,2,2,2,1,1,2,2,2,2,2,2,1
01,551000300000150252,1,2,2,2,1,1,2,2,1,2,2,2,1
01,551000300000160271,1,2,2,2,1,1,2,2,1,2,2,2,1
01,551101800000010003,1,2,2,1,2,1,1,2,1,1,1,2,1
01,551101800000020022,1,2,2,2,1,1,1,2,2,2,2,2,1
01,551101800000030041,1,2,2,2,1,1,2,2,1,2,2,2,1
01,551101800000040060,1,2,2,2,2,1,2,2,1,2,2,2,1
01,551101800000050079,1,2,2,1,1,1,2,2,1,2,1,2,2
01,551101800000060098,1,2,2,1,2,1,1,2,1,2,1,2,1
01,551101800000070117,1,2,2,2,2,1,1,2,1,2,2,2,2
01,551101800000080136,1,2,2,2,1,1,2,2,1,2,2,2,2
01,551101800000090155,1,2,2,2,2,1,2,2,1,2,2,2,2
01,551101800000110193,1,2,2,1,1,1,1,1,1,2,2,2,1
01,551101800000120212,1,2,2,2,2,1,1,2,1,2,1,2,2
01,551101800000130231,1,2,2,2,1,1,2,2,1,2,2,2,1
01,551101800000140250,1,2,2,2,1,1,1,2,1,2,2,2,1
01,551101800000150269,1,2,2,2,2,1,2,2,1,2,2,1,1
01,551101800000160288,1,2,2,1,1,1,1,2,1,2,1,2,1
01,551101800000190345,1,2,2,1,1,1,1,2,1,2,1,1,2
01,551101800000200364,1,2,2,1,1,1,1,1,1,1,2,1,1
01,551201500300010044,1,2,2,2,2,1,2,2,1,2,2,2,1
01,551201500300020079,1,2,2,1,2,1,2,2,1,2,2,2,1
01,551201500300030115,1,2,2,2,2,1,2,2,1,2,2,2,1
01,551201500300040148,1,2,2,2,2,1,2,2,1,2,2,2,1
01,551201500300058003,1,2,2,1,1,1,2,2,1,2,2,2,1
01,551201500300058004,1,2,2,1,1,1,2,2,1,2,2,2,1
01,551201500300080285,1,2,1,1,1,1,1,2,1,2,1,1,1
01,551201500300090322,1,2,2,2,2,1,2,2,2,2,2,2,1
01,551201500300100358,1,2,2,1,1,1,1,2,1,1,1,1,1
01,551201500300140495,1,2,2,2,1,1,1,2,1,2,2,2,1
01,551201500300158002,1,2,2,1,1,1,1,2,1,2,2,2,1
01,551201500300160559,1,2,2,2,2,1,1,2,1,2,2,2,1
01,551201500300160560,1,2,2,2,2,1,2,2,1,2,2,2,1
01,551201500300160561,1,2,2,2,1,1,1,2,1,2,2,2,1
01,551202000000010036,1,2,2,2,2,1,2,2,2,2,2,2,2
01,551202000000020066,1,2,2,2,2,1,2,2,1,2,2,2,2
01,551202000000030094,1,2,2,1,1,1,2,2,1,2,1,1,1
01,551202000000070218,1,2,2,1,1,1,1,2,1,2,1,2,1
01,551202000000080247,1,2,2,2,2,1,1,2,1,2,1,2,1
01,551202000000120372,1,2,2,1,1,1,1,2,1,1,2,2,2
01,551202000000130405,1,2,2,2,2,2,2,2,2,2,2,2,2
01,551202000000140438,1,2,1,1,1,1,1,2,1,2,1,2,1
01,551202000000150472,1,2,2,2,1,1,2,2,1,2,2,2,1
01,551301100000010002,1,2,2,2,1,1,1,2,1,2,1,2,2
01,551301100000020042,1,2,2,2,2,1,2,2,1,2,2,2,2
01,551301100000050150,1,2,2,2,1,1,2,2,1,2,2,2,1
01,551301100000060188,1,2,2,1,1,1,1,2,1,2,2,2,1
01,551301100000080262,1,2,1,1,1,1,1,2,1,2,2,2,1
01,551301100000090301,1,2,2,2,1,1,2,2,1,2,2,2,2
01,551301100000100341,1,2,1,1,1,1,1,1,1,2,1,1,1
01,551301100000110380,1,2,2,2,1,1,2,2,1,2,2,2,2
01,551301100000120418,1,2,2,2,1,1,1,2,1,2,2,2,1
01,551301100000130456,1,2,2,2,2,1,1,2,1,2,2,2,2
01,551301100000150532,1,2,2,2,1,1,1,2,1,2,2,2,1
01,551401100000010012,1,2,2,1,2,1,2,2,1,2,2,2,2
01,551401100000020048,1,2,2,2,2,1,2,2,1,2,2,2,2
01,551401100000030084,1,2,2,2,1,1,2,2,1,2,2,2,2
01,551401100000048003,1,2,2,2,2,1,2,2,1,2,2,2,1
01,551401100000060192,1,2,2,1,2,1,1,2,1,2,1,2,1
01,551401100000080265,1,2,2,2,1,2,2,2,2,2,2,2,2
01,551401100000090301,1,2,2,2,2,1,2,2,2,2,2,2,1
01,551401100000100337,1,2,2,2,2,1,2,2,1,2,2,2,2
01,551401100000108001,1,2,2,2,2,2,2,2,2,2,2,2,1
01,551401100000110373,1,2,2,2,2,1,2,2,1,2,2,2,2
01,551401100000140480,1,2,2,2,1,2,1,2,1,2,2,2,1
01,551401100000170588,1,2,2,2,2,1,1,2,1,2,2,2,1
01,551501000000030059,1,2,2,2,1,2,2,2,2,2,2,2,2
01,551501000000040079,1,2,2,2,2,2,2,2,2,2,2,2,2
01,551501000000050102,1,2,2,2,2,1,2,2,2,2,2,2,1
01,551501000000060126,1,2,2,2,1,1,2,2,2,2,2,2,2
01,551501000000090189,1,2,2,2,2,2,2,2,2,2,2,2,2
01,551501000000100212,1,2,2,1,1,1,1,2,1,2,2,2,1
01,551501000000130277,1,2,2,2,2,1,2,2,1,2,2,2,1
01,551501000000140301,1,2,2,2,2,1,2,2,1,2,2,2,1
01,551501000000150325,1,2,2,2,2,1,1,2,1,2,2,2,1
01,551501000000160348,1,2,2,2,2,2,2,2,2,2,2,2,2
01,551501000000170371,1,2,2,2,1,2,2,2,2,2,2,2,2
01,551701700200030064,1,2,2,1,1,1,1,2,1,2,2,2,1
01,551701700200040091,1,2,2,1,2,1,1,2,1,2,2,2,2
01,551701700200060144,1,2,2,2,2,1,1,2,1,1,1,2,2
01,551701700200070172,1,2,2,2,2,1,2,2,1,2,2,2,2
01,551701700200080200,1,2,2,1,2,1,2,2,1,2,2,2,2
01,551701700200090227,1,2,2,2,1,1,2,2,1,2,2,2,2
01,551701700200100255,1,2,2,2,2,1,1,2,1,2,2,2,1
01,551701700200110282,1,2,2,2,2,1,1,2,1,2,2,2,2
01,551701700200118002,1,2,2,2,1,1,2,2,1,2,2,2,2
01,551701700200120310,1,2,2,1,2,1,1,2,1,2,2,2,1
01,551701700200138003,1,2,2,2,2,1,2,2,1,2,2,2,1
01,551701700200140364,1,2,2,2,2,1,1,2,1,2,2,2,1
01,551701700200150393,1,2,2,2,2,1,2,2,1,2,2,2,2
01,551701700200170450,1,2,2,2,2,1,2,2,1,2,2,2,2
01,551702000000010038,1,2,2,2,2,1,2,2,2,2,2,2,2
01,551702000000020066,1,2,2,1,2,1,1,1,1,2,1,1,1
01,551702000000030093,1,2,2,2,1,1,2,2,1,2,2,2,1
01,551702000000050146,1,2,2,2,2,1,1,1,1,2,1,1,1
01,551702000000060172,1,2,2,1,1,1,1,2,1,1,2,2,1
01,551702000000070200,1,2,2,2,2,1,1,2,1,2,2,2,1
01,551702000000080227,1,2,2,2,1,1,2,2,1,2,2,2,2
01,551702000000090255,1,2,2,2,2,1,2,2,2,2,2,2,2
01,551702000000110309,1,2,2,2,2,2,2,2,1,2,2,2,2
01,551702000000120336,1,2,2,1,2,1,1,2,1,2,2,2,1
01,551702000000130363,1,2,2,2,2,1,2,2,1,2,2,2,2
01,551702000000140388,1,2,2,2,1,1,1,2,1,2,2,2,1
01,551702000000150416,1,2,2,2,2,1,2,2,1,2,2,2,2
01,551702000000160442,1,2,2,1,1,1,1,2,1,2,1,1,1
01,551702000000170471,1,2,2,1,1,1,1,2,1,2,2,1,1
01,552100400000010015,1,2,2,1,1,1,1,2,1,2,1,2,1
01,552100400000020037,1,2,2,2,2,1,2,2,1,2,2,2,2
01,552100400000030059,1,2,2,1,1,1,1,2,1,2,2,2,1
01,552100400000040080,1,2,2,1,1,1,1,2,1,2,2,2,1
01,552100400000050102,1,2,2,1,1,1,1,2,1,2,2,1,1
01,552100400000070145,1,2,2,2,2,1,2,2,1,2,2,2,1
01,552100400000080166,1,2,2,2,2,1,2,2,1,2,2,2,1
01,552100400000090187,1,2,2,2,1,1,1,2,1,2,2,2,1
01,552100400000120239,1,2,2,2,2,1,2,2,2,2,2,2,2
01,552100400000130258,1,2,2,1,1,1,2,2,1,2,2,2,1
01,552100400000140279,1,2,2,2,2,2,2,2,2,2,2,2,1
01,552100400000150301,1,2,2,2,1,2,2,2,1,2,2,2,2
01,552100400000170342,1,2,2,2,1,1,2,2,1,2,2,2,1
01,552100400000180371,1,2,2,2,2,1,2,2,2,2,2,2,2
01,552100400000190392,1,2,2,2,1,1,1,2,1,2,1,2,1
01,552100400000200412,1,2,1,1,1,1,1,2,1,1,2,2,1
01,552100400000230469,1,2,2,2,1,1,2,2,1,2,2,2,2
01,552201500200020054,1,2,2,2,1,1,2,2,1,2,2,2,2
01,552201500200030084,1,2,2,2,1,1,1,2,1,1,2,2,2
01,552201500200048001,1,2,2,2,2,1,2,2,2,2,2,2,2
01,552201500200060160,1,2,2,1,1,2,1,1,1,2,2,2,1
01,552201500200078002,1,2,2,2,1,1,2,2,2,2,2,2,1
01,552201500200100264,1,2,2,2,2,1,2,2,1,2,2,2,1
01,552201500200120315,1,2,2,2,2,1,2,2,2,2,2,2,2
01,552201500200130341,1,2,2,2,2,2,2,2,2,2,2,2,2
01,552201500200140366,1,2,2,2,1,1,1,2,1,2,2,2,1
01,552201500200158003,1,2,2,2,2,1,2,2,1,2,2,2,2
01,552201500200160419,1,2,2,2,2,1,1,2,1,2,2,2,1
01,552201500200170446,1,2,2,2,1,1,2,2,1,2,2,2,2
01,552201500200180473,1,2,2,2,1,1,1,2,1,2,1,2,2
01,552202800300040096,1,2,2,1,1,1,1,1,1,1,1,2,1
01,552202800300058001,1,2,1,1,1,1,1,2,1,2,2,1,1
01,552202800300060141,1,2,2,2,2,2,2,2,2,2,2,2,2
01,552202800300070162,1,2,2,1,1,1,2,2,1,2,2,2,2
01,552202800300088002,1,2,1,1,1,1,1,2,1,2,1,1,1
01,552202800300100232,1,2,1,2,1,1,1,2,1,2,2,2,1
01,552202800300110254,1,2,2,2,1,1,2,2,1,2,2,2,1
01,552202800300130306,1,2,2,2,1,1,2,2,1,2,1,2,1
01,552202800300140332,1,2,2,1,1,1,2,2,1,2,1,2,1
01,552202800300150354,1,2,1,2,1,1,1,1,1,1,1,2,1
01,552202800300168003,1,2,1,1,1,1,1,1,1,1,2,1,1
01,552202800300178004,1,2,2,2,1,1,2,2,1,2,2,2,1
01,552301000000020020,1,2,2,2,2,1,2,2,1,2,2,2,1
01,552301000000050073,1,2,2,1,2,1,1,2,1,2,1,2,1
01,552301000000060090,1,2,2,2,1,2,2,2,1,2,1,2,1
01,552301000000070110,1,2,2,2,2,1,1,2,1,2,2,2,1
01,552301000000090145,1,2,2,2,2,1,1,2,1,2,2,2,1
01,552301000000108001,1,2,2,2,2,1,2,2,1,2,1,2,2
01,552301000000110174,1,2,2,1,2,1,2,2,1,2,1,2,1
01,552301000000120190,1,2,2,1,1,1,2,2,1,2,2,2,1
01,552301000000130206,1,2,1,1,2,1,1,1,1,2,1,2,1
01,552301000000140223,1,2,2,2,1,1,1,2,2,2,2,2,2
01,552301000000150240,1,2,2,2,2,1,2,2,1,2,2,2,1
01,552301000000160258,1,2,2,2,1,1,1,2,1,2,2,2,2
01,552301000000170274,1,2,1,2,2,2,2,2,1,2,2,2,1
01,552407800000018001,1,2,2,2,1,1,2,2,1,2,2,2,1
01,552407800000020032,1,2,2,1,1,1,1,2,1,2,1,2,1
01,552407800000030059,1,2,2,2,1,1,2,2,1,2,2,2,1
01,552407800000040085,1,2,2,2,1,1,1,2,1,2,2,2,2
01,552407800000050110,1,2,2,1,2,1,1,2,1,2,1,1,1
01,552407800000060137,1,2,2,2,2,1,2,2,1,2,2,2,2
01,552407800000070162,1,2,2,2,1,1,1,2,1,2,1,2,1
01,552407800000080189,1,2,1,1,2,1,1,2,1,2,1,2,1
01,552407800000090215,1,2,2,2,1,1,2,2,1,2,2,2,2
01,552407800000100243,1,2,2,2,2,2,2,2,2,2,2,2,2
01,552407800000110268,1,2,2,1,1,1,2,2,1,2,2,2,1
01,552407800000120296,1,2,2,1,1,1,1,1,1,2,1,2,1
01,552407800000130324,1,2,2,1,1,1,2,2,1,2,2,2,1
01,552407800000140351,1,2,2,2,1,1,2,2,1,2,2,2,2
01,552407800000160403,1,2,2,2,1,1,2,2,1,2,2,2,2
01,552407800000180457,1,2,2,2,2,2,2,2,2,2,2,2,2
01,552407800000190483,1,2,2,2,2,1,2,2,1,2,2,2,2
01,552407800000200510,1,2,2,1,2,1,1,2,1,2,2,2,2
01,552500400000020068,1,2,1,2,2,1,1,2,1,2,1,2,1
01,552500400000030114,1,2,2,2,2,1,2,2,1,2,1,2,1
01,552500400000040160,1,2,2,2,1,1,2,2,1,2,2,2,1
01,552500400000050207,1,2,2,2,2,1,2,2,1,2,2,2,1
01,552500400000060253,1,2,2,2,1,2,2,2,2,2,2,2,1
01,552500400000070299,1,2,2,2,2,1,1,2,1,2,2,2,1
01,552500400000080345,1,2,2,2,2,1,2,2,2,2,2,2,2
01,552500400000090389,1,2,2,2,2,1,2,2,1,2,2,2,2
01,552500400000100435,1,2,2,2,1,1,2,2,1,2,2,2,1
01,552500400000120049,1,2,2,2,1,1,2,2,1,2,2,2,1
01,552500400000130090,1,2,2,1,2,1,2,2,1,2,2,2,1
01,552500400000150171,1,2,2,2,2,1,1,2,1,2,1,2,1
01,552500400000160215,1,2,2,2,2,1,1,1,1,2,2,1,1
01,552500400000170259,1,2,2,2,2,1,2,2,1,2,2,2,1
01,552500400000180301,1,2,2,2,2,1,1,2,1,2,1,2,1
01,552500400000190344,1,2,2,1,2,1,1,1,1,2,1,1,1
01,552503100000018001,1,2,2,1,2,1,1,2,1,2,1,2,1
01,552503100000020025,1,2,2,2,2,2,2,2,2,2,2,2,2
01,552503100000040068,1,2,2,2,2,1,1,2,1,2,2,2,2
01,552503100000058002,1,2,2,1,1,1,2,2,1,2,2,2,1
01,552503100000060112,1,2,2,2,2,1,2,2,2,2,2,2,2
01,552503100000070135,1,2,2,2,1,1,1,2,1,2,2,2,1
01,552503100000090179,1,2,2,1,1,1,1,2,1,2,2,1,1
01,552503100000100202,1,2,2,1,1,1,2,2,1,2,2,2,1
01,552503100000120246,1,2,2,1,1,1,2,2,1,2,1,1,1
01,552503100000130268,1,2,2,2,2,1,1,2,1,2,1,2,1
01,552503100000140291,1,2,2,1,1,1,2,2,2,2,2,2,1
01,552503100000150314,1,2,2,1,2,1,1,2,1,2,2,2,1
01,552503100000160334,1,2,2,2,2,2,2,2,2,2,2,2,2
01,552503100000170354,1,2,2,1,2,1,1,2,1,2,1,2,1
01,552503100000190398,1,2,1,1,1,1,2,2,1,2,2,2,1
01,552503100000200420,1,2,2,2,2,1,2,2,1,2,2,2,1
01,552503100000210443,1,2,2,2,1,1,1,2,2,2,2,2,2
01,552600300100010001,1,2,2,2,1,1,2,2,1,2,2,2,1
01,552600300100030056,1,2,2,2,1,1,2,2,2,2,2,2,1
01,552600300100040083,1,2,2,2,2,1,2,2,1,2,2,2,1
01,552600300100050107,1,2,2,1,1,1,1,2,1,2,2,2,1
01,552600300100060134,1,2,2,2,1,1,1,2,1,2,2,2,2
01,552600300100070163,1,1,1,1,1,1,1,1,2,2,1,1,1
01,552600300100080189,1,2,2,2,2,1,2,2,2,2,2,2,1
01,552600300100090215,1,2,2,2,2,2,2,2,1,2,2,2,2
01,552600300100100242,1,2,2,2,1,1,1,2,1,2,2,2,1
01,552600300100118001,1,2,2,2,2,1,2,2,1,2,2,2,1
01,552600300100138002,1,2,2,1,2,1,1,2,1,2,2,2,1
01,552600300100140365,1,2,2,2,1,1,2,2,1,2,2,2,1
01,552600300100140366,1,2,2,2,1,1,1,2,2,2,2,2,1
01,552600300100150395,1,2,2,2,2,1,2,2,1,2,2,2,1
01,552600300100160424,1,2,2,2,1,1,2,2,1,2,2,2,1
01,552600300100170451,1,2,2,1,2,1,2,2,1,2,2,2,1
01,552600300100180482,1,2,2,1,1,1,1,2,1,2,2,2,1
01,552600300100190511,1,2,2,2,1,1,2,2,1,2,2,2,1
01,552600300100200539,1,2,2,1,2,1,2,2,1,2,2,2,1
01,552601300000010016,1,2,1,1,2,1,1,2,1,2,1,2,1
01,552601300000020046,1,2,2,2,1,1,2,2,2,2,2,2,1
01,552601300000038005,1,2,2,2,1,1,2,2,2,2,2,2,2
01,552601300000040110,1,1,1,1,1,1,1,2,1,2,1,1,1
01,552601300000050139,1,2,2,2,1,1,2,2,1,2,2,2,1
01,552601300000080237,1,2,2,1,2,1,2,2,1,2,1,2,1
01,552601300000088002,1,2,2,1,1,1,2,2,1,2,1,2,1
01,552601300000088003,1,2,2,2,1,1,1,2,1,2,1,2,1
01,552601300000090268,1,2,2,2,1,1,1,2,1,2,2,2,1
01,552601300000100301,1,2,2,2,1,1,1,2,1,2,2,2,1
01,552601300000110335,1,2,2,1,1,1,1,1,1,2,2,1,1
01,552601300000120366,1,1,1,2,2,1,1,1,1,2,1,1,1
01,552601300000130396,1,2,2,1,2,1,1,2,1,2,1,1,1
01,552601300000140431,1,2,2,2,1,2,2,2,1,2,2,2,2
01,552601300000150464,1,2,2,1,1,1,1,2,1,2,2,2,1
01,552601300000168004,1,2,2,2,2,1,1,2,1,2,2,1,1
01,552800400000010017,1,2,2,2,2,1,2,2,1,2,2,2,1
01,552800400000020054,1,2,2,2,2,1,2,2,1,2,2,2,2
01,552800400000030091,1,2,2,2,2,1,1,2,1,2,1,2,1
01,552800400000040128,1,2,2,2,2,1,1,2,1,2,2,2,1
01,552800400000050165,1,2,2,1,1,1,1,2,1,1,1,2,1
01,552800400000070240,1,2,2,2,1,1,2,2,2,2,2,2,2
01,552800400000080278,1,2,2,2,1,1,1,2,1,2,2,2,1
01,552800400000090315,1,2,2,1,1,1,1,2,1,2,1,2,1
01,552800400000100353,1,2,1,2,1,1,1,2,1,2,1,2,1
01,552800400000120429,1,2,2,2,2,1,2,2,1,2,2,2,2
01,552800400000130468,1,2,2,2,2,1,2,2,1,2,2,2,1
01,552800400000130469,1,2,2,2,2,2,2,2,2,2,2,2,2
01,552800400000140507,1,2,2,2,1,1,2,2,1,2,2,2,1
01,552800400000150544,1,2,2,2,1,1,2,2,1,2,2,2,1
01,552800400000170618,1,2,2,2,2,1,2,2,1,2,2,2,2
01,553101300000010013,1,2,2,2,2,1,2,2,2,2,2,2,1
01,553101300000020031,1,2,2,1,1,1,1,2,1,2,2,2,1
01,553101300000030048,1,2,2,2,1,2,2,2,1,2,2,2,2
01,553101300000058001,1,2,2,2,2,2,2,2,2,2,2,2,1
01,553101300000060098,1,2,2,2,2,1,1,2,1,2,2,2,1
01,553101300000070115,1,2,2,1,1,1,2,2,1,2,2,2,1
01,553101300000080133,1,2,2,1,2,1,1,2,1,2,2,1,1
01,553101300000090151,1,2,2,1,2,1,1,2,1,2,2,2,1
01,553101300000110185,1,2,2,1,1,1,1,2,1,2,2,1,1
01,553101300000130217,1,2,2,2,1,1,1,2,1,2,1,2,1
01,553101300000140235,1,2,2,1,1,1,1,2,1,2,1,2,1
01,553101300000160271,1,2,1,1,2,1,1,2,1,2,1,2,1
01,553101300000178002,1,2,2,2,2,1,2,2,1,2,2,2,1
01,553101300000180301,1,2,2,1,1,1,1,2,1,2,1,1,1
01,553101300000190318,1,2,2,1,2,1,2,2,1,2,1,2,1
01,553200600000010015,1,2,2,2,2,1,2,2,2,2,2,2,2
01,553200600000020036,1,2,2,2,2,1,2,2,1,2,2,2,1
01,553200600000030057,1,2,2,2,2,1,2,2,2,2,2,2,2
01,553200600000040078,1,2,2,2,2,2,2,2,2,2,2,2,2
01,553200600000050099,1,2,1,1,1,1,1,2,1,2,2,2,1
01,553200600000070141,1,2,2,2,1,1,2,2,2,2,2,2,2
01,553200600000080162,1,2,2,2,1,1,2,2,2,2,2,2,2
01,553200600000090183,1,2,2,2,2,1,2,2,1,2,2,2,1
01,553200600000110225,1,2,2,1,2,1,2,2,1,2,2,1,1
01,553200600000120246,1,2,2,2,2,1,2,2,1,2,2,2,1
01,553200600000130267,1,2,2,1,1,1,1,2,1,2,1,2,1
01,553200600000150309,1,2,2,2,2,1,1,2,1,2,2,2,2
01,553200600000160330,1,2,2,2,1,1,2,2,2,2,2,2,1
01,553200600000170351,1,2,2,2,2,2,2,2,2,2,2,2,2
01,553203100000010015,1,2,2,1,1,1,1,1,1,2,1,1,1
01,553203100000020030,1,2,2,1,1,1,1,2,1,2,1,2,1
01,553203100000030045,1,2,2,1,1,1,1,2,1,2,1,1,1
01,553203100000040060,1,2,2,2,1,1,1,2,1,2,2,2,1
01,553203100000050075,1,2,2,2,2,1,2,2,1,2,2,2,2
01,553203100000060090,1,2,2,1,2,1,2,2,1,2,2,2,1
01,553203100000070105,1,2,2,1,1,1,1,2,1,2,2,2,1
01,553203100000088001,1,2,2,1,2,1,1,2,1,2,1,2,1
01,553203100000090135,1,2,2,1,1,1,1,2,1,2,1,2,1
01,553203100000100150,1,2,2,2,2,1,2,2,2,2,2,2,2
01,553203100000110165,1,2,2,2,2,1,2,2,1,2,2,2,1
01,553203100000130195,1,2,1,1,1,1,1,1,1,2,1,1,1
01,553203100000140210,1,2,2,2,1,1,1,2,1,2,2,2,1
01,553203100000150225,1,2,2,1,2,1,1,2,1,2,2,2,1
01,553203100000160240,1,2,2,2,2,1,2,2,1,2,2,2,1
01,553203100000170255,1,2,2,1,2,1,2,2,1,2,2,2,1
01,553203100000180270,1,2,2,1,1,1,1,2,1,2,1,2,1
01,553203100000190285,1,2,2,2,2,1,2,2,2,2,2,2,2
01,553204000100010015,1,2,2,2,2,1,2,2,1,2,2,2,2
01,553204000100020030,1,2,2,2,2,1,2,2,2,2,2,2,2
01,553204000100030045,1,2,2,2,2,2,2,2,2,2,2,2,2
01,553204000100040060,1,2,2,2,2,1,2,2,2,2,2,2,1
01,553204000100050075,1,2,2,1,1,1,1,2,1,2,1,1,1
01,553204000100060090,1,2,2,2,2,2,2,2,2,2,2,2,2
01,553204000100070105,1,2,2,1,1,1,1,2,1,2,1,2,1
01,553204000100080120,1,2,2,2,1,1,2,2,2,2,2,2,2
01,553204000100090135,1,2,2,2,2,1,1,2,1,2,2,2,2
01,553204000100100150,1,2,2,2,2,1,2,2,2,2,2,2,2
01,553204000100110165,1,2,2,1,1,1,1,2,1,2,1,2,2
01,553204000100120180,1,2,2,2,2,1,2,2,2,2,2,2,2
01,553204000100130195,1,2,2,2,2,1,2,2,1,2,2,2,2
01,553204000100140210,1,2,2,1,2,1,2,2,1,2,2,2,1
01,553204000100150225,1,2,2,2,2,1,2,2,1,2,2,2,1
01,553204000100160240,1,2,1,1,1,1,1,2,1,2,1,1,1
01,553204000100180270,1,2,2,2,2,1,2,2,2,2,2,2,2
01,553204000100190285,1,2,2,2,2,2,2,2,2,2,2,2,2
01,553204000100200300,1,2,2,1,1,1,1,1,1,2,1,2,1
01,553204000100210315,1,2,2,1,2,1,2,2,1,2,2,2,2
01,553204000100220330,1,2,2,2,2,1,2,2,1,2,2,2,2
01,553205300000020041,1,2,2,1,1,1,1,2,1,2,2,2,1
01,553205300000030067,1,2,1,1,2,1,2,2,1,2,1,1,1
01,553205300000050119,1,2,2,1,1,1,1,2,1,2,1,2,1
01,553205300000060145,1,2,2,2,2,1,2,2,2,2,2,2,2
01,553205300000070171,1,2,2,2,1,2,2,2,2,2,2,2,1
01,553205300000080197,1,2,2,2,1,1,1,2,1,2,2,2,1
01,553205300000090223,1,2,2,1,1,1,2,2,1,2,2,2,1
01,553205300000100249,1,2,2,2,1,1,2,2,1,2,2,2,1
01,553205300000120301,1,2,2,1,1,1,1,1,1,2,1,2,1
01,553205300000138001,1,2,2,2,1,1,2,2,1,2,2,2,2
01,553205300000140353,1,2,2,1,1,1,1,2,1,2,2,2,1
01,553205300000160405,1,2,2,2,1,1,1,1,1,2,2,2,1
01,553205300000170431,1,2,2,2,1,1,2,2,1,2,1,2,1
01,553207400000010015,1,2,2,2,2,1,2,2,1,2,2,2,2
01,553207400000028001,1,2,2,2,1,1,2,2,1,2,2,2,1
01,553207400000030071,1,2,2,2,2,1,2,2,1,2,1,2,1
01,553207400000040099,1,2,2,2,2,2,2,2,2,2,2,2,2
01,553207400000050127,1,2,2,2,1,1,2,2,1,2,2,2,1
01,553207400000060155,1,2,2,1,2,1,2,2,1,2,1,2,1
01,553207400000090239,1,2,2,2,2,1,2,2,1,2,2,2,2
01,553207400000100267,1,2,2,2,2,1,2,2,1,2,2,2,2
01,553207400000110295,1,2,2,2,1,1,2,2,1,2,2,2,2
01,553207400000120323,1,2,2,2,1,1,2,2,1,2,2,2,2
01,553207400000130351,1,2,2,2,1,1,2,2,1,2,2,2,2
01,553207400000150407,1,2,2,1,1,1,2,2,1,2,2,2,1
01,553207400000160435,1,2,2,2,2,1,2,2,1,2,2,2,2
01,553207400000170463,1,2,2,2,2,1,2,2,2,2,2,2,2
01,553207400000180491,1,2,2,2,2,1,2,2,2,2,2,2,2
01,553208600000010016,1,2,2,2,2,1,1,2,1,2,2,2,1
01,553208600000020054,1,2,2,2,1,1,1,2,1,2,2,2,1
01,553208600000030092,1,2,2,2,1,1,2,2,1,2,2,2,2
01,553208600000040130,1,2,2,2,2,1,2,2,2,2,2,2,2
01,553208600000060206,1,2,2,2,1,1,1,2,1,2,1,2,1
01,553208600000070244,1,2,2,2,1,1,2,2,1,2,2,2,2
01,553208600000080282,1,2,2,2,2,1,2,2,1,2,2,2,2
01,553208600000088001,1,2,1,2,1,1,2,2,1,2,2,2,1
01,553208600000090320,1,2,1,1,1,1,1,2,1,2,1,1,1
01,553208600000100358,1,2,1,1,1,1,2,2,1,2,1,2,1
01,553208600000110396,1,2,1,2,2,1,1,2,1,2,2,2,2
01,553208600000120434,1,2,2,2,1,1,1,2,1,2,2,1,1
01,553208600000130472,1,2,2,2,1,2,2,2,2,2,2,2,2
01,553208600000140510,1,2,2,2,2,2,2,2,2,2,2,2,2
01,553208600000150548,1,2,2,2,2,1,2,2,1,2,2,2,1
01,553208600000160586,1,2,2,1,1,1,1,2,1,2,2,1,1
01,553208600000170624,1,2,2,1,1,1,2,2,1,2,2,2,1
01,553302000100010011,1,2,2,1,1,1,1,2,1,2,2,1,1
01,553302000100020035,1,2,2,2,2,1,2,2,1,2,2,2,1
01,553302000100030056,1,2,2,2,2,2,1,2,2,2,2,2,1
01,553302000100040080,1,2,2,2,2,1,2,2,1,2,2,2,1
01,553302000100060126,1,2,2,1,2,1,1,2,1,2,2,2,1
01,553302000100098001,1,2,1,1,2,1,1,2,1,2,2,2,1
01,553302000100100209,1,2,2,2,1,1,2,2,1,2,2,2,2
01,553302000100120252,1,1,1,1,1,1,1,2,1,2,1,2,1
01,553302000100140301,1,2,2,2,2,1,1,2,1,2,2,1,1
01,553302000100150326,1,2,2,1,1,1,1,2,1,2,2,2,1
01,553302000100160346,1,2,1,1,1,1,2,1,1,2,1,2,1
01,553401100000010015,1,2,2,2,2,2,2,2,2,2,2,2,2
01,553401100000028001,1,2,2,2,2,2,2,2,2,2,2,2,2
01,553401100000030060,1,2,2,2,2,1,2,2,2,2,2,2,1
01,553401100000050104,1,2,2,2,1,1,2,2,2,2,2,2,1
01,553401100000070149,1,2,2,2,2,1,2,2,2,2,2,2,1
01,553401100000080172,1,2,2,2,2,1,2,2,1,2,2,2,2
01,553401100000090195,1,2,2,2,2,2,2,2,2,2,2,2,2
01,553401100000130285,1,2,2,1,1,1,2,2,1,2,2,2,1
01,553401100000140308,1,2,2,2,2,2,2,2,2,2,2,2,1
01,553401100000150329,1,2,2,2,1,1,2,2,1,2,2,2,1
01,553401100000160351,1,2,2,2,1,2,2,2,1,2,2,2,2
01,553401100000170374,1,2,2,2,1,1,1,2,1,2,1,2,1
01,553401100000180397,1,2,2,2,2,2,2,2,2,2,2,2,2
01,553501300000010042,1,2,2,2,1,1,1,2,2,2,2,2,1
01,553501300000020081,1,2,2,2,1,1,1,2,2,2,2,2,1
01,553501300000040158,1,2,2,2,2,1,2,2,1,2,2,2,1
01,553501300000060237,1,2,2,1,1,1,1,2,1,2,1,2,1
01,553501300000070271,1,2,2,2,2,1,1,2,2,2,1,2,1
01,553501300000090343,1,2,2,1,2,1,1,2,1,2,2,1,1
01,553501300000100378,1,2,2,2,2,1,2,2,2,2,2,2,2
01,553501300000110417,1,2,2,2,1,1,2,2,1,2,2,2,1
01,553501300000120455,1,2,2,2,1,1,1,2,1,2,2,2,1
01,553501300000140534,1,2,2,2,2,1,2,2,1,2,2,2,2
01,553501300000150574,1,2,2,1,1,1,1,2,1,2,2,2,1
01,553501300000170651,1,2,2,1,1,1,1,2,1,1,1,2,1
01,553501300000180690,1,2,1,1,1,1,1,2,1,2,2,1,1
01,553802100000010029,1,2,2,2,1,1,1,2,1,2,2,2,2
01,553802100000020049,1,2,2,1,2,1,1,2,1,2,2,2,1
01,553802100000030066,1,2,1,1,1,1,1,1,1,1,1,1,1
01,553802100000040084,1,2,1,1,2,1,1,2,1,2,1,2,1
01,553802100000040085,1,2,1,1,1,2,2,2,1,2,1,2,2
01,553802100000050102,1,2,2,1,2,1,2,2,1,2,2,2,1
01,553802100000060119,1,2,1,1,1,1,1,1,1,2,1,2,1
01,553802100000070138,1,2,2,2,2,2,2,2,1,2,2,2,2
01,553802100000080157,1,2,2,2,2,1,2,2,1,2,2,2,2
01,553802100000090177,1,2,1,1,1,1,1,1,1,2,1,2,1
01,553802100000100195,1,2,2,1,1,1,2,2,1,2,1,2,1
01,553802100000120232,1,2,2,1,2,1,1,2,1,2,1,1,1
01,553802100000140267,1,2,2,1,2,1,1,2,1,2,1,2,1
01,553802100000150284,1,2,1,1,2,1,1,2,1,2,2,2,1
01,553802100000160301,1,2,1,1,1,1,1,1,1,1,1,1,1
01,553900400000010016,1,2,2,2,2,1,2,2,2,2,2,2,2
01,553900400000030054,1,2,2,2,2,1,2,2,1,2,1,2,1
01,553900400000050097,1,2,2,2,1,1,2,2,2,2,2,2,1
01,553900400000070140,1,2,2,2,2,1,2,2,1,2,1,2,1
01,553900400000080162,1,2,2,2,1,1,2,2,1,2,2,2,1
01,553900400000090182,1,2,2,2,1,1,2,2,2,2,2,2,2
01,553900400000100204,1,2,2,2,1,1,2,2,1,2,2,2,1
01,553900400000110227,1,2,2,2,2,1,1,2,1,2,2,1,1
01,553900400000120251,1,2,2,2,1,1,1,2,1,2,2,2,2
01,553900400000130274,1,2,2,2,1,1,2,2,2,2,2,2,2
01,553900400000140297,1,2,2,2,2,1,1,2,1,2,1,2,1
01,553900400000150319,1,2,2,2,2,1,2,2,1,2,2,2,1
01,553900400000160340,1,2,2,1,2,1,1,2,1,2,2,2,1
01,554000400000010016,1,2,2,1,1,1,1,2,1,2,1,2,1
01,554000400000020029,1,2,2,1,1,1,1,2,1,1,2,1,1
01,554000400000030043,1,2,2,1,1,1,2,2,1,2,2,2,1
01,554000400000040056,1,2,2,2,2,1,2,2,2,2,2,2,2
01,554000400000050069,1,2,2,2,2,1,2,2,1,2,2,2,2
01,554000400000060080,1,2,2,2,2,1,1,2,1,2,2,2,1
01,554000400000070093,1,2,1,1,1,1,1,1,1,1,1,1,1
01,554000400000090119,1,2,2,2,1,1,2,2,1,2,2,2,1
01,554000400000100131,1,2,2,2,2,1,2,2,2,2,2,2,1
01,554000400000120156,1,2,2,2,1,2,2,2,1,2,2,2,2
01,554000400000130171,1,2,1,1,2,1,2,2,1,2,2,1,1
01,554000400000140184,1,2,2,1,2,1,1,2,1,2,2,1,1
01,554000400000150199,1,2,2,1,1,1,1,2,1,2,2,1,1
01,554000400000180237,1,2,2,2,2,2,2,2,2,2,2,2,2
01,554200100000010004,1,2,2,1,1,1,1,2,1,2,2,2,1
01,554200100000030040,1,2,2,1,1,1,1,2,1,2,2,2,1
01,554200100000040059,1,2,2,1,1,1,1,2,1,2,2,2,1
01,554200100000060094,1,2,2,2,1,1,1,2,1,2,2,2,1
01,554200100000070112,1,2,2,2,1,1,2,2,2,2,2,2,1
01,554200100000080130,1,2,2,1,1,1,2,2,1,2,1,2,1
01,554200100000090150,1,2,2,2,1,2,1,2,1,2,2,2,1
01,554200100000110188,1,2,2,1,1,1,1,2,1,2,2,2,1
01,554200100000140242,1,2,2,2,2,1,2,2,1,2,2,2,2
01,554200100000150260,1,2,2,2,2,1,2,2,1,2,2,2,2
01,554200100000160278,1,2,2,2,1,1,2,2,2,2,2,2,2
01,554200100000170296,1,2,2,2,1,1,2,2,1,2,2,2,1
01,554200100000180314,1,2,2,1,1,1,1,2,1,2,2,2,1
01,554200100000200351,1,2,2,2,2,1,2,2,1,2,2,2,1
01,554200100000220387,1,2,2,2,1,2,2,2,1,2,2,2,2
01,554201000000010001,1,2,2,2,2,2,2,2,2,2,2,2,2
01,554302300000018001,1,2,2,2,1,1,2,2,1,2,2,2,1
01,554302300000020051,1,2,2,1,2,1,2,2,1,2,2,2,1
01,554302300000030083,1,2,2,1,1,1,2,2,1,2,1,2,1
01,554302300000040116,1,2,2,2,1,1,2,2,1,2,2,2,1
01,554302300000060182,1,2,2,1,1,1,1,2,1,2,2,2,1
01,554302300000090283,1,2,2,1,1,1,1,2,1,2,1,2,1
01,554302300000100318,1,2,2,1,2,1,1,2,1,2,1,2,1
01,554302300000120385,1,2,2,2,1,1,2,2,2,2,2,2,1
01,554302300000140450,1,2,2,2,2,1,2,2,1,2,2,2,1
01,554302300000150481,1,2,2,1,1,1,1,2,1,2,1,2,1
01,554302300000160514,1,2,2,2,1,1,2,2,1,2,2,2,1
01,554302300000170549,1,2,2,1,2,1,1,2,1,2,2,1,1
01,554302300000170550,1,2,2,1,2,1,1,2,1,2,2,1,1
01,554302300000180585,1,2,2,2,2,1,2,2,1,2,2,2,1
01,554401100000020017,1,2,2,2,2,2,2,2,2,2,2,2,1
01,554401100000030029,1,2,2,2,1,1,1,1,1,2,1,2,1
01,554401100000050054,1,2,2,2,1,1,2,2,1,2,2,2,1
01,554401100000070078,1,2,2,2,2,2,2,2,2,2,2,2,2
01,554401100000090103,1,2,2,2,1,1,2,2,1,2,2,2,1
01,554401100000100115,1,2,2,1,1,1,1,2,1,2,1,2,1
01,554401100000120141,1,2,2,2,1,1,2,2,2,2,2,2,1
01,554401100000140166,1,2,2,2,1,2,2,2,1,2,2,2,1
01,554401100000160191,1,2,2,1,2,1,2,2,1,2,2,2,1
01,554401100000170202,1,2,2,1,1,1,1,2,1,2,1,2,1
01,554401100000180214,1,2,2,1,1,1,2,2,1,2,1,2,1
01,554404900000010150,1,2,2,2,1,2,2,2,1,2,2,2,1
01,554500100000010017,1,2,2,1,1,1,1,1,1,1,1,2,1
01,554500100000020039,1,2,2,1,1,1,1,2,1,2,2,2,1
01,554500100000030061,1,2,2,2,2,1,1,2,1,2,2,2,1
01,554500100000050108,1,2,2,2,1,1,2,2,1,2,2,2,2
01,554500100000070152,1,2,2,2,2,1,2,2,1,2,2,2,2
01,554500100000080175,1,2,2,2,2,1,2,2,2,2,2,2,2
01,554500100000090197,1,2,2,2,2,1,2,2,2,2,2,2,1
01,554500100000110242,1,2,2,2,2,1,2,2,2,2,2,2,2
01,554500100000130287,1,2,2,2,1,1,2,2,1,2,2,2,1
01,554500100000150329,1,2,2,2,2,1,2,2,2,2,2,2,2
01,554500100000160350,1,2,2,2,2,1,1,2,1,2,1,2,1
01,554500100000170372,1,2,2,2,2,1,2,2,1,2,2,2,2
01,554500100000180394,1,2,2,2,1,1,2,2,1,2,2,2,2
01,554500100000190416,1,2,2,2,2,1,2,2,2,2,2,2,2
01,554700300100030083,1,2,2,1,2,1,1,2,1,2,1,1,1
01,554700300100040113,1,2,2,2,2,1,1,2,2,2,2,1,1
01,554700300100050138,1,2,2,2,1,1,2,2,1,2,2,2,1
01,554700300100060165,1,2,2,2,1,1,1,1,1,2,1,2,1
01,554700300100080220,1,2,2,1,2,1,2,2,1,2,2,2,1
01,554700300100100272,1,2,2,1,2,1,2,2,1,2,2,2,1
01,554700300100110299,1,2,2,1,2,1,2,2,1,2,2,2,1
01,554700300100120327,1,2,2,1,1,2,2,2,2,2,2,2,2
01,554700300100140377,1,2,2,1,1,1,2,2,1,2,2,2,2
01,554700300100150408,1,2,2,2,1,1,1,2,1,2,2,2,1
01,554700300100190529,1,2,2,1,1,1,1,2,1,2,2,2,1
01,554700300100200559,1,2,1,1,1,1,1,2,1,2,1,2,1
01,554700300100228001,1,2,2,1,1,1,2,2,1,2,2,2,1
01,554700300100230646,1,2,2,1,2,1,2,2,1,2,2,2,2
01,554700300100240678,1,2,2,2,1,1,1,2,1,2,1,2,1
01,554700300100268002,1,2,2,2,2,1,2,2,1,2,2,2,1
02,090200700000030020,1,2,2,1,1,1,1,2,2,2,2,2,2
02,090200700000040030,1,2,1,1,1,1,1,1,1,2,1,1,2
02,090200700000070055,1,2,1,1,2,1,2,2,1,2,1,2,2
02,090200700000080065,1,2,1,1,2,1,2,2,2,2,2,1,2
02,090200700000090075,1,2,2,1,2,1,1,2,2,2,1,2,1
02,090200700000108006,1,2,2,2,2,1,1,2,1,2,2,2,2
02,090200700000110093,1,2,2,2,2,1,2,2,1,2,2,2,2
02,090200700000120103,1,2,2,2,2,2,2,2,2,2,2,2,2
02,090200700000140123,1,2,2,1,2,1,2,2,1,2,1,2,2
02,090200700000150131,1,2,2,2,2,2,2,2,1,2,1,2,1
02,090200700000180159,1,2,2,2,2,1,1,2,1,2,2,2,2
02,090201000000010006,1,2,2,2,2,2,2,2,2,2,1,2,2
02,150200600000028002,1,2,2,1,1,1,2,2,1,2,2,2,1
02,150200600000050092,1,2,2,1,2,1,1,2,2,2,1,2,1
02,150200600000070138,1,2,2,2,2,1,1,2,1,2,2,2,1
02,150200600000090184,1,2,2,1,1,1,1,2,1,2,1,1,1
02,150200600000110227,1,2,2,1,1,1,1,2,1,2,1,2,1
02,150200600000130269,1,2,2,1,1,1,2,2,1,2,2,2,1
02,150200600000140289,1,2,2,2,1,1,2,2,1,2,2,2,2
02,150200600000150310,1,2,2,2,1,2,2,2,2,2,2,2,2
02,150200600000158001,1,2,2,2,1,1,2,2,2,2,2,2,1
02,150200600000170352,1,2,2,2,1,1,2,2,1,2,2,2,1
02,150200600000180374,1,2,2,2,2,1,2,2,2,2,2,2,2
02,150200600000190396,1,2,2,1,1,1,2,2,1,2,1,2,1
02,150200600000200419,1,2,2,1,1,1,1,1,1,1,1,1,2
02,150200800000010004,1,2,2,1,2,1,1,2,1,2,1,2,1
02,150200800000020032,1,2,2,1,2,1,2,2,1,2,2,2,1
02,150200800000030061,1,2,2,2,2,1,2,2,2,2,2,2,1
02,150200800000040090,1,2,2,2,2,1,2,2,2,2,2,2,1
02,150200800000070176,1,2,2,2,2,1,2,2,1,2,2,2,1
02,150200800000100263,1,2,2,2,2,1,2,2,2,2,2,2,2
02,150200800000110292,1,2,2,2,2,1,2,2,1,2,2,2,2
02,150200800000120321,1,2,2,1,2,1,1,2,1,2,1,2,1
02,150200800000130350,1,2,2,1,1,1,1,2,1,1,1,2,1
02,150200800000160432,1,2,2,2,2,1,2,2,2,2,2,2,1
02,150200800000170460,1,2,2,2,2,1,2,2,2,2,2,2,2
02,150200800000180489,1,2,2,2,2,1,2,2,1,2,2,2,1
02,150201100000020056,1,2,2,1,1,1,1,2,1,2,1,2,1
02,150201100000030082,1,2,2,2,2,1,2,2,2,2,2,2,2
02,150201100000040112,1,2,2,2,2,1,1,2,1,2,2,1,1
02,150201100000050138,1,2,2,2,2,1,2,2,1,2,2,2,1
02,150201100000060165,1,2,1,1,1,1,2,2,1,2,1,1,1
02,150201100000110303,1,2,2,1,2,1,2,2,1,2,2,2,1
02,150201100000140381,1,2,2,2,1,2,2,2,2,2,2,2,2
02,150201100000150409,1,2,2,2,1,1,2,2,1,2,2,2,1
02,150201100000170466,1,2,2,2,1,1,2,2,1,2,2,2,1
02,150201100000180494,1,2,2,2,2,1,2,2,1,2,1,2,1
02,150202000000020021,1,2,1,1,1,1,1,2,1,1,1,1,1
02,150202000000050065,1,2,2,2,1,1,2,2,1,2,2,2,1
02,150202000000080109,1,2,2,2,1,1,2,2,2,2,2,2,1
02,150202000000090124,1,2,2,2,1,1,1,2,1,2,2,2,1
02,150202000000140197,1,2,2,2,1,1,2,2,2,2,2,2,1
02,150202000000170241,1,2,2,2,2,1,2,2,1,2,1,2,1
02,150202000000190271,1,2,2,2,1,1,2,2,2,2,2,2,2
02,150202400000020023,1,2,2,1,1,1,1,2,1,2,2,2,1
02,150202400000030041,1,2,2,2,1,2,2,2,2,2,2,2,2
02,150202400000040060,1,2,2,2,1,1,2,2,1,2,2,2,1
02,150202400000060093,1,2,2,1,2,1,2,2,1,2,2,2,1
02,150202400000070111,1,2,2,2,2,1,2,2,1,1,2,2,1
02,150202400000080130,1,2,2,1,1,1,1,2,1,2,2,2,1
02,150202400000110186,1,2,2,2,2,1,1,2,1,2,2,2,1
02,150202400000128001,1,2,2,2,2,2,2,2,2,2,2,2,2
02,150202400000130223,1,2,2,1,1,1,2,2,1,2,2,2,1
02,150202400000140242,1,2,2,2,1,1,1,2,1,2,2,2,1
02,150202400000150261,1,2,2,2,1,2,2,2,1,2,2,2,2
02,150202400000160279,1,2,2,1,1,1,2,2,1,2,1,2,1
02,150202400000170297,1,2,2,2,1,1,2,2,1,2,2,2,1
02,150202400000180316,1,2,2,1,1,1,2,2,2,2,2,2,1
02,150301000000040057,1,2,2,1,1,1,1,1,1,2,2,2,1
02,150301000000070104,1,2,2,2,1,1,2,2,1,2,1,2,1
02,150301000000090135,1,2,2,1,1,1,1,2,1,2,1,2,1
02,150301000000100154,1,2,2,1,2,1,1,1,1,2,1,1,2
02,150301000000110171,1,2,2,2,1,1,2,2,2,2,2,2,1
02,150301000000140224,1,2,2,1,2,1,2,2,1,2,2,2,1
02,150301000000160256,1,2,2,1,1,1,1,2,1,2,2,1,1
02,150301000000188001,1,2,2,1,1,1,1,2,1,2,2,2,1
02,150301000000200325,1,2,1,1,1,1,1,2,1,2,1,2,1
02,150400100000010077,1,2,2,2,1,1,2,2,2,2,2,2,1
02,150400800000010001,1,2,2,2,2,1,2,2,2,2,2,2,2
02,150400800000020009,1,2,2,1,2,1,2,2,1,2,2,2,2
02,150400800000058001,1,2,2,2,1,2,2,2,2,2,2,2,1
02,150400800000060040,1,2,2,2,1,1,2,2,1,2,2,2,2
02,150400800000070048,1,2,2,2,2,1,2,2,1,2,2,2,1
02,150400800000080056,1,2,2,2,2,1,2,2,2,2,2,2,2
02,150400800000120087,1,2,2,2,2,1,1,2,1,2,2,1,1
02,150400800000140103,1,2,2,2,2,1,2,2,2,2,2,2,1
02,150401300000010001,1,2,2,1,1,1,1,2,1,2,2,2,1
02,150401300000020015,1,2,2,2,1,1,2,2,1,2,2,2,1
02,150401300000030034,1,2,2,1,1,1,2,2,1,2,2,2,1
02,150401300000040052,1,2,2,2,1,1,2,2,1,2,2,2,2
02,150401300000050070,1,2,2,2,2,1,2,2,1,2,2,2,2
02,150401300000070103,1,2,2,2,1,1,1,2,1,2,1,2,1
02,150401300000090137,1,2,2,2,1,1,2,2,1,2,2,2,1
02,150401300000100155,1,2,2,2,2,1,2,2,1,2,2,2,2
02,150401300000110171,1,2,2,2,1,1,2,2,1,2,2,2,1
02,150401300000120187,1,2,2,2,1,1,2,2,1,2,2,1,2
02,150401300000130204,1,2,2,1,1,1,1,2,1,2,2,1,2
02,150401300000150237,1,2,2,1,2,1,2,2,1,2,2,2,1
02,150401300000160255,1,2,2,1,1,1,1,2,1,2,1,2,1
02,150401300000180287,1,2,2,2,1,1,2,2,1,2,2,2,1
02,150401300000188001,1,2,2,2,2,2,2,2,1,2,2,2,1
02,150503700100020069,1,2,2,1,1,1,2,2,1,2,2,2,1
02,150503700100030099,1,2,2,2,2,1,2,2,1,2,2,2,1
02,150503700100050163,1,2,2,2,1,1,1,2,1,2,1,2,1
02,150503700100060192,1,2,2,2,2,1,2,2,1,2,2,2,1
02,150503700100070221,1,2,2,2,2,1,1,2,1,2,1,2,1
02,150503700100080253,1,2,2,2,2,2,2,2,2,2,2,2,1
02,150503700100090281,1,2,2,1,2,1,2,2,1,2,2,2,2
02,150503700100100312,1,2,2,1,1,1,2,2,1,2,2,2,1
02,150503700100120373,1,2,2,2,2,1,2,2,1,2,2,2,1
02,150503700100130403,1,2,2,2,1,2,2,2,2,2,2,2,2
02,150503700100140435,1,2,2,2,2,1,2,2,1,2,2,2,1
02,150503700100150466,1,2,2,2,2,1,2,2,1,2,2,2,1
02,150503700100160495,1,2,2,1,1,1,1,2,1,2,1,1,1
02,150602500100030070,1,2,2,1,2,1,2,2,1,2,1,2,1
02,150602500100040095,1,2,2,2,2,1,2,2,1,2,2,2,2
02,150602500100060142,1,2,2,2,2,2,2,2,2,2,2,2,1
02,150602500100080185,1,2,2,2,2,2,2,2,2,2,2,2,2
02,150602500100090210,1,2,2,1,1,1,2,2,1,2,2,2,1
02,150602500100100234,1,2,2,2,2,1,2,2,2,2,2,2,1
02,150602500100110258,1,2,2,2,2,1,2,2,1,2,2,2,1
02,150602500100130307,1,2,2,2,2,1,2,2,1,2,2,2,1
02,150602500100160382,1,2,2,2,2,1,2,2,1,2,2,2,1
02,150602500100170406,1,2,2,2,2,2,2,2,1,2,2,2,1
02,150602500200010010,1,2,2,2,2,1,2,2,1,2,2,2,2
02,150602500200010011,1,2,2,2,2,1,2,2,1,2,2,2,1
02,150603100100010023,1,2,2,2,2,1,2,2,1,2,2,2,2
02,150603100100020049,1,2,2,2,2,1,2,2,2,2,2,2,2
02,150603100100050118,1,2,2,2,2,1,2,2,2,2,2,2,2
02,150603100100060143,1,2,2,2,2,2,2,2,2,2,2,2,2
02,150603100100090214,1,2,2,1,1,1,2,2,1,2,2,2,1
02,150603100100110262,1,2,2,2,2,2,2,2,1,2,2,2,2
02,150603100100120284,1,2,2,2,2,2,2,2,1,2,2,2,1
02,150603100100140332,1,2,2,2,2,1,2,2,1,2,2,2,1
02,150603100100160381,1,2,2,2,2,1,2,2,1,2,2,2,1
02,151101700000010009,1,2,2,2,2,1,1,2,1,2,2,2,1
02,151101700000020021,1,2,2,1,1,1,1,2,1,2,1,1,1
02,151101700000030031,1,2,1,1,1,1,1,2,1,2,1,1,1
02,151101700000050054,1,1,2,1,1,1,1,1,1,2,1,1,2
02,151101700000060066,1,2,2,2,2,1,1,2,1,2,2,2,1
02,151101700000080092,1,2,2,2,1,1,2,2,1,2,2,2,1
02,151101700000100115,1,2,2,2,2,1,2,2,1,2,2,2,1
02,151101700000110127,1,2,2,2,2,1,2,2,1,2,2,2,1
02,151101700000120139,1,2,1,2,1,2,2,2,1,2,2,2,1
02,151101700000130152,1,2,2,2,2,2,2,2,1,2,2,2,1
02,151101700000140164,1,2,2,2,1,1,1,2,1,2,2,2,1
02,151101700000150175,1,2,2,1,2,1,1,1,1,2,1,2,1
02,151301200000010024,1,2,2,2,2,1,2,2,1,2,2,2,1
02,151301200000020037,1,2,2,2,1,1,1,2,1,2,2,2,1
02,151301200000040065,1,2,2,2,2,1,2,2,2,2,2,2,2
02,151301200000080121,1,2,1,1,2,1,1,2,1,2,1,1,2
02,151301200000110162,1,2,2,2,2,1,2,2,2,2,2,2,1
02,151301200000120176,1,2,2,2,1,1,1,2,1,2,2,2,1
02,151301200000130188,1,2,1,2,2,1,1,2,1,2,1,1,2
02,151301200000140202,1,2,1,1,1,1,1,2,1,1,1,1,2
02,151301200000150216,1,2,2,2,2,1,2,2,1,2,2,2,1
02,152200300100010004,1,2,2,1,1,1,1,2,1,2,1,2,1
02,152200300100020019,1,2,2,2,2,1,2,2,1,2,1,2,1
02,152200300100030034,1,2,2,1,1,1,1,2,1,2,1,2,1
02,152200300100040051,1,1,2,1,1,1,1,1,1,2,1,1,2
02,152200300100060081,1,2,2,2,2,1,2,2,1,2,2,2,2
02,152200300100070098,1,2,2,1,1,1,1,2,1,2,1,1,1
02,152200300100080114,1,1,1,1,1,1,1,1,1,2,1,1,2
02,152200300100090128,1,2,2,1,1,1,1,2,1,2,1,2,1
02,152200300100108001,1,2,2,2,1,1,2,2,1,2,2,2,1
02,152200300100110162,1,2,2,1,1,1,1,2,1,2,1,2,1
02,152200300100120176,1,1,2,1,1,2,1,2,1,2,1,1,2
02,152200300100130191,1,2,2,2,2,1,2,2,1,2,2,2,1
02,152200300100140207,1,2,2,1,1,1,2,2,1,2,1,1,1
02,152200300100150224,1,2,2,2,1,1,1,2,1,2,1,1,1
02,152200300100160241,1,2,2,2,1,1,1,2,1,2,2,2,1
02,152200300100170255,1,2,2,2,1,1,1,2,1,2,2,2,1
02,152200300100180272,1,2,2,1,1,1,1,1,1,2,2,1,1
02,152601000000030076,1,2,2,2,2,1,2,2,1,2,2,2,1
02,152601000000048001,1,2,2,2,2,2,2,2,2,2,2,2,2
02,152601000000050131,1,2,2,2,2,1,2,2,1,2,2,2,1
02,152601000000060158,1,2,2,2,2,1,2,2,2,2,2,2,1
02,152601000000068003,1,2,2,2,2,2,2,2,2,2,2,2,2
02,152601000000070185,1,2,2,2,2,2,2,2,1,2,2,2,2
02,152601000000090239,1,2,2,1,2,1,1,2,2,2,2,2,1
02,152601000000110294,1,2,2,2,2,1,2,2,2,2,2,2,2
02,152601000000120323,1,2,1,1,1,1,1,1,1,1,1,1,1
02,152601000000130349,1,2,2,2,2,1,1,2,1,2,2,2,1
02,152601000000140377,1,2,2,1,2,1,1,2,1,2,2,2,1
02,152601000000150405,1,2,2,1,1,1,2,2,1,2,2,2,1
02,152601000000160432,1,2,2,1,1,1,1,2,1,2,2,1,1
02,152601000000170461,1,2,2,2,2,1,2,2,2,2,2,2,1
02,152601000000190515,1,2,1,2,1,1,1,2,1,2,1,1,2
02,152601100000010025,1,2,2,2,2,2,1,2,1,2,2,2,1
02,152601100000040106,1,2,2,2,1,1,2,2,1,2,2,2,1
02,152601100000060160,1,2,2,1,2,1,1,2,1,2,2,1,2
02,152601100000070187,1,2,2,2,1,1,2,2,1,2,1,2,1
02,152601100000090241,1,2,2,2,2,1,2,2,1,2,2,2,1
02,152601100000100268,1,2,2,2,2,2,2,2,2,2,2,2,1
02,152601100000130349,1,2,2,1,2,1,1,2,1,2,1,2,1
02,152601100000140376,1,2,2,1,2,1,1,1,1,2,1,2,1
02,152601100000150403,1,2,2,1,2,2,2,2,1,2,2,2,1
02,152601100000168001,1,2,2,2,1,1,2,2,1,2,2,2,1
02,152601100000170457,1,2,1,1,1,1,1,1,1,1,1,2,1
02,152601100000180484,1,1,2,1,2,1,1,1,1,1,1,1,2
02,152601600000010007,1,2,2,1,2,2,2,2,2,2,2,2,1
02,152601600000020023,1,2,2,2,2,1,2,2,1,2,2,2,1
02,152601600000030040,1,2,2,2,2,1,2,2,1,2,2,2,2
02,152601600000050072,1,2,2,2,2,1,2,2,1,2,2,2,1
02,152601600000060088,1,2,2,2,1,2,2,2,2,2,2,2,1
02,152601600000080118,1,2,2,2,2,1,2,2,1,2,2,2,1
02,152601600000090135,1,2,2,2,2,1,1,2,1,2,2,2,1
02,152601600000100149,1,2,2,2,2,1,2,2,2,2,2,2,2
02,152601600000130195,1,2,2,2,2,2,2,2,1,2,2,2,2
02,152601600000140209,1,2,2,1,1,1,2,2,1,2,2,2,1
02,152601600000160242,1,2,2,2,1,1,2,2,1,2,2,2,1
02,152601600000170258,1,2,2,2,1,1,1,2,1,2,2,2,1
02,152703400000010019,1,2,2,2,2,2,2,2,2,2,2,2,2
02,152703400000020035,1,2,2,2,1,2,2,2,2,2,2,2,1
02,152703400000030051,1,2,2,2,2,1,2,2,2,2,2,2,2
02,152703400000040066,1,2,2,1,1,1,1,2,1,2,1,2,1
02,152703400000050082,1,2,2,1,2,1,2,2,1,2,2,2,1
02,152703400000070112,1,2,2,1,2,1,1,2,2,2,2,2,1
02,152703400000080128,1,2,2,2,1,2,2,2,1,2,2,2,1
02,152703400000090143,1,2,2,2,1,2,2,2,1,2,2,2,2
02,152703400000100159,1,2,2,2,2,1,2,2,1,2,2,2,1
02,152703400000120189,1,2,2,2,2,1,2,2,2,2,1,2,1
02,152703400000130204,1,2,2,2,2,2,2,2,2,2,2,2,2
02,152703400000140220,1,2,2,2,2,1,2,2,2,2,2,2,2
02,152703400000170267,1,2,2,1,2,1,1,2,1,2,2,2,1
02,152703400000180282,1,2,2,2,2,1,2,2,2,2,2,2,2
02,152703400000190297,1,2,2,2,2,1,2,2,2,2,2,2,2
02,152900200000020060,1,2,2,2,2,1,1,2,1,2,2,2,1
02,152900200000030090,1,2,2,1,2,1,2,2,1,2,1,2,2
02,152900200000040119,1,2,2,2,2,1,1,2,1,2,2,2,2
02,152900200000060172,1,2,2,1,2,1,1,2,1,2,2,2,1
02,152900200000080231,1,2,2,1,1,1,1,2,1,2,2,2,1
02,152900200000090260,1,2,2,2,2,1,1,2,1,2,2,2,1
02,152900200000100287,1,2,1,2,2,1,2,1,1,2,2,1,2
02,152900200000110313,1,2,2,2,2,1,2,2,1,2,2,2,1
02,152900200000120343,1,2,2,1,1,1,2,2,1,2,2,2,1
02,152900200000130372,1,2,2,1,2,1,2,2,1,2,2,2,1
02,152901600200010037,1,2,2,2,2,1,2,2,1,2,2,2,1
02,152901600200020083,1,2,2,1,1,1,1,2,1,2,2,1,1
02,152901600200050198,1,2,2,1,2,1,1,1,1,2,1,1,1
02,152901600200060242,1,2,2,2,2,1,2,2,2,2,2,2,1
02,152903200000020021,1,2,2,2,2,2,2,2,1,2,2,2,2
02,152903200000040049,1,2,2,2,1,1,2,2,1,2,2,2,2
02,152903200000050063,1,2,2,1,2,2,2,2,1,2,1,2,1
02,152903200000060077,1,2,2,1,2,1,2,2,1,2,2,2,1
02,152903200000080105,1,2,2,1,2,1,2,2,1,2,2,2,1
02,152903200000090119,1,2,2,1,2,1,1,2,1,2,1,1,2
02,152903200000100133,1,2,2,1,2,1,1,2,1,2,2,2,1
02,152903200000110146,1,2,2,1,2,1,2,2,1,2,2,2,1
02,152903200000120160,1,2,1,1,2,1,1,1,1,2,1,1,2
02,152903200000130174,1,2,2,1,2,1,1,2,1,2,1,1,1
02,152903200000140188,1,2,2,2,2,1,2,2,1,2,2,2,1
02,152903200000150202,1,2,1,1,1,1,2,2,1,2,1,1,2
02,152903400300018006,1,2,1,1,2,1,2,2,1,2,2,2,1
02,152903400300038002,1,2,2,2,2,1,2,2,1,2,2,2,1
02,152903400300040130,1,2,1,1,2,1,1,1,1,2,1,1,2
02,152903400300060194,1,2,2,1,2,1,1,2,1,2,1,2,1
02,152903400300078005,1,2,2,2,2,1,1,2,1,2,2,2,1
02,152903400300090278,1,2,2,1,1,1,2,2,1,2,2,2,1
02,152903400300100308,1,2,2,1,2,1,1,1,1,2,1,2,1
02,152903400300110340,1,2,2,1,2,1,1,2,1,2,2,1,1
02,152903400300120372,1,2,2,1,2,1,1,2,1,2,2,1,2
02,152903400300140437,1,2,2,1,2,1,1,1,1,2,2,1,1
02,152903400300150471,1,2,2,1,2,1,1,2,1,2,1,1,1
02,152903400300180566,1,1,2,2,2,1,1,2,1,2,2,2,2
02,152903400300190597,1,2,1,1,1,1,1,2,1,2,1,1,1
02,152903400300210659,1,1,1,1,2,1,1,2,1,2,1,1,2
02,152904500000018001,1,2,2,1,1,1,1,2,1,2,2,2,1
02,152904500000020045,1,2,2,1,2,1,1,2,1,2,2,2,1
02,152904500000030067,1,2,2,2,2,1,2,2,1,2,2,2,1
02,152904500000040089,1,2,2,1,1,1,1,2,1,2,2,2,1
02,152904500000048002,1,2,2,1,2,2,2,2,1,2,2,2,1
02,152904500000050110,1,2,1,1,2,1,1,1,1,2,1,1,2
02,152904500000060138,1,2,2,1,2,2,2,2,1,2,2,2,1
02,152904500000070163,1,2,2,1,2,1,2,2,1,2,2,2,2
02,152904500000080186,1,2,2,2,2,1,2,2,2,2,2,2,2
02,152904500000090208,1,2,2,1,2,1,1,2,1,2,2,2,2
02,152904500000100230,1,2,2,2,1,1,2,2,1,2,2,2,1
02,152904500000110252,1,2,2,1,2,1,1,1,1,2,2,1,2
02,152904500000120274,1,2,2,1,2,1,1,2,1,2,1,2,1
02,152904500000130296,1,2,2,1,2,1,1,2,1,2,2,1,1
02,152904500000140319,1,2,2,1,1,1,1,1,1,2,1,2,1
02,152904500000150340,1,2,2,2,1,2,2,2,1,2,2,2,1
02,152904500000160362,1,2,2,1,2,1,2,2,1,2,2,2,1
02,152904500000170384,1,2,2,1,1,1,2,2,1,2,2,2,1
02,310202000000010004,1,2,2,2,2,1,2,2,1,2,2,2,2
02,310202000000020009,1,2,1,2,1,1,1,2,1,2,2,2,2
02,310202000000030016,1,2,2,2,1,1,2,2,1,2,2,2,2
02,310202000000040022,1,2,2,2,1,1,1,2,1,2,2,2,2
02,310202000000050028,1,2,2,2,2,1,2,2,2,2,2,2,2
02,310202000000060034,1,2,2,2,2,1,2,2,2,2,2,2,2
02,310202000000070041,1,2,2,2,2,1,1,2,1,2,2,2,2
02,310202000000090054,1,2,2,2,2,1,1,2,1,2,2,2,2
02,310202000000100060,1,2,2,2,2,2,2,2,2,2,2,2,2
02,310202000000110067,1,2,2,2,2,1,2,2,1,2,2,2,2
02,310202000000120073,1,2,2,2,2,1,2,2,1,2,2,2,2
02,310202000000140086,1,2,2,2,2,1,2,2,2,2,2,2,2
02,310202000000150093,1,2,2,2,1,2,2,2,2,2,2,2,2
02,310203500000010002,1,2,2,2,2,1,2,2,2,2,2,2,2
02,310204700000010079,1,2,2,1,1,1,1,2,1,2,2,2,2
02,310400700000010010,1,2,2,2,2,1,2,2,1,2,2,2,2
02,310400700000030050,1,2,2,2,1,1,1,2,1,2,2,2,2
02,310400700000080150,1,2,2,1,1,1,2,2,1,2,2,2,1
02,310400700000100187,1,1,2,1,2,1,2,2,1,2,1,2,2
02,310400700000120226,1,2,2,2,2,1,2,2,2,2,2,2,2
02,310400700000130246,1,2,2,2,1,2,2,2,2,2,2,2,2
02,310400700000140266,1,2,2,1,2,1,1,2,1,2,2,2,2
02,310400700000150286,1,2,2,1,1,1,2,2,1,2,2,2,2
02,310400700000160306,1,2,2,2,2,1,2,2,2,2,2,2,2
02,310400700000180347,1,2,2,1,1,1,2,2,1,2,2,2,2
02,310800800000020014,1,2,1,2,1,1,2,2,1,2,1,1,2
02,310800800000030027,1,2,2,2,2,1,2,2,1,2,2,2,2
02,310800800000040039,1,2,2,2,2,1,2,2,1,2,1,2,2
02,310800800000050052,1,2,2,2,1,1,2,2,1,2,1,2,2
02,310800800000060065,1,2,2,1,2,1,2,2,2,2,2,2,2
02,310800800000070078,1,2,2,2,1,1,2,2,2,2,1,2,2
02,310800800000080091,1,2,2,2,2,1,2,2,1,2,1,2,2
02,310800800000090104,1,2,2,1,2,1,2,2,2,2,2,2,2
02,310800800000100117,1,2,2,1,2,1,1,2,1,2,1,2,2
02,310800800000110130,1,2,2,2,2,1,2,2,2,2,2,2,2
02,310800800000120142,1,2,2,2,1,2,2,2,2,2,2,2,2
02,310800800000140168,1,2,2,2,2,1,1,2,1,2,1,2,2
02,310800800000150181,1,2,2,2,1,2,2,2,1,2,2,2,2
02,310800800000160193,1,2,2,2,2,1,1,2,1,2,2,2,2
02,310800800000170206,1,2,2,2,2,1,2,2,1,2,2,2,2
02,310800800000180219,1,2,2,2,2,1,1,2,1,2,1,2,2
02,310800800000190232,1,2,2,1,2,1,1,2,1,2,1,1,2
02,310803300200010016,1,2,2,2,1,1,1,2,1,2,2,2,2
02,310803300200030057,1,2,2,2,1,1,1,2,2,2,2,2,2
02,310803300200050097,1,2,2,1,1,1,1,2,1,2,2,2,2
02,310803300200070142,1,2,2,2,1,1,2,2,2,2,2,2,2
02,310803300200080166,1,2,2,2,2,1,2,2,1,2,2,2,2
02,310803300200090190,1,2,2,2,2,1,2,2,1,2,2,2,2
02,310803300200100218,1,2,2,2,1,1,2,2,1,2,2,2,2
02,310803300200110244,1,2,2,2,1,1,1,2,1,2,2,2,2
02,310803300200130292,1,2,2,2,2,1,2,2,1,2,2,2,2
02,310803300200150339,1,2,2,2,1,1,2,2,2,2,2,2,2
02,310803300200160363,1,2,2,2,1,1,1,2,1,2,2,2,2
02,310804400000010018,1,2,1,2,1,1,2,2,1,2,2,2,2
02,310804400000020030,1,2,2,2,1,1,2,2,2,2,2,2,2
02,310804400000040057,1,2,1,1,1,1,2,2,1,2,2,2,2
02,310804400000050072,1,2,2,1,1,1,2,2,1,2,2,2,2
02,310804400000060087,1,2,2,2,2,2,2,2,2,2,2,2,2
02,310804400000080115,1,2,2,2,2,1,2,2,1,2,2,2,2
02,310804400000090129,1,2,2,2,2,1,2,2,2,2,2,2,2
02,310804400000100143,1,2,2,2,2,1,2,2,2,2,2,2,2
02,310804400000120171,1,2,2,2,1,1,2,2,2,2,2,2,2
02,310804400000130186,1,2,2,2,1,1,2,2,2,2,2,2,2
02,310804400000140199,1,2,1,1,2,1,2,2,1,2,1,2,2
02,310804400000150213,1,2,1,2,1,1,2,2,1,2,2,2,2
02,310804400000160227,1,2,2,1,1,1,2,2,1,2,1,2,2
02,310804400000170242,1,2,2,2,1,2,2,2,1,2,2,2,2
02,310804400000180257,1,2,2,2,2,1,1,2,1,2,1,2,2
02,310900600000010004,1,2,1,1,1,1,1,2,1,2,1,2,1
02,310900600000020029,1,2,2,1,1,1,1,2,1,2,2,2,1
02,310900600000030056,1,2,2,2,1,1,2,2,2,2,2,2,2
02,310900600000040078,1,2,2,1,1,1,1,2,1,2,2,2,1
02,310900600000058001,1,2,2,2,2,1,2,2,1,2,2,2,2
02,310900600000060129,1,2,2,2,1,2,2,2,2,2,2,2,2
02,310900600000070152,1,2,2,2,1,1,2,2,2,2,2,2,2
02,310900600000090197,1,2,2,2,1,2,2,2,1,2,2,2,2
02,310900600000100220,1,2,2,2,1,1,2,2,1,2,2,2,2
02,310900600000120268,1,2,2,2,1,1,2,2,1,2,2,2,2
02,310900600000130293,1,2,2,2,2,1,1,2,1,2,2,2,1
02,310900600000140317,1,2,2,2,1,1,2,2,2,2,2,2,2
02,310900600000170390,1,2,2,2,2,1,2,2,1,2,2,2,2
02,311400900100010026,1,2,2,1,1,1,2,2,1,2,2,2,2
02,311400900100018001,1,2,2,1,1,1,1,2,1,2,2,2,2
02,311400900100020044,1,2,2,1,1,1,1,1,1,2,1,1,2
02,311400900100030057,1,2,2,2,2,1,2,2,1,2,2,2,2
02,311400900100040077,1,2,1,2,2,1,1,2,1,2,2,1,2
02,311400900100050096,1,2,1,1,1,1,1,2,1,2,1,2,2
02,311400900100060117,1,2,2,1,2,1,2,2,1,2,2,2,2
02,311400900100070133,1,1,1,1,1,1,1,1,1,2,1,1,2
02,311400900100080147,1,2,2,2,1,1,2,2,1,2,2,2,2
02,311400900100090165,1,2,2,2,2,1,2,2,1,2,2,2,2
02,311400900100100182,1,1,1,1,1,1,1,2,1,2,1,2,2
02,311400900100110199,1,2,2,2,2,1,2,2,1,2,2,2,2
02,311400900100130234,1,2,2,2,1,1,2,2,1,2,2,2,2
02,311404500000020036,1,2,2,1,1,1,1,2,1,2,2,2,1
02,311404500000030054,1,2,2,2,2,1,2,2,1,2,2,2,2
02,311404500000040072,1,2,2,2,2,1,1,2,1,2,2,2,2
02,311404500000050090,1,2,2,1,1,2,1,2,1,2,2,2,1
02,311404500000070124,1,2,2,2,1,1,2,2,2,2,2,2,2
02,311404500000080142,1,2,2,2,2,1,1,2,1,2,2,2,2
02,311404500000098001,1,2,2,2,2,2,2,2,1,2,2,2,2
02,311404500000100176,1,2,2,1,2,1,2,2,1,2,2,2,1
02,311404500000110193,1,2,2,2,2,1,2,2,1,2,2,2,2
02,311404500000120211,1,2,2,2,2,2,2,2,2,2,2,2,2
02,311404500000140247,1,2,2,2,2,1,2,2,1,2,2,2,1
02,311404500000150264,1,2,2,1,1,1,2,2,1,2,2,2,1
02,311404500000170300,1,2,1,1,1,1,1,2,1,2,1,2,2
02,311406700000010018,1,2,2,1,2,1,2,2,1,2,2,2,2
02,311406700000020044,1,2,2,2,2,1,1,2,1,2,2,2,2
02,311406700000040097,1,2,2,2,2,1,2,2,1,2,2,2,2
02,311406700000048001,1,2,2,1,1,1,2,2,1,2,1,2,2
02,311406700000068002,1,2,2,1,1,1,1,2,1,2,2,2,2
02,311406700000070172,1,2,2,2,2,1,2,2,2,2,2,2,2
02,311406700000080196,1,2,2,2,2,1,1,2,1,2,1,2,2
02,311406700000090222,1,2,2,1,2,1,2,2,1,2,2,1,2
02,311406700000100247,1,2,2,2,1,2,2,2,1,2,2,2,2
02,311406700000110272,1,2,2,2,2,2,2,2,1,2,2,2,2
02,311406700000120298,1,2,2,2,2,1,1,2,1,2,2,2,2
02,311406700000138003,1,2,2,1,1,1,2,2,1,2,1,2,2
02,311406700000140344,1,2,2,2,1,1,1,2,1,2,2,2,2
02,311409500000010015,1,2,2,2,2,1,2,2,1,2,2,2,2
02,311409500000020031,1,2,2,2,2,1,2,2,2,2,2,2,2
02,311409500000030047,1,2,2,2,1,2,2,2,2,2,2,2,2
02,311409500000040063,1,2,2,2,2,2,2,2,1,2,2,2,2
02,311409500000050078,1,2,2,2,2,2,2,2,1,2,2,2,2
02,311409500000060094,1,2,2,2,2,1,2,2,1,2,2,2,2
02,311409500000070110,1,2,2,2,2,1,1,2,1,2,2,2,2
02,311409500000080126,1,2,2,2,2,2,2,2,2,2,2,2,2
02,311409500000090142,1,2,2,2,2,2,2,2,2,2,2,2,2
02,311409500000100157,1,2,2,2,2,1,1,2,1,2,2,2,2
02,311409500000110173,1,2,2,2,2,1,2,2,1,2,2,2,2
02,311409500000120189,1,2,2,2,2,1,2,2,1,2,2,2,2
02,311409500000130205,1,2,2,2,2,1,2,2,1,2,2,2,2
02,311409500000140222,1,2,2,2,2,1,2,2,2,2,2,2,2
02,311409500000150238,1,2,2,2,2,1,2,2,2,2,2,2,2
02,311409500000160253,1,2,2,2,2,2,2,2,2,2,2,2,2
02,311409500000170269,1,2,2,2,2,1,2,2,2,2,2,2,2
02,311409500000180285,1,2,2,2,2,2,2,2,2,2,2,2,2
02,311409500000190301,1,2,2,2,2,1,2,2,1,2,2,2,2
02,311504300000010018,1,2,2,2,1,2,2,2,2,2,2,2,2
02,311504300000030054,1,2,2,2,2,1,2,2,2,2,2,2,2
02,311504300000040072,1,2,2,1,1,1,1,2,1,2,2,2,1
02,311504300000070126,1,2,2,1,1,1,2,2,1,2,2,2,1
02,311504300000080145,1,2,2,2,2,1,2,2,1,2,2,2,2
02,311504300000090163,1,2,2,2,1,1,2,2,2,2,2,2,2
02,311504300000100180,1,2,2,2,1,1,2,2,2,2,2,2,2
02,311504300000110198,1,2,2,2,2,1,2,2,1,2,2,2,1
02,311504300000120217,1,2,2,1,2,1,2,2,1,2,2,2,2
02,311504300000130235,1,2,2,2,2,1,2,2,2,2,2,2,1
02,311504300000160283,1,2,2,2,2,1,2,2,2,2,2,2,2
02,311504300000180316,1,2,2,2,2,1,2,2,1,2,2,2,2
02,311900800000010019,1,2,2,2,2,1,2,2,2,2,2,2,2
02,311900800000020040,1,2,2,2,2,1,2,2,1,2,2,2,2
02,311900800000030061,1,2,2,1,2,1,1,2,1,2,2,2,1
02,311900800000040082,1,2,2,1,1,1,2,2,1,2,1,2,1
02,311900800000050103,1,2,2,2,2,1,2,2,1,2,2,2,2
02,311900800000080168,1,2,1,1,1,1,1,1,1,2,1,1,1
02,311900800000090189,1,2,2,2,1,2,2,2,1,2,2,2,2
02,311900800000100210,1,2,2,1,1,1,1,2,1,2,1,1,1
02,311900800000110229,1,2,2,2,2,1,2,2,1,2,2,2,2
02,311900800000120250,1,2,2,2,1,1,2,2,1,2,2,2,2
02,311900800000130271,1,2,2,2,2,1,2,2,2,2,2,2,2
02,311900800000140292,1,2,2,1,2,1,1,2,1,2,2,2,1
02,311900800000160333,1,2,2,2,1,1,2,2,1,2,2,2,2
02,311900800000170354,1,2,2,1,2,1,2,2,1,2,2,2,1
02,311900800000180375,1,2,2,2,1,1,2,2,1,2,2,1,2
02,311900900000050083,1,2,2,1,2,1,1,2,1,2,1,2,1
02,311900900000078001,1,2,2,2,2,1,2,2,2,2,2,2,1
02,311900900000080136,1,2,2,2,2,1,2,2,1,2,2,2,1
02,311900900000090153,1,2,2,1,1,1,2,2,1,2,2,1,1
02,311900900000100171,1,2,2,1,1,1,1,2,1,2,2,2,1
02,311900900000110186,1,2,2,1,2,1,1,2,1,2,2,2,2
02,311900900000120205,1,2,2,1,2,1,2,2,1,2,2,2,2
02,311900900000130220,1,2,2,1,2,1,1,1,1,2,1,2,2
02,311900900000140237,1,2,2,1,2,1,2,2,1,2,2,2,2
02,311901200000010001,1,2,2,1,1,1,2,2,1,2,1,2,2
02,311901200000020030,1,2,2,2,2,1,2,2,1,2,1,2,1
02,311901200000030047,1,2,2,2,1,2,2,2,2,2,2,2,2
02,311901200000040064,1,2,2,2,2,1,2,2,1,2,2,2,2
02,311901200000050082,1,2,2,1,1,1,2,2,1,2,1,2,2
02,311901200000060100,1,2,2,2,2,1,2,2,2,2,2,2,2
02,311901200000070118,1,2,2,2,2,1,2,2,1,2,2,2,2
02,311901200000080136,1,2,1,2,2,1,1,2,1,2,2,2,2
02,311901200000090154,1,2,2,2,2,2,1,2,1,2,1,2,2
02,311901200000100172,1,2,2,2,1,1,2,2,2,2,2,2,2
02,311901200000110189,1,2,1,1,1,1,1,2,1,2,1,2,2
02,311901200000120207,1,2,2,2,2,2,2,2,1,2,2,2,2
02,311901200000130224,1,2,2,2,2,1,2,2,1,2,2,2,2
02,311901200000140243,1,2,2,2,1,1,2,2,1,2,1,2,2
02,311901200000150260,1,2,1,1,1,1,1,2,1,2,2,2,2
02,311901200000160277,1,2,2,1,2,1,1,1,1,2,1,1,1
02,311901200000180316,1,2,1,1,1,1,1,2,1,2,1,1,2
02,312200500100010002,1,2,2,1,1,1,1,2,1,2,1,2,2
02,312200500100020031,1,2,2,2,1,1,2,2,2,2,2,2,2
02,312200500100030049,1,2,2,1,1,1,1,2,1,2,1,1,2
02,312200500100050083,1,2,2,2,1,1,2,2,1,2,2,2,1
02,312200500100060100,1,2,2,2,1,1,2,2,1,2,2,2,2
02,312200500100070118,1,2,2,1,1,1,1,2,1,2,1,2,2
02,312200500100080135,1,2,2,1,1,1,2,2,1,2,2,2,2
02,312200500100090151,1,2,1,1,1,1,2,2,1,1,1,2,1
02,312200500100100169,1,2,2,2,2,2,2,2,2,2,2,2,2
02,312200500100118003,1,2,2,2,2,2,2,2,1,2,2,2,2
02,312200500100120205,1,2,2,1,1,1,1,2,1,2,2,2,2
02,312200500100130223,1,2,1,1,1,1,1,1,1,1,1,1,2
02,312200500100140241,1,2,2,2,2,1,2,2,2,2,2,2,2
02,312200500100160276,1,2,2,2,1,1,2,2,2,2,2,2,2
02,312201100000020028,1,2,2,2,2,1,2,2,1,2,2,2,1
02,312201100000030044,1,2,1,1,2,1,1,2,1,2,1,2,1
02,312201100000040059,1,2,2,2,2,2,2,2,1,2,2,2,1
02,312201100000050076,1,2,2,1,2,1,2,2,2,2,2,2,1
02,312201100000060092,1,2,2,1,2,1,2,2,2,2,2,2,2
02,312201100000070108,1,2,2,1,1,1,1,2,1,2,1,1,1
02,312201100000080124,1,2,1,1,1,1,1,1,1,2,1,1,1
02,312201100000090141,1,2,2,2,1,1,2,2,2,2,2,2,1
02,312201100000100158,1,2,2,1,2,1,2,2,1,2,2,2,2
02,312201100000110174,1,2,2,2,1,2,2,2,2,2,2,2,2
02,312201100000130208,1,2,2,1,2,1,2,2,1,2,2,1,2
02,312201100000140225,1,2,2,1,1,1,1,2,1,2,1,1,1
02,312201100000160258,1,2,2,2,1,2,2,2,2,2,2,2,2
02,312201100000170274,1,2,1,1,1,1,1,2,1,2,1,2,1
02,312201100000190306,1,2,2,2,1,1,2,2,2,2,2,2,1
02,312201100000200322,1,2,2,2,2,1,2,2,1,2,2,2,2
02,312201100000210338,1,2,1,1,1,1,1,2,1,2,2,2,1
02,312201300000010049,1,2,2,2,1,1,2,2,1,2,2,2,2
02,312400400200048001,1,2,2,1,1,1,1,1,1,1,1,2,2
02,312400400200060135,1,2,1,1,1,1,1,2,1,2,1,2,2
02,312400400200090210,1,2,2,2,1,1,2,2,2,2,2,2,2
02,312400400200108002,1,2,2,2,2,2,2,2,2,2,2,2,2
02,312400400200110260,1,2,1,1,1,1,1,2,1,1,1,1,2
02,312400400200120284,1,2,2,2,1,1,2,2,1,2,2,2,2
02,312400400200130308,1,2,2,2,1,1,2,2,1,2,2,2,2
02,312400400200140333,1,2,2,2,1,1,2,2,2,2,2,2,2
02,312400500000010033,1,2,1,1,1,1,1,2,1,2,1,2,1
02,312400500000020052,1,2,1,1,1,1,1,2,1,2,2,2,1
02,312400500000030076,1,2,2,1,2,1,1,2,1,2,2,2,1
02,312400500000050118,1,2,2,1,1,1,1,2,1,2,2,2,1
02,312400500000060139,1,2,2,1,1,1,1,2,1,2,2,2,1
02,312400500000080185,1,2,2,1,1,1,1,1,1,1,1,1,1
02,312400500000090205,1,2,2,1,1,1,2,2,2,2,2,2,2
02,312400500000100228,1,2,2,1,1,1,2,2,1,2,2,2,2
02,312400500000118001,1,2,2,2,1,1,2,2,1,2,2,2,1
02,312400500000130297,1,2,2,2,1,1,2,2,1,2,2,2,1
02,312400500000140321,1,2,2,1,1,1,2,2,1,2,2,2,1
02,312400500000170385,1,2,2,1,2,1,1,2,1,2,2,2,1
02,312400500000198002,1,2,2,2,2,2,2,2,2,2,2,2,2
02,312400500000200453,1,2,2,2,1,1,2,2,1,2,2,2,2
02,312601800000010002,1,2,2,2,1,2,1,2,2,2,2,2,2
02,312601800000020017,1,2,2,2,1,1,2,2,1,2,2,2,2
02,312601800000038001,1,2,2,2,2,1,1,1,1,2,1,2,2
02,312601800000040048,1,2,2,1,2,1,2,2,1,2,2,2,2
02,312601800000050064,1,2,2,2,2,2,2,2,1,2,2,2,2
02,312601800000060080,1,2,1,1,1,1,1,2,1,2,1,1,2
02,312601800000070096,1,2,2,2,2,2,2,2,2,2,2,2,2
02,312601800000080112,1,2,2,2,2,2,2,2,2,2,2,2,2
02,312601800000090128,1,2,2,2,2,1,2,2,2,2,2,2,2
02,312601800000100143,1,2,2,2,2,1,1,2,1,2,2,2,2
02,312601800000110159,1,2,2,2,1,1,2,2,1,2,2,2,2
02,312601800000130190,1,2,2,2,2,1,2,2,1,2,2,2,2
02,312601800000140206,1,2,2,2,2,1,2,2,1,2,2,2,2
02,312601800000160238,1,2,2,2,2,1,2,2,1,2,2,2,2
02,312601800000170254,1,2,2,2,2,1,2,2,1,2,2,2,2
02,312601800000180269,1,2,2,2,1,1,1,2,1,2,2,2,2
02,312601800000190285,1,2,2,2,2,1,2,2,2,2,2,2,2
02,312700900000010015,1,2,2,1,1,1,1,2,1,2,2,2,1
02,312700900000040056,1,1,1,1,2,1,1,2,1,2,1,2,1
02,312700900000050070,1,2,2,1,2,1,1,2,1,1,2,2,1
02,312700900000068001,1,2,2,2,2,1,2,2,1,2,2,2,1
02,312700900000070096,1,1,1,1,2,1,1,2,1,2,1,2,1
02,312700900000080110,1,2,2,2,1,1,1,2,1,2,1,2,1
02,312700900000090124,1,2,2,2,1,1,1,2,1,2,2,2,1
02,312700900000100137,1,2,1,1,1,1,1,2,1,2,1,2,1
02,312700900000110151,1,2,2,1,2,2,2,2,1,2,2,2,2
02,312700900000128002,1,2,2,2,2,1,2,2,1,2,2,2,1
02,312700900000140191,1,2,2,2,2,1,1,2,1,1,2,2,1
02,312700900000160218,1,2,1,2,1,1,1,2,1,2,2,2,1
02,312700900000170233,1,2,2,2,1,1,1,2,1,2,1,2,1
02,313000200000010017,1,2,2,1,2,1,2,2,1,2,1,2,1
02,313000200000020046,1,2,1,1,1,1,1,2,1,2,1,1,1
02,313000200000030077,1,2,2,1,1,1,2,2,1,2,1,2,1
02,313000200000040107,1,2,2,2,2,1,2,2,1,2,2,2,1
02,313000200000050137,1,2,2,1,1,1,1,2,1,2,1,2,1
02,313000200000070195,1,2,2,2,1,1,2,2,2,2,1,2,1
02,313000200000080221,1,2,2,2,1,1,2,2,1,2,1,2,2
02,313000200000090250,1,2,2,1,1,1,2,2,2,2,1,2,1
02,313000200000110308,1,2,2,2,2,1,2,2,1,2,2,2,1
02,313000200000120337,1,2,2,2,1,1,2,2,1,2,1,2,1
02,313000200000130366,1,2,2,1,1,1,1,2,1,2,1,2,1
02,313000200000140395,1,2,2,2,2,1,2,2,1,2,2,2,1
02,313000200000150426,1,2,2,2,1,1,2,2,1,2,2,2,1
02,313000200000160456,1,2,2,2,1,2,2,2,2,2,2,2,2
02,313000200000170486,1,2,2,1,1,1,2,2,1,2,2,2,2
02,313000200000180516,1,2,2,1,2,1,1,2,1,2,2,2,1
02,313001200000010018,1,2,2,1,1,1,2,2,1,2,2,2,1
02,313001200000020044,1,2,2,2,1,2,2,2,2,2,2,2,2
02,313001200000030070,1,2,2,1,2,1,1,2,1,2,2,2,1
02,313001200000040097,1,2,2,1,1,2,2,2,1,2,2,2,1
02,313001200000050122,1,2,2,1,2,1,2,2,1,2,2,2,1
02,313001200000060148,1,2,2,2,2,2,2,2,2,2,2,2,2
02,313001200000070175,1,2,2,1,1,1,1,2,1,2,1,2,1
02,313001200000080201,1,2,2,1,1,1,2,2,1,2,2,2,1
02,313001200000090227,1,2,2,2,2,1,2,2,2,2,2,2,2
02,313001200000100252,1,2,2,1,2,1,2,2,1,2,2,2,2
02,313001200000110278,1,2,2,2,2,1,2,2,1,2,2,2,1
02,313001200000120304,1,2,2,2,2,2,2,2,2,2,2,2,2
02,313001200000130330,1,2,2,2,1,1,2,2,1,2,2,2,1
02,313001200000140356,1,2,2,1,2,1,2,2,2,2,1,2,1
02,313001200000150383,1,2,2,1,1,1,2,2,1,2,2,2,1
02,313001800000010017,1,2,2,1,2,2,1,2,1,2,1,2,1
02,313001800000020039,1,2,2,1,1,1,2,2,1,2,2,2,1
02,313001800000030061,1,2,2,2,1,1,2,2,1,2,2,2,2
02,313001800000040083,1,2,2,1,2,1,2,2,1,2,2,2,1
02,313001800000050106,1,2,2,2,1,1,1,2,1,2,2,2,1
02,313001800000060128,1,2,2,1,2,1,1,2,1,2,1,2,1
02,313001800000070150,1,2,2,1,1,1,2,2,1,2,2,2,1
02,313001800000090193,1,2,2,2,2,1,2,2,1,2,2,2,2
02,313001800000100215,1,2,2,2,2,1,2,2,1,2,2,2,1
02,313001800000110235,1,2,2,2,2,1,2,2,1,2,2,2,1
02,313001800000130278,1,2,2,2,2,1,2,2,1,2,2,2,1
02,313001800000140300,1,2,2,2,2,1,2,2,2,2,2,2,1
02,313001800000150322,1,2,2,1,1,1,2,2,1,2,2,2,1
02,313001800000160344,1,2,2,1,1,1,1,2,1,2,2,2,1
02,313001800000170366,1,2,2,2,2,1,2,2,1,2,2,2,2
02,313200700000010023,1,2,2,2,2,1,2,2,1,2,2,2,1
02,313200700000020048,1,2,2,1,1,1,2,2,1,2,2,2,1
02,313200700000030073,1,2,2,2,2,1,2,2,1,2,1,2,1
02,313200700000050122,1,2,2,2,1,1,2,2,1,2,2,2,2
02,313200700000060147,1,2,1,2,1,1,2,2,1,2,1,2,1
02,313200700000080196,1,2,2,2,2,1,2,2,1,2,2,2,1
02,313200700000100244,1,2,2,1,1,1,2,2,1,2,1,2,1
02,313200700000110268,1,2,2,1,2,1,1,2,1,2,1,2,1
02,313200700000120293,1,2,2,2,2,1,1,2,1,2,2,2,1
02,313200700000140340,1,2,2,2,2,1,2,2,1,2,2,2,2
02,313200700000160389,1,2,2,1,2,1,2,2,2,2,2,2,1
02,313200700000170414,1,2,2,2,1,1,1,2,1,2,1,2,1
02,313202000100030069,1,2,2,1,2,1,2,2,1,2,2,2,2
02,313202000100040094,1,2,2,1,1,1,1,2,1,2,1,2,2
02,313202000100050119,1,2,2,2,1,1,1,1,1,1,1,1,2
02,313202000100060142,1,2,2,2,2,1,2,2,1,2,2,2,2
02,313202000100080183,1,2,2,2,2,1,2,2,1,2,2,2,2
02,313202000100090205,1,2,2,1,2,1,1,2,1,2,1,2,2
02,313202000100120274,1,2,2,1,2,1,2,2,1,2,1,2,2
02,313202000100150351,1,2,2,1,2,1,2,2,1,2,1,2,2
02,313202000100160377,1,2,2,2,2,1,2,2,1,2,2,2,2
02,313202000100160378,1,2,2,2,2,1,2,2,1,2,2,2,2
02,313202000100160379,1,2,2,1,1,1,1,2,1,2,1,2,2
02,313202000100170407,1,2,2,2,2,1,2,2,1,2,2,2,2
02,313202000100180436,1,2,2,2,2,2,2,2,1,2,2,2,2
02,313202000100190464,1,2,2,1,1,1,2,2,1,2,1,1,2
02,313202000100208001,1,2,2,1,1,1,2,2,1,2,2,2,2
02,313202000100208002,1,2,2,2,2,2,2,2,1,2,2,2,2
02,313202000100210523,1,2,2,2,1,1,1,2,1,2,1,1,2
02,313202000100220556,1,2,2,1,1,1,1,2,1,2,1,1,2
02,313203500000010023,1,2,2,2,2,2,1,2,1,2,2,2,1
02,313203500000020048,1,2,2,2,2,1,2,2,1,2,2,2,2
02,313203500000038002,1,2,2,2,2,1,2,2,2,2,2,2,2
02,313203500000040107,1,2,2,1,2,1,2,2,1,2,2,2,1
02,313203500000050132,1,2,2,2,2,1,1,2,1,2,1,1,1
02,313203500000068003,1,2,2,2,2,1,2,2,2,2,2,2,2
02,313203500000078004,1,2,2,2,2,1,2,2,1,2,2,2,1
02,313203500000080211,1,2,2,2,2,1,1,2,1,2,1,2,1
02,313203500000090238,1,2,2,2,1,1,2,2,1,2,2,2,2
02,313203500000108005,1,2,2,2,2,2,2,2,2,2,2,2,2
02,313203500000110291,1,2,2,2,2,1,2,2,1,2,2,2,2
02,313203500000150396,1,2,2,2,1,1,2,2,2,2,2,2,2
02,313203800000010149,1,2,2,2,2,2,2,2,2,2,2,2,2
02,313500100000010016,1,2,2,1,1,1,2,2,1,2,1,2,1
02,313500100000020030,1,2,2,1,1,1,1,2,1,2,1,2,1
02,313500100000030044,1,2,2,2,1,1,2,2,1,2,2,2,2
02,313500100000048002,1,2,2,2,1,1,2,2,1,2,2,2,2
02,313500100000050073,1,2,1,1,1,1,1,2,1,1,2,2,1
02,313500100000060088,1,2,2,2,1,1,1,2,1,2,2,2,1
02,313500100000070103,1,2,2,2,1,1,2,2,1,2,2,2,1
02,313500100000080118,1,2,2,2,1,1,2,2,1,2,2,2,2
02,313500100000090132,1,2,2,2,2,2,2,2,2,2,2,2,2
02,313500100000100148,1,2,2,2,1,1,2,2,1,2,2,2,2
02,313500100000110163,1,2,2,2,2,1,2,2,1,2,2,2,2
02,313500100000130193,1,2,2,2,1,1,1,2,1,2,2,2,1
02,313500100000140208,1,2,2,2,2,1,2,2,1,2,2,2,2
02,313500100000150223,1,2,2,1,1,1,2,2,1,2,2,2,1
02,313500100000160238,1,2,2,1,1,1,2,2,1,2,1,2,1
02,313500100000170252,1,2,2,2,1,1,2,2,2,2,2,2,2
02,313500100000180267,1,2,2,2,1,2,2,2,2,2,2,2,2
02,313500100000190280,1,2,1,2,1,1,2,2,1,2,1,2,2
02,313500100000208001,1,2,2,1,1,1,2,2,1,2,1,2,2
02,313501100300038002,1,1,2,1,1,1,1,2,1,2,2,1,1
02,313501100300040075,1,2,2,1,1,1,1,2,1,2,2,2,1
02,313501100300070131,1,2,2,1,2,1,1,2,1,2,1,2,1
02,313501100300080147,1,2,2,2,2,1,2,2,2,2,2,2,2
02,313501100300130234,1,2,2,2,2,1,2,2,2,2,2,2,2
02,313501100300140254,1,2,2,2,2,1,2,2,2,2,2,2,2
02,313501100300158003,1,2,2,2,2,2,2,2,1,2,2,2,2
02,313501100300170306,1,2,2,2,1,1,2,2,1,2,2,2,2
02,313600100000010082,1,2,2,2,1,1,2,2,2,2,2,2,2
02,313602500000018001,1,2,2,2,2,1,2,2,2,2,2,2,2
02,313602500000040042,1,2,2,2,2,2,2,2,2,2,2,2,2
02,313602500000050055,1,2,2,2,2,1,2,2,1,2,2,2,2
02,313602500000060068,1,2,2,2,1,1,2,2,1,2,2,2,2
02,313602500000070081,1,2,2,2,2,1,2,2,2,2,2,2,2
02,313602500000080095,1,2,2,2,1,2,2,2,2,2,2,2,2
02,313602500000100120,1,2,2,2,2,1,2,2,2,2,2,2,2
02,313602500000110133,1,2,2,2,2,2,2,2,2,2,2,2,2
02,313602500000120147,1,2,2,2,2,1,2,2,1,2,2,2,2
02,313602500000140173,1,2,2,2,1,1,1,2,1,2,2,2,2
02,313602500000150187,1,2,2,2,2,2,2,2,2,2,2,2,2
02,313602500000170212,1,2,2,1,1,1,2,2,1,2,2,2,2
02,313700200000010022,1,2,2,2,2,1,2,2,1,2,2,2,1
02,313700200000020044,1,2,2,2,2,1,2,2,2,2,2,2,2
02,313700200000030069,1,2,2,2,2,1,2,2,1,2,2,2,1
02,313700200000068001,1,2,2,2,2,1,2,2,2,2,2,2,2
02,313700200000070172,1,2,2,2,2,1,2,2,1,2,2,2,2
02,313700200000080198,1,2,2,1,2,1,2,2,1,2,2,2,1
02,313700200000090223,1,2,2,2,2,1,1,2,1,2,2,2,1
02,313700200000100248,1,1,2,2,2,1,2,2,1,2,2,2,1
02,313700200000120300,1,2,2,2,1,1,2,2,2,2,2,2,2
02,313700200000130327,1,2,2,2,1,1,2,2,1,2,2,2,1
02,313700200000140352,1,2,2,2,2,1,2,2,2,2,2,2,2
02,313700200000150379,1,2,2,2,1,1,1,2,1,2,1,2,1
02,313700200000160404,1,2,2,1,2,1,2,2,2,2,2,2,2
02,313700200000170430,1,2,2,2,2,2,2,2,1,2,2,2,2
02,313700200000190481,1,2,2,2,2,1,2,2,2,2,2,2,2
02,500300400200010018,1,2,1,2,2,1,2,2,1,2,1,2,1
02,500300400200028001,1,2,2,2,2,1,2,2,1,2,2,2,1
02,500300400200038002,1,2,2,2,2,1,1,2,1,2,2,1,1
02,500300400200040060,1,2,1,1,2,1,1,2,1,2,1,2,1
02,500300400200060092,1,2,2,2,2,1,1,2,2,2,2,2,1
02,500300400200080123,1,2,2,2,2,1,2,2,1,2,2,2,2
02,500300400200090140,1,2,2,2,2,1,1,2,1,1,1,2,2
02,500300400200100156,1,2,2,2,2,1,2,2,2,2,2,2,2
02,500300400200110172,1,2,2,2,1,1,2,2,1,2,2,2,1
02,500300400200120187,1,2,1,1,1,1,1,2,1,1,2,1,1
02,500300400200130201,1,2,2,2,2,1,2,2,2,2,2,2,2
02,500300400200140218,1,2,2,2,1,1,2,2,2,2,2,2,2
02,500300400200150236,1,2,2,1,2,1,2,2,2,2,2,2,2
02,500300400200168004,1,2,2,2,1,1,2,2,1,2,2,2,1
02,500300400200178003,1,2,2,1,1,1,1,2,1,2,1,2,1
02,500301400000010017,1,2,2,2,2,1,2,2,1,2,2,2,1
02,500301400000040066,1,2,1,1,2,1,1,1,1,1,1,1,1
02,500301400000050082,1,2,2,2,2,1,1,2,1,2,2,2,2
02,500301400000060099,1,2,2,1,1,1,1,2,1,1,1,2,1
02,500301400000070113,1,2,2,2,2,1,2,2,1,2,1,2,1
02,500301400000080129,1,2,2,1,1,1,1,2,1,2,1,1,1
02,500301400000090147,1,2,2,1,1,1,1,2,1,1,2,2,1
02,500301400000110185,1,2,2,2,2,1,2,2,1,2,2,2,1
02,500301400000120204,1,2,2,2,2,1,1,2,1,2,1,2,1
02,500301400000130223,1,2,2,2,2,1,2,2,2,2,2,2,1
02,500301400000148001,1,2,1,2,2,1,2,2,1,2,1,2,1
02,500301400000150260,1,2,2,1,1,1,2,2,1,2,2,1,1
02,500301400000160274,1,2,1,1,2,1,1,2,1,2,2,2,1
02,500301400000170293,1,2,2,2,2,1,2,2,1,2,2,2,1
02,500301400000180312,1,2,1,2,2,1,2,2,2,2,2,2,1
02,500400100000030051,1,2,2,2,1,1,2,2,2,2,2,2,2
02,500400100000048003,1,2,2,2,1,1,2,2,1,2,2,2,2
02,500400100000050083,1,2,2,1,1,2,2,2,2,2,2,2,1
02,500400100000060098,1,2,2,2,2,2,1,2,2,2,2,2,1
02,500400100000070115,1,2,2,1,1,1,2,2,1,2,1,2,1
02,500400100000080132,1,2,2,1,2,1,2,2,1,2,2,2,1
02,500400100000100167,1,2,2,2,2,1,2,2,2,2,2,2,1
02,500400100000120200,1,2,2,2,2,1,1,2,1,2,2,2,1
02,500400100000140232,1,2,2,2,2,1,1,2,1,2,2,2,1
02,500400100000160262,1,2,2,2,2,2,2,2,2,2,2,2,2
02,500400100000188001,1,2,2,1,2,1,2,2,1,2,2,2,1
02,500400700100010025,1,2,2,1,2,1,2,2,1,2,1,2,2
02,500400700100030063,1,2,2,1,2,1,1,2,1,2,1,2,1
02,500400700100040087,1,2,2,2,2,1,2,2,1,2,2,2,2
02,500400700100070152,1,2,1,2,2,2,2,2,1,2,1,2,1
02,500400700100080170,1,2,1,1,1,1,1,2,1,1,1,1,1
02,500400700100090190,1,2,1,1,2,1,1,2,1,1,1,2,1
02,500400700100100212,1,2,2,1,2,1,1,2,1,2,1,2,1
02,500400700100120261,1,2,2,2,1,1,1,2,1,2,2,2,1
02,500400700100130286,1,2,2,1,2,1,1,2,1,2,1,2,1
02,500400700100150323,1,2,2,1,2,1,1,1,1,2,2,1,1
02,500400700100160346,1,2,2,1,1,1,1,2,1,2,2,1,1
02,500702000000010006,1,2,2,1,2,1,2,2,2,2,2,2,2
02,500702000000020023,1,2,2,1,2,1,2,2,2,2,2,2,2
02,500702000000030039,1,2,2,2,2,1,2,2,2,2,2,2,2
02,500702000000040054,1,2,2,1,2,1,2,2,2,2,2,2,1
02,500702000000070098,1,2,2,1,2,1,2,2,2,2,2,2,1
02,500702000000080114,1,2,2,1,2,1,2,2,2,2,2,2,2
02,500702000000090129,1,2,2,1,2,1,2,2,2,2,2,2,1
02,500702000000100141,1,2,2,2,2,2,2,2,2,2,2,2,1
02,500702000000110156,1,2,2,2,2,2,2,2,2,2,2,2,1
02,500702000000120169,1,2,2,1,2,1,2,2,2,2,2,2,2
02,500702000000130184,1,2,2,2,2,2,2,2,2,2,2,2,2
02,500702000000140199,1,2,2,2,2,2,2,2,2,2,2,2,1
02,500702000000150214,1,2,2,1,2,2,2,2,2,2,2,2,1
02,500702000000170244,1,2,2,1,2,1,2,2,2,2,2,2,1
02,500702000000190274,1,2,2,1,2,2,2,2,2,2,2,2,1
02,500702000000200289,1,2,2,1,2,1,2,2,2,2,2,2,1
02,500702000000230334,1,2,2,1,2,1,2,2,2,2,2,2,1
02,501100100000010007,1,2,2,2,2,2,2,2,1,2,2,2,2
02,501100600000020035,1,2,2,1,1,1,1,2,2,2,1,2,1
02,501100600000030054,1,2,1,1,2,2,2,2,1,2,1,2,1
02,501100600000040075,1,2,2,1,2,1,1,2,1,2,1,2,1
02,501100600000050097,1,2,2,2,1,1,1,2,1,2,2,2,1
02,501100600000060119,1,2,2,2,2,1,2,2,2,2,2,2,1
02,501100600000070140,1,2,2,2,2,2,2,2,1,2,2,2,1
02,501100600000080158,1,2,2,2,1,1,2,2,1,2,2,2,1
02,501100600000090179,1,2,2,2,2,1,1,2,1,2,1,2,1
02,501100600000110219,1,2,2,2,2,1,2,2,2,2,2,2,1
02,501100600000120241,1,2,2,2,2,1,1,2,1,2,2,2,1
02,501100600000130261,1,2,2,2,1,2,2,2,2,2,2,2,2
02,501100600000150303,1,1,2,1,2,1,2,2,1,2,2,2,1
02,501100600000160325,1,2,2,2,1,2,2,2,1,2,2,2,1
02,501100600000180365,1,2,2,2,1,1,2,2,1,2,2,2,1
02,501100600000190387,1,2,2,2,1,1,2,2,2,2,2,2,1
02,501100600000200409,1,2,1,2,2,1,2,2,1,2,2,2,1
02,501100600000210431,1,2,1,1,1,2,2,2,1,2,2,2,1
02,501301200100010004,1,1,2,1,2,1,2,1,1,2,2,2,1
02,501301200100070147,1,2,1,2,2,1,1,2,1,2,1,2,2
02,501301200100098002,1,2,2,2,2,1,2,2,1,2,2,2,1
02,501301200100100225,1,2,2,2,2,1,2,2,1,2,2,2,2
02,501301200100110250,1,2,2,2,1,1,2,2,1,2,2,2,1
02,501301200100140320,1,2,1,1,2,1,1,1,1,1,1,1,1
02,501301200100158001,1,2,2,2,2,1,2,2,1,2,2,2,1
02,501301200100160367,1,2,2,2,1,1,2,2,2,2,1,2,1
02,501301500000020037,1,2,2,1,2,1,1,2,1,1,1,1,1
02,501301500000038002,1,2,1,2,2,1,1,2,2,2,2,2,1
02,501301500000040085,1,2,1,1,2,1,1,1,1,1,1,1,1
02,501301500000050109,1,2,1,1,2,1,1,2,1,1,1,1,1
02,501301500000060132,1,1,1,1,1,1,1,1,1,1,2,1,1
02,501301500000080178,1,1,1,1,1,1,1,2,1,2,1,2,1
02,501301500000090198,1,2,2,2,1,1,2,2,1,2,2,2,2
02,501301500000100223,1,2,2,2,2,2,2,2,1,2,2,2,2
02,501301500000110248,1,2,2,2,2,2,2,2,2,2,2,2,2
02,501301500000120269,1,2,2,2,2,2,2,2,1,2,2,2,2
02,501301500000138003,1,2,2,1,2,1,2,2,1,2,2,2,1
02,501301500000140316,1,2,2,2,2,2,2,2,2,2,2,2,2
02,501301500000170388,1,2,2,2,2,1,2,2,1,2,2,2,1
02,570300200000020023,1,2,2,1,1,1,1,2,1,2,1,1,2
02,570300200000050072,1,2,1,2,1,1,1,2,1,2,2,2,2
02,570300200000060087,1,2,2,2,2,1,2,2,1,2,1,2,2
02,570300200000068006,1,2,2,2,2,1,2,2,1,2,1,2,1
02,570300200000078004,1,2,2,2,1,1,2,2,2,1,2,2,1
02,570300200000080118,1,2,1,1,1,1,2,2,1,2,2,2,1
02,570300200000090137,1,2,2,2,1,1,2,2,1,2,1,2,1
02,570300200000118005,1,2,2,2,2,1,2,2,1,2,2,2,1
02,570300200000120190,1,2,1,1,1,1,2,2,1,2,2,2,1
02,570300200000138002,1,2,1,1,1,1,1,2,1,2,2,2,1
02,570300200000140224,1,2,2,1,1,1,1,2,1,2,1,2,1
02,570300200000150239,1,2,2,1,2,1,2,2,1,2,2,2,1
02,570300200000160255,1,2,2,2,2,2,2,2,2,2,2,2,2
02,570300200000170271,1,2,2,1,1,1,2,2,1,2,2,2,1
02,570300200000180288,1,2,2,2,2,1,2,2,1,2,2,2,2
02,570300200000198001,1,2,2,2,2,1,2,2,1,2,1,2,1
02,570301000000010121,1,2,2,2,2,2,2,2,2,2,2,2,2
02,570301600000040057,1,2,2,2,1,2,2,2,2,2,2,2,2
02,570301600000060086,1,2,2,2,2,1,2,2,2,2,2,2,2
02,570301600000070102,1,2,2,2,1,2,1,2,1,2,2,2,1
02,570301600000100148,1,2,2,2,2,2,2,2,2,2,2,2,2
02,570301600000118004,1,2,2,2,2,2,2,2,2,2,2,2,2
02,570301600000130198,1,2,2,2,1,2,2,2,2,2,2,2,1
02,570301600000140215,1,2,2,2,2,2,2,2,2,2,2,2,2
02,570302300000010004,1,2,2,2,2,1,2,2,1,2,2,2,1
02,570302300000030037,1,2,2,2,2,1,2,2,2,2,2,2,1
02,570302300000040053,1,2,2,2,2,2,2,2,2,2,2,2,2
02,570302300000050069,1,2,1,1,1,1,1,2,1,2,2,1,1
02,570302300000060085,1,2,2,2,1,1,2,2,1,2,2,2,1
02,570302300000070100,1,2,2,2,2,2,2,2,2,2,2,2,2
02,570302300000080115,1,2,2,2,1,1,2,2,2,2,2,2,1
02,570302300000090131,1,2,1,1,2,1,2,2,2,2,2,2,1
02,570302300000100146,1,1,1,1,1,1,1,2,1,2,1,2,1
02,570302300000118001,1,2,2,2,1,1,2,2,1,2,2,2,1
02,570302300000120176,1,2,2,1,2,1,1,2,1,2,1,2,1
02,570302300000138002,1,2,2,2,2,2,2,2,2,2,2,2,2
02,570302300000140202,1,2,2,1,1,1,1,2,1,1,1,1,1
02,570302300000150217,1,1,1,1,2,1,1,2,1,1,1,1,2
02,570302300000168003,1,2,2,2,1,2,2,2,2,2,2,2,1
02,570302300000170248,1,2,1,1,1,1,2,2,1,1,2,2,1
02,570302300000180264,1,2,2,1,1,1,2,2,1,2,2,2,1
02,570302300000190279,1,2,2,2,2,1,2,2,1,1,1,2,1
02,570601100100010006,1,2,2,2,1,1,2,2,2,2,2,2,2
02,570601100100020028,1,2,2,2,2,1,2,2,1,2,2,2,2
02,570601100100030050,1,2,2,2,2,1,2,2,2,2,2,2,2
02,570601100100040070,1,2,2,1,2,1,2,2,2,2,2,2,2
02,570601100100058002,1,2,2,2,2,2,2,2,2,2,2,2,2
02,570601100100060112,1,2,2,2,2,1,2,2,2,2,2,2,2
02,570601100100080154,1,2,2,2,2,2,2,2,2,2,2,2,2
02,570601100100090177,1,2,2,2,1,2,2,2,2,2,1,2,2
02,570601100100108003,1,2,2,2,1,2,2,2,2,2,2,2,2
02,570601100100110216,1,2,2,2,2,2,2,2,2,2,2,2,2
02,570601100100120239,1,2,2,1,2,1,2,2,2,2,2,2,2
02,570601100100130259,1,2,2,1,1,1,1,2,2,2,2,2,2
02,570601100100148004,1,2,2,1,2,2,2,2,1,2,1,2,2
03,080100300200010026,1,2,2,2,1,1,2,2,1,2,1,2,1
03,080100300200020060,1,1,2,1,2,1,2,2,1,2,1,1,1
03,080100300200030085,1,2,2,1,1,1,1,2,1,2,1,2,1
03,080100300200048001,1,2,2,1,2,1,2,2,1,2,2,2,1
03,080100300200050140,1,1,2,1,1,1,1,2,1,2,1,1,1
03,080100300200060169,1,2,2,1,1,1,1,1,1,1,1,2,1
03,080100300200070205,1,2,2,2,2,1,2,2,1,2,1,2,1
03,080100300200080234,1,2,2,1,1,1,2,2,1,2,2,2,2
03,080100300200098002,1,2,2,1,2,1,2,2,1,1,2,1,1
03,080100300200100294,1,1,1,1,2,1,1,2,1,1,1,1,1
03,080100300200120345,1,1,2,1,2,1,1,1,1,1,2,1,1
03,080100300200130366,1,2,2,1,2,1,1,1,1,2,1,2,1
03,080100300200140394,1,2,1,2,1,1,2,2,1,2,2,2,1
03,080100300200168004,1,1,1,1,2,1,1,2,1,1,1,2,1
03,080100300200178003,1,2,2,1,2,1,2,2,1,2,1,2,1
03,080302100100010017,1,1,1,1,1,1,1,1,1,2,2,2,1
03,080302100100030062,1,1,1,1,2,1,1,1,1,1,1,1,1
03,080302100100040084,1,2,1,1,2,1,1,2,1,2,1,2,1
03,080302100100050106,1,2,2,1,2,1,1,1,1,1,1,1,1
03,080302100100068004,1,2,2,2,2,1,2,2,1,2,1,1,1
03,080302100100070150,1,2,2,1,2,1,1,1,1,2,2,1,1
03,080302100100080172,1,2,2,1,2,1,1,2,1,2,1,1,1
03,080302100100090193,1,1,2,2,2,1,1,2,1,2,1,2,1
03,080302100100100214,1,1,1,1,2,1,1,1,1,2,1,1,1
03,080302100100118001,1,2,1,1,2,1,1,2,1,2,2,2,1
03,080302100100120255,1,1,2,2,2,1,1,1,1,2,2,1,1
03,080302100100138007,1,2,1,1,2,1,2,2,1,2,1,1,1
03,080302100100140298,1,2,2,1,2,1,1,2,1,2,1,1,1
03,080302100100150321,1,1,2,2,1,1,1,1,1,2,1,2,1
03,080302100100160340,1,2,2,1,2,1,1,1,1,2,1,1,1
03,080302100100170362,1,2,2,2,2,1,1,2,1,2,1,2,1
03,080302100100188005,1,2,2,2,2,1,1,1,1,2,1,1,1
03,080402100200020062,1,2,1,1,1,1,2,2,1,2,1,2,1
03,080402100200030104,1,2,1,1,1,1,2,2,1,2,2,2,1
03,080402100200040142,1,2,2,2,2,2,2,2,2,2,2,2,2
03,080402100200050179,1,2,2,2,2,1,2,2,1,2,2,2,1
03,080402100200068002,1,2,1,2,2,1,2,2,1,2,2,2,1
03,080402100200080288,1,2,2,2,2,1,2,2,1,2,1,2,1
03,080402100200090327,1,2,1,2,1,2,2,2,1,2,2,2,1
03,080402100200100366,1,2,2,2,1,1,2,2,1,2,2,2,1
03,080402100200140514,1,2,2,2,2,1,2,2,1,2,1,2,1
03,080402100200158001,1,2,1,1,2,1,2,2,1,2,1,2,1
03,080402100200160591,1,2,2,1,1,1,2,2,1,2,1,2,1
03,080402100200170631,1,2,1,2,2,1,1,2,1,2,1,1,1
03,080500600000010006,1,2,2,2,1,1,2,2,1,2,2,2,1
03,080500600000030020,1,2,1,1,2,1,1,2,1,1,2,1,1
03,080500600000040027,1,2,2,1,2,1,1,2,1,2,1,1,1
03,080500600000050035,1,2,2,1,2,1,1,2,1,2,1,2,1
03,080500600000060042,1,2,2,1,2,1,1,2,1,2,1,1,1
03,080500600000070050,1,2,1,1,1,1,1,2,1,2,1,2,1
03,080500600000080057,1,1,1,1,1,1,1,1,1,1,1,1,1
03,080500600000090062,1,2,1,1,1,1,1,1,1,1,1,2,2
03,080500600000120082,1,2,1,1,1,1,1,2,1,2,1,1,1
03,080500600000130090,1,2,2,1,2,1,1,2,1,2,1,2,1
03,080500600000140097,1,2,2,2,2,1,2,2,2,2,2,2,2
03,080500600000150105,1,2,2,1,1,1,1,1,1,2,1,2,1
03,080500600000160113,1,2,2,1,2,1,2,1,1,2,1,1,1
03,080500900000010165,1,2,1,1,1,1,2,2,1,2,2,2,1
03,080501900000010027,1,2,2,1,1,1,1,1,2,1,2,2,2
03,080501900000020051,1,2,1,1,1,1,2,2,1,2,1,2,1
03,080501900000030078,1,2,2,2,2,1,2,2,1,2,2,2,2
03,080501900000050135,1,2,2,2,2,1,2,2,1,2,1,2,1
03,080501900000060165,1,2,2,1,2,1,2,2,1,2,1,2,1
03,080501900000070192,1,2,2,1,2,1,1,2,1,2,1,1,1
03,080501900000080219,1,2,2,1,2,1,1,2,1,2,1,2,1
03,080501900000090245,1,2,1,1,2,1,1,2,2,2,1,1,1
03,080501900000100270,1,2,1,1,2,1,1,2,2,2,1,1,1
03,080501900000118003,1,2,2,2,2,1,2,2,1,2,2,2,1
03,080501900000120324,1,2,2,2,2,1,2,2,1,2,2,2,1
03,080501900000130348,1,2,1,1,2,1,2,2,1,2,1,2,1
03,080501900000140374,1,2,2,1,2,1,2,2,1,2,2,2,2
03,080501900000150402,1,2,2,1,2,1,1,2,1,1,1,1,1
03,080501900000170456,1,2,2,2,1,1,1,1,1,2,2,2,1
03,080501900000180481,1,2,2,1,2,1,1,2,1,2,1,1,1
03,080502100000010017,1,2,2,1,1,1,1,2,1,2,1,2,1
03,080502100000040062,1,2,2,1,2,1,2,2,1,2,1,2,1
03,080502100000050077,1,2,2,1,2,1,2,2,1,2,2,2,1
03,080502100000060089,1,2,2,2,2,1,2,2,2,2,2,2,1
03,080502100000070103,1,2,1,1,2,1,2,2,1,2,1,2,1
03,080502100000090129,1,2,1,1,2,1,1,2,1,2,2,2,1
03,080502100000108001,1,2,2,2,1,1,1,2,1,2,1,2,1
03,080502100000110158,1,2,2,2,1,1,2,2,1,2,2,2,2
03,080502100000120172,1,2,2,2,2,1,2,2,2,2,1,2,1
03,080502100000130187,1,2,2,1,2,1,2,2,1,2,2,2,1
03,080502100000140202,1,2,2,2,2,1,2,2,1,2,2,2,2
03,080502100000150215,1,2,2,2,2,2,2,2,1,2,2,2,2
03,080502100000170241,1,2,2,1,2,1,2,2,1,2,2,2,1
03,080700200100010002,1,2,2,2,2,1,1,2,1,2,1,2,1
03,080700200100030035,1,2,2,2,1,1,2,2,2,2,2,2,2
03,080700200100040051,1,2,2,1,1,1,1,2,1,2,1,2,1
03,080700200100050067,1,2,2,1,1,1,1,1,1,2,1,1,1
03,080700200100060081,1,2,2,1,1,1,2,2,1,2,1,2,1
03,080700200100070099,1,2,2,2,1,1,2,2,2,1,2,2,2
03,080700200100080115,1,2,2,1,1,1,2,2,1,2,2,2,1
03,080700200100100145,1,2,2,1,2,1,1,2,1,2,1,1,1
03,080700200100118002,1,2,2,2,1,1,2,2,2,2,2,2,2
03,080700200100128001,1,2,2,1,2,1,1,2,1,2,1,2,1
03,080700200100130193,1,1,2,1,1,2,1,2,1,2,1,1,1
03,080800400100010030,1,2,2,1,1,1,1,1,1,1,1,1,1
03,080800400100020065,1,2,2,1,2,1,1,1,1,1,1,1,1
03,080800400100020066,1,1,2,1,2,1,1,1,1,1,1,1,1
03,080800400100030098,1,2,2,2,1,1,2,2,1,2,2,2,1
03,080800400100040137,1,2,2,1,2,2,2,2,1,2,1,2,2
03,080800400100080260,1,2,1,2,2,1,1,2,1,2,1,2,1
03,080800400100090288,1,2,1,1,1,1,1,1,1,2,1,1,1
03,080800400100110349,1,2,2,1,1,1,1,2,1,1,1,1,1
03,080800400100120376,1,2,1,1,1,1,1,2,1,1,1,1,1
03,080800400100130412,1,2,2,1,2,1,1,2,1,2,2,2,1
03,080800400100140446,1,2,2,2,2,1,2,2,1,2,1,2,1
03,080800400100158002,1,2,2,2,1,1,2,2,2,2,2,2,1
03,080800400100168001,1,2,2,1,2,1,1,2,1,2,2,2,1
03,140300700100010019,1,2,1,1,1,1,1,1,1,2,1,1,1
03,140300700100028005,1,2,2,1,2,1,1,2,1,2,1,2,1
03,140300700100050141,1,2,2,1,1,1,2,2,1,2,1,2,1
03,140300700100060173,1,2,2,1,2,2,2,2,1,2,1,2,1
03,140300700100078003,1,2,2,1,2,1,2,2,1,2,2,2,2
03,140300700100080237,1,2,2,1,2,1,2,2,1,2,2,2,1
03,140300700100090269,1,2,2,1,1,1,2,2,1,2,2,2,1
03,140300700100100299,1,2,2,1,1,1,1,2,1,2,1,2,1
03,140300700100110330,1,2,2,1,1,1,2,2,1,2,2,2,1
03,140300700100138006,1,2,2,2,2,1,2,2,1,2,2,2,2
03,140300700100140424,1,2,1,1,2,1,1,1,1,2,1,2,2
03,140300700100160488,1,2,1,1,2,1,1,2,1,2,2,2,1
03,140301300200038003,1,2,2,1,2,1,2,2,1,2,1,2,1
03,140301300200040098,1,2,1,1,2,1,2,2,1,2,2,2,1
03,140301300200050125,1,2,2,1,2,1,1,2,1,2,1,1,1
03,140301300200060152,1,2,2,1,2,1,1,2,1,2,2,2,2
03,140301300200070179,1,2,1,1,2,1,2,2,1,2,1,2,1
03,140301300200088002,1,2,2,1,1,1,1,2,1,2,1,2,1
03,140301300200108004,1,2,1,1,2,1,2,2,1,2,2,2,1
03,140301300200110275,1,2,2,1,1,1,2,2,1,2,2,2,1
03,140301300200120302,1,2,2,2,2,1,2,2,1,2,2,2,2
03,140301300200140350,1,2,2,1,1,1,2,2,1,2,1,2,1
03,140301300200150374,1,2,1,1,2,1,1,2,1,2,1,2,1
03,140301300200160401,1,2,1,1,1,1,1,2,1,2,2,2,1
03,140301400200010020,1,2,1,1,2,1,1,1,1,2,1,1,1
03,140301400200038001,1,2,2,2,2,2,2,2,1,2,2,2,2
03,140301400200040110,1,2,2,2,2,1,2,2,1,2,2,2,1
03,140301400200050142,1,2,2,2,2,1,1,2,1,2,1,2,1
03,140301400200060173,1,2,2,1,1,1,2,2,1,2,2,2,1
03,140301400200070204,1,2,2,1,2,1,2,2,1,2,2,2,1
03,140301400200098006,1,2,2,2,2,1,2,2,1,2,2,2,1
03,140301400200100294,1,2,2,2,2,1,2,2,1,2,2,2,1
03,140301400200118004,1,2,1,1,1,1,1,2,1,2,1,2,1
03,140301400200120356,1,2,2,1,2,1,2,2,1,2,2,2,1
03,140301400200138008,1,2,2,1,2,1,2,2,1,2,1,2,1
03,140301400200158007,1,2,2,1,2,1,2,2,1,2,2,2,1
03,140301400200168003,1,2,2,1,2,2,2,2,2,2,2,2,1
03,140301400200178005,1,2,1,1,2,1,1,1,1,2,1,1,1
03,140301900200010008,1,2,2,2,2,1,2,2,1,2,2,2,2
03,140301900200028004,1,2,2,2,2,1,2,2,2,2,2,2,1
03,140301900200030061,1,2,2,2,2,1,2,2,1,2,2,2,1
03,140301900200040087,1,2,2,1,2,1,1,2,1,2,2,2,1
03,140301900200058001,1,2,2,2,2,1,2,2,1,2,2,2,1
03,140301900200060137,1,2,1,1,1,1,1,2,1,2,1,2,1
03,140301900200070160,1,2,1,1,1,1,2,2,1,2,1,2,1
03,140301900200080184,1,2,2,1,2,1,1,2,1,2,2,2,1
03,140301900200090210,1,2,2,1,2,1,1,2,1,2,1,2,1
03,140301900200100233,1,2,1,1,2,1,1,1,1,2,1,1,1
03,140301900200110258,1,2,2,1,2,1,2,2,1,2,1,1,1
03,140301900200128002,1,2,1,1,1,1,1,2,1,2,1,2,1
03,140301900200140333,1,2,1,1,2,1,1,2,1,2,2,1,1
03,140301900200150353,1,2,1,1,1,1,1,1,1,2,1,2,1
03,140301900200168003,1,2,1,1,2,1,1,2,1,2,1,2,1
03,140301900200170405,1,2,2,1,1,1,1,1,1,2,1,1,1
03,140301900200180436,1,2,1,2,2,1,2,2,1,2,2,2,1
03,140400400000018005,1,2,2,1,1,1,2,2,1,2,2,2,1
03,140400400000020116,1,2,1,1,1,1,2,2,1,2,2,2,1
03,140400400000030171,1,2,1,1,2,1,1,1,1,2,1,1,1
03,140400400000048003,1,2,2,1,2,1,1,2,1,2,1,2,1
03,140400400000068002,1,2,2,1,2,1,1,2,1,2,1,2,1
03,140400400000080391,1,2,2,1,2,1,1,2,1,2,1,1,1
03,140400400000100496,1,1,1,1,2,1,1,2,1,2,1,1,1
03,140400400000110549,1,2,2,2,2,2,1,2,1,2,2,2,2
03,140400400000130655,1,2,2,1,2,1,2,2,1,2,1,1,1
03,140400400000140706,1,2,1,1,2,1,2,2,1,2,1,2,1
03,140400400000150760,1,2,2,2,2,1,2,2,1,2,2,2,1
03,140400400000170865,1,2,2,1,2,1,1,2,1,2,1,2,1
03,140400400000180916,1,2,2,1,2,1,2,2,1,2,1,2,1
03,140400400000190972,1,2,2,1,1,1,2,2,1,1,2,2,1
03,140400400000198004,1,2,2,1,1,1,2,2,1,1,2,2,1
03,140500500000020067,1,2,2,2,2,2,2,2,1,2,2,2,1
03,140500500000030099,1,2,2,1,1,1,1,2,1,2,2,2,2
03,140500500000040130,1,2,2,2,1,1,2,2,1,2,2,2,2
03,140500500000060196,1,2,2,2,2,1,2,2,2,2,2,2,2
03,140500500000080256,1,2,2,1,2,1,1,2,1,2,1,2,1
03,140500500000090287,1,2,1,2,2,1,1,2,1,2,1,1,1
03,140500500000108003,1,2,2,1,1,1,1,1,1,2,1,1,1
03,140500500000110353,1,2,1,1,1,1,1,2,1,2,1,2,1
03,140500500000120382,1,2,2,1,2,1,2,2,1,2,1,2,1
03,140500500000130413,1,2,1,1,1,1,1,2,1,2,1,1,1
03,140500500000140446,1,2,1,1,1,1,1,2,1,2,1,2,1
03,140500500000150477,1,2,1,1,1,1,1,2,1,2,1,1,1
03,140500500000168002,1,2,2,1,1,1,1,2,1,2,1,2,1
03,140500500000170552,1,2,1,1,2,1,1,1,1,2,1,2,1
03,140501300400020061,1,2,2,1,2,1,1,2,1,2,2,2,1
03,140501300400030087,1,2,2,1,2,1,1,2,1,2,1,2,1
03,140501300400040114,1,2,2,2,2,1,2,2,1,2,2,2,2
03,140501300400050141,1,2,2,1,2,2,2,2,1,2,2,2,1
03,140501300400060168,1,2,2,2,1,1,2,2,1,2,1,2,2
03,140501300400070190,1,2,2,2,1,1,2,2,1,2,2,2,1
03,140501300400080217,1,2,2,1,2,1,1,2,1,2,1,1,1
03,140501300400090243,1,2,1,1,1,1,1,2,1,2,1,1,1
03,140501300400100268,1,2,2,2,2,1,2,2,1,2,2,2,1
03,140501300400120321,1,2,2,1,1,1,2,2,1,2,1,1,1
03,140501300400130343,1,2,2,1,2,1,1,1,1,2,1,1,1
03,140501300400140368,1,2,2,2,2,2,2,2,2,2,2,2,2
03,140501300400150392,1,2,2,1,1,1,1,2,1,2,1,1,1
03,140501300400160414,1,2,2,1,2,1,2,2,1,2,2,2,2
03,140501300400170434,1,2,2,1,1,1,1,2,1,2,1,2,1
03,140501300400188002,1,2,1,1,1,1,1,2,1,2,2,2,1
03,140501300400190484,1,2,2,2,1,1,2,2,1,2,2,2,1
03,141002500300010021,1,2,2,1,2,1,2,2,1,2,2,2,1
03,141002500300028001,1,2,2,1,2,1,2,2,1,2,1,2,1
03,141002500300030071,1,2,2,1,1,1,2,2,1,2,1,2,1
03,141002500300088002,1,2,1,1,2,1,2,2,1,2,1,2,1
03,141002500300100289,1,2,1,1,2,1,1,2,1,2,1,1,1
03,141002500300140381,1,2,1,1,2,1,1,2,1,2,1,1,1
03,141002500300170455,1,2,1,1,1,1,1,1,1,2,1,1,1
03,141002500300180478,1,2,1,1,1,1,1,1,1,2,1,1,2
03,141002500300190508,1,1,1,1,1,1,1,1,1,1,1,1,1
03,141002500300200539,1,2,2,1,2,1,1,2,1,2,1,2,1
03,141002900200010023,1,2,2,2,1,1,1,2,1,2,2,2,1
03,141002900200030088,1,2,1,1,1,1,1,1,1,2,2,2,1
03,141002900200058001,1,2,2,1,2,1,1,1,1,2,2,1,1
03,141002900200078003,1,2,1,1,1,2,2,2,1,2,2,1,1
03,141002900200080242,1,2,2,2,2,1,2,2,1,2,2,2,2
03,141002900200090275,1,2,1,1,1,1,1,1,1,2,1,1,1
03,141002900200100306,1,2,2,2,1,1,2,2,1,2,2,2,1
03,141002900200110334,1,2,2,1,1,1,1,2,1,2,1,1,1
03,141002900200120368,1,2,2,2,2,1,2,2,1,2,2,2,1
03,141002900200130400,1,2,2,2,2,1,2,2,1,2,1,2,1
03,141002900200140433,1,2,2,1,1,1,1,2,1,2,1,2,1
03,141002900200150466,1,2,2,2,1,1,2,2,1,2,1,2,1
03,141002900200160501,1,2,2,1,2,1,1,2,1,2,1,2,1
03,141002900200170533,1,2,1,1,1,2,2,2,1,2,1,2,1
03,141002900200180566,1,2,2,1,1,1,1,2,1,2,1,2,1
03,141005300200028003,1,2,1,1,1,1,2,2,1,2,1,2,1
03,141005300200030068,1,2,2,2,2,1,2,2,1,2,1,2,1
03,141005300200040093,1,2,1,1,1,1,1,2,1,2,1,2,1
03,141005300200050115,1,2,2,1,2,1,2,2,1,2,2,2,1
03,141005300200060139,1,2,1,2,2,1,1,2,1,2,2,2,1
03,141005300200070167,1,2,1,1,2,1,1,1,1,2,1,2,1
03,141005300200090219,1,2,2,1,2,1,1,1,1,2,2,1,1
03,141005300200120266,1,1,1,1,1,1,1,1,1,2,2,1,1
03,141005300200138004,1,1,1,2,1,1,1,1,1,2,1,1,2
03,141005300200150334,1,2,2,1,1,1,1,2,1,2,2,2,1
03,141005300200160357,1,2,1,1,2,1,1,2,1,2,1,1,1
03,141005300200170379,1,2,1,1,1,1,2,1,1,2,2,1,1
03,141005300200188005,1,2,2,1,2,1,1,1,1,2,1,2,1
03,141005300200190424,1,1,1,2,1,1,1,1,1,2,2,2,1
03,141005300200200449,1,2,2,1,2,1,1,2,1,2,1,1,1
03,141005300200220499,1,2,2,1,2,1,1,2,1,2,2,1,1
03,141100500100010023,1,2,2,2,1,1,2,2,1,2,2,2,1
03,141100500100020063,1,2,1,1,2,1,1,2,1,2,1,1,1
03,141100500100020064,1,2,2,1,2,1,1,1,1,2,1,1,1
03,141100500100050183,1,2,2,2,2,1,2,2,1,2,2,2,1
03,141100500100068001,1,2,2,2,1,1,1,2,1,2,1,2,1
03,141100500100070262,1,2,2,2,2,1,2,2,1,2,2,2,1
03,141100500100080304,1,2,2,1,1,1,1,2,1,2,2,2,1
03,141100500100090347,1,2,2,1,1,1,2,2,1,2,2,2,1
03,141100500100100386,1,2,2,1,2,1,2,2,1,2,1,2,1
03,141100500100110425,1,2,2,1,2,1,1,2,1,2,1,2,1
03,141100500100128002,1,2,2,1,2,1,1,1,1,2,2,2,1
03,141100500100138003,1,2,2,1,1,1,2,2,1,2,2,2,2
03,141100500100150591,1,2,2,1,2,1,1,2,1,2,1,2,1
03,141100600600010013,1,2,2,2,1,1,1,2,1,2,1,2,1
03,141100600600048014,1,2,1,1,1,1,1,2,1,2,1,2,1
03,141100600600050066,1,2,2,2,2,1,1,2,1,2,2,1,1
03,141100600600060080,1,2,2,1,2,1,1,2,1,1,1,1,2
03,141100600600078015,1,2,2,1,2,1,1,2,1,1,1,1,1
03,141100600600098003,1,2,2,1,1,1,1,1,1,1,1,1,1
03,141100600600108016,1,2,2,1,2,1,1,1,1,2,1,2,1
03,141100600600118005,1,2,2,1,1,1,1,1,1,1,2,1,1
03,141100600600128006,1,2,2,2,1,1,2,2,1,2,1,2,1
03,141100600600130174,1,2,2,1,2,1,1,2,1,1,1,1,1
03,141100600600150202,1,2,2,1,2,2,2,2,1,1,1,1,1
03,141100600600168008,1,2,1,1,2,1,1,1,1,2,2,1,1
03,141100600600178009,1,2,2,1,2,1,1,2,1,2,2,1,1
03,141100600600188017,1,2,1,1,2,1,1,2,1,2,1,1,1
03,141201500300010013,1,2,2,1,2,1,1,2,1,2,2,2,1
03,141201500300028007,1,2,2,1,2,1,1,2,1,2,1,2,1
03,141201500300048004,1,2,2,2,2,1,1,2,1,2,2,2,2
03,141201500300050105,1,2,2,1,2,1,1,2,1,2,2,2,2
03,141201500300060128,1,2,1,1,2,1,2,2,1,2,2,2,1
03,141201500300070149,1,2,1,1,2,1,2,2,1,2,2,1,1
03,141201500300088006,1,2,2,2,2,1,2,2,1,2,2,2,1
03,141201500300090198,1,2,1,1,2,1,2,2,1,2,1,2,1
03,141201500300120268,1,2,2,2,1,1,1,2,1,2,2,2,2
03,141201500300130294,1,2,2,2,2,1,2,2,1,2,2,2,2
03,141201500300168005,1,2,2,2,2,1,2,2,1,2,2,2,1
03,141201500300170386,1,2,2,1,2,1,1,2,1,2,2,2,1
03,141201600000010022,1,2,1,1,2,1,1,2,1,2,2,2,1
03,141201600000020060,1,2,2,1,2,1,1,2,1,2,1,2,1
03,141201600000038001,1,2,2,2,2,1,2,2,1,2,2,2,1
03,141201600000040138,1,2,1,1,1,1,1,2,1,2,1,2,1
03,141201600000060217,1,2,2,1,2,1,2,2,1,2,2,2,1
03,141201600000070257,1,2,2,1,2,1,1,2,1,2,1,2,1
03,141201600000080294,1,2,2,2,2,1,1,2,1,2,1,2,1
03,141201600000098002,1,2,1,1,2,1,1,1,1,2,1,1,1
03,141201600000108003,1,2,1,1,2,1,2,2,1,2,1,2,1
03,141201600000110418,1,2,2,1,1,1,1,2,1,2,1,2,1
03,141201600000120458,1,2,1,1,2,1,2,2,1,2,1,2,1
03,141201600000130499,1,2,1,1,2,1,1,2,1,2,1,2,1
03,141201600000140539,1,2,2,1,1,1,2,2,1,2,2,2,1
03,141201600000150580,1,2,1,1,2,1,1,2,1,2,2,2,1
03,141201600000168004,1,2,2,2,2,1,2,2,1,2,2,2,1
03,141201600000180702,1,2,2,2,1,2,2,2,2,2,2,2,2
03,141201600000198005,1,2,2,1,2,1,2,2,1,2,1,2,1
03,141201600000200781,1,2,2,1,1,1,2,2,1,1,1,2,1
03,141201600000210813,1,2,1,2,2,1,2,2,1,2,1,2,1
03,141201600000230892,1,2,2,2,2,1,2,2,1,2,2,2,2
03,141201700100018008,1,2,2,1,1,1,1,2,1,1,1,2,1
03,141201700100038002,1,2,1,1,1,1,1,2,1,2,1,2,1
03,141201700100040107,1,2,2,2,2,1,2,2,1,2,2,2,1
03,141201700100068001,1,2,2,2,2,1,2,2,1,2,2,2,1
03,141201700100070193,1,2,2,2,1,1,2,2,1,2,2,2,1
03,141201700100088009,1,2,2,2,2,1,2,2,1,2,2,2,1
03,141201700100090250,1,2,2,1,2,1,1,2,1,2,1,2,1
03,141201700100100279,1,2,1,1,1,1,1,2,1,2,1,2,2
03,141201700100120337,1,2,1,1,1,1,1,2,1,2,1,2,1
03,141201700100138007,1,2,2,1,2,1,2,2,1,2,1,2,1
03,141201700100148004,1,2,2,1,1,1,1,2,1,2,1,2,1
03,141201700100158005,1,2,1,1,2,1,1,1,1,2,1,2,1
03,141401000200010252,1,2,1,1,2,1,1,1,1,2,1,1,1
03,141401000300010015,1,2,2,1,1,1,1,1,1,2,1,2,1
03,141401000300028004,1,2,1,1,2,1,2,2,1,2,1,2,1
03,141401000300030046,1,2,2,1,2,1,2,2,1,2,2,2,1
03,141401000300050076,1,2,2,1,1,1,2,2,1,2,2,2,2
03,141401000300060092,1,2,2,1,1,1,2,2,1,2,2,2,1
03,141401000300078001,1,2,1,2,2,1,1,2,1,2,2,2,2
03,141401000300100154,1,2,2,2,1,1,1,2,1,2,2,2,1
03,141401000300110169,1,2,2,1,2,1,2,2,1,2,2,2,1
03,141401000300120185,1,2,1,1,1,1,1,2,1,2,1,1,1
03,141401000300130197,1,2,2,1,1,1,2,2,1,2,1,2,1
03,141401000300160239,1,2,1,1,1,1,1,2,1,2,1,2,1
03,141401000300180266,1,2,2,1,1,1,2,2,1,2,1,2,1
03,141401000300198005,1,2,2,1,2,1,1,1,1,2,1,2,1
03,141401000300210308,1,2,2,2,2,2,2,2,1,2,2,2,2
03,141401000300220322,1,2,2,1,2,1,2,2,1,2,2,1,1
03,141401000300230337,1,2,2,1,1,1,1,2,1,2,1,2,2
03,141401000300240349,1,2,2,1,1,1,1,2,1,2,1,2,1
03,141401000300250363,1,2,2,1,1,1,1,2,1,2,1,1,1
03,141500600000010231,1,2,2,2,2,1,2,2,1,2,1,2,2
03,141500700000010021,1,2,2,2,2,1,2,2,1,2,2,2,2
03,141500700000040091,1,2,2,2,2,1,2,2,1,2,1,2,1
03,141500700000050112,1,2,1,1,2,1,1,2,1,1,2,2,1
03,141500700000060135,1,2,2,2,2,1,2,2,1,2,2,2,2
03,141500700000070156,1,2,2,2,2,1,1,2,1,2,2,2,2
03,141500700000080180,1,2,2,1,1,1,1,2,1,2,2,2,2
03,141500700000090202,1,2,2,1,2,1,1,2,1,2,1,2,1
03,141500700000100224,1,2,2,1,2,1,1,2,1,1,1,2,1
03,141500700000110246,1,2,2,2,2,2,2,2,1,2,2,2,2
03,141500700000130293,1,2,1,1,2,1,1,2,1,2,2,2,1
03,141500700000140315,1,2,1,1,2,1,1,2,1,1,1,1,1
03,141500700000150336,1,2,2,1,1,1,1,2,1,1,1,2,1
03,141500700000160359,1,2,2,1,2,1,2,2,1,2,1,2,1
03,141500700000180405,1,2,2,1,1,1,1,2,1,2,1,2,1
03,141500700000200453,1,2,1,1,2,1,1,2,1,1,2,1,2
03,141500900000010018,1,2,2,2,1,1,2,2,1,2,2,2,1
03,141500900000030065,1,2,2,1,1,1,2,2,1,2,2,2,1
03,141500900000040089,1,2,2,1,2,1,2,2,1,2,2,2,1
03,141500900000050114,1,2,2,1,1,1,2,2,1,2,1,2,1
03,141500900000060138,1,2,2,1,2,1,2,2,1,2,1,2,1
03,141500900000080185,1,2,2,1,2,1,2,2,1,2,2,2,1
03,141500900000100233,1,2,1,1,1,1,1,2,1,2,2,2,1
03,141500900000110257,1,2,2,1,2,1,1,2,1,2,2,2,1
03,141500900000120280,1,2,2,2,1,1,2,2,1,2,2,2,1
03,141500900000140328,1,2,1,1,1,1,1,2,1,1,1,2,1
03,141500900000158001,1,2,2,1,2,1,2,2,1,2,1,2,1
03,141500900000160376,1,2,2,2,2,1,2,2,1,2,2,2,2
03,141700700100018007,1,2,1,1,2,1,1,2,1,2,1,1,1
03,141700700100020064,1,2,2,1,1,1,1,2,1,2,1,2,1
03,141700700100050167,1,2,2,1,2,1,2,2,1,2,2,2,1
03,141700700100068005,1,2,2,2,1,1,1,2,1,2,2,2,1
03,141700700100070237,1,2,2,1,2,1,2,2,1,2,2,2,1
03,141700700100090310,1,2,2,2,1,1,2,2,1,2,2,2,1
03,141700700100100344,1,2,2,1,1,1,1,2,1,2,1,2,1
03,141700700100110381,1,2,2,1,1,1,1,2,1,2,1,1,1
03,141700700100120417,1,2,2,1,1,1,1,1,1,2,1,1,1
03,141700700100130450,1,2,2,1,2,1,1,2,1,2,2,1,1
03,141700700100140487,1,2,2,2,1,1,2,2,1,2,1,2,1
03,141700700100158001,1,2,2,1,1,1,2,2,1,2,1,2,1
03,141700700100160559,1,2,2,2,2,1,2,2,1,2,2,2,1
03,141700700100170595,1,2,1,1,1,1,2,2,1,2,1,2,1
03,141700700100180631,1,2,2,1,1,1,2,1,1,2,1,2,1
03,141700700100190665,1,2,2,2,2,1,2,2,1,2,2,2,1
03,141800800000010029,1,2,1,2,1,1,2,2,1,2,2,2,2
03,141800800000028001,1,2,2,2,2,1,2,2,1,2,2,2,2
03,141800800000030106,1,2,2,2,2,1,1,2,1,2,2,2,2
03,141800800000040145,1,2,2,1,1,1,2,2,1,1,2,2,1
03,141800800000050184,1,2,2,2,2,1,2,2,1,2,2,2,2
03,141800800000070259,1,2,2,1,1,1,2,2,1,2,2,2,1
03,141800800000080297,1,2,2,2,2,1,2,2,1,2,1,2,1
03,141800800000090336,1,2,2,1,2,1,2,2,1,2,2,2,1
03,141800800000100373,1,2,1,1,1,1,2,2,1,2,1,2,1
03,141800800000118002,1,2,2,1,2,1,2,2,1,2,1,2,1
03,141800800000120450,1,2,1,1,2,1,2,2,1,2,2,2,1
03,141800800000150562,1,2,1,2,2,1,1,2,1,2,1,2,1
03,141800800000170639,1,2,2,2,2,2,2,2,2,2,2,2,2
03,141802600200020076,1,2,1,1,1,1,2,2,1,2,2,2,1
03,141802600200038002,1,2,2,1,1,1,2,2,1,2,1,2,1
03,141802600200060262,1,2,2,2,2,1,2,2,1,2,1,2,1
03,141802600200070308,1,2,2,2,2,2,2,2,1,2,2,2,2
03,141802600200080345,1,2,1,1,1,1,1,1,1,2,1,1,1
03,141802600200090388,1,2,2,1,2,1,1,1,1,2,1,2,1
03,141802600200100434,1,2,2,1,1,1,2,2,1,2,2,2,1
03,141802600200120523,1,2,2,2,2,2,2,2,1,2,2,2,2
03,141802600200130569,1,2,1,1,1,1,1,1,1,2,1,2,1
03,141802600200140616,1,2,1,1,2,1,1,2,1,2,1,1,1
03,141802600200158001,1,2,1,1,1,1,1,2,1,2,1,1,1
03,142000400800010028,1,2,1,1,1,1,1,1,1,2,1,1,1
03,142000400800030076,1,2,1,1,1,1,1,2,1,2,1,1,1
03,142000400800040100,1,2,1,1,2,1,1,2,1,2,1,2,2
03,142000400800068008,1,2,2,1,1,1,1,2,1,2,1,1,1
03,142000400800078011,1,2,2,1,2,1,1,1,1,2,1,2,1
03,142000400800080184,1,1,2,2,1,1,1,2,1,2,1,2,1
03,142000400800108012,1,2,2,1,1,1,1,2,1,2,1,1,1
03,142000400800118003,1,2,2,1,2,1,2,2,1,2,2,2,1
03,142000400800148013,1,2,2,1,1,1,2,2,1,2,2,2,1
03,142000400800150335,1,2,1,1,1,1,2,2,1,2,1,2,1
03,142000400800168005,1,2,1,1,1,1,1,2,1,2,1,1,1
03,142000400800190429,1,2,1,1,1,1,1,1,1,2,1,2,1
03,142000400800218006,1,2,1,1,1,1,2,2,1,2,2,2,1
03,142000400800220496,1,2,2,1,2,1,1,2,1,2,2,2,1
03,142000700200010008,1,2,2,1,1,1,2,2,1,2,1,2,1
03,142000700200020035,1,2,2,1,2,1,1,2,1,2,1,2,1
03,142000700200048004,1,2,2,1,2,1,1,2,1,2,1,1,1
03,142000700200050116,1,2,2,1,1,1,1,2,1,2,1,1,1
03,142000700200060143,1,2,2,1,2,1,2,2,1,2,1,1,1
03,142000700200070174,1,2,2,1,2,1,1,2,1,2,1,1,1
03,142000700200080205,1,2,2,1,1,1,1,2,1,2,1,2,1
03,142000700200098001,1,2,2,1,1,1,1,2,1,2,1,2,1
03,142000700200100263,1,2,2,2,2,1,2,2,1,2,2,2,1
03,142000700200110293,1,2,2,1,2,1,1,2,1,2,1,1,1
03,142000700200120322,1,2,2,1,1,1,1,2,1,2,1,1,1
03,142000700200140376,1,2,2,1,1,1,2,2,1,2,1,2,1
03,142000700200158005,1,2,2,2,2,1,2,2,1,2,2,2,2
03,142000700200160434,1,2,2,2,1,1,2,2,1,2,2,2,1
03,142000700200198006,1,2,2,2,2,1,2,2,1,2,2,2,1
03,142001600100018004,1,2,2,1,2,1,1,2,1,2,1,2,1
03,142001600100028001,1,2,2,1,1,1,2,2,1,2,2,2,1
03,142001600100030067,1,2,2,2,2,1,2,2,1,2,2,2,2
03,142001600100040095,1,1,2,1,1,1,2,2,1,2,1,2,1
03,142001600100050124,1,1,2,2,2,2,2,2,1,2,2,2,1
03,142001600100060152,1,2,2,1,2,1,1,2,1,2,2,2,1
03,142001600100088002,1,2,2,1,2,1,2,2,1,2,2,2,1
03,142001600100090239,1,2,1,2,2,1,2,2,1,2,1,2,2
03,142001600100100265,1,2,2,1,2,1,2,2,1,2,2,2,1
03,142001600100110293,1,2,1,1,2,1,1,1,1,2,1,1,1
03,142001600100120323,1,2,2,1,2,1,2,2,1,2,2,2,1
03,142001600100130350,1,2,1,1,2,1,1,2,1,2,1,1,1
03,142001600100140380,1,2,2,2,2,1,2,2,1,2,2,2,1
03,142001600100150410,1,2,2,2,2,1,2,2,1,2,2,2,1
03,142001600100160440,1,2,2,2,2,1,2,2,1,2,2,2,2
03,142001900200018004,1,2,2,1,2,1,1,2,1,2,1,2,1
03,142001900200028001,1,2,2,1,1,1,1,2,1,2,2,2,1
03,142001900200050089,1,2,2,1,2,1,1,2,1,2,1,2,1
03,142001900200080145,1,2,2,1,1,1,1,2,1,2,2,2,1
03,142001900200098006,1,2,2,1,2,1,2,2,1,2,1,2,2
03,142001900200100185,1,2,2,1,2,1,2,2,1,2,2,2,1
03,142001900200110204,1,2,2,1,2,1,1,2,1,2,1,2,1
03,142001900200130235,1,2,2,2,1,1,2,2,1,2,2,2,1
03,142001900200150277,1,2,2,2,1,1,2,2,1,2,2,2,2
03,142001900200168008,1,2,2,1,2,1,2,2,1,2,2,2,2
03,142001900200190354,1,2,2,2,1,1,2,2,1,2,2,2,1
03,142001900200218003,1,2,2,2,2,1,2,2,1,2,2,2,1
03,142001900200220412,1,2,1,2,2,1,1,1,1,2,2,1,1
03,142001900200230432,1,2,1,1,1,1,1,2,1,2,1,1,1
03,142003300200010022,1,2,2,1,1,1,2,2,1,2,2,2,1
03,142003300200020048,1,2,2,1,1,1,2,2,1,2,1,2,1
03,142003300200040106,1,2,2,1,1,1,2,2,1,2,2,2,1
03,142003300200050134,1,2,2,1,1,1,2,2,1,2,2,2,1
03,142003300200070190,1,2,2,2,2,1,2,2,2,2,2,2,1
03,142003300200080219,1,2,2,1,1,1,1,2,1,2,2,2,1
03,142003300200098005,1,2,2,1,1,1,2,2,1,2,2,2,1
03,142003300200118007,1,2,2,1,2,1,1,2,1,2,1,2,1
03,142003300200120334,1,2,2,1,2,1,2,2,1,2,2,2,1
03,142003300200150418,1,2,2,1,2,1,2,2,1,2,1,2,1
03,142003300200168003,1,2,2,1,1,1,2,2,1,2,2,2,1
03,142003300200170472,1,2,2,1,2,1,1,2,1,2,2,1,1
03,142003400200038001,1,2,2,2,1,1,2,2,1,2,2,2,1
03,142003400200040122,1,2,2,1,2,1,1,2,1,2,1,2,1
03,142003400200050154,1,2,2,2,1,1,1,1,1,2,1,2,1
03,142003400200060184,1,2,2,2,1,1,2,2,1,2,2,2,1
03,142003400200070217,1,2,2,2,2,2,2,2,2,2,2,2,1
03,142003400200080248,1,2,2,1,2,1,1,2,1,2,1,2,1
03,142003400200098003,1,2,2,2,1,1,2,2,1,2,1,2,1
03,142003400200100315,1,2,1,1,2,1,1,2,1,2,2,2,1
03,142003400200118006,1,2,2,1,2,2,2,2,2,2,2,2,1
03,142003400200130413,1,2,1,1,1,1,1,2,1,2,1,2,1
03,142003400200150479,1,2,2,2,2,2,2,2,2,2,2,2,1
03,142003400200168006,1,2,2,1,2,1,1,2,1,2,1,1,1
03,142003400200178005,1,2,2,1,1,1,2,2,1,2,1,2,1
03,142003400200180580,1,2,2,1,1,1,1,2,1,2,1,2,1
03,142005200000010021,1,2,2,2,2,1,2,2,1,2,2,2,1
03,142005200000058001,1,2,2,1,2,1,2,2,1,2,2,2,1
03,142005200000060182,1,2,2,1,2,1,2,2,1,2,2,2,1
03,142005200000070214,1,2,2,2,2,1,2,2,1,2,2,2,1
03,142005200000090280,1,1,1,1,2,1,2,2,1,2,1,2,1
03,142005200000110346,1,2,1,1,2,1,1,2,1,2,1,2,1
03,142005200000128002,1,2,2,2,2,1,2,2,1,2,2,2,1
03,142005200000130410,1,2,2,2,2,1,1,2,1,2,2,2,1
03,142005200000150476,1,1,2,2,2,1,2,2,1,2,2,2,1
03,142005200000170542,1,2,2,2,2,1,2,2,1,2,1,2,1
03,142100600000020036,1,2,2,2,1,1,2,2,1,2,2,2,1
03,142100600000030056,1,2,2,1,1,1,2,2,1,2,2,2,1
03,142100600000040075,1,2,2,1,2,1,2,2,1,2,2,2,2
03,142100600000050093,1,2,2,1,2,1,2,2,1,2,2,2,1
03,142100600000068002,1,2,2,2,2,2,2,2,1,2,2,2,1
03,142100600000080149,1,2,2,2,2,1,2,2,1,2,2,2,2
03,142100600000090169,1,2,2,1,1,1,1,2,1,2,1,2,1
03,142100600000100185,1,2,2,2,2,1,2,2,2,2,2,2,2
03,142100600000120220,1,2,1,1,1,1,2,2,1,2,2,2,1
03,142100600000130240,1,2,2,1,1,1,2,2,1,2,2,2,2
03,142100600000148004,1,2,1,2,2,1,2,2,1,2,2,2,1
03,142100600000150280,1,2,2,1,2,1,2,2,1,2,2,2,2
03,142104300200010020,1,2,2,2,2,1,2,2,1,2,2,2,1
03,142104300200020037,1,2,1,2,1,1,2,2,1,2,2,2,1
03,142104300200030055,1,2,2,2,2,1,2,2,2,2,2,2,1
03,142104300200040075,1,2,1,1,2,1,2,2,1,2,2,2,2
03,142104300200050095,1,2,2,1,2,1,2,2,1,2,1,2,1
03,142104300200060115,1,2,2,1,1,2,2,2,1,2,2,2,1
03,142104300200070135,1,2,2,1,2,1,1,2,1,2,1,2,1
03,142104300200080155,1,2,2,1,1,1,2,2,1,2,2,2,1
03,142104300200090175,1,2,2,2,2,1,2,2,1,2,1,2,1
03,142104300200100194,1,2,2,2,1,1,2,2,1,2,2,2,2
03,142104300200110214,1,2,2,1,2,1,2,2,1,2,1,2,1
03,142104300200120234,1,2,1,2,1,1,2,2,1,2,2,2,1
03,142104300200130254,1,2,2,1,1,1,1,1,1,2,1,1,1
03,142104300200140274,1,2,2,1,1,1,1,2,1,2,1,2,1
03,142104300200150294,1,2,2,1,1,1,1,1,1,2,1,2,1
03,142104300200160314,1,2,2,2,1,1,2,2,1,2,2,2,2
03,142105900100010001,1,2,2,1,2,1,2,2,1,2,2,2,1
03,142105900100020018,1,2,2,1,2,1,2,2,1,2,2,2,2
03,142105900100040050,1,2,2,1,1,1,2,2,1,2,1,2,1
03,142105900100050066,1,2,1,2,2,1,1,2,1,2,2,2,2
03,142105900100060082,1,2,2,2,2,2,2,2,1,2,2,2,2
03,142105900100088002,1,2,1,1,2,1,2,2,1,2,1,2,1
03,142105900100090130,1,2,2,1,1,1,2,2,1,2,1,2,1
03,142105900100100146,1,2,2,2,2,1,2,2,1,2,2,2,1
03,142105900100110162,1,2,2,1,1,2,2,2,1,2,2,2,1
03,142105900100120178,1,2,2,1,1,1,2,2,1,2,2,2,1
03,142105900100130194,1,2,2,1,2,1,2,2,1,2,2,2,1
03,142105900100140210,1,2,2,2,1,1,2,2,1,2,2,2,1
03,142105900100150226,1,2,2,2,2,1,2,2,1,2,2,2,1
03,142105900100160242,1,2,2,2,2,2,2,2,2,2,2,2,2
03,142200700200010010,1,2,1,2,2,1,2,2,1,2,1,2,1
03,142200700200030058,1,2,1,1,1,1,1,2,1,1,1,2,1
03,142200700200040082,1,2,1,2,2,1,2,2,1,2,1,2,1
03,142200700200050106,1,2,2,1,2,1,2,2,1,2,2,2,1
03,142200700200060128,1,2,1,1,2,1,2,2,1,2,1,2,1
03,142200700200080174,1,2,1,1,1,1,2,2,1,2,1,2,1
03,142301600100020057,1,2,2,1,2,1,1,2,1,2,1,2,1
03,142301600100030097,1,2,1,1,1,1,2,2,1,2,1,1,1
03,142301600100068003,1,2,2,2,2,2,2,2,2,2,2,2,1
03,142301600100070262,1,2,2,2,2,1,2,2,1,2,1,2,1
03,142301600100130529,1,2,2,1,1,1,1,2,1,2,1,2,1
03,142301600100140570,1,2,2,1,1,1,1,2,1,2,1,1,1
03,490102100000020036,1,2,1,1,1,1,2,2,1,2,1,2,1
03,490102100000040078,1,2,2,1,1,1,2,2,1,1,1,2,1
03,490102100000050099,1,2,2,2,2,1,2,2,1,2,1,2,1
03,490102100000068002,1,2,2,1,2,1,2,2,1,2,2,2,1
03,490102100000070141,1,2,2,2,2,1,2,2,1,2,2,2,1
03,490102100000080162,1,2,2,1,1,1,2,2,1,2,2,2,1
03,490102100000090183,1,2,2,2,2,2,2,2,2,2,2,2,2
03,490102100000100204,1,2,2,1,2,1,2,2,2,2,2,2,1
03,490102100000110224,1,2,2,1,2,2,2,2,1,2,1,2,1
03,490102100000128003,1,2,1,1,1,1,1,2,1,1,1,1,1
03,490102100000130265,1,2,2,2,2,1,2,2,1,2,2,2,2
03,490102100000140286,1,2,2,2,2,1,2,2,1,2,2,2,2
03,490102100000150307,1,2,2,2,2,1,2,2,2,2,2,2,1
03,490102100000160328,1,2,2,1,1,2,2,2,1,2,2,2,1
03,490103800000010024,1,2,2,1,2,1,2,2,1,2,2,2,1
03,490103800000020051,1,2,2,2,2,1,2,2,1,2,1,2,1
03,490103800000040105,1,2,2,1,1,1,2,2,1,2,1,2,1
03,490103800000050132,1,2,2,2,2,1,2,2,2,2,2,2,1
03,490103800000070186,1,2,2,1,2,1,2,2,1,2,2,2,1
03,490103800000080213,1,2,2,2,1,1,1,2,1,2,1,2,2
03,490103800000090240,1,2,1,1,1,1,1,2,1,2,1,2,1
03,490103800000100267,1,2,2,1,2,1,2,2,1,2,1,2,2
03,490103800000110294,1,2,1,1,1,1,1,2,1,2,2,2,1
03,490103800000120321,1,2,2,1,1,1,1,1,1,2,1,1,1
03,490103800000130348,1,2,2,2,2,1,2,2,2,2,2,2,1
03,490103800000140375,1,2,2,1,2,1,2,2,1,2,1,2,2
03,490103800000150402,1,2,2,1,1,1,2,2,1,2,1,1,1
03,490300600000018002,1,2,2,2,2,1,2,2,1,2,2,2,1
03,490300600000020045,1,2,2,1,1,1,2,2,1,2,2,2,2
03,490300600000030071,1,2,1,1,1,1,1,2,1,2,1,2,1
03,490300600000050118,1,2,2,2,2,1,2,2,1,2,2,2,2
03,490300600000070166,1,2,2,1,1,1,2,2,1,2,1,2,1
03,490300600000080195,1,2,2,1,2,1,2,2,1,2,2,2,1
03,490300600000100244,1,2,2,2,2,2,2,2,1,2,1,2,1
03,490300600000110269,1,2,2,1,1,1,2,2,1,2,1,2,1
03,490300600000120296,1,2,2,2,2,1,2,2,1,2,2,2,2
03,490300600000138001,1,2,2,2,2,1,2,2,1,2,1,2,1
03,490300600000140347,1,2,2,1,1,1,2,2,1,2,1,1,1
03,490300600000150372,1,2,2,2,2,1,2,2,1,2,1,2,2
03,490300600000160398,1,2,2,2,2,1,2,2,2,2,2,2,2
03,490300600000170425,1,2,2,2,2,1,2,2,1,2,1,2,1
03,490300600000178003,1,2,2,2,1,1,2,2,1,2,1,2,1
03,490300600000180451,1,2,1,2,2,1,1,2,1,2,2,2,1
03,490300600000190475,1,2,2,1,2,1,2,2,1,2,2,2,2
03,490303600000038001,1,2,1,1,2,1,2,2,1,2,1,2,1
03,490303600000040078,1,2,2,1,2,1,2,2,1,2,1,1,1
03,490303600000058003,1,2,2,1,1,1,1,2,1,2,1,2,1
03,490303600000078004,1,2,2,2,2,1,2,2,1,2,2,2,1
03,490303600000100208,1,2,2,1,1,1,2,2,1,2,1,2,1
03,490303600000118002,1,2,1,1,1,1,1,2,1,2,1,1,1
03,490303600000120258,1,2,1,1,2,1,2,1,1,2,1,2,1
03,490303600000130282,1,2,2,2,2,1,2,2,1,2,2,2,1
03,490303600000138005,1,2,2,1,1,1,1,2,1,2,1,1,1
03,490303600000150339,1,2,2,2,2,1,2,2,1,2,2,2,2
03,490303600000158006,1,2,2,1,2,1,2,2,1,2,2,2,2
03,490303600000160366,1,2,1,1,1,1,1,1,1,2,1,1,1
03,490303600000160367,1,2,2,2,2,1,2,2,1,2,1,2,2
03,490303600000168007,1,2,2,1,2,1,2,2,1,2,2,1,1
03,490500400200018004,1,2,2,1,1,1,2,2,1,2,2,2,1
03,490500400200020042,1,2,2,1,1,1,2,2,1,2,2,2,1
03,490500400200058005,1,2,2,2,1,1,2,2,2,2,2,2,2
03,490500400200060103,1,2,2,1,1,1,1,2,1,2,1,2,1
03,490500400200070122,1,2,2,1,1,1,1,2,1,2,1,2,1
03,490500400200098006,1,2,2,2,2,1,2,2,2,2,2,2,1
03,490500400200100174,1,2,2,1,1,1,2,2,2,2,2,2,1
03,490500400200110191,1,2,2,1,1,1,2,2,1,2,1,2,1
03,490500400200128001,1,2,1,1,1,1,2,2,1,2,1,2,1
03,490500400200138003,1,2,2,2,2,1,2,2,2,2,2,2,1
03,490500400200140248,1,2,2,2,2,2,2,2,2,2,2,2,2
03,490500400200158007,1,2,2,1,1,1,2,2,2,2,2,2,1
03,490500400200170304,1,2,2,2,2,1,2,2,1,2,2,2,1
03,490500400200190342,1,2,2,1,1,1,2,2,1,2,1,2,1
03,490604300100010005,1,2,2,1,1,2,2,2,2,2,1,2,1
03,490604300100020032,1,2,2,1,2,1,2,2,1,2,2,2,1
03,490604300100030054,1,2,2,1,2,1,2,2,1,2,2,2,1
03,490604300100040076,1,2,2,2,1,1,2,2,1,2,2,2,1
03,490604300100050101,1,2,2,1,2,1,2,2,2,2,2,2,2
03,490604300100060126,1,2,2,2,2,1,1,2,1,2,2,2,2
03,490604300100070151,1,2,2,2,2,1,2,2,1,2,2,2,1
03,490604300100080175,1,2,2,1,2,2,2,2,1,2,2,2,1
03,490604300100090200,1,2,2,2,1,2,2,2,2,2,2,2,1
03,490604300100100223,1,2,2,1,2,1,2,2,2,2,2,2,1
03,490604300100130297,1,2,2,1,1,1,2,2,1,2,2,2,1
03,490604300100140321,1,2,2,2,1,2,2,2,2,2,2,2,2
03,490604300100150348,1,2,2,1,1,1,2,2,1,2,2,1,1
03,490604300100160373,1,2,2,2,2,2,2,2,2,2,1,2,2
03,490604300100170398,1,2,2,1,1,1,2,2,1,2,2,2,2
03,490604300100180419,1,2,2,2,2,1,2,2,1,2,2,2,2
03,490604300100190444,1,2,2,2,2,1,2,2,1,2,2,2,2
03,490604300100200469,1,2,2,1,1,1,2,2,1,2,2,2,2
03,490604300100210494,1,2,2,2,2,1,2,2,2,2,2,2,1
03,490604300100220519,1,2,2,1,2,1,2,2,1,2,1,2,1
03,490700800100020029,1,2,2,1,2,2,2,2,1,2,2,2,1
03,490700800100030049,1,2,2,2,2,1,2,2,1,2,2,2,1
03,490700800100040071,1,2,2,2,1,1,2,2,2,2,2,2,1
03,490700800100050091,1,2,2,2,2,2,2,2,2,2,2,2,2
03,490700800100060112,1,2,2,1,2,1,1,2,1,2,1,2,1
03,490700800100070132,1,2,2,2,2,1,1,2,1,2,2,2,1
03,490700800100080154,1,2,2,2,2,1,2,2,1,2,2,2,2
03,490700800100108003,1,2,1,1,2,1,1,2,1,2,2,1,1
03,490700800100110212,1,2,2,2,2,1,2,2,2,2,2,2,1
03,490700800100120233,1,2,2,1,1,1,2,2,2,2,2,2,1
03,490700800100130253,1,2,2,2,1,1,2,2,2,2,2,2,2
03,490700800100140273,1,2,2,1,2,1,1,2,1,2,1,2,1
03,490700800100158002,1,2,2,1,2,1,2,2,1,2,2,2,1
03,490700800100160315,1,2,2,2,1,1,2,2,2,2,2,2,1
03,490800100000010008,1,2,1,1,1,1,1,1,1,2,1,1,1
03,490800100000020033,1,2,2,2,1,2,2,2,1,2,2,2,2
03,490800100000030065,1,2,2,1,2,1,2,2,1,2,2,2,2
03,490800100000040093,1,2,2,2,2,1,2,2,1,2,2,2,1
03,490800100000070182,1,2,2,1,1,2,2,2,2,2,2,2,2
03,490800100000080216,1,2,2,1,2,1,2,2,1,2,2,2,1
03,490800100000090247,1,2,1,1,2,1,2,2,1,2,1,2,1
03,490800100000100275,1,2,2,2,2,2,2,2,1,2,1,2,1
03,490800100000108001,1,2,2,1,2,1,2,2,1,2,1,2,1
03,490800100000110308,1,2,1,1,1,1,1,2,1,2,1,2,1
03,490800100000120337,1,2,2,1,2,1,1,2,1,2,1,2,1
03,490800100000148004,1,2,2,1,1,1,2,2,1,2,2,2,1
03,490800100000148005,1,2,1,1,1,1,2,2,1,2,2,2,1
03,490800100000148006,1,2,2,1,2,2,2,2,1,1,2,2,1
03,490800100000178007,1,2,1,1,1,1,1,2,1,2,1,1,1
03,490800100000190526,1,2,1,1,2,1,1,2,1,1,1,2,1
03,490800100000208002,1,2,2,2,2,1,2,2,1,2,2,2,2
03,490800100000208008,1,2,1,1,1,1,2,2,1,2,1,1,1
03,490800100000210585,1,2,2,2,1,1,2,2,1,2,1,2,2
03,490802200000010038,1,2,2,2,2,2,2,2,1,2,2,2,1
03,490802200000020068,1,2,2,2,1,1,2,2,1,2,2,2,1
03,490802200000040127,1,2,1,2,2,1,2,2,1,2,2,2,1
03,490802200000050157,1,2,2,1,1,1,1,2,1,2,2,1,1
03,490802200000060185,1,2,1,1,1,1,1,2,1,1,1,2,1
03,490802200000070215,1,2,2,1,1,1,1,2,1,2,1,1,1
03,490802200000090277,1,2,2,1,1,1,1,2,1,2,1,2,1
03,490802200000100307,1,2,2,1,1,1,1,2,1,2,1,2,1
03,490802200000110339,1,2,2,2,2,1,2,2,2,2,2,2,2
03,490802200000120369,1,2,1,2,1,1,2,2,1,2,1,2,1
03,490802200000138001,1,2,2,2,2,1,2,2,2,2,2,2,2
03,490802200000140429,1,2,2,1,2,1,2,2,1,2,1,2,1
03,490802200000150460,1,2,2,1,2,1,1,2,1,1,2,2,1
03,490901900100010018,1,2,2,2,1,1,1,2,1,1,2,2,1
03,490901900100020032,1,2,1,1,2,1,1,2,1,2,1,1,1
03,490901900100030044,1,2,2,2,2,2,2,2,2,2,2,2,1
03,490901900100040058,1,2,2,2,2,1,1,2,1,2,2,2,1
03,490901900100050072,1,2,1,2,1,1,2,2,2,2,1,2,1
03,490901900100060086,1,2,2,1,1,1,2,2,1,2,1,2,1
03,490901900100070100,1,2,2,1,1,1,1,2,1,2,1,2,1
03,490901900100080114,1,2,2,2,1,1,2,2,1,2,2,2,1
03,490901900100090128,1,2,2,1,2,1,1,1,1,2,2,1,1
03,490901900100100142,1,2,1,1,1,1,1,1,1,2,1,1,1
03,490901900100150210,1,2,2,2,2,1,2,2,1,2,2,2,1
03,490901900100168001,1,2,2,1,2,1,2,2,1,2,2,2,1
03,490901900100170237,1,2,2,1,2,1,2,2,1,2,1,2,1
03,491104400000010019,1,2,2,1,1,1,2,2,1,2,1,2,1
03,491104400000040068,1,2,2,2,1,1,2,2,2,2,2,2,1
03,491104400000050085,1,2,2,2,2,1,2,2,1,2,1,2,1
03,491104400000060102,1,2,2,2,1,1,2,2,1,2,2,2,1
03,491104400000070119,1,2,2,2,2,1,2,2,1,2,2,2,1
03,491104400000080136,1,2,2,1,1,1,2,2,1,2,1,2,1
03,491104400000090153,1,2,2,2,2,2,2,2,2,2,2,2,1
03,491104400000100170,1,2,2,1,1,1,2,2,1,2,1,2,1
03,491104400000110187,1,2,2,1,2,1,2,2,1,2,2,2,2
03,491104400000120204,1,2,2,2,2,1,2,2,2,2,2,2,2
03,491104400000130221,1,2,2,2,1,1,2,2,1,2,1,2,2
03,491104400000140238,1,2,1,1,1,1,1,2,1,2,1,2,1
03,491104400000150255,1,2,2,2,2,1,2,2,2,2,2,2,1
03,491200300000010019,1,2,2,2,2,1,2,2,1,2,2,2,2
03,491200300000020038,1,2,2,2,1,1,2,2,1,2,2,2,1
03,491200300000030057,1,2,2,1,1,1,2,2,1,2,2,2,1
03,491200300000040076,1,2,2,2,2,2,2,2,1,2,2,2,2
03,491200300000060114,1,2,2,2,2,1,2,2,1,2,2,2,2
03,491200300000070131,1,2,2,1,2,1,1,2,1,2,1,2,1
03,491200300000080149,1,2,2,1,1,1,2,2,1,2,2,2,1
03,491200300000090166,1,2,2,1,2,1,1,2,1,2,1,2,2
03,491200300000100185,1,2,2,1,2,1,1,1,1,2,1,2,1
03,491200300000110203,1,2,2,2,2,1,2,2,1,2,2,2,1
03,491200300000130239,1,2,2,1,2,1,2,2,1,2,2,2,1
03,491200300000140258,1,2,2,2,2,1,2,2,1,2,2,2,1
03,491200300000160296,1,2,2,2,2,1,2,2,1,2,2,2,1
03,491400900100010019,1,2,2,1,2,1,2,2,1,2,1,2,2
03,491400900100020045,1,2,2,2,1,1,2,2,1,2,2,2,2
03,491400900100030072,1,2,2,1,1,1,2,2,1,2,2,2,1
03,491400900100040099,1,2,2,1,2,1,2,2,1,2,2,2,1
03,491400900100050126,1,2,2,2,2,1,2,2,2,2,2,2,2
03,491400900100060152,1,2,2,2,2,2,2,2,2,2,2,2,2
03,491400900100070176,1,2,2,1,2,1,1,2,1,1,1,2,1
03,491400900100080202,1,2,2,2,2,2,2,2,2,2,2,2,2
03,491400900100090226,1,2,2,1,2,1,2,2,1,2,1,2,1
03,491400900100120305,1,2,2,2,2,1,2,2,1,2,2,2,1
03,491400900100130329,1,2,2,2,2,1,2,2,1,2,2,2,2
03,491400900100148002,1,2,2,2,2,1,2,2,1,2,1,2,1
03,491400900100150384,1,2,2,1,1,1,2,2,1,2,1,2,1
03,491400900100160411,1,2,2,2,2,1,2,2,1,2,2,2,2
03,491401200100010021,1,2,2,1,1,1,1,2,1,2,1,1,1
03,491401200100020046,1,2,2,1,2,1,2,2,1,2,2,2,1
03,491401200100030071,1,2,2,1,2,1,2,2,2,2,1,2,1
03,491401200100050121,1,2,2,1,1,1,1,2,1,2,1,2,1
03,491401200100060146,1,2,2,1,1,1,1,2,1,2,2,2,1
03,491401200100070171,1,2,2,2,2,1,2,2,1,2,2,2,1
03,491401200100080196,1,2,2,2,2,1,2,2,2,2,2,2,2
03,491401200100090221,1,2,2,2,2,1,2,2,1,2,2,2,1
03,491401200100100246,1,2,2,1,1,2,2,2,1,2,1,2,1
03,491401200100110272,1,2,2,1,2,1,2,2,1,2,2,2,1
03,491401200100120298,1,2,2,1,2,1,2,2,1,2,2,2,1
03,491900300100010019,1,2,2,1,2,1,1,2,1,1,2,2,1
03,491900300100020036,1,2,1,1,2,1,1,2,1,1,1,2,1
03,491900300100030055,1,2,2,1,1,1,1,1,1,1,2,1,1
03,491900300100040074,1,2,1,1,2,1,2,2,1,2,1,2,1
03,491900300100050095,1,2,2,2,2,1,2,2,1,2,2,2,1
03,491900300100060110,1,2,2,2,2,1,2,2,2,2,2,2,2
03,491900300100070130,1,2,1,1,1,1,1,1,1,1,1,1,1
03,491900300100080150,1,2,2,1,1,1,1,1,1,2,2,2,1
03,491900300100090170,1,2,2,1,2,1,1,2,1,2,1,1,1
03,491900300100108001,1,2,2,1,1,1,1,2,1,2,1,2,1
03,491900300100130245,1,2,1,1,1,1,2,2,1,1,1,1,1
03,491900300100150284,1,2,1,1,2,1,2,2,1,2,2,1,1
03,491900300100160303,1,2,2,1,1,1,1,2,1,1,1,2,1
03,491900300100188002,1,2,2,1,1,1,2,2,1,1,2,2,1
03,492101300100010019,1,2,2,1,1,1,2,2,1,2,1,2,1
03,492101300100020039,1,2,2,1,2,1,2,2,1,2,2,2,2
03,492101300100040083,1,2,1,2,1,1,1,2,1,2,1,2,1
03,492201200000010018,1,2,2,1,2,1,2,2,2,2,2,2,2
03,492201200000020034,1,2,2,1,2,2,2,2,2,2,2,2,2
03,492201200000030049,1,2,2,2,2,1,2,2,2,2,2,2,1
03,492201200000040064,1,2,2,1,2,1,2,2,1,2,2,2,2
03,492201200000070109,1,2,2,1,2,1,2,2,2,2,2,2,2
03,492201200000070110,1,2,2,1,1,1,2,2,1,2,2,2,2
03,492201200000090140,1,2,2,1,2,1,2,2,1,2,2,2,1
03,492201200000100155,1,2,2,1,1,1,2,2,1,2,2,2,1
03,492201200000120185,1,2,2,2,2,1,2,2,2,2,2,2,1
03,492301900000010008,1,2,2,2,2,1,2,2,1,2,1,2,1
03,492301900000020024,1,2,2,2,2,1,2,2,1,2,1,2,1
03,492301900000030039,1,2,1,2,2,1,2,2,1,2,1,2,1
03,492301900000040055,1,2,2,2,2,1,2,2,2,2,2,2,2
03,492301900000050071,1,2,2,2,1,1,2,2,1,2,2,2,1
03,492301900000060087,1,2,1,2,2,2,2,2,1,2,1,2,2
03,492301900000070103,1,2,2,2,2,2,2,2,1,2,1,2,1
03,492301900000080118,1,2,2,1,2,1,1,2,1,2,1,2,1
03,492301900000090134,1,2,2,1,2,1,1,2,1,2,1,2,1
03,492301900000100150,1,2,1,1,2,1,1,2,1,2,1,2,1
03,492301900000120181,1,2,2,2,2,2,2,2,2,2,2,2,2
03,492301900000130197,1,2,2,2,2,1,2,2,1,2,2,2,1
03,492301900000140212,1,2,2,2,2,1,2,2,2,2,2,2,2
03,492301900000150227,1,2,2,2,2,1,2,2,1,2,1,2,2
03,492301900000160243,1,2,2,2,2,1,2,2,2,2,2,2,1
03,492301900000170260,1,2,2,2,2,1,2,2,1,2,1,2,1
03,492301900000178001,1,2,2,2,2,1,2,2,1,2,2,2,1
03,492301900000180275,1,2,2,2,2,1,2,2,2,2,2,2,1
03,492500200200010020,1,2,1,1,2,1,2,2,1,2,1,2,1
03,492500200200020040,1,2,2,2,2,1,1,2,1,1,2,2,2
03,492500200200030064,1,2,2,1,1,1,1,1,1,2,1,1,1
03,492500200200040089,1,2,2,2,2,1,2,2,1,2,1,2,1
03,492500200200050110,1,2,2,1,1,1,2,2,1,2,1,2,1
03,492500200200060135,1,2,1,2,1,1,2,2,1,2,1,2,1
03,492500200200070160,1,2,2,2,2,1,2,2,1,2,2,2,2
03,492500200200078001,1,2,2,2,2,2,2,2,2,2,2,2,2
03,492500200200080184,1,2,2,2,1,1,2,2,1,2,1,2,2
03,492500200200098002,1,2,2,2,2,2,2,2,1,2,2,2,2
03,492500200200100227,1,2,2,1,2,1,2,2,1,2,2,2,1
03,492500200200110249,1,2,2,1,2,1,2,2,1,2,1,2,1
03,492500200200120272,1,2,2,1,1,1,1,2,1,2,1,2,1
03,492500200200130296,1,2,1,1,2,1,1,2,1,2,1,2,1
03,492500200200150350,1,2,2,1,2,1,2,2,1,2,2,2,1
03,492500200200188003,1,2,2,2,1,1,1,1,1,2,2,2,1
03,492600600300010023,1,2,2,2,2,1,2,2,1,2,2,2,1
03,492600600300028001,1,2,2,2,2,1,2,2,1,2,1,2,1
03,492600600300040110,1,2,2,1,1,1,2,2,1,2,1,1,1
03,492600600300050140,1,2,2,1,2,1,2,2,1,2,1,2,1
03,492600600300070193,1,2,2,2,2,1,2,2,1,2,2,2,1
03,492600600300080223,1,2,2,1,1,1,2,2,1,2,1,2,1
03,492600600300090251,1,2,2,1,2,1,2,2,1,2,2,2,1
03,492600600300110305,1,2,2,2,2,1,2,2,1,2,2,2,2
03,492600600300120334,1,2,2,1,1,1,2,2,1,2,1,2,1
03,492603300200010018,1,2,2,2,2,1,2,2,1,2,2,2,1
03,492603300200030059,1,2,2,1,2,1,1,2,1,2,1,2,1
03,492603300200060111,1,2,2,2,2,1,2,2,1,2,2,2,1
03,492603300200070132,1,2,2,1,2,1,1,2,1,2,1,2,1
03,492603300200090168,1,2,2,2,2,2,2,2,2,2,2,2,2
03,492603300200090169,1,2,2,1,2,1,2,2,1,2,2,2,1
03,492603300200120218,1,2,2,2,2,2,2,2,2,2,2,2,2
03,492603300200130233,1,2,2,1,2,1,1,2,1,2,2,1,1
03,492603300200140250,1,2,2,2,2,2,2,2,2,2,2,2,2
03,492802000100010009,1,2,2,1,2,1,2,2,1,2,1,2,1
03,492802000100020025,1,2,2,1,2,1,1,2,1,2,1,2,1
03,492802000100030040,1,2,2,1,2,1,1,2,1,2,1,2,1
03,492802000100048001,1,2,1,2,1,1,2,2,1,2,2,2,1
03,492802000100050072,1,2,2,1,1,1,1,1,1,2,1,2,1
03,492802000100060088,1,2,2,2,1,1,2,2,1,2,1,2,1
03,492802000100070104,1,2,2,2,2,1,2,2,1,2,2,2,1
03,492802000100080121,1,2,2,1,2,1,1,1,1,2,1,2,1
03,492802000100090136,1,2,1,1,1,1,1,1,1,2,1,1,1
03,492802000100100152,1,2,1,1,1,1,1,1,1,2,1,1,1
03,492802000100110169,1,2,1,2,2,1,2,2,1,2,2,2,2
03,492802000100120183,1,2,2,1,2,1,2,2,1,2,2,2,1
03,492802000100130198,1,2,2,1,2,1,1,1,1,2,1,1,1
03,492802000100140214,1,2,2,1,2,1,2,2,1,2,2,2,1
03,492802000100150229,1,2,1,1,1,1,1,1,1,2,1,1,1
03,492802000100160245,1,2,2,1,2,1,1,2,1,2,1,2,1
03,492802000100170261,1,2,2,1,2,1,1,2,1,2,1,1,1
03,492802000100180278,1,2,2,2,1,1,2,2,1,2,1,2,1
03,492900400000010009,1,2,1,1,1,1,1,1,1,2,1,2,2
03,492902600000010016,1,2,2,1,2,2,2,2,2,2,2,2,1
03,492902600000020041,1,2,2,1,2,1,2,2,1,2,2,2,2
03,492902600000030063,1,2,2,1,2,1,2,2,1,2,1,2,1
03,492902600000040087,1,2,2,1,1,1,1,2,1,2,1,2,1
03,492902600000050107,1,2,2,1,1,1,2,2,2,2,2,2,1
03,492902600000068001,1,2,2,1,1,1,2,2,1,2,2,2,1
03,492902600000070154,1,2,2,1,2,1,2,2,2,2,2,2,2
03,492902600000088002,1,2,2,1,2,1,2,2,1,2,2,2,1
03,492902600000090201,1,2,2,2,1,1,2,2,1,2,2,2,1
03,492902600000100226,1,2,2,1,2,1,2,2,2,2,2,2,2
03,492902600000120273,1,2,2,1,1,1,2,2,1,2,2,2,1
03,492902600000130297,1,2,2,1,1,1,2,2,1,2,2,2,1
03,492902600000140320,1,2,2,1,2,1,2,2,1,2,2,2,2
03,492902600000150346,1,2,2,1,1,1,2,2,1,2,2,2,1
03,492902600000160369,1,1,1,1,1,1,1,1,1,2,1,2,1
03,493000800000010002,1,2,1,1,2,1,2,2,1,2,1,2,1
03,493000800000030038,1,2,2,2,2,1,1,2,2,2,2,2,2
03,493000800000040064,1,2,2,2,1,1,2,2,1,2,2,2,1
03,493000800000050090,1,2,2,1,2,1,2,2,1,2,1,2,2
03,493000800000060114,1,2,1,2,1,1,1,1,1,2,1,1,1
03,493000800000070138,1,2,2,1,1,1,1,2,1,2,1,2,1
03,493000800000080159,1,2,2,1,1,1,1,2,1,2,1,1,1
03,493000800000090180,1,2,2,2,2,1,2,2,2,2,2,2,1
03,493000800000100205,1,2,2,1,2,1,2,2,1,2,1,2,1
03,493000800000110229,1,2,2,1,1,1,1,2,1,2,1,2,1
03,493000800000120252,1,2,2,1,2,1,2,2,1,2,2,2,1
03,493000800000140301,1,2,2,1,1,1,2,2,1,2,1,1,1
03,493000800000150326,1,2,2,1,1,1,2,2,1,2,2,2,1
03,493000800000160348,1,2,2,2,2,1,2,2,1,2,2,2,1
03,493000800000170373,1,2,2,1,1,1,2,2,1,2,1,2,1
03,493000800000180417,1,2,2,2,1,1,2,2,2,2,2,2,1
03,540100301400020120,1,2,2,1,2,1,2,2,1,2,1,2,1
03,540100301400030184,1,2,2,1,1,1,2,2,1,2,1,2,1
03,540100301400030185,1,2,2,1,1,1,2,2,1,2,1,2,1
03,540100301400048001,1,2,2,1,2,1,2,2,1,2,1,2,1
03,540100301400048002,1,2,2,1,2,1,2,2,1,2,2,2,1
03,540101300400010021,1,2,2,2,2,1,2,2,1,2,2,2,2
03,540101300400020049,1,2,2,1,2,1,2,2,1,2,1,2,1
03,540101300400030078,1,1,1,1,1,1,1,2,1,2,1,1,1
03,540101300400050134,1,2,1,1,1,1,1,2,1,2,1,1,1
03,540101300400060162,1,2,2,1,2,1,2,2,1,2,1,2,1
03,540101300400090245,1,2,2,2,2,1,2,2,1,2,2,2,1
03,540101300400108006,1,2,2,2,2,1,2,2,1,2,2,2,1
03,540101300400110297,1,2,2,1,2,1,2,2,1,2,2,2,1
03,540101300400120325,1,2,2,2,2,1,2,2,1,2,2,2,1
03,540101300400130353,1,2,2,1,2,1,2,2,1,2,1,2,1
03,540101300400140381,1,2,2,2,2,1,2,2,1,2,2,2,1
03,540101300400158001,1,2,2,2,2,1,2,2,1,2,2,2,1
03,540101300400160435,1,2,2,2,2,1,2,2,1,2,2,2,1
03,540101300400208002,1,2,1,1,2,1,1,2,1,2,1,2,1
03,540101300400228003,1,2,1,1,2,1,1,2,1,2,1,1,1
03,540101300400248004,1,2,2,2,1,1,2,2,1,2,2,2,2
03,540101300400258005,1,2,2,1,2,1,2,2,1,2,1,2,1
03,540101700300010032,1,2,2,2,2,2,2,2,2,2,2,2,2
03,540101700300020057,1,2,2,2,2,1,2,2,1,2,2,2,1
03,540101700300030080,1,2,2,2,2,1,2,2,1,2,1,2,1
03,540101700300048009,1,2,1,2,1,1,2,2,1,2,1,2,1
03,540101700300058010,1,2,2,2,2,1,2,2,1,2,2,2,2
03,540101700300068011,1,2,2,1,2,1,2,2,1,2,1,2,1
03,540101700300088012,1,2,2,1,2,1,1,2,1,2,1,2,1
03,540101700300098002,1,1,1,1,1,1,1,1,1,2,1,1,1
03,540101700300120270,1,1,1,1,1,1,1,1,1,2,1,2,1
03,540101700300138018,1,1,1,1,1,1,1,1,1,2,1,1,1
03,540101700300178013,1,1,1,1,1,1,1,1,1,2,1,1,1
03,540101700300188014,1,2,1,1,1,1,1,1,1,2,1,1,1
03,540101700300198019,1,1,1,1,1,1,1,1,1,2,1,1,1
03,540101700300208020,1,1,1,1,1,1,1,1,1,2,1,1,1
03,540101700300218016,1,2,1,1,1,1,1,1,1,2,1,1,1
03,540101700300238021,1,2,1,1,1,1,1,1,1,2,1,1,1
03,540101700300248017,1,2,1,1,2,1,1,1,1,2,1,1,1
03,540101700300268022,1,1,1,1,1,1,1,1,1,1,1,2,1
03,540101700300270453,1,1,1,1,1,1,1,1,1,2,1,1,1
03,540101700300288023,1,2,1,1,2,1,1,1,1,2,1,1,1
03,540102600200028011,1,2,2,1,2,1,2,2,1,2,2,2,2
03,540102600200030115,1,2,2,1,2,1,1,2,1,2,1,2,1
03,540102600200048012,1,2,2,1,2,1,1,2,1,2,1,2,1
03,540102600200058001,1,2,2,1,2,1,1,2,1,2,1,2,1
03,540102600200068013,1,2,1,1,2,1,1,2,1,2,1,2,1
03,540102600200070269,1,2,2,1,2,1,2,2,1,2,1,2,1
03,540102600200080312,1,2,2,1,2,1,2,2,1,2,2,2,1
03,540102600200090352,1,2,2,1,2,1,2,2,1,2,2,2,1
03,540102600200108008,1,2,2,2,2,1,2,2,1,2,2,2,1
03,540102600200110429,1,2,2,1,2,1,2,2,1,2,1,2,1
03,540102600200138010,1,2,2,1,1,1,2,2,1,2,1,2,1
03,540102800600010033,1,2,1,1,2,1,1,1,1,2,1,1,1
03,540102800600028010,1,2,2,1,2,1,2,2,1,2,1,2,1
03,540102800600038010,1,2,2,1,2,1,2,2,1,2,1,2,1
03,540102800600038011,1,2,1,1,2,1,1,2,1,2,1,2,1
03,540102800600038012,1,2,2,1,2,1,2,2,1,2,2,2,1
03,540102800600040164,1,2,1,1,2,1,1,2,1,2,1,2,1
03,540102800600050202,1,2,2,1,2,1,2,2,1,2,1,2,1
03,540102800600060242,1,2,1,1,1,1,1,1,1,2,1,1,1
03,540102800600070287,1,2,2,2,2,1,2,2,1,2,2,2,2
03,540102800600088004,1,2,1,1,1,1,2,2,1,2,1,2,1
03,540102800600100418,1,2,2,1,2,1,2,2,1,2,1,2,1
03,540102800600118005,1,2,2,2,2,1,2,2,1,2,1,2,1
03,540201200400018001,1,2,2,1,2,1,2,2,1,2,2,2,1
03,540201200400020049,1,2,2,2,2,1,2,2,1,2,2,2,1
03,540201200400060150,1,2,2,2,2,1,1,2,1,2,1,2,2
03,540201200400070175,1,2,2,2,2,1,1,2,1,2,2,2,1
03,540201200400090226,1,2,2,2,1,1,2,2,1,2,2,2,1
03,540201200400100253,1,2,2,1,1,1,1,2,1,2,1,2,1
03,540201200400120306,1,2,2,2,1,1,2,2,1,2,2,2,1
03,540201200400130333,1,2,1,2,1,1,2,2,1,2,1,2,1
03,540501400000010003,1,2,2,1,2,1,2,2,1,2,1,2,1
03,540501400000020019,1,2,2,1,2,1,2,2,1,2,2,2,1
03,540501400000030036,1,2,2,1,2,1,2,2,1,2,1,2,2
03,540501400000040054,1,2,1,2,2,1,2,2,2,2,2,2,1
03,540501400000058004,1,2,2,2,2,2,2,2,1,2,2,2,2
03,540501400000068006,1,2,2,2,1,1,2,2,2,2,2,2,2
03,540501400000080126,1,2,2,1,2,1,2,2,1,2,1,2,2
03,540501400000098002,1,2,2,2,2,1,2,2,1,2,2,2,1
03,540501400000100160,1,2,2,2,2,1,2,2,2,2,2,2,2
03,540501400000118005,1,2,2,2,1,1,2,2,1,2,2,2,1
03,540501400000130214,1,2,2,2,1,1,1,2,1,2,2,2,1
03,540501400000140228,1,2,2,1,1,1,2,2,1,2,1,2,1
03,540501400000158001,1,2,2,2,2,1,2,2,1,2,2,2,1
03,540501400000180300,1,2,1,1,1,1,1,2,1,1,1,1,2
03,540501800200010021,1,2,1,1,2,1,1,2,1,2,2,2,1
03,540501800200020038,1,2,2,2,2,1,2,2,1,2,2,2,2
03,540501800200030057,1,2,2,1,1,1,1,1,1,1,1,1,1
03,540501800200040076,1,2,1,1,2,1,1,2,1,2,1,2,2
03,540501800200060113,1,2,1,2,1,1,2,2,1,2,2,2,2
03,540501800200070131,1,2,1,1,2,1,2,2,1,2,1,1,1
03,540501800200080148,1,2,2,2,2,1,2,2,1,2,1,2,2
03,540501800200090165,1,2,2,2,2,1,2,2,1,2,1,2,2
03,540501800200100184,1,2,1,1,2,1,1,1,1,1,1,1,1
03,540501800200110201,1,2,1,2,2,1,2,2,1,2,2,2,1
03,540501800200128003,1,2,2,2,2,1,2,2,1,2,2,2,2
03,540501800200130239,1,2,2,1,2,1,2,2,1,2,2,2,2
03,540501800200140257,1,2,1,1,1,1,1,2,1,2,1,1,1
03,540501800200150275,1,2,2,1,2,1,2,2,1,2,2,2,2
03,540501800200168002,1,2,2,1,2,1,2,2,1,2,2,2,2
03,540501800200170312,1,2,1,2,2,1,2,2,1,1,2,2,2
03,540501800200180331,1,2,2,1,1,1,2,2,1,2,1,2,2
03,540501800200190349,1,2,2,2,2,1,2,2,1,2,1,2,2
03,540501800200200367,1,2,2,1,2,1,1,2,1,2,2,2,1
03,540602100100010016,1,2,2,2,1,1,2,2,1,2,1,2,2
03,540602100100020030,1,2,2,1,2,1,2,2,1,2,2,2,1
03,540602100100040058,1,2,2,1,2,1,2,2,1,2,1,2,1
03,540602100100068001,1,2,1,1,2,1,2,1,1,2,1,2,1
03,540602100100070097,1,2,1,1,1,1,1,1,1,2,1,1,1
03,540602100100080110,1,2,2,2,2,2,2,2,2,2,2,2,2
03,540602100100090123,1,2,2,2,2,1,2,2,1,2,1,2,1
03,540602100100108003,1,2,2,2,1,1,2,2,1,2,2,2,2
03,540602100100110151,1,2,1,1,1,1,1,1,1,2,1,2,1
03,540602100100120166,1,2,2,1,1,1,2,2,1,2,2,2,1
03,540602100100130180,1,2,1,1,2,1,1,2,1,2,2,2,1
03,540602100100150206,1,2,1,1,1,1,1,2,1,2,1,2,1
03,540602100100160220,1,2,2,2,2,1,2,2,1,2,1,2,1
03,540602100100170233,1,2,1,1,2,1,1,2,1,2,1,2,1
03,540800600100010010,1,2,1,1,1,1,1,1,1,2,1,1,1
03,540800600100030087,1,2,2,2,1,1,2,2,1,2,2,2,1
03,540800600100050160,1,2,2,2,2,1,2,2,1,2,2,2,1
03,540800600100060197,1,2,2,1,1,1,1,2,1,2,1,1,1
03,540800600100070235,1,2,1,1,1,1,1,1,1,1,1,1,1
03,540800600100080271,1,2,2,2,1,1,1,2,1,2,2,2,1
03,540800600100098003,1,2,2,1,1,1,1,2,1,2,1,2,1
03,540800600100100345,1,2,2,1,2,1,2,2,1,2,1,2,1
03,540800600100110032,1,2,1,2,1,1,1,2,1,1,1,2,1
03,540800600100138001,1,2,2,1,2,1,2,2,1,2,1,2,1
03,540800600100150181,1,2,1,1,1,1,2,2,1,2,2,2,1
03,540801000200020037,1,2,2,2,2,1,2,2,1,2,2,2,1
03,540801000200030057,1,2,2,1,1,1,1,2,1,2,1,2,1
03,540801000200040077,1,2,2,1,2,1,2,2,1,2,1,2,1
03,540801000200050097,1,2,1,1,2,1,2,2,1,2,2,2,1
03,540801000200060116,1,2,2,1,2,1,2,2,2,2,2,2,1
03,540801000200078001,1,2,1,1,1,1,2,2,1,2,2,2,2
03,540801000200080156,1,2,2,1,2,1,2,2,1,2,2,2,1
03,540801000200090176,1,2,2,1,2,1,2,2,1,2,1,2,2
03,540801000200108004,1,2,2,2,2,1,2,2,1,2,2,2,1
03,540801000200110216,1,2,1,1,2,1,1,2,1,2,1,1,1
03,540801000200120239,1,1,1,1,1,1,1,1,1,2,1,1,1
03,540801000200130261,1,2,1,1,2,1,1,2,1,2,1,2,1
03,540801000200140283,1,2,2,2,1,1,2,2,1,2,1,2,1
03,540801000200150303,1,2,2,1,2,1,1,2,1,2,2,2,1
03,540801000200150304,1,2,2,2,2,1,2,2,1,2,2,2,1
03,540801000200168002,1,2,2,1,1,1,2,2,1,2,2,2,1
03,540801000200170345,1,2,2,1,2,1,2,2,1,2,1,2,1
03,540801000200180371,1,2,2,2,2,1,2,2,1,2,2,2,1
03,540801000200188003,1,2,2,1,1,1,2,2,1,2,2,2,1
03,540801000200190392,1,2,2,1,2,1,2,2,1,2,2,2,1
03,540801000200210438,1,2,1,1,1,1,1,2,1,2,1,1,2
03,540801000200220459,1,2,2,2,2,1,2,2,1,2,1,2,2
03,540801000200230479,1,2,2,1,2,1,2,2,1,2,2,2,1
03,540801000200250519,1,2,1,1,1,1,1,2,1,2,1,2,1
03,540801000200260539,1,2,1,1,2,1,1,2,1,2,1,1,2
03,540801000200270559,1,2,2,2,2,1,2,2,1,2,2,2,2
03,540802200000018004,1,2,1,1,2,1,2,2,1,2,2,2,1
03,540802200000030096,1,2,1,1,2,1,1,1,1,2,1,2,1
03,540802200000040133,1,2,1,2,1,1,2,2,1,2,1,2,1
03,540802200000050170,1,2,2,1,2,1,2,2,1,2,2,2,2
03,540802200000060198,1,2,2,1,2,1,2,2,1,2,2,2,1
03,540802200000080246,1,2,2,1,2,1,2,2,1,2,2,2,1
03,540802200000090279,1,1,1,1,2,1,1,1,1,2,1,1,1
03,540802200000100308,1,2,1,1,2,1,1,2,1,2,1,2,1
03,540802200000110344,1,2,2,1,1,1,2,2,1,2,2,2,1
03,540802200000110345,1,2,1,1,2,1,1,2,1,2,2,2,1
03,540802200000110346,1,2,2,1,2,1,2,2,1,2,1,2,1
03,540802200000120378,1,2,1,1,1,1,1,1,1,2,1,1,1
03,540802200000140450,1,2,1,1,1,1,1,2,1,2,1,1,1
03,540802200000158005,1,2,1,1,2,1,1,2,1,2,1,2,1
03,540802200000188001,1,2,2,1,2,1,2,2,1,2,1,2,1
03,540802200000188002,1,2,1,1,1,1,2,2,1,2,1,2,1
03,540802200000190626,1,2,2,2,2,1,2,2,1,2,2,2,1
03,540803400500010034,1,2,1,1,2,1,1,2,1,2,1,2,1
03,540803400500030066,1,2,2,1,1,1,2,2,1,2,2,2,1
03,540803400500040097,1,2,2,2,1,1,2,2,1,2,1,2,1
03,540803400500060161,1,2,2,1,1,1,1,2,1,2,1,2,1
03,540803400500070193,1,2,2,1,2,1,2,2,1,2,1,2,1
03,540803400500080226,1,2,2,2,2,1,2,2,1,2,1,2,1
03,540803400500098002,1,2,1,1,2,1,2,2,1,2,1,2,1
03,540803400500128005,1,2,2,1,1,1,1,2,1,2,1,2,1
03,540803400500130389,1,2,2,1,1,1,2,2,1,2,2,2,1
03,540803400500140421,1,2,1,1,2,1,2,2,1,2,1,2,1
03,540803400500150453,1,1,1,1,2,1,1,1,1,2,1,1,1
03,540803400500160484,1,2,2,1,2,1,2,2,1,2,1,2,2
03,540900700800018001,1,2,2,2,2,1,2,2,2,2,2,2,1
03,540900700800028003,1,2,1,1,2,1,2,2,1,2,1,1,1
03,540900700800048005,1,2,2,2,2,1,2,2,1,2,2,2,2
03,540900700800050215,1,2,2,2,1,1,2,2,1,2,1,2,1
03,540900700800060272,1,2,1,1,2,1,1,2,1,2,1,2,1
03,540900801700010004,1,2,1,1,2,1,1,1,1,2,1,1,1
03,540900801700020048,1,2,1,2,2,1,2,2,1,2,1,2,1
03,540900801700030088,1,2,2,1,2,1,2,2,1,2,2,2,1
03,540900801700048002,1,2,2,1,1,1,2,2,1,2,1,2,1
03,540900801700050164,1,2,1,1,2,1,2,2,1,2,1,2,1
03,540900801700068003,1,2,2,1,2,1,2,2,1,2,1,2,1
03,540900801700078001,1,2,1,1,1,1,1,2,1,2,1,1,1
03,540900801700088004,1,2,2,1,2,1,1,2,1,2,1,2,1
03,540901000100010044,1,2,2,1,2,1,2,2,1,2,1,2,1
03,540901000100020079,1,2,1,1,2,1,2,2,1,2,1,2,1
03,540901000100030113,1,1,1,1,1,1,1,2,1,2,1,2,1
03,540901000100048001,1,2,2,1,2,1,2,2,1,2,1,2,1
03,540901000100068003,1,2,1,1,2,1,1,2,1,2,1,2,1
03,540901000100070242,1,2,2,1,2,1,2,2,1,2,2,2,1
03,540901000100088002,1,2,2,2,2,1,2,2,1,2,1,2,2
03,540901000100090308,1,2,1,1,2,1,1,2,1,2,1,2,1
03,540901000100108004,1,2,2,1,2,1,2,2,1,2,1,2,1
03,540901000100110375,1,2,2,1,1,1,2,2,1,2,2,2,1
03,540901000100130440,1,2,2,2,1,1,2,2,1,2,2,2,1
03,540901100300010021,1,2,2,1,2,1,2,2,1,2,1,2,1
03,540901100300020056,1,2,1,1,2,1,1,2,1,2,1,1,1
03,540901100300040121,1,2,2,1,1,1,2,2,1,2,2,2,1
03,540901100300050156,1,2,2,1,2,1,2,2,1,2,2,2,1
03,540901100300060189,1,2,2,2,1,1,1,2,1,2,1,2,2
03,540901100300100322,1,2,2,2,2,1,2,2,2,2,2,2,1
03,540901100300110356,1,2,1,1,1,1,1,2,1,2,1,2,1
03,540901100300120386,1,2,2,2,2,1,2,2,1,2,2,2,1
03,540901100300138002,1,2,2,2,2,1,2,2,1,2,2,2,1
03,540901100300140452,1,2,2,2,2,1,2,2,1,2,2,2,1
03,540901100300158003,1,2,2,1,2,1,2,2,1,2,1,2,1
03,540901100300168004,1,2,2,1,1,1,2,2,1,2,2,2,1
03,540901100300170547,1,2,2,2,2,1,2,2,1,2,2,2,1
03,540901200200010021,1,2,2,1,1,1,1,2,1,2,1,2,1
03,540901200200020050,1,2,1,1,1,1,1,2,1,2,1,2,1
03,540901200200030078,1,2,2,1,2,1,2,2,1,2,2,2,1
03,540901200200050138,1,2,1,1,1,1,1,2,1,2,1,1,1
03,540901200200060165,1,2,1,1,1,1,1,1,1,2,1,1,1
03,540901200200078001,1,2,1,1,2,1,2,2,1,2,2,1,1
03,540901200200100279,1,2,2,1,2,1,2,2,1,2,2,2,1
03,540901200200110309,1,2,2,1,2,1,2,2,1,2,1,2,1
03,540901200200128002,1,2,2,1,2,1,2,2,1,2,1,2,1
03,540901200200140396,1,2,2,2,1,1,2,2,1,2,2,2,1
03,540901200200160453,1,2,1,1,1,1,1,1,1,2,1,1,1
03,540901200200178003,1,2,2,1,1,1,2,2,1,2,1,2,1
03,540901200200180508,1,2,1,1,1,1,1,2,1,2,1,1,1
03,540901200200190539,1,2,2,2,1,1,2,2,1,2,2,2,1
03,541000900000070160,1,2,2,2,2,1,2,2,1,2,2,2,1
03,541000900000080182,1,2,2,2,1,1,1,2,1,2,1,2,2
03,541000900000090206,1,2,2,1,1,1,1,2,1,2,1,2,2
03,541000900000108002,1,2,2,2,1,1,2,2,1,2,1,2,1
03,541000900000120269,1,2,2,1,2,1,1,1,1,2,1,2,1
03,541000900000150334,1,2,2,1,1,1,1,2,1,2,1,2,1
03,541000900000170377,1,2,2,2,1,1,1,2,1,2,1,2,2
03,541000900000180399,1,2,1,1,2,1,2,2,1,2,1,2,1
03,541102300000010011,1,2,1,1,1,1,1,2,1,2,1,2,1
03,541102300000028002,1,2,2,1,1,1,1,2,1,2,1,2,1
03,541102300000030061,1,2,1,1,2,1,1,2,1,2,1,1,1
03,541102300000048001,1,2,2,2,2,1,2,2,2,2,2,2,2
03,541102300000050113,1,2,2,1,2,1,2,2,1,2,1,2,2
03,541102300000060139,1,2,2,2,2,1,2,2,1,2,2,2,2
03,541102300000070165,1,2,2,2,2,2,2,2,2,2,2,2,2
03,541102300000080191,1,2,2,2,2,1,2,2,1,2,2,2,2
03,541102300000090217,1,2,2,1,2,1,2,2,1,2,2,2,2
03,541102300000100243,1,2,2,1,2,1,2,2,1,2,2,2,1
03,541102300000110269,1,2,2,1,2,1,2,2,1,2,2,2,1
03,541102300000120295,1,2,2,2,2,1,2,1,1,2,2,2,2
03,541102300000130321,1,2,2,2,1,2,2,2,1,2,2,2,2
03,541102300000140347,1,2,2,2,2,1,2,2,2,2,2,2,2
03,541102300000150373,1,2,2,2,2,1,2,2,1,2,2,2,1
03,541102300000160401,1,2,1,1,2,1,1,2,1,1,1,2,1
03,541102300000170425,1,2,2,1,1,1,2,2,1,2,1,2,2
03,541102300000180451,1,2,1,1,2,1,1,1,1,2,1,2,2
03,541102300000200499,1,2,2,2,2,1,2,2,1,2,2,2,2
03,541201400000020017,1,2,2,2,1,1,2,2,1,2,2,2,2
03,541201400000040049,1,2,2,1,1,1,1,2,1,2,1,2,1
03,541201400000058001,1,2,2,2,2,1,2,2,1,2,1,2,2
03,541201400000070107,1,2,2,2,1,1,1,2,1,2,2,2,1
03,541201400000090143,1,2,2,1,2,1,1,2,1,2,2,2,2
03,541201400000090144,1,2,2,1,2,1,1,2,1,2,1,2,1
03,541201400000110178,1,2,2,2,2,1,1,2,1,2,1,2,1
03,541201400000120200,1,2,2,2,2,1,2,2,1,2,2,2,1
03,541201400000130223,1,2,2,1,2,1,2,2,1,2,2,2,1
03,541201400000140243,1,2,2,1,2,1,2,2,1,2,2,2,1
03,541201400000150263,1,2,2,2,2,1,1,1,1,1,1,2,1
03,541201400000170306,1,2,2,2,1,1,2,2,2,2,2,2,2
03,541201400000180325,1,2,2,2,2,1,2,2,1,2,2,2,1
03,541304300000028003,1,2,1,1,1,1,1,2,1,2,1,2,1
03,541304300000030075,1,2,2,1,1,1,2,2,1,2,1,2,1
03,541304300000040105,1,2,2,2,2,1,2,2,1,2,2,2,1
03,541304300000060169,1,2,1,1,1,1,2,2,1,2,1,2,1
03,541304300000100275,1,2,1,1,1,1,1,2,1,2,1,2,1
03,541304300000110301,1,2,1,1,1,1,1,2,1,2,1,2,1
03,541304300000120327,1,2,1,2,2,1,1,2,1,2,1,2,1
03,541304300000140379,1,2,2,1,2,1,2,2,1,2,1,2,1
03,541304300000158001,1,2,2,2,1,1,1,2,1,2,1,2,1
03,541304300000160433,1,2,1,1,1,1,1,2,1,2,1,2,1
03,541600300200010804,1,2,2,1,1,1,2,2,1,2,2,2,1
03,541600300200020141,1,2,1,1,1,1,1,1,1,2,1,1,1
03,541600300200038001,1,2,1,1,1,1,1,1,1,2,1,1,1
03,541600300200050393,1,2,1,1,2,1,1,2,1,2,1,2,1
03,541600300200068002,1,2,1,1,2,1,1,2,1,2,1,2,1
03,541600300200070564,1,2,2,2,1,1,2,2,1,2,1,2,1
03,541600900100028004,1,2,1,1,1,1,1,2,1,2,1,1,1
03,541600900100058001,1,2,1,1,1,1,1,2,1,2,1,2,1
03,541600900100070182,1,2,1,1,1,1,1,1,1,2,1,1,1
03,541600900100080209,1,2,1,1,1,1,1,1,1,2,1,1,1
03,541600900100090233,1,2,1,1,1,1,1,1,1,2,1,2,1
03,541600900100100261,1,2,1,1,1,1,1,1,1,2,1,2,1
03,541600900100110288,1,2,1,1,2,1,1,1,1,2,1,1,1
03,541600900100130336,1,2,1,2,2,1,1,2,1,2,1,2,1
03,541600900100148005,1,2,1,1,1,1,1,1,1,2,1,2,1
03,541600900100168006,1,2,2,2,2,1,2,2,1,2,2,2,1
03,541600900100170444,1,2,2,1,1,1,1,2,1,2,1,2,1
03,541600900100180475,1,2,1,2,2,1,1,2,1,2,1,2,1
03,541603200200010019,1,2,2,2,2,1,2,2,1,2,1,2,2
03,541603200200020038,1,2,1,1,1,1,1,2,1,2,1,1,1
03,541603200200030058,1,2,2,2,2,1,2,2,1,2,2,2,2
03,541603200200040078,1,2,2,2,2,1,2,2,1,2,2,2,1
03,541603200200058004,1,2,1,1,2,1,1,2,1,2,1,2,1
03,541603200200070141,1,2,1,1,1,1,1,2,1,2,1,2,1
03,541603200200088001,1,2,2,2,2,1,1,2,1,2,1,2,1
03,541603200200090181,1,2,2,2,1,1,2,2,1,2,2,2,1
03,541603200200100201,1,2,2,1,2,1,2,2,1,2,2,2,1
03,541603200200110223,1,2,1,1,1,1,1,1,1,2,1,1,1
03,541603200200120244,1,2,2,2,2,1,2,2,1,2,2,2,2
03,541603200200130263,1,2,1,2,1,1,1,1,1,2,1,1,1
03,541603200200140282,1,2,1,1,2,1,1,1,1,2,1,2,1
03,541603200200150299,1,2,1,1,1,1,1,2,1,2,1,1,1
03,541603200200170339,1,2,2,2,1,1,2,2,1,2,1,2,1
03,541603200200180358,1,2,2,1,1,1,2,2,1,2,1,2,1
03,541603200200200392,1,2,1,1,1,1,1,2,1,2,1,2,1
03,541801100200030069,1,1,1,1,2,1,1,2,1,2,1,1,2
03,541801100200040091,1,2,2,2,2,1,1,2,1,2,1,1,1
03,541801100200060134,1,2,2,1,1,1,1,2,1,2,1,2,1
03,541801100200070150,1,2,2,2,1,2,2,2,2,2,2,2,2
03,541801100200090193,1,2,2,2,2,1,2,2,1,2,2,2,2
03,541801100200100215,1,2,2,2,2,1,2,2,2,2,2,2,2
03,541801100200110238,1,2,2,1,1,1,2,2,1,2,1,2,1
03,541801100200120258,1,2,2,2,2,1,2,2,1,2,2,2,2
03,541801100200130280,1,2,2,2,2,2,2,2,1,2,2,2,2
03,541801100200140303,1,2,2,1,2,1,2,2,1,2,1,2,1
03,541801100200150325,1,2,2,1,2,1,2,2,1,2,2,2,1
03,541801100200160348,1,2,2,1,1,1,2,2,2,2,2,2,2
03,542100600300030082,1,2,2,2,1,1,1,2,1,2,1,2,2
03,542100600300040115,1,2,2,1,1,1,1,2,1,2,1,2,1
03,542100600300058005,1,2,2,2,2,1,2,2,1,2,1,2,1
03,542100600300068004,1,2,2,1,2,1,1,2,1,1,2,1,1
03,542100600300070221,1,2,2,1,2,1,1,2,1,2,1,2,1
03,542100600300118002,1,2,1,1,2,1,2,2,1,2,1,2,1
03,542100600300120394,1,2,2,1,2,1,1,2,1,2,1,2,1
03,542100600300148006,1,2,2,2,2,1,2,2,1,2,2,2,1
03,542100600300150507,1,2,2,2,1,1,1,2,1,2,1,1,1
03,542100600300160544,1,2,2,1,2,1,1,1,1,1,1,1,1
03,542201000000010013,1,2,2,1,2,1,2,2,1,2,2,2,1
03,542201000000020042,1,2,2,2,2,1,2,2,1,2,1,2,1
03,542201000000048001,1,2,2,1,2,1,2,2,1,2,2,2,1
03,542201000000050124,1,2,2,2,2,1,2,2,1,2,1,2,1
03,542201000000060151,1,2,2,2,2,1,2,2,1,2,2,2,1
03,542201000000070178,1,1,1,1,2,1,1,2,1,2,1,1,1
03,542201000000080204,1,2,1,2,1,1,1,2,1,2,1,2,1
03,542201000000090233,1,2,2,2,2,1,2,2,1,2,2,2,2
03,542201000000108002,1,2,1,2,2,1,2,2,1,2,1,2,1
03,542201000000110290,1,2,2,1,2,1,2,2,1,2,2,2,1
03,542201000000120319,1,2,2,2,1,1,2,2,1,2,2,2,2
03,542201000000130348,1,2,2,1,1,1,2,2,1,2,2,2,1
03,542201000000150405,1,2,2,2,2,1,2,2,1,2,2,2,1
03,690303100000010004,1,2,1,1,1,1,1,2,1,2,1,2,1
03,690303100000020023,1,2,2,2,2,2,2,2,2,2,2,2,1
03,690303100000030042,1,2,2,2,1,1,2,2,1,2,2,2,1
03,690303100000040061,1,1,2,1,1,1,2,2,1,2,1,1,1
03,690303100000050081,1,2,2,2,2,1,1,2,1,2,2,2,1
03,690303100000070119,1,2,1,1,2,1,1,1,1,2,1,2,1
03,690303100000080138,1,2,2,1,1,1,2,2,1,2,2,2,1
03,690303100000090157,1,2,2,2,2,1,2,2,1,2,2,2,1
03,690303100000100175,1,2,2,2,2,2,2,2,2,2,2,2,2
03,690303100000110194,1,2,1,1,2,1,2,2,1,2,2,2,1
03,690303100000140249,1,2,2,1,1,1,1,2,1,2,1,2,1
03,690303100000150268,1,2,2,1,1,1,2,2,1,2,2,2,1
03,690303100000160285,1,2,2,1,1,1,1,2,1,2,1,1,1
03,690303100000170304,1,2,2,2,2,1,2,2,2,2,2,2,1
03,690303100000180321,1,2,2,1,1,1,2,2,1,2,1,2,1
03,690400100200010022,1,2,2,2,2,1,2,2,1,2,2,2,1
03,690400100200020083,1,2,2,1,2,1,2,2,1,2,1,2,2
03,690400100200030142,1,2,1,1,2,1,2,2,1,2,1,2,1
03,690400100200040196,1,2,1,1,1,1,2,2,1,1,1,1,1
03,690400100200050256,1,2,2,2,1,2,2,2,2,2,2,2,1
03,690400100200060318,1,2,2,2,2,1,1,2,1,2,2,2,1
03,690400100200078001,1,2,2,2,2,2,2,2,2,2,2,2,1
03,690400500100010014,1,2,1,1,1,1,1,1,1,2,1,1,1
03,690400500100028001,1,2,2,2,2,1,2,2,1,2,1,2,1
03,690400500100058002,1,2,2,2,2,2,2,2,1,2,2,2,1
03,690400500100060101,1,2,2,1,2,1,1,2,1,1,1,2,1
03,690400500100070116,1,2,2,2,2,1,2,2,1,2,2,2,1
03,690400500100088005,1,2,1,1,2,1,2,2,1,2,2,2,1
03,690400500100090154,1,2,2,1,1,1,2,2,1,2,2,2,1
03,690400500100100172,1,2,1,1,2,1,1,1,1,2,1,1,1
03,690400500100118003,1,1,2,1,2,1,1,1,1,2,1,1,1
03,690400500100120210,1,2,2,1,2,1,2,2,1,2,2,1,1
03,690400500100140246,1,2,2,2,2,2,2,2,2,2,2,2,1
03,690400500100150265,1,2,2,1,1,1,1,1,1,2,1,1,1
03,690400500100160284,1,2,2,1,2,1,1,1,1,2,1,1,1
03,690400500100170303,1,2,2,1,2,1,1,1,2,2,1,1,1
03,690400500100180321,1,1,1,1,1,1,1,1,1,2,1,1,1
03,690402200100010017,1,2,1,1,2,1,2,2,1,1,1,2,1
03,690402200100020045,1,2,2,1,2,1,1,2,1,1,1,1,1
03,690402200100030078,1,2,2,1,2,1,2,2,1,2,1,2,1
03,690402200100040109,1,2,1,2,2,1,2,2,1,2,2,2,2
03,690402200100050139,1,2,2,2,2,2,2,2,2,2,2,2,1
03,690402200100068001,1,2,1,1,1,1,1,2,1,2,1,1,1
03,690402200100070201,1,2,2,2,1,1,2,2,1,2,1,2,1
03,690402200100080232,1,2,2,2,2,1,2,2,1,1,1,2,1
03,690402200100090262,1,2,2,2,2,2,2,2,2,2,2,2,2
03,690503700000010017,1,2,2,2,2,1,2,2,1,2,2,2,2
03,690503700000020045,1,2,2,2,1,1,2,2,1,2,2,2,1
03,690503700000030073,1,2,2,1,2,1,2,2,1,2,2,2,1
03,690503700000040099,1,2,2,2,1,2,2,2,1,2,2,2,1
03,690503700000050127,1,2,1,2,1,1,2,2,1,2,2,2,1
03,690503700000060154,1,2,1,1,1,1,2,2,1,1,1,2,1
03,690503700000070182,1,2,2,1,1,1,2,2,2,2,1,2,1
03,690503700000080210,1,2,1,1,2,1,1,2,1,2,2,2,1
03,690503700000090239,1,2,2,1,2,1,2,2,1,2,1,2,1
03,690503700000100268,1,2,2,2,2,1,2,2,2,2,2,2,2
03,690503700000110297,1,2,1,1,1,1,1,1,1,2,2,1,1
03,690503700000120325,1,2,2,2,2,2,2,2,1,2,2,2,2
03,690503700000130353,1,2,2,2,2,1,1,2,1,2,2,2,1
03,690503700000140382,1,2,1,1,1,1,1,2,1,2,2,2,1
03,690503700000158001,1,2,2,2,2,1,2,2,1,2,2,2,1
03,690503700000160440,1,2,2,1,2,1,1,1,1,1,1,2,1
03,690503700000170469,1,2,2,1,1,1,2,2,1,2,1,2,1
03,690503700000180496,1,2,1,1,2,1,2,2,2,2,1,2,1
03,690601100000010016,1,2,2,1,1,1,1,2,1,2,1,2,1
03,690601100000020049,1,2,2,1,1,1,1,2,1,2,1,2,1
03,690601100000030083,1,2,2,2,1,1,2,2,1,2,2,2,1
03,690601100000040113,1,2,2,2,2,1,2,2,1,2,2,2,1
03,690601100000050146,1,2,2,2,1,1,1,2,1,2,1,2,1
03,690601100000060180,1,2,2,1,2,1,2,2,1,2,2,2,1
03,690601100000070214,1,2,2,2,2,1,2,2,2,2,2,2,1
03,690601100000080249,1,2,2,2,2,2,2,2,2,2,2,2,2
03,690601100000100315,1,2,2,1,2,1,2,2,1,2,2,2,2
03,690601100000110347,1,2,2,1,1,1,1,1,1,2,1,1,1
03,690601100000120379,1,2,2,1,1,1,1,2,2,2,2,2,1
03,690601100000130412,1,2,2,1,2,1,2,2,2,2,2,2,1
03,690601100000140447,1,2,2,2,2,1,2,2,2,2,1,2,1
03,690601100000150481,1,2,2,2,1,2,1,2,1,2,2,2,1
03,690601100000160514,1,2,2,1,1,1,2,2,1,2,2,2,2
03,690601100000170546,1,2,1,1,1,1,1,2,1,2,2,2,1
03,690901800000020036,1,2,1,1,1,1,1,1,1,2,1,1,1
03,690901800000030056,1,2,2,2,2,1,2,2,1,2,2,2,1
03,690901800000040081,1,2,2,1,1,1,2,2,1,2,2,2,1
03,690901800000050105,1,2,2,2,2,1,1,2,1,2,2,2,1
03,690901800000060130,1,2,2,1,1,1,1,2,1,2,1,2,1
03,690901800000070156,1,2,2,2,2,1,2,2,2,2,2,2,1
03,690901800000080181,1,2,2,2,2,2,2,2,2,2,2,2,2
03,690901800000088002,1,2,2,2,1,1,2,2,1,2,2,2,1
03,690901800000100230,1,2,2,1,1,1,1,2,1,2,2,2,1
03,690901800000110254,1,2,2,2,1,1,2,2,1,2,2,2,1
03,690901800000120277,1,2,2,2,2,2,2,2,2,2,2,2,2
03,690901800000140326,1,2,2,1,2,1,2,2,1,2,2,2,1
03,690901800000150349,1,2,2,1,2,1,2,2,1,2,2,2,1
03,690901800000168001,1,2,1,2,2,1,2,2,1,2,2,2,1
03,690901800000170399,1,2,2,1,2,1,2,2,1,2,2,2,1
03,691000300000020027,1,2,2,2,1,1,2,2,1,2,2,2,1
03,691000300000030043,1,2,2,2,2,1,2,2,1,2,2,2,1
03,691000300000040059,1,2,2,1,2,1,2,2,2,2,2,2,1
03,691000300000050075,1,2,2,2,1,1,2,2,2,2,2,2,1
03,691000300000060091,1,2,2,1,2,1,2,2,1,2,2,2,1
03,691000300000070106,1,2,2,2,1,1,2,2,1,2,2,2,1
03,691000300000090138,1,2,2,2,2,1,2,2,2,2,1,2,1
03,691000300000110170,1,2,2,2,1,1,2,2,1,2,2,2,1
03,691000300000130201,1,2,2,1,1,1,2,2,1,2,1,2,1
03,691000300000148001,1,2,2,2,2,2,2,2,2,2,2,2,1
03,691000300000150232,1,2,1,1,2,1,2,2,1,2,1,2,1
03,691000300000160247,1,2,2,2,1,1,2,2,2,2,2,2,1
03,691000300000170263,1,2,2,2,2,2,2,2,1,2,2,2,2
03,691002400300010014,1,2,2,1,1,1,2,2,1,2,2,2,1
03,691002400300030079,1,2,2,1,1,1,2,2,1,2,1,2,1
03,691002400300040109,1,2,2,1,2,1,1,2,1,2,1,2,1
03,691002400300050141,1,2,2,2,2,2,2,2,1,2,2,2,1
03,691002400300060172,1,2,2,1,2,1,2,2,1,2,2,2,1
03,691002400300070205,1,2,2,2,1,2,2,2,1,2,2,2,1
03,691002400300088001,1,2,2,1,1,1,2,2,1,2,1,2,1
03,691002400300090265,1,2,2,2,2,2,2,2,2,2,2,2,2
03,691002400300100291,1,2,2,1,1,1,1,2,1,1,1,1,1
03,691002400300118003,1,2,2,2,2,2,2,2,1,2,2,2,2
03,691002400300120348,1,2,2,2,2,1,1,2,1,2,1,2,1
03,691002400300130378,1,2,2,2,1,1,2,2,1,2,2,2,2
03,691002400300140406,1,2,2,1,1,1,1,2,1,2,2,2,1
03,691002400300158004,1,2,2,2,2,2,2,2,1,2,2,2,2
03,691100400200010015,1,2,2,2,1,2,2,2,2,2,2,2,2
03,691100400200020038,1,2,2,2,2,1,2,2,1,2,2,2,2
03,691100400200030061,1,2,1,1,2,1,2,2,1,2,1,1,1
03,691100400200050108,1,2,2,2,1,1,1,2,1,2,2,2,1
03,691100400200060131,1,2,2,2,2,1,2,2,1,2,2,2,1
03,691100400200070153,1,2,1,1,2,1,2,2,1,2,2,2,1
03,691100400200080177,1,2,2,1,2,1,2,2,1,2,2,2,1
03,691100400200090199,1,2,1,2,1,1,2,2,2,2,2,2,1
03,691100400200100216,1,2,2,2,1,1,2,2,2,2,2,2,1
03,691100400200110238,1,2,2,2,2,2,2,2,2,2,2,2,1
03,691100400200130282,1,2,2,2,2,1,2,2,1,2,2,2,1
03,691100800000010012,1,2,2,2,1,2,2,2,1,2,2,2,1
03,691100800000020028,1,2,2,2,2,1,1,2,2,2,2,2,1
03,691100800000030044,1,2,2,1,1,1,1,2,1,2,2,2,1
03,691100800000040060,1,2,2,1,2,1,2,2,1,2,1,2,1
03,691100800000050075,1,2,2,1,2,1,1,2,1,2,2,2,1
03,691100800000060090,1,2,1,1,2,1,1,1,1,1,2,2,1
03,691100800000080122,1,2,2,2,2,2,2,2,2,2,2,2,2
03,691100800000090135,1,2,1,1,2,1,1,2,1,1,1,1,1
03,691100800000100150,1,2,2,1,2,1,2,2,1,2,2,2,1
03,691100800000110165,1,2,2,2,2,2,2,2,2,2,2,2,1
03,691100800000120181,1,2,2,1,2,1,2,2,1,2,2,2,1
03,691100800000140213,1,2,2,1,2,1,1,2,1,2,2,2,1
03,691100800000150229,1,2,2,2,2,1,2,2,2,2,2,2,2
03,691400600000010231,1,2,1,1,1,1,1,2,1,2,1,2,1
03,691401400000010012,1,2,2,1,2,1,1,2,1,2,1,2,1
03,691401400000028001,1,2,1,1,2,1,1,2,1,2,1,2,1
03,691401400000030043,1,2,2,2,1,1,2,2,2,2,2,2,1
03,691401400000040059,1,2,1,1,1,1,1,2,1,1,1,1,1
03,691401400000050075,1,2,1,1,1,1,1,1,1,2,2,1,1
03,691401400000070107,1,2,2,2,2,1,2,2,1,2,2,2,1
03,691401400000080123,1,2,2,1,1,1,2,2,1,2,2,2,1
03,691401400000110169,1,2,2,1,1,1,2,2,1,2,1,2,1
03,691401400000120181,1,2,2,2,2,1,2,2,1,2,2,2,2
03,691401400000130197,1,2,2,2,1,1,2,2,1,2,1,2,1
03,691401400000140211,1,2,2,1,1,1,1,2,1,2,2,2,2
03,691401400000150227,1,2,2,2,2,1,2,2,1,2,2,2,1
03,691401400000160242,1,2,2,1,1,1,2,2,1,2,1,2,1
03,691401400000170258,1,2,2,2,2,2,2,2,2,2,2,2,2
03,691401400000180274,1,2,2,2,2,1,2,2,1,2,1,2,1
03,691401400000190290,1,1,1,2,1,1,2,2,1,2,1,2,1
03,691401400000200305,1,2,2,2,2,1,2,2,1,2,2,2,1
03,691601200200010014,1,2,1,1,1,1,1,2,1,2,1,1,1
03,691601200200020043,1,2,2,2,1,1,2,2,2,2,2,1,1
03,691601200200030071,1,2,2,1,2,1,2,2,1,2,1,2,1
03,691601200200040102,1,2,2,1,2,1,2,2,1,2,1,2,1
03,691601200200060164,1,2,2,2,2,2,2,2,2,2,2,2,2
03,691601200200070191,1,2,1,2,1,1,2,2,1,2,2,2,1
03,691601200200080220,1,2,1,1,1,1,2,2,1,2,1,2,1
03,691601200200098002,1,2,2,1,1,1,2,2,1,2,2,2,1
03,691601200200100280,1,2,2,1,1,1,2,2,1,2,1,1,1
03,691601200200110310,1,2,1,2,1,1,2,2,1,2,2,2,2
03,691601200200120339,1,2,2,1,1,1,1,2,1,1,1,1,1
03,691601200200130369,1,2,2,1,1,1,2,2,1,2,1,2,1
03,691601200200158003,1,2,2,2,2,2,2,2,2,2,2,2,1
03,691601200200160457,1,2,2,2,2,1,2,2,1,2,2,2,1
03,691601200200170485,1,2,2,1,2,1,1,2,1,2,1,1,1
03,691605200400018001,1,2,2,2,2,2,2,2,1,2,2,2,2
03,691605200400020108,1,2,2,2,2,2,2,2,1,2,2,2,1
03,691605200400030162,1,2,2,2,2,1,2,2,1,2,2,2,2
03,691605200400050267,1,2,2,2,2,1,2,2,1,2,2,2,2
03,691605200400060023,1,2,1,1,1,1,1,1,1,2,1,1,1
03,691605200400070073,1,2,2,1,2,1,2,2,1,2,2,2,1
03,691605200400080125,1,2,2,1,1,1,2,2,1,2,1,2,1
03,691605200400090177,1,2,2,1,2,1,2,2,1,2,1,2,1
03,691605200400100229,1,2,2,2,2,1,2,2,1,2,1,2,2
03,691605200400110282,1,2,1,1,1,1,1,2,1,2,1,1,1
03,691605200400128002,1,2,1,1,1,1,2,2,1,2,1,2,1
03,691605200400140435,1,2,2,2,2,1,2,1,1,2,2,2,1
03,691606700200010004,1,2,2,2,2,1,2,2,1,2,1,2,1
03,691606700200020037,1,2,2,1,2,1,2,2,1,2,2,2,1
03,691606700200038002,1,2,1,1,1,1,1,2,1,2,1,1,1
03,691606700200040095,1,2,1,1,1,1,1,2,1,2,1,2,1
03,691606700200050124,1,2,2,1,2,1,2,2,1,2,2,1,1
03,691606700200060153,1,2,2,2,2,1,2,2,1,2,2,2,1
03,691606700200080211,1,2,2,1,1,1,1,2,1,2,1,2,1
03,691606700200090240,1,2,2,1,2,1,2,2,1,2,2,2,2
03,691606700200110298,1,2,2,1,1,1,2,2,1,2,2,2,1
03,691606700200120327,1,2,2,2,2,1,2,2,1,2,2,2,1
03,691606700200130359,1,2,2,2,2,2,2,2,1,2,1,2,1
03,691606700200140388,1,2,2,1,2,1,1,2,1,2,1,2,1
03,691606700200150417,1,1,1,1,1,1,1,1,1,1,1,1,1
03,691606700200160446,1,2,2,1,2,1,2,2,1,2,2,1,1
03,691606700200170475,1,2,1,1,1,1,1,1,1,1,1,1,1
03,691606700200180504,1,2,2,2,2,1,2,2,1,2,2,2,2
03,691606700200190533,1,1,1,1,1,1,1,1,1,1,1,1,1
03,710600200000010009,1,2,2,1,1,1,2,2,1,2,1,2,1
03,710600200000020035,1,2,2,1,2,1,1,2,1,2,2,2,2
03,710600200000040078,1,2,2,2,2,1,2,2,1,2,1,2,1
03,710600200000050099,1,2,1,2,2,2,2,2,1,2,2,2,2
03,710600200000060120,1,2,2,2,1,2,2,2,2,2,2,2,2
03,710600200000070143,1,2,2,1,2,1,1,2,2,2,1,2,1
03,710600200000080166,1,2,2,1,2,1,2,2,1,2,2,2,1
03,710600200000110233,1,2,2,2,1,1,1,2,2,2,1,2,2
03,710600200000128001,1,2,2,2,2,2,2,2,1,2,2,2,2
03,710600200000158003,1,2,2,1,2,1,2,2,1,2,1,2,1
03,710701400800010021,1,2,2,1,1,1,1,2,1,2,2,2,1
03,710701400800020041,1,2,2,1,2,1,1,2,1,2,2,2,2
03,710701400800030065,1,2,2,1,2,1,1,2,1,2,1,2,2
03,710701400800040084,1,2,1,1,2,1,1,2,1,2,1,2,2
03,710701400800060127,1,2,2,1,2,2,2,2,1,2,2,2,2
03,710701400800080167,1,2,2,1,2,1,1,2,1,2,1,2,2
03,710701400800160336,1,2,1,1,1,1,1,2,1,2,2,2,2
03,710701400800178002,1,2,2,1,2,1,2,2,1,2,2,2,2
03,710701400800180380,1,2,2,1,2,1,2,2,1,2,2,2,2
03,710701700100010030,1,2,1,2,1,1,1,2,1,2,2,1,1
03,710701700100020076,1,2,2,2,2,1,2,2,1,2,2,2,2
03,710701700100040168,1,2,2,1,2,1,2,2,1,2,2,2,2
03,710701700100068001,1,2,2,1,2,1,2,2,1,2,2,2,2
03,710701700100070314,1,2,2,2,2,1,2,2,1,2,2,2,2
03,710701700100080026,1,2,1,1,2,1,2,2,1,2,2,2,2
03,710701700100100119,1,2,1,2,1,1,1,2,1,2,2,2,2
03,710701700100110165,1,2,2,1,1,1,2,2,1,2,2,2,2
03,710701700100138003,1,2,1,1,2,1,2,2,1,2,1,2,2
03,710701700100148008,1,2,2,2,2,2,2,2,1,2,2,2,2
03,710701700100158007,1,2,1,1,1,1,1,1,1,2,1,1,2
03,710701700100168005,1,2,1,2,2,1,1,1,1,2,1,2,2
03,710701800400010033,1,2,2,2,2,1,1,2,1,2,2,2,1
03,710701800400020100,1,2,2,2,2,2,1,1,1,2,1,2,2
03,710701800400030169,1,2,2,2,2,1,1,1,1,2,2,2,2
03,710701800400048001,1,2,2,1,2,1,1,2,1,2,1,2,1
03,710701800400060370,1,2,2,1,1,1,1,2,1,2,1,1,1
03,711201400000010025,1,2,2,1,1,1,2,2,1,2,1,2,2
03,711201400000030066,1,2,2,1,1,1,2,2,1,2,1,2,2
03,711201400000050115,1,2,2,2,1,1,1,2,1,2,2,2,2
03,711201400000070158,1,2,2,1,1,1,1,2,1,1,2,1,1
03,711201400000080181,1,2,1,1,2,1,2,2,1,2,1,2,1
03,711201400000098002,1,2,2,2,2,2,2,2,1,2,2,2,1
03,711201400000100225,1,2,2,1,2,1,2,2,1,2,2,2,2
03,711201400000130298,1,1,1,1,2,1,1,2,1,1,1,1,2
03,711201400000140321,1,2,2,1,2,1,1,2,1,2,2,2,1
03,711201400000158003,1,2,2,1,1,1,2,2,1,2,1,2,1
03,711201400000160366,1,2,2,2,2,2,2,2,1,2,2,2,2
03,711201400000188001,1,2,2,1,2,1,1,2,1,1,1,2,1
03,711300400000010041,1,2,2,1,1,1,1,2,1,2,1,1,1
03,711300400000020083,1,2,1,1,1,1,1,2,1,2,1,1,1
03,711300400000040164,1,2,1,1,1,1,1,2,1,1,1,2,1
03,711300400000050205,1,2,2,2,2,2,2,2,1,2,2,2,2
03,711300400000060248,1,2,2,1,2,1,2,2,1,2,2,2,1
03,711300400000080332,1,2,2,1,2,1,2,2,1,2,2,2,1
03,711300400000090371,1,2,1,1,2,1,1,2,1,2,1,2,1
03,711300400000100410,1,2,2,2,2,2,2,2,2,2,2,2,2
03,711300400000120487,1,2,2,2,2,1,2,2,1,2,2,2,2
03,711300400000130526,1,2,2,1,1,1,1,2,1,2,1,2,1
03,711300400000140565,1,2,2,2,2,1,2,2,1,2,2,2,1
03,711300400000150605,1,2,2,1,1,1,2,2,1,2,2,2,1
03,711300400000160644,1,2,2,1,1,1,1,2,1,2,2,1,1
03,711301100100020046,1,2,2,2,2,1,1,2,1,2,2,2,1
03,711301100100030077,1,2,2,1,2,1,1,1,1,2,1,2,2
03,711301100100040110,1,2,1,1,2,1,1,1,1,1,1,2,1
03,711301100100050144,1,2,2,1,2,1,1,2,1,2,2,2,1
03,711301100100060178,1,2,2,2,1,2,2,2,1,2,2,2,2
03,711301100100080241,1,2,2,2,2,1,1,2,1,1,1,2,1
03,711301100100128001,1,2,2,2,2,1,2,2,1,2,2,2,2
03,711301100100130406,1,2,2,1,2,1,1,2,1,2,2,2,1
03,711302300000028002,1,2,2,2,1,1,1,2,1,2,2,2,1
03,711302300000050116,1,2,2,1,2,2,2,2,1,2,2,2,2
03,711302300000060140,1,2,1,2,2,1,2,2,1,2,2,2,1
03,711302300000080179,1,2,2,1,1,1,1,2,1,2,2,1,1
03,711302300000110252,1,2,2,2,2,2,2,2,2,2,2,2,2
03,711302300000120278,1,2,2,2,2,1,2,2,1,2,2,2,2
03,711302300000130302,1,2,2,2,1,1,2,2,1,2,2,2,2
03,711302300000140326,1,2,2,1,1,1,1,2,1,2,2,2,1
03,711302300000168001,1,2,2,1,1,1,1,2,1,2,1,1,1
03,711302800000010026,1,2,2,2,1,1,1,2,2,2,1,2,1
03,711302800000030072,1,2,2,1,1,1,2,2,1,2,1,2,1
03,711302800000040096,1,2,2,1,2,1,1,2,1,2,2,1,2
03,711302800000050120,1,2,2,1,1,1,2,2,2,2,2,2,1
03,711302800000060144,1,2,2,1,1,1,2,2,2,2,2,2,1
03,711302800000078002,1,2,2,1,2,1,1,2,2,2,1,2,2
03,711302800000080192,1,2,2,2,1,2,2,2,2,2,2,2,2
03,711302800000100240,1,2,2,2,1,1,2,2,2,2,2,2,1
03,711302800000130312,1,2,2,2,2,1,2,2,2,2,2,2,1
03,711302800000140336,1,2,2,1,2,1,1,2,1,2,1,1,1
03,711302800000150360,1,2,2,1,1,1,2,2,2,2,1,2,2
03,711302800000160384,1,2,2,1,2,1,2,2,2,2,2,2,2
03,770202300000030045,1,2,2,2,2,1,2,2,2,2,2,2,1
03,770202300000050081,1,2,2,2,2,1,2,2,2,2,2,2,1
03,770202300000060098,1,2,1,1,2,1,2,2,1,2,1,2,1
03,770202300000070116,1,2,1,1,1,1,2,2,1,2,1,2,1
03,770202300000080133,1,2,2,2,2,1,2,2,1,2,2,2,1
03,770202300000100169,1,2,2,2,2,1,2,2,2,2,2,2,2
03,770202300000120204,1,2,2,1,1,1,1,2,1,2,1,2,1
03,770202300000130222,1,2,2,2,2,1,1,2,1,2,2,2,1
03,770202300000150257,1,2,2,2,1,1,2,2,1,2,2,2,1
03,770202300000160274,1,2,2,2,2,1,2,2,2,2,2,2,1
03,770601900000040090,1,2,2,2,2,2,2,2,2,2,2,2,2
03,770601900000050118,1,2,2,1,2,2,2,2,1,2,2,2,2
03,770601900000060143,1,2,2,1,2,1,1,2,2,2,2,2,1
03,770601900000070170,1,2,2,1,1,1,1,2,1,2,2,2,1
03,770601900000080196,1,2,1,1,2,1,1,2,1,2,2,1,1
03,770601900000090224,1,2,2,2,1,1,2,2,2,2,2,2,2
03,770601900000100248,1,2,2,2,2,2,2,2,2,2,2,2,2
03,770601900000110275,1,2,2,1,1,1,1,2,1,2,2,1,1
03,770601900000128002,1,2,2,2,2,1,2,2,2,2,2,2,2
03,770601900000140356,1,2,1,1,1,1,1,2,1,2,1,1,1
03,770601900000150380,1,2,2,1,1,1,2,2,1,2,2,2,2
05,050202100000010024,1,2,2,1,2,1,2,2,1,2,2,2,2
05,050202100000020053,1,2,2,2,2,1,1,2,1,2,2,2,2
05,050202100000040111,1,2,2,2,2,2,2,2,2,2,2,2,2
05,050202100000050140,1,2,2,2,1,1,2,2,2,2,2,2,2
05,050202100000060170,1,2,1,2,2,1,1,2,1,2,2,2,2
05,050202100000070198,1,2,2,2,1,2,2,2,2,2,2,2,2
05,050202100000080226,1,2,2,2,1,1,2,2,1,2,2,2,2
05,050202100000090253,1,2,2,1,1,1,2,2,2,2,2,2,2
05,050202100000130372,1,2,2,2,1,1,2,2,1,2,2,2,2
05,050202100000160457,1,2,2,2,2,1,2,2,1,2,2,2,2
05,050202100000180514,1,2,2,2,2,1,2,2,2,2,2,2,2
05,050202100000190544,1,2,2,2,1,1,2,2,2,2,2,2,2
05,050203300000020026,1,2,2,2,1,1,2,2,1,2,2,2,2
05,050203300000030049,1,2,2,2,2,1,2,2,1,2,2,2,2
05,050203300000040075,1,2,2,2,2,1,2,2,1,2,2,2,2
05,050203300000050099,1,2,2,2,1,2,2,2,2,2,2,2,2
05,050203300000070150,1,2,2,2,2,1,2,2,1,2,2,2,2
05,050203300000090199,1,2,2,2,2,2,2,2,2,2,2,2,2
05,050203300000100223,1,2,2,2,1,2,2,2,2,2,2,2,2
05,050203300000128001,1,2,2,1,1,2,2,2,2,2,1,2,2
05,050203300000160366,1,2,2,1,2,1,2,2,1,2,2,2,2
05,050203300000170391,1,2,2,2,2,2,2,2,2,2,2,2,2
05,050203300000180415,1,2,2,1,1,1,1,2,1,2,2,2,2
05,050203300000190441,1,2,1,1,1,1,1,2,1,1,2,1,1
05,050302200000020027,1,2,2,1,2,2,2,2,1,2,2,2,1
05,050302200000040057,1,2,2,2,1,1,1,2,1,2,2,2,1
05,050302200000060087,1,2,1,1,1,1,1,1,1,1,1,1,1
05,050302200000078004,1,2,2,1,1,1,1,2,1,2,2,1,1
05,050302200000078005,1,2,2,1,1,1,2,2,1,2,2,1,1
05,050302200000090143,1,2,2,1,1,1,1,2,1,2,1,2,1
05,050302200000100162,1,2,2,1,1,1,2,2,1,2,2,2,1
05,050302200000110181,1,2,1,1,1,1,1,1,1,2,2,1,1
05,050302200000120202,1,2,2,1,1,1,1,2,1,2,1,1,1
05,050302200000140239,1,2,2,1,1,1,1,2,1,2,2,2,1
05,050302200000158001,1,2,1,1,1,1,1,2,1,2,1,1,1
05,050302200000180322,1,2,1,1,1,1,2,2,1,2,2,2,1
05,050302200000198003,1,2,2,2,1,2,2,2,2,2,2,2,1
05,050305300200010014,1,2,2,1,1,1,1,2,1,2,1,2,1
05,050305300200020047,1,2,2,1,1,1,1,2,1,2,1,1,1
05,050305300200040110,1,2,2,1,2,1,1,2,1,2,2,2,1
05,050305300200050145,1,2,2,1,1,1,2,2,1,2,1,2,1
05,050305300200060176,1,2,2,1,1,1,1,2,1,2,2,1,1
05,050305300200070207,1,2,1,1,1,1,1,2,1,2,1,2,1
05,050305300200090271,1,1,2,1,1,1,1,2,1,2,1,1,1
05,050305300200100305,1,2,2,1,2,1,2,2,1,2,2,2,1
05,050305300200110340,1,2,2,1,2,1,1,2,1,1,1,2,1
05,050305300200128001,1,2,2,1,1,1,1,2,1,2,2,2,1
05,050305300200130401,1,2,1,1,1,1,1,2,1,2,1,2,1
05,050305300200140435,1,2,2,1,1,1,2,2,1,2,2,2,1
05,050305300200150468,1,2,2,1,2,1,1,2,1,2,1,1,1
05,050305300200170535,1,2,1,1,1,1,1,2,1,2,1,1,1
05,050305300200220690,1,2,2,2,1,1,1,2,1,2,2,2,1
05,050305300200230724,1,1,1,1,1,1,1,1,1,2,1,1,1
05,050305300200260825,1,2,2,2,1,1,2,2,1,2,2,2,1
05,050600200000010013,1,2,2,1,2,1,2,2,2,2,2,2,1
05,050600200000020029,1,2,2,2,1,1,2,2,2,2,2,2,2
05,050600200000070105,1,2,2,2,2,1,2,2,2,2,2,2,1
05,050600200000080121,1,2,2,1,2,2,2,2,1,2,2,2,1
05,050600200000090136,1,2,2,1,1,1,1,2,1,2,2,2,1
05,050600200000110166,1,2,2,1,1,1,2,2,1,2,2,2,1
05,050600200000120181,1,2,2,1,2,1,2,2,2,2,2,2,2
05,050600200000170251,1,2,2,1,1,1,1,1,1,2,2,2,1
05,050602900000010009,1,1,1,1,2,1,2,2,1,2,1,2,2
05,050602900000020031,1,2,2,1,2,1,1,1,1,2,2,1,2
05,050602900000040076,1,2,2,1,2,1,2,2,1,2,2,2,2
05,050602900000050099,1,2,2,1,1,1,2,2,1,2,2,2,2
05,050602900000060121,1,2,2,1,2,1,1,2,1,2,2,2,2
05,050602900000070144,1,2,2,2,2,2,2,2,2,2,2,2,2
05,050602900000090189,1,2,2,1,2,1,2,2,1,2,2,2,2
05,050602900000110234,1,2,2,1,2,1,2,2,1,2,2,2,2
05,050602900000120256,1,2,2,1,2,1,1,2,2,2,2,2,2
05,050602900000130279,1,2,2,2,2,2,2,2,2,2,2,2,2
05,050602900000150323,1,2,2,2,2,1,2,2,1,2,2,2,2
05,050602900000160344,1,2,2,1,1,1,2,2,1,2,2,2,2
05,050602900000170364,1,2,2,2,1,1,2,2,1,2,2,2,2
05,050602900000180389,1,2,2,2,1,1,2,2,1,2,2,2,2
05,050602900000190409,1,1,1,1,1,1,1,1,1,1,1,1,2
05,050605500200010011,1,2,2,1,1,1,2,2,1,2,2,2,1
05,050605500200050107,1,2,1,1,1,1,1,2,1,2,1,2,1
05,050605500200060130,1,1,1,1,2,1,1,2,1,2,1,1,1
05,050605500200070156,1,2,1,2,1,1,1,1,1,2,2,2,1
05,050605500200080182,1,2,2,1,2,1,1,2,1,2,2,2,1
05,050605500200120281,1,2,2,1,1,1,1,2,1,2,1,1,1
05,050605500200130306,1,1,1,1,1,2,1,2,1,2,2,1,1
05,050605500200148001,1,2,2,1,2,1,1,2,2,2,1,2,1
05,050605500200150355,1,2,2,1,1,1,2,2,1,2,2,2,1
05,050605500200160381,1,2,2,1,1,1,2,2,1,2,1,2,1
05,050605500200170406,1,2,2,1,1,1,2,2,1,2,2,2,1
05,050605500200180432,1,2,2,1,2,1,1,2,1,2,1,1,1
05,050606100000028003,1,2,2,2,1,1,2,2,1,2,2,2,1
05,050606100000030066,1,2,2,2,1,1,2,2,2,2,2,2,2
05,050606100000040085,1,2,2,2,1,2,2,2,2,2,2,2,1
05,050606100000060126,1,2,2,2,1,1,2,2,2,2,2,2,1
05,050606100000088001,1,2,2,1,2,1,2,2,1,2,2,2,1
05,050606100000090401,1,2,2,2,1,1,2,2,2,2,2,2,1
05,050606100000100209,1,2,2,1,1,1,2,2,2,2,2,2,1
05,050606100000130223,1,2,2,1,2,1,1,1,1,2,2,2,1
05,050606100000140245,1,2,2,2,2,2,2,2,2,2,2,2,1
05,050606100000150300,1,2,2,2,2,2,2,2,2,2,2,2,2
05,050606100000160282,1,2,2,2,1,1,2,2,1,2,2,2,1
05,050703100200048002,1,2,2,2,2,1,2,2,2,2,2,2,1
05,050703100200050100,1,2,2,1,2,1,1,2,1,2,2,2,1
05,050703100200090180,1,2,2,2,2,1,2,2,2,2,2,2,2
05,050703100200110222,1,2,2,2,2,1,2,2,2,2,2,2,2
05,050703100200120242,1,2,2,2,2,2,2,2,2,2,2,2,2
05,050703100200138003,1,2,2,2,2,2,2,2,2,2,2,2,2
05,050703100200140284,1,2,2,2,2,1,2,2,1,2,2,2,1
05,050703100200160323,1,2,2,1,1,1,1,2,1,2,2,2,1
05,050803000100020038,1,2,1,1,2,1,2,2,1,2,2,2,1
05,050803000100030057,1,2,2,2,1,1,2,2,1,2,2,2,1
05,050803000100060114,1,2,2,2,1,1,1,2,2,2,2,2,1
05,050803000100080148,1,2,2,2,1,1,2,2,1,2,2,2,1
05,050803000100100185,1,2,1,1,2,1,1,2,1,2,2,2,1
05,050803000100110204,1,2,2,2,1,1,2,2,2,2,2,2,2
05,050803000100128002,1,2,2,2,2,1,1,2,1,2,2,2,1
05,050803000100140258,1,2,2,1,2,1,1,2,1,2,1,1,1
05,050803000100150278,1,2,2,2,2,2,2,2,2,2,2,2,2
05,050803000100160298,1,2,2,2,2,2,2,2,2,2,2,2,2
05,050803000100170317,1,2,2,1,1,1,2,2,1,2,2,2,1
05,050901600000028002,1,2,2,2,1,2,2,2,2,2,2,2,2
05,050901600000030057,1,2,2,1,1,2,2,2,1,2,2,2,1
05,050901600000040076,1,2,2,1,2,1,2,2,2,2,2,2,1
05,050901600000050095,1,2,2,2,2,2,2,2,2,2,2,2,2
05,050901600000060112,1,2,2,2,2,1,2,2,2,2,2,2,2
05,050901600000080149,1,1,2,1,1,2,2,2,1,2,2,2,1
05,050901600000100186,1,2,2,1,1,2,2,2,1,2,2,2,1
05,050901600000110206,1,2,2,1,2,1,2,2,2,2,2,2,1
05,050901600000120225,1,2,2,2,2,2,2,2,2,2,2,2,1
05,050901600000130243,1,2,2,2,1,2,2,2,2,2,2,2,1
05,050901600000150280,1,2,2,2,1,1,2,2,2,2,2,2,2
05,050901600000160299,1,2,2,2,2,2,2,2,2,2,2,2,1
05,050901600000180336,1,2,2,1,1,1,2,2,2,2,2,2,1
05,051201200000010023,1,2,2,1,1,1,2,2,1,2,2,2,1
05,051201200000038002,1,2,2,2,1,1,2,2,2,2,2,2,2
05,051201200000040082,1,2,2,2,1,1,2,2,1,2,2,2,2
05,051201200000050101,1,1,2,2,1,1,2,2,1,2,1,2,1
05,051201200000060120,1,2,2,1,2,1,2,2,1,2,2,2,1
05,051201200000070140,1,2,2,2,1,2,2,2,2,2,1,2,2
05,051201200000088001,1,2,2,1,2,1,2,2,1,2,2,2,1
05,051201200000090181,1,2,2,2,2,1,2,2,2,2,2,2,2
05,051201200000100201,1,2,2,2,2,1,1,2,2,2,2,2,2
05,051201200000118003,1,2,2,2,2,2,2,2,2,2,2,2,2
05,051201200000120239,1,2,2,1,1,1,2,2,2,2,2,2,1
05,051201200000130258,1,2,2,1,2,2,1,2,1,2,2,2,1
05,051201200000140278,1,2,2,2,1,1,2,2,1,2,2,2,1
05,051201200000150297,1,2,2,2,1,2,2,2,1,2,2,2,2
05,051201200000160316,1,2,2,2,1,1,2,2,1,2,2,2,1
05,051201200000180355,1,2,2,2,2,1,2,2,1,2,2,2,1
05,051201200000190374,1,2,2,1,1,1,2,2,2,2,2,2,1
05,051300300000030047,1,2,2,2,2,1,2,2,1,2,2,2,1
05,051300300000040098,1,2,2,2,1,2,2,2,2,2,2,2,2
05,051300300000058001,1,2,2,2,2,1,2,2,1,2,2,2,1
05,051300300000060114,1,2,2,2,1,1,2,2,2,2,2,2,1
05,051300300000080158,1,2,2,2,2,1,2,2,2,2,2,2,1
05,051300300000090181,1,2,2,2,2,1,2,2,1,2,2,2,1
05,051300300000100203,1,2,2,1,2,1,2,2,1,2,2,2,1
05,051300300000110226,1,2,2,2,2,2,2,2,1,2,2,2,1
05,051300300000130272,1,2,2,1,2,1,1,2,1,2,2,2,1
05,051303300000010002,1,2,2,1,1,1,2,2,1,2,2,2,1
05,051303300000028004,1,1,2,1,2,1,2,2,1,2,1,2,1
05,051303300000030043,1,2,2,1,2,1,2,2,1,2,2,2,1
05,051303300000048003,1,2,2,1,2,1,2,2,1,2,2,2,1
05,051303300000050081,1,2,2,2,2,2,2,2,2,2,2,2,1
05,051303300000060103,1,2,1,1,2,1,1,2,1,1,1,1,1
05,051303300000070123,1,2,2,2,2,1,2,2,2,2,2,2,1
05,051303300000088001,1,2,2,1,1,2,2,2,1,2,2,2,1
05,051303300000090162,1,2,2,2,2,1,2,2,2,2,2,2,1
05,051303300000108005,1,2,2,2,2,1,2,2,2,2,2,2,1
05,051303300000110206,1,2,2,2,2,1,2,2,1,2,2,2,1
05,051303300000120228,1,2,2,2,2,1,2,2,2,2,2,2,1
05,051303300000150293,1,2,2,1,2,1,2,2,2,2,2,2,1
05,051303300000160315,1,2,2,2,2,1,2,2,2,2,2,2,1
05,051402300000020041,1,2,2,2,2,1,2,2,1,2,2,2,2
05,051402300000030061,1,2,2,2,1,1,2,2,1,2,2,2,1
05,051402300000040081,1,1,2,2,2,1,2,2,2,2,2,2,2
05,051402300000050101,1,2,2,2,1,1,1,2,1,1,2,2,2
05,051402300000060120,1,2,2,2,2,1,2,2,2,2,2,2,1
05,051402300000070141,1,2,2,1,1,1,1,2,1,2,2,2,1
05,051402300000188001,1,2,2,1,2,1,1,2,1,2,1,2,1
05,051402300000198004,1,1,1,1,2,1,2,2,1,2,2,1,1
05,051402300000208003,1,2,2,1,2,1,1,2,1,2,2,2,1
05,051402300000220218,1,2,2,2,2,1,2,2,1,2,2,2,2
05,051402300000240257,1,2,2,1,1,1,2,2,1,2,2,2,1
05,051402300000260294,1,2,2,1,2,2,2,2,2,2,2,2,1
05,051402300000280332,1,2,2,1,2,1,2,2,1,2,2,2,2
05,051402300000290348,1,2,2,1,2,1,2,2,1,2,2,2,1
05,051500700000010004,1,2,2,2,2,1,2,2,2,2,2,2,2
05,051500700000020015,1,2,2,2,2,2,2,2,2,2,2,2,2
05,051500700000040039,1,2,2,2,2,1,2,2,2,2,2,2,1
05,051500700000070074,1,2,2,1,1,1,2,2,1,2,2,2,1
05,051500700000080085,1,2,2,1,2,1,2,2,2,2,2,2,1
05,051500700000090097,1,2,2,1,2,1,2,2,1,2,2,2,1
05,051500700000100109,1,2,2,1,1,1,1,2,1,2,2,2,1
05,051500700000110120,1,2,2,2,2,2,2,2,2,2,2,2,2
05,051500700000120132,1,2,2,1,2,1,1,2,1,2,2,2,1
05,051500700000130141,1,2,2,2,1,1,2,2,2,2,2,2,2
05,051500700000140153,1,2,2,1,2,1,1,2,1,2,2,2,1
05,051602100000030068,1,2,2,2,1,2,2,2,2,2,2,2,1
05,051602100000070158,1,2,2,2,1,1,2,2,2,2,2,2,1
05,051602100000100223,1,2,2,2,1,1,1,2,1,2,2,1,1
05,051602100000110246,1,2,2,2,2,2,2,2,2,2,2,2,1
05,051602100000120268,1,2,2,2,2,1,2,2,2,2,2,2,2
05,051602100000138001,1,2,2,2,2,1,1,2,1,2,2,2,1
05,051602100000150332,1,2,1,1,1,1,1,2,1,2,1,2,1
05,051602100000178004,1,2,2,1,1,2,2,2,1,2,2,2,1
05,051602100000180396,1,2,2,2,1,1,1,2,2,2,2,2,2
05,051602100000200439,1,2,2,2,1,1,2,2,1,2,2,2,1
05,051602100000210462,1,2,2,1,1,1,2,2,1,2,2,2,1
05,051602100000220485,1,2,2,1,1,1,1,2,1,2,2,2,1
05,051704900000010008,1,2,2,1,2,1,1,2,1,2,1,1,2
05,051704900000020037,1,2,2,2,1,1,1,2,1,2,2,2,1
05,051704900000030063,1,2,2,1,1,1,1,2,1,2,2,2,1
05,051704900000040083,1,2,2,2,2,1,2,2,1,2,2,2,1
05,051704900000060134,1,2,2,2,1,1,1,2,1,2,2,2,2
05,051704900000088005,1,2,2,1,1,1,2,2,1,2,2,2,1
05,051704900000090214,1,2,2,2,1,1,2,2,1,2,2,2,2
05,051704900000100247,1,2,2,1,1,1,2,2,1,2,2,2,1
05,051704900000110279,1,2,2,1,1,1,1,2,1,2,1,2,1
05,051704900000120304,1,2,2,2,1,1,2,2,1,2,2,2,1
05,051704900000130336,1,2,2,2,1,1,2,2,1,2,2,2,2
05,051704900000150400,1,2,2,1,2,1,2,2,1,2,2,2,1
05,051704900000160429,1,2,1,1,1,1,1,2,1,2,2,2,1
05,051704900000190521,1,2,2,1,2,2,2,2,1,2,2,2,1
05,051704900000200554,1,2,2,1,1,1,2,2,2,2,1,2,1
05,051704900000210586,1,2,2,2,1,1,2,2,1,2,2,2,1
05,051704900000220617,1,2,2,2,2,1,2,2,1,2,2,2,2
05,160101900000010002,1,2,2,2,2,2,2,2,2,2,2,2,2
05,160101900000020023,1,2,2,1,2,1,2,2,1,2,2,2,1
05,160101900000030037,1,2,2,2,1,1,1,2,2,2,2,1,1
05,160101900000040051,1,2,2,2,1,1,2,2,2,2,2,2,2
05,160101900000060076,1,2,2,1,2,1,1,2,1,2,2,2,1
05,160101900000090118,1,2,2,2,2,1,2,2,1,2,1,2,1
05,160101900000100131,1,2,2,2,1,2,2,2,1,2,2,2,1
05,160101900000110144,1,2,2,2,2,1,2,2,1,2,2,2,1
05,160101900000130172,1,2,1,1,2,1,1,2,1,2,1,2,2
05,160101900000140186,1,2,2,2,2,1,2,2,1,2,2,2,1
05,160101900000160214,1,2,2,2,2,1,2,2,1,2,2,2,2
05,160300400000020024,1,2,2,2,1,1,2,2,2,2,2,2,1
05,160300400000030041,1,2,2,2,1,1,2,2,2,2,2,1,1
05,160300400000040056,1,2,2,2,1,1,2,2,1,2,2,2,2
05,160300400000050073,1,2,2,1,1,1,2,2,1,2,2,2,2
05,160300400000070108,1,2,2,2,1,2,2,2,2,2,2,2,1
05,160300400000128001,1,2,2,2,2,1,2,2,1,2,2,2,2
05,160300500100010004,1,2,2,1,2,1,1,2,1,2,2,1,1
05,160300500100030027,1,2,2,1,2,1,1,2,1,2,1,1,1
05,160300500100040037,1,2,2,2,2,1,2,2,1,2,1,2,1
05,160300500100050050,1,2,2,2,1,1,2,2,1,2,2,2,1
05,160300500100070074,1,2,2,1,1,1,2,2,1,2,1,2,1
05,160300500100088001,1,2,1,1,1,1,1,1,1,2,2,1,1
05,160300500100110122,1,2,2,1,1,1,2,2,1,2,2,2,2
05,160300500100120134,1,2,2,2,2,2,2,2,1,2,2,2,2
05,160300500100140158,1,2,2,1,2,1,1,2,1,2,1,1,1
05,160300500100150171,1,2,2,2,1,1,2,2,1,2,2,2,1
05,160300500100160184,1,1,1,2,1,1,1,2,1,2,1,2,1
05,160300500100170196,1,2,2,1,1,1,2,2,1,2,2,2,1
05,160300500100180208,1,2,2,2,1,1,1,2,1,2,1,2,1
05,160300500100190219,1,2,2,2,2,1,2,2,1,2,2,1,2
05,160300500100200232,1,2,2,2,2,1,1,2,1,2,2,2,1
05,160300500100210244,1,2,2,2,2,1,2,2,1,2,2,2,2
05,160300500100220256,1,2,2,1,1,1,2,2,2,2,2,2,1
05,160300500100230269,1,2,2,2,2,1,2,2,2,2,2,2,1
05,160300500100240281,1,2,2,2,2,2,2,2,2,2,2,2,2
05,160302400100038013,1,2,2,1,2,1,1,1,1,2,1,1,1
05,160302400100048010,1,2,1,1,2,2,1,2,1,2,2,2,1
05,160302400100058008,1,1,2,1,2,1,1,1,1,2,1,1,1
05,160302400100060062,1,2,1,1,2,1,2,2,1,2,1,1,1
05,160302400100080087,1,2,2,1,1,1,2,2,1,2,2,1,1
05,160302400100098011,1,2,1,1,1,1,1,2,1,2,2,1,1
05,160302400100108009,1,2,2,1,2,1,2,2,1,2,1,2,1
05,160302400100130136,1,2,2,2,1,1,2,2,1,2,2,2,1
05,160302400100148006,1,2,2,1,2,1,2,2,1,2,2,2,1
05,160302400100158012,1,2,2,1,1,1,2,2,1,2,2,2,1
05,160302400100160158,1,2,2,1,1,1,1,1,1,2,2,2,1
05,160400900000018001,1,2,2,1,1,1,2,2,1,2,2,2,1
05,160401100000010003,1,2,2,1,1,1,1,2,1,2,1,2,1
05,160401100000020016,1,2,2,1,1,2,2,2,2,2,2,2,2
05,160401100000030029,1,2,2,1,1,2,2,2,2,2,2,2,2
05,160401100000050051,1,2,2,2,2,1,2,2,1,2,2,2,2
05,160401100000060066,1,2,2,2,1,1,2,2,1,2,2,2,2
05,160401100000080090,1,2,2,2,2,1,2,2,2,2,2,2,2
05,160401100000100112,1,2,2,2,2,2,2,2,2,2,2,2,1
05,160401100000110125,1,2,2,1,2,1,2,2,1,2,2,2,1
05,160401100000128003,1,2,2,2,2,1,2,2,2,2,2,2,1
05,160401100000130147,1,2,2,2,2,2,2,2,2,2,2,2,2
05,160401100000160184,1,2,1,2,2,1,2,2,2,2,2,2,1
05,160701600000010017,1,2,2,2,1,1,2,2,2,2,2,2,1
05,160701600000038001,1,2,2,2,1,1,2,2,2,2,2,2,1
05,160701600000040085,1,2,2,2,1,2,2,2,2,2,2,2,1
05,160701600000050104,1,2,2,2,2,1,2,2,1,2,2,2,1
05,160701600000060126,1,2,2,2,2,2,2,2,2,2,2,2,2
05,160701600000080165,1,2,2,2,2,2,2,2,2,2,2,2,2
05,160701600000090186,1,2,2,2,2,2,2,2,1,2,2,2,1
05,160701600000100209,1,2,2,2,1,1,2,2,2,2,2,2,1
05,160701600000110226,1,2,2,2,2,2,2,2,2,2,2,2,2
05,160701600000120249,1,2,2,1,2,1,2,2,1,2,2,2,1
05,160701600000130270,1,2,2,1,2,1,2,2,1,2,2,2,1
05,160701600000140289,1,2,2,1,1,1,2,2,2,2,2,2,1
05,160701600000150308,1,2,2,2,2,1,2,2,2,2,2,2,2
05,161001100000030064,1,2,2,2,2,1,2,2,1,2,2,2,1
05,161001100000040086,1,2,2,2,2,2,2,2,2,2,2,2,2
05,161001100000050109,1,2,2,2,2,1,2,2,1,2,2,2,1
05,161001100000060132,1,2,2,2,2,1,2,2,1,2,2,2,1
05,161001100000070155,1,2,2,2,2,1,2,2,1,2,2,2,1
05,161001100000088001,1,2,2,2,2,1,2,2,2,2,2,2,2
05,161001100000100223,1,2,2,2,2,1,2,2,1,2,2,2,2
05,161001100000110246,1,2,2,1,1,1,2,2,1,2,2,2,1
05,161001100000170385,1,2,2,2,2,1,1,2,1,2,2,2,1
05,161001100000180408,1,2,2,2,2,1,2,2,1,2,2,2,1
05,161001100000190431,1,2,2,2,2,2,2,2,1,2,2,2,1
05,161001100000200454,1,2,2,2,2,1,2,2,2,2,2,2,1
05,161201600100020030,1,2,2,2,2,1,2,2,1,2,2,2,1
05,161201600100030046,1,2,2,2,1,1,2,2,2,2,2,2,1
05,161201600100060093,1,2,2,1,1,1,1,2,1,2,2,2,1
05,161201600100070108,1,2,2,2,2,2,2,2,2,2,2,2,2
05,161201600100078001,1,2,2,2,1,1,2,2,1,2,1,2,1
05,161201600100090142,1,2,2,2,2,1,2,2,1,2,2,2,1
05,161201600100100159,1,2,2,1,2,1,2,2,1,2,1,2,1
05,161201600100120191,1,2,2,1,1,1,1,2,1,2,2,1,1
05,161201600100140223,1,2,2,1,2,1,2,2,1,2,2,2,1
05,161201600100150240,1,2,2,1,1,1,1,2,1,2,1,1,1
05,161201600100160254,1,2,2,1,1,1,1,2,1,2,1,2,1
05,161201600100178002,1,1,1,1,1,1,2,2,1,2,2,2,1
05,161201600100180281,1,2,1,1,1,2,1,1,1,2,1,2,1
05,170101100000010020,1,2,2,2,2,2,2,2,2,2,2,2,2
05,170102100000010005,1,2,2,2,2,1,1,2,1,2,2,2,1
05,170102100000030030,1,2,2,1,2,1,1,2,1,2,2,2,1
05,170102100000040043,1,2,2,2,1,2,2,2,2,2,2,2,2
05,170102100000050055,1,2,2,2,2,2,2,2,2,2,2,2,2
05,170102100000060068,1,2,2,2,2,1,2,2,1,2,2,2,1
05,170102100000070081,1,2,2,2,2,1,2,2,1,2,2,2,2
05,170102100000090106,1,2,2,2,1,1,2,2,2,2,2,2,2
05,170102100000100119,1,2,2,2,1,1,2,2,1,2,2,2,1
05,170102100000120146,1,2,2,2,2,1,2,2,2,2,2,2,1
05,170102100000130159,1,2,2,1,2,1,2,2,1,2,2,2,2
05,170102100000140172,1,2,2,1,2,1,2,2,1,2,2,2,1
05,170102100000150185,1,2,2,2,1,1,2,2,2,2,2,2,2
05,170102100000168001,1,2,2,2,2,2,2,2,2,2,2,2,2
05,170102100000170211,1,2,2,2,1,1,2,2,1,2,2,2,2
05,170102100000180232,1,2,2,2,2,1,2,2,2,2,2,2,2
05,170301500000020048,1,2,2,2,2,1,1,2,1,2,2,1,1
05,170301500000040097,1,2,2,2,2,1,2,2,1,2,2,2,1
05,170301500000050124,1,2,2,1,2,1,1,1,1,2,2,1,1
05,170301500000060153,1,2,2,2,2,1,1,2,1,2,2,2,2
05,170301500000070180,1,2,2,2,2,1,1,2,1,2,2,2,1
05,170301500000090238,1,2,2,2,1,1,2,2,1,2,2,2,1
05,170301500000090239,1,2,2,2,2,1,1,2,1,2,2,2,1
05,170301500000100262,1,2,2,2,1,1,1,2,1,2,2,2,1
05,170301500000110291,1,2,2,2,1,1,1,2,1,2,2,2,1
05,170301500000120316,1,2,2,2,1,1,2,2,1,2,2,2,2
05,170301500000130340,1,2,2,2,2,1,1,2,1,2,2,2,2
05,170301500000140368,1,2,2,2,2,1,1,2,1,2,2,2,1
05,170301500000150392,1,2,2,2,1,1,2,2,1,2,2,2,1
05,170900700000010044,1,2,1,2,1,1,1,1,1,2,1,2,2
05,170900800000010009,1,2,1,2,1,1,1,1,1,2,2,2,1
05,170900800000018001,1,2,2,2,2,1,1,2,1,2,2,2,1
05,170900800000028002,1,2,2,2,1,2,1,2,1,2,1,2,2
05,170900800000028003,1,2,2,1,1,2,2,2,1,2,2,2,2
05,170900800000030039,1,2,1,1,1,1,1,2,1,2,2,2,1
05,170900800000048008,1,2,2,2,2,1,1,1,1,2,1,1,1
05,170900800000050069,1,2,2,2,2,1,2,2,1,2,2,2,1
05,170900800000060083,1,2,1,2,2,1,2,2,1,2,2,2,1
05,170900800000070097,1,2,1,2,1,1,1,1,1,2,1,1,2
05,170900800000080111,1,2,2,2,1,1,2,2,1,2,2,2,2
05,170900800000120174,1,2,2,2,2,2,2,2,1,2,2,2,2
05,170900800000128004,1,2,2,1,1,1,2,2,1,2,2,2,1
05,170900800000130189,1,2,2,1,2,1,2,2,1,2,1,2,1
05,170900800000138005,1,2,2,1,1,1,1,2,1,2,2,1,1
05,170900800000138006,1,2,2,1,2,1,1,2,1,2,1,1,2
05,170900800000150220,1,2,2,2,2,1,2,2,1,2,2,2,2
05,170900800000168007,1,2,2,2,2,1,1,2,1,2,2,2,2
05,170900800000170250,1,2,2,2,2,1,2,2,1,2,2,2,2
05,170900800000180265,1,2,1,1,2,1,1,1,1,2,1,1,2
05,170901300100010013,1,2,2,1,1,1,2,2,1,2,1,1,1
05,170901300100020031,1,2,2,1,1,1,2,2,1,2,2,2,1
05,170901300100030049,1,2,2,2,2,1,2,2,1,2,2,2,1
05,170901300100060101,1,2,2,2,2,2,2,2,2,2,2,2,2
05,170901300100070119,1,2,2,2,2,2,2,2,1,2,1,2,1
05,170901300100080136,1,1,2,1,1,1,1,2,1,2,1,1,1
05,170901300100090156,1,2,2,2,2,1,2,2,1,2,2,2,1
05,170901300100100174,1,2,2,2,1,2,2,2,1,2,2,2,2
05,170901300100110192,1,2,2,1,1,1,2,2,1,2,2,2,1
05,170901300100120210,1,2,2,2,1,1,2,2,1,2,2,2,1
05,170901300100130228,1,2,2,1,2,1,2,2,1,2,2,2,1
05,170901300100140247,1,2,2,2,2,1,2,2,2,2,2,2,1
05,170901300100150265,1,2,2,2,2,1,2,2,1,2,2,2,1
05,170901300100180320,1,2,2,2,1,1,2,2,1,2,2,2,2
05,170901300100190337,1,2,1,2,2,1,2,2,1,2,2,2,2
05,170901300100210372,1,2,2,1,1,1,1,1,1,2,1,1,1
05,170901300200010194,1,2,2,2,1,1,2,2,1,2,2,2,2
05,171001400000010009,1,2,2,2,2,1,1,2,1,2,2,2,1
05,171001400000030025,1,2,2,2,2,1,2,2,1,2,2,2,1
05,171001400000040034,1,2,2,2,2,1,2,2,2,2,2,2,2
05,171001400000050044,1,2,2,2,2,1,2,2,2,2,2,2,2
05,171001400000060055,1,2,2,2,1,2,2,2,1,2,2,2,2
05,171001400000070065,1,2,2,2,2,2,2,2,2,2,2,2,2
05,171001400000090086,1,2,2,2,2,1,1,2,1,2,1,2,1
05,171001400000110106,1,2,2,2,2,1,1,2,1,2,2,2,1
05,171001400000120116,1,2,2,2,1,2,2,2,1,2,2,2,1
05,171001400000138001,1,2,2,2,1,1,2,2,1,2,2,2,2
05,171001400000140137,1,2,2,1,1,1,2,2,2,2,2,2,1
05,171001400000150147,1,2,2,2,2,1,2,2,2,2,2,2,1
05,171001400000170167,1,2,2,2,1,2,2,2,1,2,2,2,2
05,171002100000010012,1,2,2,1,2,1,1,2,1,2,1,2,1
05,171002100000020023,1,2,1,1,1,1,1,2,1,2,1,1,1
05,171002100000030036,1,2,2,2,2,1,1,2,1,2,2,2,2
05,171002100000040050,1,2,2,2,2,2,2,2,2,2,2,2,2
05,171002100000050061,1,2,2,2,2,1,2,2,2,2,2,2,2
05,171002100000060073,1,2,2,2,2,1,2,2,1,2,2,2,2
05,171002100000080100,1,2,2,2,2,2,2,2,2,2,2,2,2
05,171002100000090113,1,2,2,2,2,2,2,2,2,2,2,2,2
05,171002100000100126,1,2,2,1,1,1,2,2,2,2,2,2,2
05,171002100000110139,1,2,1,2,1,1,1,2,1,2,2,2,1
05,171002100000120153,1,2,2,1,2,1,1,2,1,2,2,2,1
05,171002100000130165,1,2,2,1,2,2,2,2,2,2,2,2,1
05,171002100000150192,1,2,2,2,2,1,2,2,1,2,2,2,2
05,171002100000170216,1,2,2,1,2,1,1,2,1,2,2,1,1
05,171002100000180229,1,2,2,1,2,1,1,2,2,2,2,2,1
05,171002200000010005,1,2,2,2,1,1,2,2,1,2,2,2,1
05,171400400000010004,1,2,2,2,2,1,2,2,2,2,2,2,1
05,171400400000030017,1,2,2,2,1,1,2,2,1,2,2,2,2
05,171400400000058003,1,2,2,2,2,2,2,2,2,2,2,2,1
05,171400400000060035,1,2,2,2,2,1,2,2,2,2,2,2,1
05,171400400000080046,1,2,2,2,2,1,2,2,2,2,2,2,2
05,171400400000090053,1,2,2,2,2,2,2,2,2,2,2,2,2
05,171400400000100060,1,2,2,2,1,1,2,2,2,2,2,2,2
05,171400400000110067,1,2,2,2,1,1,2,2,2,2,2,2,2
05,171400400000130080,1,2,2,2,2,1,2,2,2,2,2,2,2
05,171400400000160100,1,2,2,2,1,1,2,2,2,2,2,2,1
05,171400400000170106,1,2,2,2,2,1,2,2,2,2,2,2,1
05,171400400000188001,1,2,2,2,1,1,1,2,2,2,2,2,1
05,171400400000190120,1,2,2,2,2,2,2,2,2,2,2,2,2
05,171400800000010016,1,2,2,2,2,2,2,2,2,2,2,2,1
05,171401400000028001,1,2,2,2,2,1,2,2,1,2,2,2,2
05,171401400000030033,1,2,2,2,1,1,2,2,1,2,2,2,1
05,171401400000040042,1,2,2,1,1,1,1,2,1,2,2,2,2
05,171401400000050054,1,2,2,2,2,2,2,2,2,2,2,2,2
05,171401400000088002,1,2,2,2,2,1,2,2,2,2,2,2,2
05,171401400000090104,1,2,2,2,2,2,2,2,2,2,2,2,2
05,171401400000118003,1,2,2,2,2,2,2,2,2,2,2,2,2
05,171401400000120141,1,2,2,2,2,1,2,2,2,2,2,2,2
05,171401400000140165,1,2,2,2,2,2,2,2,2,2,2,2,2
05,171401400000170201,1,2,2,2,2,1,2,2,1,2,2,2,2
05,171401500000010168,1,2,2,2,2,2,2,2,2,2,2,2,2
05,171601200000010018,1,2,2,2,1,1,2,2,1,2,2,2,2
05,171601200000030076,1,2,2,2,1,2,1,2,2,2,2,2,2
05,171601200000060165,1,2,2,2,2,1,2,2,1,2,2,2,1
05,171601200000078001,1,2,2,2,2,1,2,2,1,2,2,2,1
05,171601200000080222,1,2,2,1,1,1,2,2,1,2,2,2,1
05,171601200000100278,1,2,2,2,2,1,1,2,1,2,2,2,1
05,171601200000110307,1,2,2,2,2,1,2,2,1,2,2,2,1
05,171601200000120340,1,2,2,2,1,2,2,2,2,2,2,2,2
05,171601200000130369,1,2,2,2,2,1,2,2,1,2,2,2,1
05,171601200000140400,1,2,2,2,1,1,1,2,1,2,2,2,2
05,171601200000150430,1,2,2,2,1,1,1,2,1,2,2,2,1
05,171601200000160458,1,2,2,2,1,1,2,2,1,2,2,2,1
05,171601200000170487,1,2,2,2,2,1,1,2,1,2,2,2,1
05,171601200000180516,1,2,2,1,2,1,1,2,1,2,2,2,1
05,171800800000010018,1,2,2,1,1,1,1,2,1,2,2,2,1
05,171800800000020039,1,2,1,1,1,1,1,2,1,2,1,2,1
05,171800800000030064,1,2,2,2,2,1,2,2,1,2,2,2,2
05,171800800000040085,1,2,2,1,1,1,2,2,1,2,2,2,2
05,171800800000060126,1,2,1,1,2,1,1,2,1,2,1,1,1
05,171800800000090198,1,2,2,2,1,1,2,2,1,2,2,2,1
05,171800800000110245,1,2,2,2,2,1,2,2,1,2,2,2,2
05,171800800000120270,1,2,2,2,1,1,2,2,2,2,2,2,1
05,171800800000140314,1,2,1,2,2,1,2,2,1,2,2,2,1
05,171800800000150339,1,2,2,2,1,1,1,2,1,2,2,1,1
05,171800800000160363,1,2,2,2,1,1,1,2,1,2,2,2,1
05,171800800000170388,1,2,2,2,1,1,2,2,2,2,2,2,2
05,171802100000010208,1,2,1,1,2,1,2,2,1,2,1,2,1
05,171802700000010004,1,2,2,2,2,2,2,2,1,2,2,2,1
05,171802700000020018,1,2,2,2,2,1,1,2,1,2,2,2,2
05,171802700000028002,1,2,2,2,2,2,2,2,2,2,2,2,2
05,171802700000028003,1,2,2,2,2,2,2,2,2,2,2,2,1
05,171802700000030031,1,2,1,1,2,1,1,1,1,2,1,1,2
05,171802700000050059,1,2,2,1,1,1,1,2,1,2,1,1,1
05,171802700000060071,1,2,2,2,2,1,2,2,1,2,2,2,1
05,171802700000070085,1,2,1,1,1,1,1,2,1,2,2,2,1
05,171802700000080097,1,2,2,2,2,2,2,2,1,2,2,2,1
05,171802700000090110,1,2,2,2,2,1,2,2,1,2,2,2,1
05,171802700000100123,1,2,2,2,1,1,2,2,2,2,2,2,1
05,171802700000110135,1,2,2,1,1,1,2,2,1,2,2,2,1
05,171802700000140174,1,2,2,2,2,2,2,2,2,2,2,2,2
05,171802700000160201,1,2,2,2,2,1,2,2,2,2,2,2,2
05,171802700000170214,1,2,2,2,2,1,2,2,2,2,2,2,2
05,171802700000180228,1,2,2,2,2,1,2,2,2,2,2,2,1
05,171806600000010017,1,2,2,2,1,1,1,2,1,2,2,2,1
05,171806600000020035,1,2,2,2,2,1,2,2,1,2,2,2,1
05,171806600000050085,1,2,2,1,1,1,2,2,1,2,2,2,1
05,171806600000060103,1,2,2,2,1,1,2,2,1,2,2,2,1
05,171806600000068001,1,2,2,2,2,2,2,2,1,2,2,2,1
05,171806600000070121,1,2,1,1,1,1,2,2,1,2,2,2,1
05,171806600000080139,1,2,2,1,1,1,2,2,1,2,1,2,1
05,171806600000098002,1,2,2,2,2,1,2,2,1,2,2,2,1
05,171806600000110189,1,2,1,1,2,1,1,1,1,2,1,1,1
05,171806600000120206,1,2,2,1,2,2,2,2,1,2,2,2,1
05,171806600000140242,1,2,2,2,2,1,1,2,1,2,2,2,2
05,171806600000150259,1,2,2,2,2,1,2,2,1,2,2,2,1
05,171806600000160277,1,2,2,1,2,1,2,2,2,2,2,2,2
05,171806600000170295,1,2,1,1,2,1,1,2,1,2,2,1,1
05,171806600000180312,1,2,2,2,1,2,2,2,2,2,2,2,2
05,171902100000010127,1,1,1,2,2,1,2,2,1,2,2,2,1
05,171903900000010005,1,2,2,2,2,2,2,2,2,2,2,2,1
05,171903900000040057,1,2,2,2,2,1,2,2,1,2,2,2,1
05,171903900000058003,1,2,2,2,2,1,2,2,2,2,2,2,2
05,171903900000078002,1,1,1,2,1,1,2,2,1,2,2,2,1
05,171903900000080126,1,2,2,1,1,1,1,2,1,2,2,2,1
05,171903900000090143,1,2,2,1,2,2,2,2,1,2,2,2,1
05,171903900000100160,1,2,2,2,2,1,2,2,2,2,2,2,1
05,171903900000120195,1,2,1,1,1,1,2,2,1,2,2,2,1
05,171903900000140229,1,2,2,2,2,2,2,2,1,1,2,2,2
05,171903900000150247,1,1,1,2,2,1,2,2,1,2,2,2,1
05,171903900000170281,1,2,2,2,2,1,2,2,1,2,2,2,1
05,172000300000010004,1,2,2,2,1,1,1,2,1,2,2,2,2
05,172000300000030056,1,2,2,2,1,1,1,2,1,2,2,2,2
05,172000300000040081,1,2,2,1,1,1,1,1,1,2,1,2,2
05,172000300000050107,1,2,2,2,2,1,2,2,2,2,2,2,1
05,172000300000070159,1,2,2,2,1,1,2,2,1,2,2,2,2
05,172000300000080186,1,2,2,2,2,1,2,2,1,2,2,2,2
05,172000300000090211,1,2,2,2,1,2,2,2,1,2,2,2,2
05,172000300000100239,1,2,2,1,1,1,2,2,1,2,2,2,2
05,172000300000120290,1,2,2,1,1,1,2,2,1,2,2,2,2
05,172000300000130317,1,2,2,1,2,1,2,2,1,2,2,2,2
05,172000300000140343,1,2,2,2,2,1,1,2,1,2,2,2,2
05,172000300000150370,1,2,1,2,1,1,1,2,1,2,1,2,2
05,172000300000160397,1,2,2,1,2,2,2,2,2,2,2,2,2
05,172000300000170424,1,2,2,1,2,1,2,2,2,2,2,2,2
05,172000300000180450,1,2,2,2,1,2,2,2,1,2,2,2,2
05,172201400000010006,1,2,2,2,1,1,1,2,1,2,2,2,2
05,172201400000050080,1,2,2,2,1,2,2,2,2,2,2,2,2
05,172201400000070117,1,2,2,2,1,1,2,2,2,2,2,2,2
05,172201400000080136,1,2,2,2,2,1,2,2,1,2,2,2,2
05,172201400000090154,1,2,2,2,1,2,2,2,2,2,2,2,2
05,172201400000100173,1,2,2,2,2,1,1,2,1,2,2,2,2
05,172304400200010023,1,2,2,2,1,1,1,1,1,2,2,1,2
05,172304400200030052,1,2,1,2,1,1,1,2,1,2,2,1,2
05,172304400200040066,1,2,2,2,1,1,2,2,1,2,2,2,1
05,172304400200050081,1,2,2,2,1,1,2,2,1,2,2,2,1
05,172304400200060096,1,2,2,1,2,1,2,2,1,2,2,2,2
05,172304400200070111,1,2,2,2,1,1,2,2,2,2,2,2,1
05,172304400200090141,1,2,2,2,1,1,2,2,1,2,2,2,1
05,172304400200100156,1,2,2,2,2,1,2,2,2,2,1,2,2
05,172304400200110171,1,2,2,2,1,1,2,2,1,2,2,2,1
05,172304400200120186,1,2,2,2,1,1,2,2,2,2,2,2,2
05,172304400200140216,1,2,1,2,2,1,2,2,1,2,2,2,1
05,172304400200170259,1,2,2,1,2,1,2,2,1,2,2,2,1
05,172401100100010010,1,2,2,1,2,1,1,2,1,2,2,2,2
05,172401100100030077,1,2,2,2,2,2,1,2,1,2,2,2,2
05,172401100100058008,1,2,2,2,2,1,1,2,1,2,2,2,1
05,172401100100068003,1,1,2,1,2,1,1,2,1,2,1,2,2
05,172401100100070189,1,2,2,1,1,1,1,2,1,2,2,1,1
05,172401100100098005,1,2,2,2,1,1,1,2,1,2,2,2,2
05,172401100100110329,1,2,2,2,2,1,2,2,1,2,2,2,1
05,172401100100128007,1,2,1,1,2,1,1,1,1,2,1,1,1
05,172401100100130403,1,2,1,2,1,1,1,1,1,2,1,1,1
05,172401100100148009,1,2,2,2,1,1,2,2,1,2,2,2,1
05,172401100100158010,1,2,2,2,2,1,2,1,1,2,2,1,1
05,172401100100170527,1,2,1,2,2,1,2,2,1,2,2,2,1
05,172401100100190587,1,2,2,1,1,1,2,2,1,2,2,2,1
05,172402600200018004,1,2,2,2,2,2,2,2,2,2,2,2,2
05,172402600200058003,1,2,2,1,2,1,1,2,1,2,2,2,1
05,172402600200070207,1,2,2,1,1,1,1,1,1,2,1,2,1
05,172402600200080245,1,2,2,1,2,2,2,2,1,2,2,2,1
05,172402600200100313,1,2,2,1,1,1,1,1,1,2,1,1,1
05,172402600200110348,1,2,2,2,1,1,2,2,1,2,2,2,2
05,172402600200130419,1,2,2,1,2,1,2,2,1,2,2,2,1
05,172402600200140449,1,2,2,2,2,2,2,2,1,2,2,2,2
05,172402600200150475,1,2,2,2,2,2,2,2,2,2,2,2,2
05,172402600200160505,1,2,2,1,2,1,1,2,1,2,2,2,1
05,172402600200170539,1,2,2,1,1,1,1,1,1,2,1,1,1
05,172700700100020021,1,2,2,2,1,1,2,2,1,2,2,2,1
05,172700700100030036,1,2,2,2,2,1,2,2,2,2,2,2,2
05,172700700100040050,1,2,2,2,1,1,1,1,1,2,2,2,1
05,172700700100050063,1,2,2,2,1,1,2,2,1,2,2,2,2
05,172700700100070092,1,2,2,1,1,2,2,2,2,2,2,2,1
05,172700700100098001,1,2,2,2,2,1,1,2,1,2,2,2,1
05,172700700100100136,1,2,2,1,1,1,2,2,1,2,2,2,1
05,172700700100110150,1,2,2,2,1,1,2,2,1,2,2,2,1
05,172700700100120165,1,2,2,2,2,1,2,2,1,2,2,2,1
05,172700700100138002,1,2,2,2,1,1,2,2,1,2,2,2,1
05,172800400000010005,1,2,2,2,1,1,1,2,1,2,2,2,1
05,172800400000020027,1,2,2,2,2,1,2,2,2,2,2,2,1
05,172800400000040059,1,2,2,2,1,1,1,2,1,2,1,2,2
05,172800400000050079,1,2,2,2,2,1,2,2,1,2,2,2,1
05,172800400000060094,1,2,2,2,2,1,2,2,2,2,2,2,2
05,172800400000100167,1,2,2,2,2,1,2,2,1,2,2,2,2
05,172800400000110186,1,2,2,2,1,1,2,2,1,2,2,2,1
05,172800400000120205,1,2,1,1,2,1,1,2,1,2,1,2,1
05,172800400000130224,1,2,1,2,1,1,1,2,1,2,2,2,1
05,172800400000140242,1,2,1,2,1,1,2,2,1,2,2,2,1
05,172800400000150261,1,2,1,2,1,1,2,2,1,2,2,2,2
05,172800400000180319,1,2,2,2,2,1,1,2,1,2,2,1,2
05,172800400000190338,1,2,2,2,1,1,1,2,1,2,2,2,2
05,172800400000208001,1,2,2,2,2,1,2,2,1,2,2,1,2
05,172901300100010003,1,2,2,2,2,2,2,2,2,2,2,2,2
05,172901300100020022,1,2,2,2,2,1,2,2,1,2,2,2,2
05,172901300100050079,1,2,2,2,2,1,2,2,2,2,2,2,2
05,172901300100098002,1,2,2,2,2,1,2,2,1,2,2,2,2
05,172901300100120213,1,2,2,2,2,1,2,2,1,2,2,2,2
05,172901300100130232,1,2,2,2,2,2,2,2,2,2,2,2,2
05,172901300100140251,1,2,2,2,2,1,2,2,1,2,2,2,2
05,172901300100150270,1,2,2,2,2,2,2,2,2,2,2,2,1
05,172901300100160289,1,2,2,2,2,1,2,2,1,2,2,2,2
05,172901300100170306,1,2,2,2,2,2,2,2,1,2,2,2,2
05,173001600200010013,1,2,2,2,2,2,2,2,1,2,2,2,2
05,173001600200020032,1,2,2,2,2,1,2,2,1,2,2,2,1
05,173001600200040072,1,2,1,2,2,1,2,2,1,2,2,1,1
05,173001600200050089,1,2,1,2,2,1,1,2,1,2,2,1,1
05,173001600200060103,1,2,2,2,2,1,2,2,2,2,2,2,2
05,173001600200078001,1,2,2,2,2,1,2,2,1,2,2,2,1
05,173001600200090157,1,2,2,2,1,2,2,2,2,2,2,2,2
05,173001600200100178,1,2,2,2,2,1,2,2,1,2,2,2,1
05,173001600200130239,1,2,1,2,2,1,2,2,1,2,2,2,1
05,173001600200160299,1,2,2,2,2,1,2,2,1,2,2,2,1
05,173001600200170319,1,2,2,2,2,2,2,2,1,2,2,2,2
05,173402600000010013,1,2,2,1,2,1,2,2,1,2,2,2,1
05,173402600000020030,1,2,2,2,2,1,1,2,1,2,1,2,2
05,173402600000040066,1,2,1,2,1,1,1,2,1,2,2,2,1
05,173402600000050084,1,2,2,2,2,1,1,2,1,2,2,2,1
05,173402600000068001,1,2,1,2,2,2,2,2,1,2,2,2,1
05,173402600000090155,1,2,2,2,1,2,2,2,1,2,2,2,1
05,173402600000120209,1,2,2,2,2,2,2,2,1,2,2,2,2
05,173402600000130226,1,2,2,2,2,2,1,2,1,2,2,2,2
05,173402600000150262,1,2,2,2,1,2,2,2,1,2,2,2,1
05,173402600000160280,1,2,2,2,2,2,2,2,2,2,2,2,2
05,173403200000028003,1,1,1,2,2,1,1,2,1,2,2,2,2
05,173403200000028007,1,2,2,2,1,1,2,2,1,2,2,2,2
05,173403200000040077,1,2,2,2,2,1,2,2,1,2,2,2,2
05,173403200000060122,1,2,2,2,2,2,2,2,1,2,2,2,1
05,173403200000060123,1,2,2,1,2,2,2,2,1,2,2,2,1
05,173403200000070144,1,2,2,2,2,1,1,2,1,2,2,1,1
05,173403200000118004,1,2,2,2,2,2,2,2,1,2,2,2,2
05,173403200000130265,1,2,2,2,1,1,1,2,1,2,2,2,2
05,173403200000138006,1,2,2,2,1,1,2,2,1,2,2,2,1
05,173403200000140285,1,2,1,1,1,1,1,2,1,2,2,2,2
05,200200100000020066,1,2,2,2,2,1,2,2,2,2,2,2,2
05,200201900000020005,1,2,2,2,2,1,2,2,1,2,2,2,1
05,200201900000030009,1,2,2,2,1,1,2,2,1,2,2,2,2
05,200201900000048004,1,2,2,2,1,1,2,2,1,2,2,2,1
05,200201900000060021,1,2,2,2,1,1,2,2,2,2,2,2,1
05,200201900000070025,1,2,2,2,2,1,2,2,1,2,2,2,2
05,200201900000080029,1,2,2,2,2,1,1,2,1,2,2,2,1
05,200201900000098005,1,2,2,2,2,1,1,2,1,2,2,2,1
05,200201900000100038,1,2,2,2,1,1,2,2,1,2,2,1,1
05,200201900000110042,1,2,2,2,1,1,2,2,2,2,2,2,1
05,200201900000130052,1,2,2,2,2,1,1,2,1,2,1,1,1
05,200201900000140056,1,2,2,2,2,1,2,2,1,2,2,2,1
05,200201900000150060,1,2,2,2,1,1,1,2,1,2,2,2,1
05,200201900000170068,1,2,2,2,2,1,1,2,1,2,2,2,1
05,200401200000020016,1,2,2,2,2,1,1,2,1,2,1,2,1
05,200401200000030026,1,2,2,2,1,1,2,2,2,2,2,2,2
05,200401200000040036,1,2,2,2,1,1,1,2,1,2,2,2,1
05,200401200000058002,1,2,2,2,1,2,2,2,1,2,2,2,2
05,200401200000060060,1,2,2,1,1,1,1,2,1,2,2,2,1
05,200401200000070068,1,2,2,1,1,1,1,2,1,2,2,2,1
05,200401200000080080,1,2,2,1,2,1,2,2,1,2,2,2,1
05,200401200000090091,1,2,2,1,1,1,1,2,1,2,2,2,1
05,200401200000100102,1,2,2,2,2,2,2,2,2,2,2,2,2
05,200401200000140148,1,2,2,2,2,1,1,2,1,2,2,1,1
05,200601400000010013,1,2,2,2,1,1,2,2,1,2,2,2,1
05,200601400000020030,1,2,2,2,1,2,2,2,1,2,2,2,2
05,200601400000038003,1,2,2,1,2,1,1,2,1,2,2,2,1
05,200601400000040061,1,2,2,1,1,1,2,2,1,2,2,2,1
05,200601400000050078,1,2,1,1,2,1,1,2,1,2,1,2,1
05,200601400000060089,1,2,2,1,2,2,2,2,2,2,2,2,1
05,200601400000070105,1,2,1,1,1,1,1,2,1,2,1,1,1
05,200601400000080122,1,2,2,2,2,1,1,2,2,2,2,2,2
05,200601400000170257,1,2,2,2,2,1,2,2,1,2,2,2,2
05,200601400000180273,1,2,2,2,1,2,2,2,1,2,2,2,1
05,200601400000190288,1,2,2,2,2,2,2,2,2,2,2,2,2
05,200802500000010011,1,2,2,2,1,1,2,2,2,2,2,2,1
05,200802500000020029,1,2,2,2,2,1,2,2,1,2,2,2,1
05,410300300000010002,1,2,2,2,2,2,2,2,2,2,2,2,2
05,410300300000030017,1,2,2,2,2,2,2,2,2,2,2,2,1
05,410300300000120086,1,2,2,2,2,2,2,2,2,2,2,2,2
05,410300300000180131,1,2,2,2,2,1,2,2,2,2,2,2,2
05,410300300000190139,1,2,2,2,1,2,2,2,2,2,2,2,2
05,410301200000010013,1,2,2,2,2,1,2,2,2,2,2,2,2
05,410301200000020027,1,2,2,2,2,1,2,2,2,2,2,2,2
05,410301200000030040,1,2,2,2,2,2,2,2,2,2,2,2,1
05,410301200000040053,1,2,2,2,2,1,2,2,2,2,2,2,1
05,410301200000050066,1,2,2,2,2,2,2,2,2,2,2,2,2
05,410301200000060078,1,2,2,2,2,2,2,2,2,2,2,2,2
05,410301200000070090,1,2,2,2,2,1,2,2,2,2,2,2,1
05,410301200000080102,1,2,2,2,2,1,2,2,2,2,2,2,2
05,410301200000090115,1,2,2,2,2,1,2,2,1,2,2,2,1
05,410301200000110142,1,2,2,2,2,1,2,2,1,2,2,2,2
05,410301200000130169,1,2,2,2,2,2,2,2,2,2,2,2,2
05,410301200000170224,1,2,2,2,2,2,2,2,2,2,2,2,2
05,410301200000180242,1,2,2,2,2,1,2,2,2,2,2,2,2
05,410301200000190257,1,2,2,2,2,1,2,2,2,2,2,2,2
05,410302500000010080,1,2,2,2,2,1,2,2,2,2,2,2,2
05,410800200000048002,1,2,2,2,2,1,2,2,2,2,2,2,1
05,410800200000060138,1,2,2,2,2,1,2,2,1,2,2,2,1
05,410800200000078003,1,2,2,2,2,1,2,2,2,2,2,2,1
05,410800200000120274,1,2,2,2,2,2,2,2,2,2,2,2,1
05,410800200000140319,1,2,2,2,2,2,2,2,1,2,2,2,1
05,410800200000150341,1,2,2,2,2,1,2,2,1,2,2,2,1
05,410800200000160364,1,2,2,2,2,2,2,2,2,2,2,2,2
05,410800200000170387,1,2,2,2,2,1,2,2,1,2,2,2,1
05,410800200000188001,1,2,2,2,2,1,2,2,1,2,2,2,1
05,411000500000010008,1,2,2,2,2,2,2,2,2,2,2,2,2
05,411000500000020018,1,2,2,2,2,1,2,2,2,2,2,2,2
05,411000500000030027,1,2,2,2,2,2,2,2,2,2,2,2,2
05,411000500000040035,1,2,2,2,2,2,2,2,2,2,2,2,1
05,411000500000050043,1,2,2,2,2,2,2,2,2,2,2,2,2
05,411000500000060050,1,2,2,2,2,2,2,2,2,2,2,2,2
05,411000500000070057,1,2,2,2,2,1,2,2,2,2,2,2,1
05,411000500000148003,1,2,2,2,2,2,2,2,2,2,2,2,2
05,411000500000150138,1,2,2,2,2,1,2,2,2,2,2,2,2
05,411000500000180170,1,2,2,2,1,2,2,2,2,2,2,2,1
05,411100400200010013,1,2,2,1,1,1,1,2,1,2,2,2,1
05,411100400200028004,1,2,2,1,2,1,2,2,1,2,1,2,1
05,411100400200030052,1,2,2,2,1,1,2,2,2,2,1,2,1
05,411100400200040070,1,2,2,2,2,1,2,2,2,2,2,2,2
05,411100400200078002,1,2,2,1,2,1,1,2,1,2,1,1,1
05,411100400200088003,1,2,2,2,1,1,2,2,1,2,2,2,1
05,411100400200100190,1,2,2,2,2,1,2,2,1,2,2,2,1
05,411100400200160309,1,1,2,1,1,1,1,1,2,2,2,2,1
05,411100400200180347,1,2,2,2,2,2,2,2,1,2,2,2,1
05,411100400200190365,1,2,2,2,2,1,2,2,1,2,1,2,1
05,411100400200208001,1,2,2,1,1,1,2,2,1,2,2,2,1
05,411100400200210403,1,2,2,2,2,2,2,2,2,2,2,2,1
05,411200500000020032,1,2,2,2,2,2,2,2,2,2,2,2,2
05,411200500000040073,1,2,2,2,1,1,2,2,1,2,2,2,1
05,411200500000080157,1,2,2,2,2,2,2,2,2,2,2,2,2
05,411200500000100199,1,2,2,2,2,1,2,2,1,2,2,2,2
05,411200500000120242,1,2,2,2,2,2,2,2,1,2,2,2,2
05,411200500000130263,1,2,2,2,2,1,2,2,1,2,2,2,2
05,411200500000150310,1,2,1,2,1,1,1,2,1,2,2,2,2
05,411200500000170356,1,2,2,2,1,1,2,2,1,2,2,2,2
05,411200500000188001,1,2,1,2,2,1,1,2,1,2,2,1,1
05,411200500000190402,1,2,2,2,2,1,2,2,2,2,2,2,2
05,411401100000010023, , , , , , , , , , , , , 
05,411401100000020042, , , , , , , , , , , , , 
05,411401100000030059, , , , , , , , , , , , , 
05,411401100000040078, , , , , , , , , , , , , 
05,411401100000070129,1,2,2,2,2,1,2,2,1,2,2,2,1
05,412001100000070110, , , , , , , , , , , , , 
05,412100500000038001,1,2,2,2,2,2,2,2,2,2,2,2,1
05,412100500000080116,1,2,2,2,2,1,2,2,2,2,2,2,1
05,412100500000090129,1,2,2,2,2,1,2,2,2,2,2,2,1
05,412102000000020041,1,2,2,1,2,1,2,2,1,2,2,2,1
05,412102000000030065,1,2,2,2,2,2,2,2,2,2,2,2,1
05,412102000000040090,1,2,2,1,1,1,1,2,1,2,2,2,1
05,412102000000138002,1,1,2,2,2,1,2,2,1,2,2,2,2
05,412102000000150362,1,2,2,2,2,1,1,2,1,2,2,2,1
05,412102000000180433,1,2,2,2,2,1,2,2,2,2,2,2,2
05,412102000000190456,1,2,2,2,2,2,2,2,2,2,2,2,1
05,412102600000018005,1,2,2,1,2,1,1,2,1,2,1,2,1
05,412102600000048001,1,2,2,2,1,2,2,2,1,2,2,2,1
05,412102600000060101,1,2,2,1,2,1,2,2,1,2,2,2,1
05,412102600000070117,1,2,2,1,2,1,2,2,1,2,2,1,1
05,412102600000080135,1,2,2,1,2,1,2,2,1,2,1,2,1
05,412102600000108004,1,2,2,2,2,2,2,2,2,2,2,2,1
05,412102600000110193,1,2,2,1,2,1,1,2,1,2,2,2,1
05,412102600000120212,1,2,2,2,1,2,2,2,2,2,2,2,1
05,412102600000130231,1,2,2,1,2,1,2,2,1,2,2,2,1
05,412102600000140248,1,1,2,1,2,1,1,2,1,2,2,2,1
05,412102600000150265,1,2,1,1,2,1,1,1,1,2,1,1,1
05,412102600000160282,1,2,2,2,2,2,2,2,2,2,2,2,1
05,412102600000190336,1,1,1,1,2,1,1,2,1,2,2,2,1
05,620101800100020032,1,2,2,2,2,2,2,2,1,2,2,2,2
05,620101800100030052,1,2,1,2,2,1,1,1,1,2,2,2,1
05,620101800100040073,1,2,2,1,2,1,1,2,1,1,2,2,1
05,620101800100070139,1,2,2,1,2,1,2,2,1,2,2,2,1
05,620101800100090181,1,2,2,2,1,1,1,2,1,2,2,2,1
05,620101800100100202,1,2,2,2,2,2,2,2,1,2,2,2,2
05,620101800100110224,1,2,2,2,2,1,2,2,1,2,2,2,2
05,620101800100128002,1,2,2,2,2,1,2,2,1,2,2,2,2
05,620101800100130268,1,2,2,2,2,1,2,2,1,2,2,2,2
05,620101800100140290,1,2,2,1,1,1,1,1,1,2,1,2,1
05,620101800100150310,1,2,2,1,2,1,2,2,1,2,2,2,2
05,620101800100160332,1,2,2,2,1,2,2,2,2,2,2,2,2
05,620101800100170354,1,2,2,1,2,1,2,2,1,2,1,2,1
05,620101800100180375,1,2,1,1,2,1,2,2,1,2,2,2,1
05,620101800100190397,1,2,2,2,2,1,2,2,1,2,2,1,1
05,620101800100200419,1,2,2,2,2,1,2,2,2,2,2,2,2
05,620101800100210441,1,2,2,1,1,1,1,2,1,2,2,2,1
05,620101800100230485,1,2,2,2,2,1,2,2,1,2,2,2,2
05,620101800100240507,1,2,2,2,1,2,2,2,2,2,2,2,2
05,620305400000020023,1,2,2,2,1,1,2,2,2,2,2,2,1
05,620305400000030037,1,1,1,2,1,1,1,2,1,2,1,2,1
05,620305400000048002,1,2,2,2,2,2,2,2,2,2,2,2,1
05,620305400000050063,1,2,2,2,1,1,1,2,1,2,2,2,2
05,620305400000070091,1,2,2,1,1,1,1,2,1,2,1,2,2
05,620305400000080105,1,2,2,1,1,1,2,2,1,2,2,2,1
05,620305400000128003,1,2,2,2,2,1,2,2,2,2,2,2,1
05,620305400000130171,1,2,2,2,1,1,2,2,1,2,1,2,1
05,620305400000140184,1,2,2,2,1,1,2,2,2,2,2,2,2
05,620400800000010217,1,2,2,1,1,1,2,2,1,2,2,2,1
05,620401200000010014,1,2,2,1,2,1,2,2,1,2,2,2,1
05,620401200000020031,1,2,2,2,2,2,2,2,2,2,2,2,2
05,620401200000030047,1,2,2,2,2,1,2,2,1,2,2,2,2
05,620401200000040064,1,2,2,2,2,1,2,2,2,2,2,2,2
05,620401200000050080,1,2,2,2,2,2,2,2,2,2,2,2,2
05,620401200000060096,1,2,2,2,1,1,2,2,1,2,2,2,2
05,620401200000070114,1,2,2,1,2,1,2,2,1,2,2,2,1
05,620401200000080129,1,2,2,1,1,1,2,2,1,2,2,2,1
05,620401200000090147,1,2,2,2,2,1,2,2,1,2,2,2,1
05,620401200000110177,1,2,2,1,2,1,1,2,1,2,2,2,1
05,620401200000120192,1,2,2,2,2,2,2,2,2,2,2,2,2
05,620401200000130210,1,2,2,2,2,2,2,2,2,2,2,2,2
05,620401200000140226,1,2,2,2,2,1,2,2,1,2,2,2,2
05,620401200000150242,1,2,2,2,2,1,2,2,1,2,1,2,1
05,620401200000160259,1,2,2,2,2,1,2,2,1,2,1,2,2
05,620401200000170275,1,2,2,2,1,1,2,2,1,2,2,2,2
05,620401200000180292,1,2,2,2,2,2,2,2,1,2,2,2,2
05,620600100000050029,1,2,2,2,2,2,2,2,2,2,2,2,2
05,620600100000070044,1,2,2,2,2,2,2,2,2,2,2,2,1
05,620600100000080052,1,2,2,2,2,1,2,2,2,2,2,2,2
05,620600100000100068,1,2,2,2,2,2,2,2,2,2,2,2,1
05,620600100000120087,1,2,2,2,2,2,2,2,2,2,2,2,2
05,620600100000130095,1,2,2,2,2,2,2,2,2,2,2,2,2
05,620600100000140103,1,2,2,1,1,1,2,2,2,2,2,2,1
05,620600100000150113,1,2,2,2,2,2,2,2,2,2,2,2,1
05,620600100000160123,1,2,2,2,2,2,2,2,2,2,2,2,2
05,620600100000180143,1,2,2,2,2,2,2,2,2,2,2,2,2
05,620600100000200162,1,2,2,2,2,1,2,2,2,2,2,2,1
05,620600100000210173,1,2,2,2,2,2,2,2,2,2,2,2,1
05,620600100000220182,1,2,2,2,1,2,2,2,2,2,2,2,2
05,620600100000230190,1,2,1,1,1,2,2,2,1,2,2,2,1
05,620600100000240200,1,2,2,2,2,1,2,2,2,2,2,2,1
05,620602900100020027,1,2,2,1,1,2,2,2,1,2,2,2,1
05,620602900100030041,1,2,2,2,2,2,2,2,1,2,2,2,1
05,620602900100040054,1,2,2,2,2,2,2,2,1,2,2,2,1
05,620602900100050066,1,2,2,2,2,1,1,2,1,2,2,2,1
05,620602900100120163,1,1,2,2,2,1,2,2,2,2,2,2,2
05,620602900100138005,1,2,2,2,1,2,2,2,1,2,2,2,2
05,620602900100140191,1,2,2,1,1,1,1,2,1,2,2,2,1
05,620602900100150205,1,2,2,2,2,1,2,2,1,2,2,2,1
05,620602900100170236,1,2,2,1,2,1,2,2,1,2,1,2,1
05,620602900100228002,1,2,2,2,2,1,1,2,1,2,2,2,1
05,620602900100230321,1,2,2,2,2,2,2,2,1,2,2,2,1
05,620602900100240335,1,2,2,2,2,2,2,2,2,2,2,2,2
05,620602900100250348,1,2,2,1,1,1,1,2,1,2,1,2,1
05,620602900100260361,1,2,2,1,2,1,2,2,1,2,2,2,1
05,620800900000050045,1,2,2,1,2,2,2,2,1,2,2,2,1
05,620800900000098002,1,2,1,1,2,1,1,2,1,2,1,2,1
05,620800900000100092,1,2,2,1,1,1,2,2,1,2,1,2,1
05,620800900000110103,1,2,2,2,2,1,2,2,1,2,2,2,2
05,620800900000120114,1,2,2,2,2,1,2,2,1,2,2,2,2
05,620800900000130125,1,2,2,2,1,1,2,2,1,2,2,2,2
05,620800900000170170,1,2,2,2,1,2,2,2,1,2,2,2,2
05,620802300000010206,1,2,2,2,1,1,2,2,1,2,1,2,1
05,620900200100020030,1,2,2,1,2,1,2,2,2,2,2,2,1
05,620900200100040061,1,2,2,1,2,1,2,2,2,2,2,2,2
05,620900200100058001,1,2,2,2,2,1,2,2,1,2,2,2,2
05,620900200100068004,1,2,2,2,1,2,2,2,2,2,2,2,2
05,620900200100078002,1,2,2,2,2,1,2,2,2,2,2,2,1
05,620900200100088003,1,2,2,2,2,2,2,2,2,2,2,2,1
05,620900200100090150,1,2,2,1,2,1,1,2,1,2,2,2,2
05,620900200100110184,1,2,1,1,2,1,1,2,1,2,2,1,2
05,620900200100120200,1,2,2,1,1,1,2,2,1,2,2,2,1
05,620900200100130215,1,2,2,2,2,1,2,2,1,2,2,2,2
05,620900200100140233,1,2,2,2,2,2,2,2,1,2,2,2,2
05,620900200100150250,1,2,2,2,2,1,2,2,2,2,2,2,1
05,620900200100160266,1,2,1,1,2,1,1,2,1,2,2,1,1
05,620900200100170282,1,2,2,1,2,1,2,2,2,2,2,2,2
05,620900200100180298,1,2,2,2,1,1,2,2,2,2,2,2,2
05,621100100000010007,1,2,2,1,2,1,2,2,1,2,2,2,1
05,621100100000020021,1,2,2,2,1,1,2,2,1,2,2,2,1
05,621100100000050058,1,2,1,2,1,1,2,2,1,2,2,2,1
05,621100100000060073,1,2,2,2,2,1,1,2,1,2,2,2,1
05,621100100000070089,1,2,2,2,2,1,2,2,1,2,2,2,2
05,621100100000080101,1,2,2,1,1,1,2,2,1,2,1,2,1
05,621100100000130174,1,2,2,1,1,2,2,2,1,2,2,2,1
05,621100100000150204,1,2,2,2,2,2,2,2,1,2,2,2,2
05,621100100000160221,1,2,2,2,1,1,2,2,1,2,1,2,2
05,621100100000170236,1,2,2,2,1,1,2,2,1,2,2,2,1
05,621100100000208002,1,2,2,1,2,1,2,2,1,2,2,1,1
05,621100200000010179,1,2,2,1,1,1,1,2,2,2,2,2,1
05,621200400000010002,1,2,2,2,2,2,2,2,2,2,2,2,1
05,621200400000020014,1,2,2,1,2,1,2,2,1,2,2,2,1
05,621200400000040036,1,2,2,2,2,2,2,2,2,2,2,2,2
05,621200400000060058,1,2,2,2,1,1,1,2,1,2,1,2,1
05,621200400000080082,1,2,2,2,2,1,2,2,2,2,2,2,2
05,621200400000090094,1,2,2,2,2,2,2,2,2,2,2,2,1
05,621200400000100105,1,2,2,2,2,1,2,2,2,2,2,2,2
05,621200400000120129,1,2,2,2,2,1,2,2,2,2,2,2,1
05,621200400000130140,1,2,2,2,1,2,2,2,2,2,2,2,1
05,621200400000150162,1,2,2,2,1,1,2,2,2,2,2,2,1
05,621200400000170185,1,2,2,2,1,1,1,2,1,2,2,2,1
05,621200400000180197,1,2,2,2,2,2,2,2,2,2,2,2,1
05,621200400000190207,1,2,2,2,2,2,2,2,2,2,2,2,2
05,621600600400010014,1,2,2,2,1,1,2,2,1,2,2,2,1
05,621600600400020035,1,2,1,1,1,1,1,2,1,2,1,1,1
05,621600600400030059,1,2,2,1,2,1,2,2,1,2,2,2,1
05,621600600400040080,1,2,1,2,2,1,1,2,1,2,2,2,2
05,621600600400058002,1,2,2,1,1,1,1,2,1,2,1,2,1
05,621600600400060128,1,2,2,2,2,1,1,1,1,2,1,2,1
05,621600600400070150,1,2,2,1,2,1,2,2,1,2,2,2,1
05,621600600400080173,1,2,2,1,1,1,2,2,1,2,2,2,1
05,621600600400090195,1,2,2,1,1,1,1,2,1,2,1,2,1
05,621600600400100224,1,2,2,2,1,1,2,2,1,2,2,2,1
05,621600600400140322,1,2,2,1,1,1,1,2,1,2,2,2,1
05,621600600400150345,1,2,2,1,1,1,1,1,1,2,2,2,1
05,621600600400160370,1,2,1,1,2,1,1,1,1,2,1,1,1
05,621600600400170392,1,1,1,1,1,1,1,2,1,1,1,2,1
05,621600600400180416,1,2,2,1,1,1,1,2,1,2,1,1,1
05,621600600400200461,1,2,2,2,1,1,2,2,1,2,2,2,1
05,621600600400210490,1,2,2,2,1,1,1,2,1,1,1,2,1
05,621600600400220515,1,2,2,1,1,1,1,2,1,2,1,2,1
05,621600600400230537,1,2,2,2,1,1,2,2,1,2,1,2,2
05,621603000100010014,1,2,1,2,1,1,1,2,1,2,2,1,1
05,621603000100030070,1,2,2,1,1,1,1,2,1,2,2,2,1
05,621603000100048001,1,2,1,1,1,1,1,2,1,2,2,1,1
05,621603000100050128,1,2,2,2,2,1,2,2,2,2,2,2,1
05,621603000100068002,1,2,2,2,1,2,2,2,1,2,2,2,1
05,621603000100070184,1,2,2,2,1,1,2,2,1,2,2,2,1
05,621603000100080213,1,2,1,1,1,1,1,2,1,2,1,1,1
05,621603000100090244,1,2,1,1,1,1,1,2,1,2,1,1,1
05,621603000100100272,1,2,2,2,2,2,2,2,2,2,2,2,2
05,621603000100110301,1,2,1,2,1,1,1,2,1,2,1,2,1
05,621603000100138005,1,2,2,1,2,1,2,2,1,2,2,2,1
05,621603000100148004,1,2,2,1,1,1,1,2,1,2,1,2,1
05,621603000100150420,1,2,2,2,1,1,2,2,1,2,2,2,1
05,621603000100170480,1,2,2,2,1,1,2,2,1,2,2,2,1
05,621603200100010013,1,2,2,1,1,1,1,2,1,2,2,2,1
05,621603200100020029,1,2,2,1,1,1,1,2,1,2,2,2,1
05,621603200100030046,1,2,2,2,2,1,2,2,1,2,2,2,2
05,621603200100040062,1,2,2,2,1,1,2,2,1,2,2,2,1
05,621603200100050079,1,2,2,2,2,1,1,2,1,2,2,2,2
05,621603200100060093,1,2,2,2,1,1,2,2,1,2,2,2,1
05,621603200100070107,1,1,2,1,2,1,1,2,1,2,2,2,1
05,621603200100080122,1,2,2,1,2,1,1,2,1,2,1,2,1
05,621603200100100148,1,2,2,1,1,1,1,1,1,2,2,2,2
05,621603200100110165,1,2,2,2,2,1,2,2,1,2,2,2,1
05,621603200100120180,1,2,2,2,1,1,1,2,1,2,2,2,1
05,621603200100130195,1,2,2,2,2,1,2,2,1,2,2,2,2
05,621603200100148004,1,2,2,2,2,1,2,2,1,2,1,1,1
05,621603200100150225,1,2,2,2,2,1,1,1,1,1,2,2,2
05,621603200100170255,1,2,2,1,2,1,2,2,1,2,2,2,2
05,621603200100180270,1,2,2,1,2,1,1,2,1,2,2,2,2
05,621603200100190287,1,2,2,2,2,2,2,2,2,2,2,2,2
05,621603200100200303,1,2,2,2,2,1,1,2,1,2,1,2,2
05,621603200100220336,1,2,2,1,2,1,1,2,1,2,2,2,2
05,621603200100238001,1,2,2,1,2,1,1,2,1,2,1,1,1
05,621603200100250386,1,2,1,1,1,1,1,1,1,1,2,2,1
05,621603200100260403,1,2,1,1,2,1,1,1,1,2,1,1,1
05,621603200100270420,1,2,2,2,2,1,1,2,1,2,2,1,1
05,621603200100280437,1,2,2,1,2,1,1,2,1,2,1,1,1
05,621603200100298002,1,2,2,2,2,2,2,2,2,2,2,2,2
05,621603200100300471,1,2,2,2,1,1,2,2,2,2,2,2,2
06,040302000000010006,1,2,2,1,1,1,1,2,1,2,2,2,1
06,040302000000030028,1,2,1,1,1,1,1,2,1,2,2,1,1
06,040302000000040039,1,2,2,2,2,1,1,2,1,2,2,2,1
06,040302000000050049,1,2,2,2,2,1,2,2,2,2,2,2,1
06,040302000000060060,1,2,2,2,1,1,2,2,2,2,2,2,1
06,040302000000070070,1,2,2,1,2,1,1,2,1,2,2,2,1
06,040302000000080081,1,2,2,2,2,1,2,2,2,2,2,2,1
06,040302000000090092,1,2,2,2,2,1,2,2,1,2,2,2,1
06,040302000000100102,1,2,2,1,1,1,2,2,1,2,2,2,1
06,040302000000110113,1,2,2,1,2,1,2,2,1,2,2,2,1
06,040302000000120123,1,2,2,2,2,2,2,2,2,2,2,2,2
06,040302000000130134,1,2,2,2,2,1,2,2,1,2,2,2,1
06,040302000000140144,1,2,2,1,1,1,1,1,1,1,2,1,1
06,040302000000150155,1,2,2,1,1,1,1,2,1,1,2,2,1
06,040302000000170176,1,2,2,2,1,2,2,2,2,2,2,2,2
06,040302000000180187,1,2,2,2,1,1,2,2,2,2,2,2,2
06,040303000000010002,1,2,2,2,2,2,2,2,2,2,2,2,1
06,040401100000020034,1,2,2,2,1,2,2,2,2,2,2,2,2
06,040401100000040062,1,2,2,2,2,2,2,2,2,2,2,2,1
06,040401100000050076,1,2,2,2,1,1,2,2,1,2,2,2,1
06,040401100000060088,1,2,2,1,1,1,1,2,1,2,2,2,1
06,040401100000080116,1,2,2,2,2,1,2,2,1,2,2,2,1
06,040401100000090129,1,2,2,2,1,2,2,2,2,2,2,2,2
06,040401100000100141,1,2,2,2,1,1,2,2,1,2,2,2,1
06,040401100000110155,1,2,2,1,1,1,1,2,1,2,2,2,1
06,040401100000120168,1,2,2,2,1,2,2,2,2,2,2,2,1
06,040401100000130182,1,2,2,2,2,1,1,2,1,2,2,2,1
06,040401100000140195,1,2,1,2,2,1,2,2,1,2,2,2,1
06,040401100000150207,1,2,2,2,1,1,2,2,2,2,2,2,2
06,040401100000170233,1,2,2,2,1,1,2,2,2,2,2,2,1
06,040401100000180247,1,2,2,1,2,1,2,2,1,2,2,2,1
06,040401100000190261,1,2,2,1,2,1,2,2,1,2,2,2,1
06,040401100000200275,1,2,2,2,2,1,2,2,2,2,2,2,2
06,040401100000210289,1,2,2,2,1,2,2,2,1,2,2,2,2
06,040701500100020050,1,2,2,1,1,1,1,2,1,2,1,1,1
06,040701500100030076,1,2,2,2,2,2,2,2,2,2,2,2,2
06,040701500100040104,1,2,2,2,1,1,2,2,1,2,2,2,1
06,040701500100110295,1,1,1,1,1,1,1,1,1,2,1,1,1
06,040701500100120324,1,2,2,1,1,1,1,1,1,2,2,2,1
06,040701500100120325,1,2,2,2,2,2,2,2,1,2,2,2,2
06,040701500100130352,1,2,2,1,2,1,2,2,1,2,2,2,1
06,040701500100140378,1,2,2,2,2,1,2,2,2,2,2,2,1
06,040701500100170461,1,2,1,1,1,1,1,1,1,2,2,2,1
06,040701500100180002,1,2,1,2,1,1,1,2,1,2,1,1,1
06,040701500100200059,1,2,1,1,1,1,1,2,1,2,2,2,1
06,040701500100210088,1,1,1,1,1,1,1,1,1,2,1,1,1
06,040701500100220115,1,2,2,1,1,1,1,2,1,2,1,2,1
06,041401700000010001,1,2,2,2,2,1,2,2,1,2,2,2,2
06,041401700000020020,1,2,2,1,1,1,1,2,1,2,2,2,1
06,041401700000050062,1,1,2,1,1,1,1,2,1,2,1,2,1
06,041401700000060077,1,2,2,2,2,1,2,2,1,2,2,2,1
06,041401700000070091,1,2,2,2,1,2,2,2,2,2,2,2,1
06,041401700000080104,1,2,2,1,2,1,1,2,1,1,1,2,1
06,041401700000090118,1,2,2,2,2,1,2,2,2,2,2,2,1
06,041401700000120162,1,2,2,2,2,1,2,2,1,2,2,2,1
06,041401700000130176,1,2,2,2,1,1,2,2,1,2,2,2,2
06,041401700000150206,1,2,2,2,2,1,2,2,1,2,2,2,1
06,041401700000160221,1,2,2,1,2,1,2,2,1,2,2,2,1
06,041401700000170235,1,2,2,2,2,1,2,2,1,2,2,2,1
06,041401700000180249,1,2,2,2,2,2,2,2,2,2,2,2,2
06,041401700000190264,1,2,2,2,1,1,2,2,2,2,2,2,2
06,041401700000200279,1,2,2,1,1,1,2,2,1,2,2,2,1
06,041500300000050111,1,2,2,1,1,1,2,2,2,2,2,2,1
06,041500300000060132,1,2,2,2,2,2,2,2,1,2,1,2,2
06,041500300000070153,1,2,2,2,1,2,2,2,1,2,2,2,1
06,041500300000080174,1,2,2,2,2,1,2,2,1,2,2,2,1
06,041500300000090195,1,2,2,2,2,1,1,2,1,2,2,2,1
06,041500300000110237,1,2,2,1,1,1,1,2,1,2,1,2,1
06,041500300000120258,1,2,2,1,1,1,1,1,1,2,1,1,1
06,041500300000130279,1,2,2,2,1,1,2,2,1,2,2,2,1
06,041500300000140300,1,2,2,1,1,1,2,2,1,2,2,2,1
06,041500300000150321,1,2,2,1,2,1,2,2,1,2,1,2,1
06,041500300000160342,1,1,1,1,1,1,1,1,1,2,1,1,1
06,041500300000170363,1,2,2,1,2,1,2,2,1,2,1,2,1
06,041500300000180384,1,2,1,2,1,1,2,2,1,2,1,2,1
06,041500300000190405,1,2,2,2,2,1,2,2,1,2,2,2,2
06,041600300000010004,1,2,2,1,1,1,1,2,1,2,2,1,1
06,041600300000020019,1,2,1,1,1,1,1,2,1,2,2,2,1
06,041600300000030032,1,2,2,2,2,1,2,2,2,2,2,2,1
06,041600300000040047,1,2,2,1,1,1,1,2,1,2,1,2,1
06,041600300000050062,1,2,2,2,1,2,2,2,2,2,2,2,2
06,041600300000100132,1,1,2,1,1,1,2,2,1,2,2,2,1
06,041600300000110146,1,2,2,1,2,1,2,2,1,2,2,2,1
06,041600300000120160,1,2,2,1,1,2,2,2,1,2,2,2,1
06,041600300000130173,1,2,2,1,2,2,2,2,1,2,2,2,1
06,041600300000140188,1,1,1,1,1,1,1,2,1,2,1,2,1
06,041600300000150203,1,2,2,1,1,1,1,2,1,2,2,2,1
06,041600300000160217,1,2,2,1,1,1,2,2,1,2,1,2,1
06,041600300000170232,1,2,2,1,1,1,2,2,1,2,2,2,1
06,041600300000180249,1,2,2,1,1,1,2,2,2,2,2,2,1
06,060100400000010001,1,2,2,1,1,1,2,2,1,2,1,2,1
06,060100400000020012,1,2,1,1,2,1,2,2,1,2,2,2,1
06,060100400000030025,1,2,2,1,1,1,1,2,1,2,2,2,1
06,060100400000040037,1,2,2,2,2,1,2,2,1,2,2,2,2
06,060100400000050049,1,2,2,2,2,1,2,2,1,2,2,2,2
06,060100400000060062,1,2,2,2,2,1,2,2,1,2,2,2,1
06,060100400000070075,1,2,2,2,2,2,2,2,2,2,2,2,2
06,060100400000080088,1,2,2,2,2,1,2,2,1,2,2,2,1
06,060100400000090100,1,2,2,1,2,1,2,2,1,2,2,2,1
06,060100400000100113,1,2,2,2,2,2,2,2,2,2,2,2,2
06,060100400000110126,1,1,1,1,2,1,1,2,1,2,2,2,1
06,060100400000120139,1,2,2,1,2,1,1,2,1,2,1,2,1
06,060100400000130151,1,2,2,2,2,2,2,2,1,2,2,2,2
06,060100400000140164,1,2,2,2,2,2,2,2,1,2,2,2,2
06,060100400000170203,1,2,2,1,1,1,2,2,1,2,2,2,1
06,060100400000190227,1,2,2,2,2,1,2,2,1,2,2,2,1
06,060100400000200239,1,2,2,2,1,1,2,2,2,2,2,2,1
06,060100400000210252,1,2,2,2,2,2,2,2,2,2,2,2,2
06,060101800000010178,1,1,2,1,2,1,2,2,1,2,1,2,1
06,060201100000010003,1,2,2,2,1,1,1,2,1,2,2,2,1
06,060201100000020019,1,2,2,1,1,1,1,2,1,2,2,1,1
06,060201100000030033,1,2,1,1,1,1,1,2,1,2,2,1,1
06,060201100000050062,1,2,2,2,1,2,2,2,1,2,2,2,2
06,060201100000060078,1,2,2,1,1,2,2,2,1,2,2,2,2
06,060201100000070092,1,2,2,2,1,1,2,2,2,2,2,2,1
06,060201100000080107,1,2,2,2,1,1,1,2,2,2,2,2,1
06,060201100000090122,1,2,2,2,2,2,2,2,2,2,2,2,2
06,060201100000110152,1,2,2,2,1,2,2,2,2,2,2,2,1
06,060201100000170237,1,2,2,2,1,1,1,2,1,2,2,2,1
06,060201100000190262,1,2,2,2,2,1,2,2,2,2,2,2,1
06,060201100000200278,1,2,2,1,2,1,2,2,1,2,2,2,1
06,060201100000210292,1,2,2,1,2,1,2,2,1,2,2,2,1
06,060201100000220309,1,2,2,2,2,2,2,2,2,2,2,2,2
06,060201100000240339,1,2,2,1,2,1,1,2,1,2,2,2,1
06,060201100000260371,1,2,2,2,1,1,1,2,1,2,2,2,1
06,060600500000010023,1,2,2,2,1,1,2,2,2,2,2,2,1
06,060600500000020044,1,2,2,2,2,1,2,2,2,2,2,2,2
06,060600500000080166,1,2,2,2,2,2,2,2,2,2,2,2,1
06,060600500000100207,1,2,2,2,2,2,2,2,2,2,2,2,2
06,060600500000120254,1,2,2,2,2,1,2,2,2,2,2,2,1
06,060600500000130276,1,2,2,2,2,1,2,2,2,2,2,2,1
06,060600500000150323,1,2,2,2,2,1,2,2,2,2,2,2,1
06,060600500000160347,1,2,2,2,2,1,2,2,2,2,2,2,1
06,060600500000180394,1,2,2,2,1,1,2,2,2,2,2,2,1
06,060901700000010074,1,2,2,2,2,2,2,2,2,2,2,2,2
06,060903900000010005,1,2,2,2,2,2,2,2,2,2,2,2,2
06,060903900000020011,1,2,2,2,2,1,2,2,1,2,2,2,2
06,060903900000050027,1,2,2,2,2,1,2,2,2,2,2,2,2
06,060903900000090050,1,2,2,2,2,2,2,2,2,2,2,2,2
06,060903900000100057,1,2,2,2,2,1,2,2,1,2,2,2,1
06,060903900000120069,1,2,2,2,2,2,2,2,2,2,2,2,2
06,060903900000130074,1,2,2,2,2,2,2,2,2,2,2,2,2
06,060903900000140080,1,2,2,1,2,1,1,2,2,2,2,2,1
06,060903900000150087,1,2,2,2,2,2,2,2,2,2,2,2,2
06,060903900000160093,1,2,2,2,2,2,2,2,2,2,2,2,2
06,060903900000180106,1,2,2,2,2,2,2,2,1,2,2,2,1
06,060903900000190111,1,2,1,2,2,1,2,2,1,2,2,2,2
06,061600200000020009,1,2,2,1,2,1,1,2,1,2,2,2,1
06,061600200000030017,1,2,2,1,2,1,2,2,1,2,2,2,1
06,061600200000050032,1,2,1,2,2,1,1,2,1,1,2,2,1
06,061600200000060039,1,2,2,2,2,2,2,2,2,2,2,2,1
06,061600200000090061,1,2,2,1,2,1,2,2,1,2,2,2,1
06,061600200000100068,1,2,2,1,2,1,2,2,1,2,2,2,1
06,061600200000110076,1,2,2,2,1,1,2,2,1,2,2,2,1
06,061600200000120084,1,2,2,1,2,1,2,2,1,2,2,2,1
06,061600200000130091,1,2,2,1,2,1,1,2,1,2,1,2,1
06,061600200000140098,1,2,2,2,2,2,2,2,2,2,2,2,1
06,061600200000158002,1,2,2,1,1,1,2,2,1,2,1,2,1
06,061600200000160113,1,2,2,2,2,2,2,2,2,2,2,2,1
06,061600200000180129,1,2,2,1,1,1,2,2,1,2,2,2,1
06,061600200000190136,1,2,2,2,2,2,2,2,1,2,1,2,1
06,061600200000200144,1,2,2,1,2,2,2,2,1,2,2,2,1
06,061605600000010021,1,2,1,1,1,1,1,2,1,1,2,1,1
06,061605600000020088,1,2,2,1,1,1,2,2,2,2,1,2,1
06,061700200000010008,1,2,2,2,2,2,2,2,2,2,2,2,2
06,061700200000020017,1,2,2,2,1,1,2,2,2,2,2,2,2
06,061700200000050041,1,2,2,1,1,1,1,2,2,2,2,2,1
06,061700200000060051,1,2,2,2,2,1,2,2,2,2,2,2,1
06,061700200000080068,1,2,2,1,2,1,2,2,1,2,1,2,1
06,061700200000090077,1,2,2,1,1,1,2,2,1,2,2,2,1
06,061700200000100086,1,2,2,2,2,1,2,2,1,2,2,2,1
06,061700200000120100,1,2,2,1,2,2,2,2,2,2,2,2,1
06,061700200000130108,1,2,2,1,1,1,1,2,1,2,2,1,1
06,061700200000150126,1,2,2,2,2,1,2,2,2,2,2,2,1
06,061700200000190161,1,2,2,1,2,1,2,2,1,2,2,2,1
06,061700200000200170,1,2,2,2,2,2,2,2,2,2,2,2,2
06,061700200000210179,1,2,2,2,2,1,2,2,1,2,2,2,1
06,190100400000010001,1,2,2,1,1,1,1,2,1,2,2,2,2
06,190100400000020024,1,2,2,1,1,1,1,2,1,2,2,2,2
06,190100400000030037,1,2,2,1,1,1,2,2,1,2,2,2,1
06,190100400000040051,1,2,2,2,2,2,2,2,2,2,2,2,2
06,190100400000050065,1,2,2,2,1,1,2,2,1,2,2,2,2
06,190100400000060082,1,2,2,1,2,2,2,2,1,2,2,2,1
06,190100400000070096,1,2,2,1,1,1,1,1,1,1,2,1,2
06,190100400000080110,1,2,2,1,2,1,2,2,1,2,2,2,2
06,190100400000090127,1,2,2,1,1,1,2,2,1,2,2,2,2
06,190100400000100143,1,2,2,1,2,1,1,2,1,2,2,2,2
06,190100400000110158,1,2,2,2,2,1,1,2,1,2,2,2,2
06,190100400000120173,1,2,2,1,2,1,1,2,1,2,2,2,2
06,190100400000130187,1,2,1,1,2,1,1,2,1,2,2,2,2
06,190100400000160229,1,2,2,2,1,2,2,2,2,2,2,2,1
06,190100400000170243,1,2,2,2,2,1,1,2,2,2,2,2,2
06,190100400000180257,1,2,2,2,2,2,2,2,1,2,2,2,1
06,190100700000010012,1,2,2,2,1,2,2,2,2,2,2,2,2
06,190100700000020024,1,1,2,2,1,1,1,2,2,1,2,2,1
06,190100700000030037,1,2,2,1,2,1,2,2,1,2,2,2,2
06,190100700000040050,1,2,2,2,2,1,2,2,2,2,2,2,2
06,190100700000050063,1,2,2,2,1,2,2,2,2,2,2,2,2
06,190100700000060076,1,2,2,2,2,1,2,2,1,2,2,2,2
06,190100700000070088,1,2,2,2,1,1,2,2,2,2,2,2,1
06,190100700000080101,1,2,2,2,2,1,2,2,2,2,2,2,2
06,190100700000090114,1,2,2,1,2,1,2,2,1,2,2,2,2
06,190100700000100127,1,2,2,2,2,1,2,2,1,2,2,2,2
06,190100700000110140,1,2,2,2,1,1,2,2,2,2,2,2,2
06,190100700000120152,1,2,2,2,1,2,2,2,2,2,2,2,2
06,190100700000140178,1,2,2,2,2,2,2,2,2,2,2,2,2
06,190100700000150191,1,2,1,1,1,1,1,2,1,2,2,2,2
06,190100700000160203,1,2,2,2,1,1,2,2,2,2,2,2,2
06,190100800000010002,1,2,2,1,1,1,1,2,1,2,2,2,2
06,190100800000020270,1,1,2,1,1,1,2,2,1,2,2,2,2
06,190200300000010227,1,2,2,2,1,1,2,2,1,2,2,2,2
06,190201200000010020,1,2,2,1,1,2,1,2,2,2,2,2,2
06,190201200000020042,2,2,2,2,1,2,2,2,2,2,2,2,2
06,190201200000030065,1,2,2,2,1,1,2,2,1,2,2,2,2
06,190201200000040087,1,2,2,2,2,1,2,2,2,2,2,2,2
06,190201200000050110,1,2,2,2,2,1,2,2,2,2,2,2,2
06,190201200000060132,1,2,2,2,2,1,2,2,2,2,2,2,2
06,190201200000070155,1,2,2,2,2,2,2,2,1,1,2,2,2
06,190201200000080177,1,2,2,2,1,1,2,2,2,2,2,2,2
06,190201200000090199,1,2,2,2,2,1,2,2,1,2,2,2,2
06,190201200000100222,1,2,2,2,2,1,2,2,1,2,2,2,2
06,190201200000110244,1,2,2,2,2,1,2,2,2,2,2,2,2
06,190201200000120267,1,2,2,2,1,1,1,2,1,2,2,2,2
06,190201200000130289,1,2,2,1,2,2,1,2,1,2,2,2,2
06,190201200000140312,1,2,2,2,2,1,2,2,2,2,2,2,2
06,190201200000150334,1,2,2,1,1,1,2,2,1,2,1,2,1
06,190201200000170379,1,2,2,2,2,1,2,2,2,2,2,2,2
06,190201200000180402,1,2,2,1,1,1,2,2,1,2,2,2,2
06,190801200200020050,1,2,2,2,2,1,2,2,1,2,2,2,1
06,190801200200030071,1,2,2,2,1,2,2,2,2,2,2,2,1
06,190801200200040092,1,2,2,1,2,1,1,2,2,2,2,2,2
06,190801200200050114,1,2,2,2,2,2,2,2,2,2,2,2,2
06,190801200200060136,1,2,2,2,1,1,1,2,1,2,2,1,1
06,190801200200070158,1,2,2,2,2,1,2,2,1,2,2,2,1
06,190801200200080179,1,2,2,2,1,1,2,2,2,2,2,2,2
06,190801200200090198,1,2,2,1,1,1,1,2,1,1,2,1,1
06,190801200200100217,1,2,2,2,1,1,1,2,1,2,2,2,2
06,190801200200110238,1,2,2,1,1,1,1,2,1,2,1,1,2
06,190801200200130282,1,2,2,2,1,2,2,2,2,2,2,2,2
06,190801200200170370,1,2,2,2,2,1,2,2,2,2,2,2,2
06,190900600000010198,1,2,2,2,1,1,1,2,1,2,1,1,2
06,190901900000010010,1,2,2,2,2,1,1,2,1,2,2,2,2
06,190901900000020023,1,2,2,1,1,1,2,2,1,2,2,2,2
06,190901900000030036,1,1,1,1,1,1,1,2,1,2,1,2,2
06,190901900000060071,1,2,2,1,1,1,1,1,1,2,1,2,2
06,190901900000090107,1,2,2,1,1,1,1,2,1,2,1,2,2
06,190901900000100119,1,2,2,1,1,1,2,2,1,2,2,2,2
06,190901900000120141,1,2,2,2,2,2,2,2,2,2,2,2,2
06,190901900000140165,1,2,2,2,1,1,2,2,2,2,2,2,2
06,190901900000160191,1,2,1,1,2,1,2,2,1,2,2,2,2
06,190901900000170205,1,2,2,1,1,1,1,2,1,2,1,1,1
06,190901900000180217,1,2,2,2,2,2,2,2,2,2,2,2,2
06,190901900000190229,1,2,2,1,2,1,1,2,1,2,2,2,2
06,190901900000200244,1,2,2,1,2,1,2,2,2,2,2,2,2
06,190901900000210256,1,2,2,1,1,1,1,2,1,2,1,2,2
06,190901900000220269,1,2,2,1,1,1,1,1,1,2,1,2,1
06,191200700100010032,1,2,2,1,1,1,2,2,1,2,2,2,2
06,191200700100020055,1,2,2,2,1,1,1,2,1,2,2,2,1
06,191200700100040100,1,2,2,1,1,1,1,2,1,2,2,2,1
06,191200700100050124,1,2,2,1,2,1,2,2,1,2,2,2,2
06,191200700100060147,1,2,2,2,2,2,2,2,2,2,2,2,2
06,191200700100070166,1,2,2,1,1,1,2,2,1,2,2,1,1
06,191200700100080187,1,2,2,2,2,1,2,2,2,2,2,2,2
06,191200700100090205,1,2,2,1,1,1,1,2,1,2,2,2,2
06,191200700100100225,1,2,2,1,1,1,1,2,1,1,1,1,1
06,191200700100110247,1,2,2,2,1,1,1,1,1,1,2,2,2
06,191200700100120269,1,2,2,2,1,1,2,2,2,2,2,2,2
06,191200700100130291,1,2,2,2,1,1,2,2,1,2,1,2,2
06,191200700100140315,1,2,2,2,2,1,2,2,2,2,2,2,2
06,191200700100150335,1,2,2,1,2,1,2,2,1,2,2,2,2
06,191200700100168001,1,2,2,1,2,1,2,2,2,2,2,2,2
06,191200700100180395,1,1,1,2,1,1,1,2,1,1,1,2,1
06,191200700100200438,1,2,2,2,2,2,2,2,1,2,2,2,2
06,191403500200010024,1,2,2,2,2,1,2,2,1,2,2,2,2
06,191403500200020041,1,2,2,2,2,2,2,2,2,2,2,2,2
06,191403500200030057,1,1,2,1,1,1,2,2,1,2,2,2,2
06,191403500200048001,1,2,2,2,2,2,2,2,1,2,2,2,2
06,191403500200060104,1,2,2,2,1,2,2,2,2,2,2,2,2
06,191403500200070121,1,2,2,2,2,2,2,2,2,2,2,2,2
06,191403500200080138,1,2,2,2,2,1,2,2,2,2,2,2,2
06,191403500200100174,1,2,2,2,2,2,2,2,2,2,2,2,2
06,191403500200120209,1,2,1,2,2,1,1,1,1,2,2,2,2
06,191403500200138002,1,2,2,1,2,1,2,2,1,2,2,2,2
06,191403500200140241,1,2,2,2,1,1,2,2,1,2,2,2,2
06,191404700100020066,1,1,1,1,1,1,1,1,1,2,1,1,2
06,191404700100060170,1,2,2,1,1,1,1,2,1,2,2,2,2
06,191404700100070198,1,1,2,1,1,1,1,2,1,2,2,2,2
06,191404700100080223,1,2,2,2,1,1,1,2,1,2,1,2,2
06,191404700100110303,1,2,2,2,1,1,2,2,2,2,2,2,2
06,191404700100130356,1,2,2,2,2,1,1,2,1,2,2,2,1
06,191404700100140384,1,2,2,1,1,1,2,2,1,2,1,2,2
06,191404700100150006,1,2,2,1,1,1,1,2,1,2,1,2,2
06,191404700100160034,1,2,2,2,1,1,2,2,1,2,1,2,2
06,191404700100170060,1,2,2,2,1,1,2,2,1,2,2,2,2
06,191404700100190115,1,1,1,2,1,1,1,1,1,2,1,1,1
06,191404700100210158,1,2,1,1,1,1,1,1,1,2,1,1,1
06,191404700100230211,1,2,1,2,1,1,1,1,1,2,2,2,1
06,191404700100240238,1,2,2,2,1,2,2,2,1,2,2,2,1
06,191404700100250266,1,2,2,2,1,1,2,2,1,2,2,2,2
06,191404700100250267,1,2,2,1,1,1,2,2,1,2,2,2,1
06,191404700100260302,1,1,2,1,1,1,2,2,1,2,2,2,1
06,191600100000010003,1,2,2,1,1,1,1,2,1,2,2,2,2
06,191600100000020013,1,2,2,1,2,1,2,2,2,2,2,2,2
06,191600100000030023,1,2,2,2,1,1,2,2,2,2,2,2,2
06,191600100000050045,1,2,2,2,2,1,2,2,1,2,2,2,2
06,191600100000060057,1,2,2,2,2,1,2,2,2,2,2,2,2
06,191600100000070069,1,2,2,2,1,1,1,2,1,2,2,2,1
06,191600100000080081,1,2,2,2,1,1,1,2,1,2,2,2,1
06,191600100000090092,1,2,2,1,1,1,2,2,1,2,2,2,1
06,191600100000100102,1,2,2,2,2,1,1,2,1,2,2,2,2
06,191600100000120125,1,2,2,1,1,1,2,2,2,2,2,2,1
06,191600100000150158,1,2,2,2,2,1,2,2,2,2,2,2,1
06,191600100000160170,1,2,2,1,2,1,1,2,1,2,2,2,1
06,191600100000170182,1,2,2,2,2,1,2,2,2,2,2,2,2
06,191600100000180194,1,2,1,2,2,1,2,2,2,2,2,2,2
06,191600100000200218,1,2,2,2,1,1,2,2,2,2,2,2,1
06,191600100000210230,1,2,2,2,2,1,2,2,2,2,2,2,1
06,191705200000020009,1,2,2,2,1,2,2,2,2,2,2,2,2
06,191705200000040021,1,2,2,2,1,2,2,2,2,2,2,2,2
06,191705200000050027,1,2,2,2,1,2,2,2,2,2,2,2,2
06,191705200000070039,1,2,2,2,1,2,2,2,2,2,2,2,2
06,191705200000080045,1,2,2,2,1,2,2,2,2,2,2,2,2
06,191705200000110063,1,2,2,2,1,2,2,2,2,2,2,2,2
06,191705200000230136,1,2,2,2,1,2,2,2,2,2,2,2,2
06,191705200000260154,1,2,2,2,1,2,2,2,2,2,2,2,2
06,191705200000270160,1,2,2,2,1,2,2,2,2,2,2,2,2
06,300102700000010018,1,2,1,2,2,1,2,2,1,2,2,2,1
06,300102700000020037,1,2,1,2,1,2,2,2,2,2,2,2,2
06,300102700000030054,1,2,2,2,2,1,2,2,1,2,2,2,1
06,300102700000050090,1,2,1,1,2,1,1,1,1,1,2,1,1
06,300102700000068001,1,2,2,1,2,1,1,2,2,2,1,2,1
06,300102700000080149,1,2,2,1,1,1,1,2,1,2,2,1,1
06,300102700000100189,1,2,2,2,2,1,2,2,2,2,2,2,1
06,300102700000120228,1,2,2,2,2,1,2,2,2,2,2,2,1
06,300102700000130248,1,2,2,2,2,1,2,2,2,2,2,2,2
06,300102700000160308,1,2,2,1,1,1,2,2,2,2,2,2,1
06,300102700000170331,1,2,2,1,1,2,2,2,2,2,2,2,2
06,300102700000180351,1,2,2,2,2,1,1,2,1,2,2,2,1
06,300103000000020013,1,2,2,2,2,1,2,2,2,2,2,2,2
06,300103000000030020,1,2,2,2,2,1,2,2,2,2,2,2,1
06,300103000000040026,1,2,2,2,2,1,2,2,2,2,2,2,1
06,300103000000058001,1,2,2,2,2,1,2,2,2,2,2,2,1
06,300103000000060041,1,2,2,2,2,1,2,2,2,2,2,2,1
06,300103000000080056,1,2,2,2,2,1,2,2,2,2,2,2,2
06,300103000000100069,1,2,2,2,2,1,2,2,2,2,2,2,2
06,300103000000110076,1,2,2,2,2,2,2,2,2,2,2,2,2
06,300103000000120083,1,2,2,2,2,2,2,2,2,2,2,2,2
06,300103000000130091,1,2,2,2,2,1,2,2,2,2,2,2,2
06,300103000000150103,1,2,2,2,2,2,2,2,2,2,2,2,2
06,300103000000160111,1,2,2,2,2,1,2,2,2,2,2,2,2
06,300103000000170118,1,2,2,2,2,1,2,2,2,2,2,2,2
06,300103000000190133,1,2,2,2,2,1,2,2,2,2,2,2,2
06,300103000000200140,1,2,2,2,2,2,2,2,2,2,2,2,2
06,300400500000020013,1,1,1,2,1,1,1,2,1,2,2,2,2
06,300400500000030021,1,2,2,1,1,1,2,2,1,2,1,2,2
06,300400500000040029,1,2,2,1,2,1,2,2,1,2,2,2,1
06,300400500000050037,1,2,2,2,1,2,2,2,2,2,2,2,2
06,300400500000060045,1,2,2,2,1,2,2,2,1,2,2,2,2
06,300400500000080061,1,2,2,2,1,1,1,2,1,2,2,2,1
06,300400500000090069,1,2,2,1,1,1,2,2,1,2,2,2,1
06,300400500000100077,1,2,2,2,2,1,1,2,2,2,2,2,2
06,300400500000120092,1,2,2,2,1,1,2,2,2,2,2,2,2
06,300400500000130100,1,2,2,2,1,1,2,2,2,2,2,2,2
06,300400500000140108,1,2,1,2,1,1,1,2,1,1,2,2,1
06,300400500000150116,1,2,2,2,1,1,1,2,2,2,2,2,2
06,300400500000170132,1,2,2,2,2,1,1,2,1,2,1,2,1
06,300400500000180140,1,2,2,2,2,2,2,2,1,2,2,2,2
06,300400500000190148,1,2,2,2,1,2,2,2,1,2,2,2,2
06,300602600100010003,1,2,2,2,2,1,2,2,1,2,2,2,1
06,300602600100020017,1,2,2,2,2,2,2,2,1,2,2,2,1
06,300602600100030033,1,2,2,2,2,1,2,2,2,2,2,2,1
06,300602600100040049,1,2,2,2,2,1,2,2,2,2,2,2,2
06,300602600100050065,1,2,2,2,2,1,2,2,2,2,2,2,2
06,300602600100060082,1,2,2,2,2,2,2,2,2,2,2,2,2
06,300602600100070098,1,2,2,2,2,2,2,2,2,2,2,2,2
06,300602600100080114,1,2,2,2,2,1,2,2,1,2,2,2,2
06,300602600100098002,1,2,2,1,1,1,1,2,1,2,1,1,2
06,300602600100100146,1,2,2,2,2,2,2,2,2,2,2,2,2
06,300602600100110161,1,2,2,2,1,1,2,2,1,2,2,2,1
06,300602600100128001,1,2,2,2,2,1,2,2,1,2,2,2,2
06,300602600100130194,1,2,2,2,2,1,2,2,1,2,2,2,2
06,300602600100140210,1,2,2,2,1,2,2,2,2,2,2,2,2
06,300602600100150226,1,2,2,2,1,2,2,2,1,2,2,2,2
06,300602600100160242,1,2,2,2,1,1,2,2,2,2,2,2,2
06,300602600100170259,1,2,2,2,2,2,2,2,2,2,2,2,2
06,300602600100180274,1,2,2,2,2,2,2,2,2,2,2,2,2
06,300602600100190290,1,2,2,2,2,2,2,2,2,2,2,2,2
06,300701400000020039,1,2,2,2,2,1,2,2,1,2,2,2,1
06,300701400000030060,1,2,2,2,2,1,2,2,1,2,2,2,1
06,300701400000040083,1,2,2,2,1,1,2,2,2,2,2,2,1
06,300701400000050105,1,2,2,2,1,2,2,2,2,2,2,2,1
06,300701400000060126,1,2,1,2,2,1,1,2,1,2,2,2,2
06,300701400000080171,1,2,1,2,1,1,1,1,1,2,2,2,1
06,300701400000090192,1,2,2,2,2,1,2,2,1,2,2,2,1
06,300701400000100215,1,2,2,2,1,1,2,2,1,2,2,2,1
06,300701400000110238,1,2,1,1,2,1,1,1,1,2,2,1,1
06,300701400000130282,1,2,2,2,2,1,2,2,1,2,2,2,2
06,300701400000150326,1,2,2,2,2,1,1,2,1,2,2,2,2
06,300701400000160350,1,2,2,2,2,1,1,2,2,2,2,2,1
06,300701400000170373,1,2,2,2,2,1,2,2,1,2,2,2,2
06,300701400000180397,1,2,2,2,1,1,2,2,1,2,2,2,1
06,300701400000190420,1,2,2,1,2,1,1,2,1,2,2,2,1
06,301302400000030033,1,2,2,2,2,2,2,2,1,2,2,2,2
06,301302400000040044,1,2,2,2,2,1,2,2,1,2,2,2,2
06,301302400000050057,1,2,2,1,2,1,1,2,1,2,2,2,1
06,301302400000060070,1,2,2,2,2,1,1,2,1,2,2,2,2
06,301302400000100118,1,2,2,2,2,2,2,2,2,2,2,2,2
06,301302400000138001,1,2,2,2,1,2,2,2,2,2,2,2,2
06,301302400000140169,1,2,2,2,2,2,2,2,2,2,2,2,2
06,301302400000150181,1,1,1,1,1,1,1,1,1,1,2,2,1
06,301302400000160192,1,2,2,2,1,1,2,2,2,2,2,2,1
06,301302400000170205,1,1,1,1,1,1,1,2,1,2,1,2,1
06,301302400000180216,1,2,1,1,1,1,2,2,1,2,2,2,2
06,301302400000190228,1,2,2,2,2,1,1,2,1,2,2,2,2
06,301302400000200240,1,2,2,2,1,2,2,2,1,2,2,2,2
06,301502600200010018,1,2,2,2,2,2,2,2,2,2,2,2,2
06,301502600200020037,1,2,2,2,2,2,2,2,2,2,2,2,2
06,301502600200030056,1,2,2,2,2,2,2,2,2,2,2,2,2
06,301502600200040075,1,2,2,2,2,2,2,2,2,2,2,2,2
06,301502600200070132,1,2,2,2,2,1,2,2,2,2,2,2,2
06,301502600200100189,1,2,2,2,1,1,2,2,1,2,2,2,2
06,301502600200110208,1,2,2,2,2,2,2,2,2,2,2,2,2
06,301701300000010004,1,2,2,1,1,1,1,2,1,2,2,2,1
06,301701300000020015,1,2,2,2,1,1,1,2,1,2,2,2,1
06,301701300000030027,1,2,2,1,1,2,1,2,2,2,2,2,2
06,301701300000050048,1,2,2,2,1,1,2,2,1,2,2,2,2
06,301701300000060060,1,2,2,2,1,1,1,1,1,2,2,2,1
06,301701300000070072,1,2,2,2,1,1,2,2,1,2,2,2,2
06,301701300000088001,1,2,2,1,2,1,1,2,1,2,2,2,1
06,301701300000090095,1,2,1,2,2,1,2,2,1,2,2,2,1
06,301701300000100108,1,2,2,2,1,1,2,2,1,2,2,2,2
06,301701300000120121,1,2,2,1,2,1,1,2,1,2,2,2,2
06,301701300000140141,1,2,2,1,1,1,1,2,1,2,2,2,2
06,301701300000150152,1,2,2,2,2,2,2,2,1,2,2,2,1
06,301701300000160163,1,2,2,2,1,1,1,1,1,2,2,2,1
06,301701300000170172,1,2,2,1,2,1,2,2,1,2,2,2,1
06,301701300000180185,1,2,2,2,1,1,2,2,1,2,2,2,1
06,301701300000190198,1,2,2,1,1,1,1,2,1,2,2,2,1
06,301701300000200211,1,2,2,2,1,1,1,2,1,2,2,2,1
06,301701300000220238,1,2,2,2,2,2,2,2,2,2,2,2,2
06,301701300000230251,1,2,2,2,1,1,2,2,2,2,2,2,1
06,301900400100010038,1,2,2,2,2,1,1,2,1,2,2,2,1
06,301900400100030073,1,2,2,2,2,2,2,2,1,2,2,2,2
06,301900400100040092,1,2,2,2,2,1,2,2,2,2,2,2,1
06,301900400100058003,1,2,2,1,2,1,1,2,1,2,2,2,1
06,301900400100060134,1,2,2,2,1,1,2,2,2,2,2,2,1
06,301900400100080174,1,2,2,2,2,1,2,2,2,2,2,2,1
06,301900400100098001,1,2,2,2,1,1,1,2,1,2,2,2,1
06,301900400100100210,1,2,2,2,2,1,2,2,2,2,2,2,1
06,301900400100120243,1,2,2,1,2,1,1,2,1,2,2,2,1
06,301900400100140278,1,2,2,2,2,1,2,2,1,2,2,2,1
06,301900400100160306,1,2,2,2,1,1,2,2,1,2,2,2,2
06,301900400100170325,1,2,1,2,1,1,1,1,1,2,2,2,1
06,302103000000010003,1,2,2,2,2,2,2,2,2,2,2,2,2
06,302103000000020008,1,2,2,2,1,2,2,2,2,2,2,2,2
06,302103000000030014,1,2,2,2,1,2,2,2,2,2,2,2,2
06,302103000000050026,1,2,2,2,1,2,2,2,2,2,2,2,2
06,302103000000060031,1,2,2,2,2,2,2,2,2,2,2,2,2
06,302103000000070037,1,2,2,2,1,1,2,2,2,2,2,2,1
06,302103000000090049,1,2,2,2,1,2,2,2,1,2,2,2,2
06,302103000000120066,1,2,2,2,1,2,2,2,2,2,2,2,2
06,302103000000130072,1,2,2,2,1,1,2,2,1,2,2,2,2
06,302103000000140077,1,2,2,2,1,2,2,2,2,2,2,2,2
06,302103000000150082,1,1,2,2,1,1,2,2,1,2,2,2,2
06,302103000000160087,1,2,2,2,1,1,1,2,1,2,2,2,2
06,302103000000170093,1,2,2,2,1,1,2,2,2,2,2,2,1
06,302103000000180098,1,2,2,2,1,1,2,2,2,2,2,2,2
06,302104400000010026,1,2,2,2,2,1,2,2,2,2,2,2,2
06,302200400200010013,1,2,2,1,2,1,2,2,1,2,2,2,1
06,302200400200020033,1,2,2,1,1,1,1,2,1,2,2,2,1
06,302200400200030053,1,2,2,2,2,1,1,2,1,2,2,2,1
06,302200400200040073,1,2,1,2,2,1,2,2,1,2,2,2,1
06,302200400200050094,1,2,2,2,2,2,2,2,2,2,1,2,2
06,302200400200058005,1,2,2,2,2,1,2,2,1,2,2,2,2
06,302200400200060114,1,2,2,2,2,1,1,2,1,2,2,2,1
06,302200400200070135,1,2,1,1,2,1,1,2,1,2,1,2,1
06,302200400200080155,1,2,2,2,2,1,2,2,1,2,2,2,2
06,302200400200088006,1,2,2,2,2,2,2,2,1,2,2,2,2
06,302200400200090174,1,2,2,2,2,2,2,2,1,2,2,2,2
06,302200400200100193,1,2,1,1,2,1,1,2,1,2,2,1,1
06,302200400200110216,1,2,2,1,1,1,2,2,1,2,2,2,2
06,302200400200120236,1,2,2,2,2,2,2,2,1,2,2,2,2
06,302200400200130255,1,2,2,2,2,1,2,2,2,2,2,2,1
06,302200400200140275,1,2,2,2,2,2,1,2,1,2,2,2,2
06,302200400200150295,1,2,1,2,2,1,1,2,1,2,2,2,1
06,302200400200160315,1,2,2,2,2,1,1,2,1,2,2,2,1
06,302200400200170334,1,2,2,2,2,1,2,2,1,2,2,2,2
06,302200400200190374,1,2,2,1,2,1,2,2,1,2,2,2,1
06,302200400200200394,1,2,1,1,1,1,1,1,1,1,2,1,1
06,302200400200220431,1,2,2,1,1,1,1,1,1,2,2,2,1
06,302200400200230450,1,2,2,2,2,1,2,2,1,2,2,2,1
06,302200400200238001,1,2,2,2,2,1,2,2,1,2,2,2,1
06,302200400200238002,1,2,2,2,1,1,2,2,1,2,2,2,2
06,302200400200270524,1,2,2,1,1,1,2,2,1,2,2,2,1
06,302200400200280544,1,1,2,2,2,1,1,1,1,1,2,1,1
06,302200400200290561,1,2,2,1,2,1,1,2,1,2,1,1,1
06,302201900000018004,1,2,2,2,1,1,1,2,1,1,2,2,1
06,302201900000020047,1,2,2,2,2,1,2,2,1,2,2,2,2
06,302201900000030086,1,2,2,2,2,1,2,2,1,2,2,2,1
06,302201900000040126,1,1,1,1,2,1,1,2,1,1,1,1,1
06,302201900000050166,1,2,2,2,2,1,2,2,1,2,2,2,2
06,302201900000070245,1,2,2,2,2,1,2,2,1,2,2,2,2
06,302201900000080282,1,2,2,1,2,1,1,2,1,2,2,2,1
06,302201900000098003,1,2,2,2,1,1,2,2,1,2,2,2,2
06,302201900000128001,1,2,2,2,2,2,2,2,1,2,2,2,1
06,302201900000130465,1,2,1,2,2,2,2,2,1,2,2,2,2
06,302201900000140506,1,2,2,1,2,1,2,2,1,2,2,2,1
06,302201900000158005,1,2,2,2,2,2,2,2,1,2,2,2,2
06,302201900000160587,1,2,1,1,2,1,1,2,1,2,1,1,1
06,302201900000178002,1,2,2,2,1,1,2,2,1,2,2,2,1
06,302201900000180654,1,2,2,1,1,1,1,2,1,2,1,1,1
06,302201900000210763,1,2,2,2,1,2,2,2,2,2,2,2,1
06,302204300000010012,1,2,2,2,2,1,1,2,1,2,2,2,2
06,302204300000020025,1,1,1,1,2,1,1,2,1,2,2,2,1
06,302204300000050051,1,2,1,1,2,1,1,1,1,1,2,1,1
06,302204300000060060,1,2,1,2,2,1,1,2,1,2,2,2,1
06,302204300000068002,1,2,2,2,2,1,2,2,1,2,2,2,1
06,302204300000068004,1,2,2,2,2,1,2,2,1,2,2,1,1
06,302204300000090098,1,2,1,2,1,1,2,2,1,2,2,2,1
06,302204300000100110,1,2,2,2,2,1,2,2,1,2,2,2,1
06,302204300000110123,1,2,1,2,1,1,1,2,1,2,1,2,1
06,302204300000120136,1,2,2,2,2,1,2,2,1,2,2,2,2
06,302204300000130148,1,2,2,2,2,1,1,2,1,2,1,2,1
06,302204300000148001,1,2,2,1,2,1,1,2,1,2,1,2,1
06,302204300000150174,1,2,2,2,2,2,2,2,1,2,2,2,2
06,302204300000160186,1,2,1,2,1,1,1,2,1,2,2,2,1
06,302204300000170199,1,2,2,1,2,1,1,1,1,2,2,1,1
06,302204300000180212,1,2,1,2,2,1,2,2,1,2,2,2,1
06,302204400000010029,1,2,2,1,1,1,2,2,2,2,2,2,1
06,302204400000030065,1,2,1,1,2,1,1,2,1,2,2,2,1
06,302204400000040083,1,2,2,1,1,2,2,2,1,2,2,2,1
06,302204400000060119,1,2,2,1,1,1,1,2,1,2,2,2,1
06,302204400000070137,1,2,2,2,2,2,2,2,1,2,2,2,1
06,302204400000080155,1,2,2,2,1,1,2,2,1,2,2,2,1
06,302204400000090173,1,2,2,1,1,1,2,2,1,2,1,2,1
06,302204400000100191,1,2,1,2,1,2,2,2,1,2,2,2,1
06,302204400000110209,1,2,2,1,1,1,2,2,1,2,2,2,1
06,302204400000120227,1,2,2,1,1,1,1,2,2,2,1,1,1
06,302204400000138002,1,2,2,2,1,1,1,2,1,2,2,2,1
06,302204400000140263,1,2,2,2,1,1,1,2,1,1,1,2,1
06,302204400000180335,1,2,2,1,1,1,1,1,1,2,2,2,1
06,302214900000010017,1,2,2,2,2,1,2,2,2,2,2,2,1
06,302214900000040089,1,2,2,2,1,1,2,2,1,2,2,2,1
06,302214900000050117,1,2,1,1,2,1,2,2,1,2,2,2,1
06,302214900000060142,1,2,2,2,1,1,2,2,1,2,2,2,1
06,302214900000110262,1,2,1,1,1,1,1,2,1,2,2,2,1
06,302214900000130307,1,2,1,1,2,1,1,1,1,1,2,2,1
06,302214900000140327,1,2,2,1,2,1,1,1,1,1,2,2,1
06,302214900000168004,1,2,1,1,2,1,1,1,1,2,2,2,1
06,302215000000018001,1,2,2,2,2,1,2,1,2,2,2,2,1
06,302215600200010021,1,2,2,2,1,1,2,2,1,2,2,2,2
06,302215600200020045,1,2,2,2,2,1,2,2,1,2,2,2,1
06,302215600200030069,1,2,2,2,2,1,1,2,1,2,2,2,1
06,302215600200050117,1,2,2,2,1,1,1,2,1,1,2,2,1
06,302215600200060141,1,2,2,2,2,2,2,2,2,2,2,2,2
06,302215600200080189,1,2,1,2,1,1,1,2,1,2,2,2,1
06,302215600200090213,1,2,2,2,2,1,2,2,1,2,2,2,2
06,302215600200100237,1,2,2,2,2,2,2,2,1,2,2,2,2
06,302215600200108002,1,2,2,2,1,1,2,2,1,2,2,2,1
06,302215600200108004,1,2,2,2,2,1,2,2,1,2,2,2,2
06,302215600200110261,1,2,2,2,2,1,2,2,1,2,2,2,1
06,302215600200120285,1,2,1,1,1,1,1,1,1,2,1,1,1
06,302215600200130309,1,2,1,1,2,1,2,2,1,2,2,2,1
06,302215600200140333,1,2,2,2,1,1,2,2,1,2,2,2,1
06,302215600200160381,1,2,2,2,2,1,2,2,1,2,2,2,1
06,302215600200170404,1,2,2,2,2,1,2,2,2,2,2,2,1
06,302215600200180428,1,2,2,1,1,1,1,2,1,2,2,2,1
06,302300900000010260,1,2,2,2,2,1,2,2,2,2,2,2,1
06,302301800000010001,1,2,2,1,2,1,1,2,1,2,2,2,1
06,302301800000030024,1,2,2,1,2,1,1,2,1,2,2,2,1
06,302301800000050048,1,2,2,1,2,1,1,2,1,2,2,2,2
06,302301800000080083,1,2,2,2,2,1,1,2,1,2,2,2,1
06,302301800000110118,1,2,2,2,1,1,2,2,2,2,2,2,2
06,302301800000130141,1,2,2,2,1,2,2,2,2,2,2,2,2
06,302301800000140153,1,2,2,2,2,2,2,2,2,2,2,2,2
06,302301800000150164,1,2,2,1,2,1,1,2,1,2,2,2,1
06,302301800000160176,1,2,2,2,2,1,2,2,2,2,2,2,2
06,302301800000170188,1,2,2,2,2,2,2,2,2,2,2,2,2
06,302301800000180199,1,2,2,2,2,2,2,2,2,2,2,2,2
06,302302000000010008,1,2,2,1,1,1,1,2,1,2,2,2,2
06,302302000000020023,1,2,2,2,1,1,2,2,1,2,2,2,1
06,302302000000040051,1,2,2,2,1,1,2,2,1,2,2,2,1
06,302302000000060079,1,2,2,2,2,1,2,2,2,2,2,2,2
06,302302000000080108,1,2,2,2,2,1,2,2,1,2,2,2,2
06,302302000000090123,1,2,1,1,1,1,1,1,1,2,2,2,1
06,302302000000100138,1,2,2,2,2,2,2,2,2,2,2,2,2
06,302302000000110153,1,2,1,2,1,1,1,2,1,2,1,1,1
06,302302000000120168,1,2,2,1,2,1,2,2,1,2,2,2,1
06,302302000000130183,1,2,2,2,1,1,2,2,1,2,2,2,1
06,302302000000158001,1,2,2,1,1,1,1,2,1,2,2,2,1
06,302302000000160228,1,2,2,1,2,2,2,2,2,2,2,2,1
06,302302000000170243,1,2,2,2,2,2,2,2,2,2,2,2,2
06,302302000000188002,1,2,2,1,2,1,2,2,1,2,2,2,1
06,302302000000200287,1,2,1,2,1,1,1,2,1,2,2,2,1
06,302302000000210302,1,2,1,1,2,1,2,1,1,2,2,2,1
06,302302000000220317,1,2,2,2,1,1,1,2,2,2,2,2,1
06,302701900000020008,1,2,2,2,1,2,2,2,2,2,2,2,2
06,302701900000060034,1,2,2,2,2,1,2,2,2,2,2,2,2
06,302702700000010017,1,2,2,1,1,2,2,2,1,2,2,2,1
06,302702700000020072,1,2,2,2,2,1,2,2,2,2,2,2,2
06,302804700000010010,1,2,2,2,1,1,2,2,2,2,2,2,2
06,302804700000020020,1,2,2,2,1,1,2,2,2,2,2,2,2
06,302804700000030032,1,2,2,2,2,1,2,2,2,2,2,2,2
06,302804700000040045,1,2,2,2,2,1,2,2,1,2,2,2,2
06,302804700000060070,1,2,2,2,1,2,2,2,2,2,2,2,2
06,302804700000080093,1,2,2,1,1,1,2,2,1,2,2,2,2
06,302804700000110130,1,2,2,1,2,1,1,2,1,2,2,2,2
06,302804700000120143,1,2,2,1,1,2,2,2,2,2,2,2,2
06,302804700000140167,1,2,2,1,2,1,1,2,1,2,2,2,2
06,302804700000150180,1,2,2,1,2,1,2,2,1,2,2,2,2
06,302804700000160193,1,2,2,2,2,1,2,2,2,2,2,2,2
06,302804700000180218,1,2,2,2,2,1,1,2,2,2,2,2,2
06,302808300000020056,1,2,2,2,2,1,2,2,2,2,2,2,2
06,302901300000010006,1,2,2,2,1,1,2,2,2,2,2,2,2
06,302901300000030021,1,2,2,2,2,2,2,2,2,2,2,2,2
06,302901300000050035,1,2,2,2,1,1,2,2,2,2,2,2,2
06,302901300000060043,1,2,2,2,2,2,2,2,2,2,2,2,2
06,302901300000070052,1,2,2,2,2,2,2,2,2,2,2,2,2
06,302901300000080060,1,2,2,2,2,1,1,2,2,2,2,2,2
06,302901300000100076,1,2,2,2,1,1,2,2,1,2,2,2,2
06,302901300000110085,1,2,2,2,2,2,2,2,2,2,2,2,2
06,302901300000120093,1,2,2,2,2,1,2,2,1,2,2,2,2
06,302901300000130099,1,2,2,2,1,1,2,2,2,2,2,2,2
06,302901300000140107,1,2,2,2,1,1,2,2,2,2,2,2,2
06,302901300000150116,1,2,2,2,1,2,1,2,1,2,2,2,2
06,302902600000020238,1,2,2,1,1,1,2,2,2,2,2,2,1
06,302903000000010005,1,2,1,1,2,1,1,2,1,2,1,1,1
06,302903000000020014,1,2,1,1,1,1,1,1,1,2,1,2,1
06,302903000000030023,1,2,2,2,2,1,1,2,1,2,1,1,2
06,302903000000040032,1,1,2,1,1,1,1,2,1,2,2,2,1
06,302903000000050039,1,2,2,2,2,1,1,1,1,1,2,1,2
06,302903000000060047,1,1,1,2,2,1,1,2,1,2,2,2,1
06,302903000000070056,1,2,2,2,2,1,2,2,2,2,2,2,2
06,302903000000080064,1,2,1,2,1,1,1,2,1,2,1,2,1
06,302903000000090073,1,2,1,1,2,1,1,2,1,2,2,2,2
06,302903000000100081,1,2,2,2,2,1,2,2,1,2,2,2,1
06,302903000000110090,1,2,2,2,1,2,2,2,2,2,2,2,2
06,302903000000120099,1,2,1,1,1,1,1,2,1,2,2,1,1
06,302903000000130108,1,2,2,1,1,1,1,2,1,2,2,2,1
06,302903000000150124,1,2,2,1,1,1,1,1,1,2,2,2,1
06,302903000000160131,1,2,2,1,2,1,1,2,1,2,2,2,1
06,302903000000168001,1,2,2,2,2,1,1,2,1,2,2,2,1
06,302903000000168002,1,2,2,2,2,1,1,2,1,2,2,2,1
06,302903000000180145,1,2,2,1,2,1,1,2,1,2,2,2,1
06,302903000000190154,1,2,2,2,1,1,1,1,2,1,2,1,1
06,302903000000200163,1,2,2,2,1,2,2,2,2,2,2,2,2
06,302905200000010073,1,2,2,2,2,1,2,2,1,2,2,2,1
06,303200100000010023,1,2,2,1,2,1,1,1,1,2,1,1,1
06,303200100000020037,1,2,2,1,2,1,2,2,2,2,2,2,1
06,303200100000028002,1,2,2,2,2,1,2,2,1,2,2,2,1
06,303200100000030056,1,2,2,2,1,2,2,2,2,2,2,2,2
06,303200100000040070,1,2,2,1,2,1,1,2,1,2,2,2,1
06,303200100000060102,1,2,1,1,2,1,1,2,1,2,2,2,1
06,303200100000090147,1,2,1,1,2,1,1,1,1,1,1,1,1
06,303200100000110177,1,2,2,2,2,2,2,2,2,2,2,2,2
06,303200100000130212,1,2,2,1,1,2,2,2,2,2,2,2,2
06,303200100000140227,1,2,2,1,2,1,1,2,1,2,2,2,2
06,303200100000150242,1,2,2,1,1,1,1,2,1,2,2,2,1
06,303200100000170273,1,2,2,2,2,1,2,2,1,2,2,2,1
06,303200100000180288,1,2,2,1,2,1,1,2,1,2,2,2,1
06,303200100000190302,1,2,2,1,1,1,1,2,1,2,2,2,1
06,303200100000200318,1,2,2,2,2,2,2,2,2,2,2,2,2
06,303200100000220349,1,2,2,1,2,1,2,2,1,2,2,2,1
06,303600100000010029,1,2,1,1,1,1,1,2,1,1,1,2,1
06,303600100000030078,1,1,2,1,2,2,1,2,1,2,2,2,1
06,303600100000070186,1,2,1,1,2,1,1,1,1,1,1,1,2
06,303600100000080213,1,2,2,2,1,1,1,2,1,2,1,1,1
06,303600100000090240,1,1,1,1,1,1,1,2,1,2,1,1,1
06,303600100000100270,1,2,1,1,1,1,1,2,1,1,2,1,1
06,303600100000110297,1,2,2,1,1,1,1,1,1,1,1,1,2
06,303600100000120325,1,2,1,1,1,1,1,1,1,1,1,1,1
06,303600100000138001,1,2,2,1,2,1,1,2,1,2,2,2,1
06,303600100000140375,1,2,2,1,2,1,2,2,2,2,2,2,2
06,303600100000150404,1,2,2,2,1,2,2,2,1,2,2,2,1
06,303600100000160429,1,2,2,1,1,1,1,2,1,1,2,2,1
06,303600100000170452,1,2,2,1,1,1,2,2,1,2,2,2,2
06,303600100000180476,1,2,1,1,1,1,1,2,1,1,1,1,1
06,303600100000190499,1,2,2,1,1,1,1,2,1,2,2,2,1
06,303600400100010007,1,2,1,1,2,1,1,1,1,2,2,2,2
06,303600400200018001,1,2,2,1,1,1,1,1,1,2,2,1,2
06,303600400200040051,1,2,2,1,2,1,1,1,1,2,1,2,2
06,303600400200060075,1,2,1,1,1,1,1,1,1,2,2,1,2
06,303600400200110150,1,2,2,1,2,1,1,1,1,2,2,1,2
06,303600400200120170,1,2,2,1,2,1,1,2,1,2,2,1,2
06,303600400200140214,1,2,2,1,2,1,2,2,1,2,2,2,2
06,303600400200160255,1,2,2,1,2,1,1,2,1,2,2,2,2
06,303600400200180299,1,2,2,2,2,1,2,2,2,2,2,2,2
06,303600400200190321,1,2,1,1,2,1,1,2,2,2,2,2,2
06,303600400200200343,1,2,2,1,2,1,1,2,2,2,2,1,2
06,303600400200210365,1,2,1,1,1,1,1,2,1,2,2,2,2
06,303705200000010005,1,2,2,1,1,2,2,2,2,2,2,2,1
06,303705200000020033,1,2,1,1,2,1,1,2,2,2,2,2,1
06,303705200000030053,1,2,2,2,2,2,2,2,2,2,2,2,2
06,303705200000040075,1,2,1,2,1,1,2,2,1,2,2,2,2
06,303705200000050095,1,2,2,1,1,1,2,2,1,2,2,2,1
06,303705200000060115,1,2,2,2,1,1,2,2,2,2,2,2,2
06,303705200000070135,1,2,2,2,1,1,2,2,1,2,2,2,1
06,303705200000080154,1,2,2,2,2,1,1,2,1,2,2,2,1
06,303705200000090174,1,2,2,2,1,2,1,2,2,2,2,2,1
06,303705200000110213,1,2,2,1,2,1,2,2,1,2,2,2,1
06,303705200000120234,1,2,2,2,1,2,2,2,2,2,2,2,1
06,303705200000130254,1,2,2,1,1,1,1,2,1,2,2,1,1
06,303705200000150294,1,2,2,2,1,2,2,2,2,2,2,2,2
06,303705200000160312,1,1,1,1,1,1,1,1,1,1,1,1,1
06,303705200000170329,1,2,2,1,1,1,1,2,1,1,1,2,1
06,303705200000180350,1,2,2,1,1,1,1,2,1,2,1,2,1
06,303705200000190373,1,2,2,1,2,1,2,2,1,2,2,2,1
06,303705200000200394,1,2,2,2,2,1,2,2,2,2,2,2,2
06,304200200000010009,1,2,2,2,2,1,2,2,2,2,2,2,2
06,304200300000018002,1,1,2,2,2,1,2,2,1,2,2,2,2
06,304200300000030037,1,2,2,2,2,2,2,2,2,2,2,2,2
06,304200300000040050,1,2,2,2,2,1,2,2,1,2,2,2,1
06,304200300000090115,1,2,2,1,2,1,1,2,1,2,2,2,2
06,304200300000100127,1,2,2,1,2,1,2,2,1,2,2,2,2
06,304200300000110139,1,2,1,1,2,1,1,2,1,2,1,2,1
06,304200300000120152,1,2,2,1,2,1,1,2,1,1,2,2,2
06,304200300000140178,1,2,2,2,2,1,2,2,2,2,2,2,2
06,304200300000150191,1,2,2,2,1,2,2,2,1,2,2,2,1
06,304200300000160204,1,2,2,1,2,1,2,2,2,2,2,2,1
06,304200300000170217,1,2,2,2,2,2,2,2,2,2,2,2,2
06,304200300000180230,1,2,2,2,2,1,1,2,2,2,2,2,1
06,304400400100020022,1,2,2,2,1,1,1,2,2,2,2,2,1
06,304400400100030039,1,2,2,1,1,1,1,2,1,2,2,2,1
06,304400400100040058,1,2,2,1,2,1,1,1,1,2,2,2,1
06,304400400100050076,1,2,2,2,2,1,1,2,1,2,2,2,1
06,304400400100060095,1,2,2,2,2,1,2,2,1,1,2,2,1
06,304400400100078001,1,2,2,2,2,1,2,2,2,2,2,2,2
06,304400400100080131,1,2,2,2,2,1,2,2,1,2,2,2,2
06,304400400100090147,1,2,2,2,2,1,1,2,1,2,2,1,2
06,304400400100100163,1,2,2,2,2,2,2,2,2,2,2,2,2
06,304400400100110180,1,2,2,2,1,1,2,2,2,2,2,2,1
06,304400400100120198,1,2,2,1,2,1,1,2,1,2,2,1,2
06,304400400100130215,1,2,2,2,2,2,2,2,1,2,2,2,1
06,304400400100150250,1,2,2,1,2,1,1,2,1,2,1,1,2
06,304400400100160268,1,2,2,1,1,1,1,2,1,2,2,1,2
06,304400400100188002,1,2,2,2,2,1,2,2,1,2,2,2,1
06,304400400200018001,1,2,2,2,2,1,1,1,1,2,2,2,1
06,450102200000010028,1,2,2,1,2,1,1,2,1,2,2,2,1
06,450102200000028001,1,2,2,1,2,1,1,2,1,2,1,1,1
06,450102200000030069,1,2,2,2,1,2,2,2,1,2,2,2,1
06,450102200000040089,1,2,2,1,2,1,2,2,2,2,2,2,1
06,450102200000068002,1,2,2,2,2,2,2,2,2,2,2,2,2
06,450102200000070148,1,2,2,2,1,1,2,2,1,2,2,2,1
06,450102200000080169,1,2,1,1,1,1,1,2,1,2,1,2,1
06,450102200000090190,1,2,2,1,1,1,1,2,1,2,2,2,1
06,450102200000108003,1,2,2,2,2,1,2,2,1,2,1,2,2
06,450102200000140296,1,2,2,2,2,2,2,2,2,2,1,2,1
06,450102200000150317,1,2,2,2,2,1,2,2,1,2,1,2,1
06,450102200000160338,1,2,1,1,1,1,1,2,1,2,2,2,1
06,450102200000180380,1,2,2,2,1,2,2,2,1,2,2,2,2
06,450104501100010088,1,1,1,1,1,1,1,1,1,2,1,1,1
06,450104501100028001,1,2,2,2,2,2,2,2,2,2,2,2,2
06,450104501100038004,1,2,2,2,1,2,2,2,1,2,2,2,1
06,450104501100040482,1,2,2,2,2,1,1,2,1,1,2,2,1
06,450104700100020060,1,2,2,2,2,2,2,2,2,2,2,2,2
06,450104700100040117,1,2,2,1,2,1,1,2,1,2,2,2,1
06,450104700100050148,1,2,2,1,2,1,1,2,1,2,2,1,1
06,450104700100060179,1,2,1,1,2,1,1,1,1,2,1,1,1
06,450104700100070208,1,2,2,2,2,1,1,1,1,2,2,2,1
06,450104700100080235,1,1,1,1,1,1,1,2,1,2,1,1,2
06,450104700100090263,1,2,2,2,1,1,2,2,1,2,2,2,2
06,450104700100130382,1,2,2,2,2,1,2,2,1,2,2,2,2
06,450104700100140412,1,2,1,1,1,1,2,2,1,2,2,2,1
06,450104700100158005,1,2,1,1,1,1,1,2,1,2,1,1,2
06,450104700100160465,1,1,1,1,1,1,2,2,2,2,2,2,1
06,450104700100170495,1,2,1,1,1,1,1,1,1,2,2,2,2
06,450104700100180525,1,2,1,2,1,1,1,1,1,2,2,1,2
06,450105000300010036,1,2,1,1,1,1,1,1,1,2,1,1,1
06,450105000300030120,1,2,2,2,1,1,2,2,1,2,2,2,2
06,450105000300040165,1,2,2,2,1,2,2,2,1,2,2,2,2
06,450105000300050209,1,2,1,1,2,1,1,2,1,2,2,2,2
06,450105000300060253,1,2,1,1,1,1,2,2,1,2,1,2,1
06,450105000300070298,1,2,2,1,1,1,2,2,1,2,2,2,1
06,450105000300080342,1,2,1,1,1,1,1,2,1,2,2,2,2
06,450105000300100428,1,1,2,1,2,1,1,2,1,2,2,2,2
06,450105000300118001,1,2,2,1,1,1,2,2,1,2,2,2,2
06,450105000300120517,1,2,1,1,1,1,2,2,1,2,2,2,1
06,450105000300138002,1,2,1,2,2,2,2,2,1,2,2,2,2
06,450105000300140608,1,2,1,2,2,1,2,2,1,2,2,2,2
06,450105000300168003,1,2,2,2,1,1,1,2,1,2,2,2,1
06,450105101000010029,1,1,1,1,1,1,1,1,1,2,2,1,1
06,450105101000030117,1,2,2,2,2,1,2,2,1,2,1,2,1
06,450105101000040130,1,2,2,2,1,1,2,2,1,2,2,2,1
06,450105101000058001,1,1,1,1,1,1,1,2,1,2,1,1,2
06,450105500100010019,1,1,2,1,2,1,1,2,1,2,1,1,1
06,450105500100028001,1,2,2,2,2,2,2,2,1,2,2,2,1
06,450105500100038003,1,2,1,2,2,2,2,2,1,2,2,2,1
06,450105500100040251,1,2,2,2,2,2,2,2,2,2,2,2,2
06,450105500100060397,1,2,2,2,1,1,1,2,1,2,2,2,1
06,450105500100070472,1,2,2,1,2,1,1,2,1,2,2,2,1
06,450105500100088002,1,2,2,2,2,1,2,2,1,2,2,2,2
06,450105700900018001,1,2,2,2,1,1,1,1,1,2,1,2,2
06,450105700900020153,1,2,1,2,2,1,1,2,1,2,2,1,1
06,450105700900030284,1,2,1,2,2,1,2,2,1,2,2,2,1
06,450105700900058002,1,2,1,1,1,1,1,1,1,1,2,1,1
06,450105700900060129,1,2,1,1,1,1,1,2,1,2,1,1,1
06,450105700900070261,1,2,1,1,2,1,2,2,1,2,2,2,1
06,450105700900080389,1,2,2,1,2,1,1,2,1,2,2,2,1
06,450105800300010019,1,2,2,1,2,1,2,2,1,2,2,2,2
06,450105800300020125,1,2,2,1,2,2,2,2,2,2,2,2,2
06,450105800300028001,1,2,2,1,2,2,2,2,2,2,2,2,2
06,450105800300030210,1,2,1,1,1,1,1,2,1,2,2,2,1
06,450105800300040311,1,2,1,1,2,1,1,1,1,2,2,1,1
06,450105800300050411,1,2,2,1,2,1,1,2,1,2,2,2,1
06,450105800300068002,1,2,1,1,2,1,2,2,1,2,2,2,2
06,450105800300070602,1,2,2,2,1,1,1,1,1,2,2,2,2
06,450105901100010027,1,2,2,1,1,1,1,2,1,2,2,1,1
06,450105901100020092,1,2,1,1,1,1,1,2,1,2,1,1,1
06,450105901100038002,1,2,1,1,2,1,2,2,1,2,2,2,1
06,450105901100040218,1,2,1,1,2,1,1,2,1,2,1,2,2
06,450105901100058001,1,2,1,2,1,1,1,2,1,2,2,2,2
06,450105901100070403,1,2,1,1,1,1,1,1,1,2,1,1,1
06,450105901100088003,1,2,1,1,2,1,1,1,1,1,1,1,1
06,450105901100098004,1,2,2,1,2,1,1,2,1,2,2,1,1
06,450106000200010019,1,2,2,2,2,1,1,2,1,2,2,2,1
06,450106000200020051,1,2,1,1,2,1,1,2,1,1,1,1,1
06,450106000200030099,1,2,1,1,2,1,1,1,1,1,1,1,1
06,450106000200040131,1,2,1,1,1,1,1,1,1,1,1,1,1
06,450106000200050290,1,2,1,1,2,1,1,1,1,1,1,2,1
06,450106000200068003,1,1,1,1,1,1,2,2,1,2,1,2,1
06,450106000200070246,1,2,1,2,2,1,2,2,1,2,2,2,1
06,450106000200080276,1,1,1,1,2,1,1,2,1,2,1,2,1
06,450106000200130433,1,2,2,2,1,1,1,2,1,2,2,2,1
06,450106000200140471,1,2,1,2,1,1,2,2,1,2,2,2,1
06,450106000200150513,1,2,2,2,1,1,2,2,1,2,2,2,1
06,450106000200160557,1,2,2,1,1,1,1,2,1,2,2,2,1
06,450106000200170599,1,2,1,1,1,1,1,1,1,1,1,2,1
06,450106000200180641,1,2,2,2,2,2,2,2,1,2,2,2,2
06,450106000200190679,1,2,2,1,1,1,1,2,1,1,1,2,1
06,450106000200200720,1,2,2,1,2,1,2,2,1,2,2,2,1
06,450106000200210762,1,2,2,1,1,1,1,2,1,1,2,2,1
06,450200800300010016,1,2,2,1,2,1,2,2,1,2,2,2,1
06,450200800300068003,1,2,2,2,2,1,2,2,2,2,2,2,1
06,450200800300090158,1,2,2,1,2,1,2,2,1,2,2,2,1
06,450200800300100174,1,2,2,2,2,1,2,2,1,2,2,2,1
06,450200800300110188,1,2,2,2,1,1,1,2,1,2,2,2,1
06,450200800300130223,1,2,2,2,2,2,2,2,1,2,2,2,2
06,450200800300160272,1,2,2,2,1,1,2,2,2,2,2,2,2
06,450200800300170289,1,2,2,2,2,1,1,2,1,2,2,2,1
06,450200800300180308,1,2,1,1,1,1,2,2,1,2,2,2,1
06,450200800300190322,1,2,1,1,2,1,2,2,2,2,2,2,1
06,450200800300210361,1,2,2,1,2,1,1,2,1,2,1,2,1
06,450200800300220379,1,2,2,2,1,1,2,2,2,2,2,2,1
06,450200800300230399,1,2,1,1,1,1,1,2,1,2,1,1,1
06,450200800300250438,1,2,2,2,1,1,2,2,2,2,2,2,1
06,450200800300280490,1,2,1,1,2,1,2,2,1,2,2,2,1
06,450200800300290509,1,2,2,2,2,1,2,2,1,2,2,2,2
06,450200800300300526,1,2,1,2,1,1,1,1,1,2,2,1,1
06,450200900400010018,1,2,2,1,2,1,1,2,1,2,2,2,1
06,450200900400020033,1,2,2,1,1,1,1,2,1,2,2,1,1
06,450200900400030051,1,2,2,2,2,2,2,2,2,2,2,2,2
06,450200900400040068,1,2,2,2,1,1,2,2,1,2,2,2,1
06,450200900400060100,1,2,2,1,1,1,2,2,1,2,2,2,1
06,450200900400098001,1,2,2,2,2,1,2,2,1,2,2,2,1
06,450200900400100170,1,2,2,2,2,1,2,2,1,2,2,2,1
06,450200900400130223,1,2,2,2,1,2,2,2,2,2,2,2,2
06,450200900400140242,1,2,2,2,2,1,2,2,1,2,2,2,1
06,450200900400168003,1,2,1,1,1,1,1,2,1,2,2,2,1
06,450200900400188004,1,2,1,1,1,1,1,2,1,2,2,2,2
06,450200900400198006,1,2,2,2,2,2,2,2,2,2,2,2,1
06,450200900400208008,1,2,2,2,2,1,2,2,2,2,2,2,2
06,450200900400210357,1,2,1,1,1,1,2,2,1,2,2,2,2
06,450200900400220380,1,2,2,1,1,1,1,2,1,2,2,2,1
06,450200900400240420,1,2,2,1,1,1,2,2,1,2,2,2,2
06,450200900400250436,1,2,2,2,1,2,1,2,1,2,2,2,1
06,450200900400260454,1,2,2,2,2,2,2,2,2,2,2,2,2
06,450200900400270471,1,2,1,1,2,1,2,2,2,2,2,2,1
06,450200900400280490,1,2,2,2,2,1,2,2,2,2,2,2,1
06,450400800300010018,1,2,1,1,2,1,2,2,2,2,2,2,1
06,450400800300020041,1,2,1,1,2,1,2,2,1,2,2,2,1
06,450400800300030064,1,2,1,1,1,1,1,2,1,2,2,1,1
06,450400800300040088,1,2,2,2,2,1,2,2,1,2,2,2,1
06,450400800300060133,1,2,1,1,1,1,1,2,1,2,2,2,2
06,450400800300078001,1,2,2,2,2,1,2,2,1,2,2,2,1
06,450400800300090200,1,2,2,2,1,1,1,2,1,2,1,2,1
06,450400800300100222,1,2,2,2,1,1,1,2,1,2,2,2,1
06,450400800300110246,1,2,2,1,2,1,1,2,1,2,2,2,2
06,450400800300128002,1,2,2,2,1,1,1,2,1,2,2,2,2
06,450400800300128003,1,2,2,2,1,1,1,2,1,2,2,2,2
06,450400800300130289,1,2,2,1,2,1,2,2,1,2,2,2,1
06,450401200300020028,1,2,2,2,2,1,2,2,2,2,2,2,2
06,450401200300030049,1,2,1,1,1,1,1,2,1,2,2,2,1
06,450401200300040071,1,2,2,2,1,1,1,2,1,2,2,2,1
06,450401200300050095,1,2,2,1,2,1,2,2,1,2,2,2,2
06,450401200300060119,1,2,2,2,2,1,2,2,1,2,2,2,1
06,450401200300070142,1,2,2,2,2,1,1,2,1,2,2,2,1
06,450401200300100211,1,2,2,2,2,1,2,2,1,2,2,2,1
06,450401200300110233,1,2,2,2,2,2,2,2,2,2,2,2,1
06,450401200300120256,1,2,2,1,2,1,2,2,2,2,2,2,1
06,450401200300160348,1,2,2,1,2,1,2,2,1,2,2,2,2
06,450401200300170373,1,2,2,1,2,1,2,2,2,2,2,2,2
06,450401900200010001,1,2,2,2,2,2,2,2,1,2,2,2,2
06,450401900200040068,1,2,2,2,2,1,2,2,1,2,2,2,2
06,450401900200050092,1,2,2,2,2,1,2,2,1,2,2,2,2
06,450401900200060114,1,2,2,2,2,1,2,2,2,2,2,2,2
06,450401900200070137,1,2,2,1,2,1,2,2,1,2,2,2,2
06,450401900200080160,1,2,2,2,2,1,2,2,2,2,2,2,1
06,450401900200100208,1,2,2,2,1,1,2,2,2,2,2,2,2
06,450401900200110232,1,2,2,2,1,1,2,2,1,2,2,2,2
06,450401900200130280,1,2,2,2,2,1,2,2,2,2,2,2,2
06,450401900200140304,1,2,2,2,1,1,2,2,2,2,2,2,1
06,450701200100010010,1,2,1,2,2,1,1,2,1,2,1,1,1
06,450900700100020056,1,2,1,1,2,1,1,1,1,2,1,1,1
06,450900700100050127,1,2,2,2,2,1,2,2,2,2,2,2,1
06,450900700100080199,1,2,2,2,2,2,2,2,2,2,2,2,2
06,450900700100090224,1,2,2,2,1,1,2,2,2,2,2,2,1
06,450900700100110270,1,2,2,1,2,1,1,2,2,2,2,2,1
06,450900700100130318,1,2,2,2,2,1,2,2,1,2,2,2,1
06,450900700100140342,1,2,2,2,1,2,2,2,2,2,2,2,1
06,450900700100150366,1,1,2,2,2,1,1,2,1,1,1,2,2
06,450900700100160388,1,2,2,2,1,1,2,2,2,2,2,2,1
06,450900700100170413,1,2,2,1,2,1,1,2,1,2,2,2,1
06,450900700100180438,1,2,1,2,2,1,1,2,2,2,2,2,1
06,451000200200020028,1,2,2,1,1,2,2,2,2,2,2,2,2
06,451000200200030050,1,2,2,2,2,2,2,2,2,2,2,2,2
06,451000200200060117,1,2,2,2,2,1,1,2,1,2,2,2,1
06,451000200200070140,1,2,2,2,2,1,2,2,1,2,2,2,2
06,451000200200080163,1,2,2,2,2,2,2,2,2,2,2,2,1
06,451000200200120255,1,2,2,2,1,1,2,2,1,2,2,2,1
06,451000800100020055,1,2,1,1,1,1,2,2,1,2,2,2,1
06,451000800100038001,1,2,2,2,2,1,2,2,2,2,2,2,1
06,451000800100040095,1,2,2,2,2,2,2,2,2,2,2,2,2
06,451000800100050116,1,2,2,2,1,1,1,2,2,2,2,2,1
06,451000800100070156,1,2,2,1,2,1,2,2,1,2,2,2,2
06,451000800100090200,1,2,1,2,1,2,2,2,1,2,2,2,2
06,451000800100120266,1,2,2,2,2,1,2,2,2,2,2,2,1
06,451000800100140309,1,2,2,1,1,1,2,2,1,2,2,2,1
06,451000800100150331,1,2,1,2,1,1,2,2,1,2,2,2,1
06,451000800100160353,1,2,2,2,2,2,2,2,2,2,2,2,2
06,451000800100170375,1,2,2,2,2,2,2,2,2,2,2,2,2
06,451000800100180397,1,1,1,2,1,1,2,2,2,2,2,2,2
06,451001300200010002,1,2,2,1,2,1,2,2,1,2,2,2,1
06,451001300200028001,1,2,2,2,2,1,2,2,2,2,2,2,2
06,451001300200040078,1,2,2,2,1,1,2,2,1,2,2,2,2
06,451001300200050101,1,2,1,1,2,1,1,1,1,1,1,2,1
06,451001300200060124,1,2,2,2,2,2,2,2,2,2,2,2,2
06,451001300200070147,1,2,2,2,2,1,2,2,2,2,2,2,2
06,451001300200080169,1,2,2,2,2,1,2,2,1,2,2,2,2
06,451001300200118002,1,1,2,2,2,1,1,2,1,2,2,2,1
06,451100700100020019,1,2,2,1,2,1,2,2,1,2,2,2,2
06,451100700100030033,2,2,2,2,1,1,2,2,2,2,2,2,2
06,451100700100040048,2,2,2,2,2,1,2,2,2,2,2,2,2
06,451100700100050062,2,2,2,2,2,1,2,2,2,2,2,2,2
06,451100700100060077,1,2,2,2,1,2,2,2,2,2,2,2,1
06,451100700100070092,1,2,2,1,1,1,1,2,1,1,2,2,1
06,451100700100080106,1,2,2,2,1,1,2,2,1,2,2,2,1
06,451100700100090121,1,2,2,1,2,1,2,2,1,2,2,2,1
06,451100700100100136,1,2,2,2,1,1,1,2,2,2,2,2,1
06,451100700100118001,1,1,2,2,2,1,1,2,1,2,2,2,1
06,451100700100120165,1,2,2,2,2,1,2,2,2,2,2,2,2
06,451100700100130179,1,2,2,2,2,1,2,2,1,2,2,2,1
06,451100700100160222,1,2,2,2,1,1,2,2,2,2,2,2,1
06,451100700100170237,1,2,1,1,2,1,1,2,2,2,2,2,1
06,451101600200010220,1,2,2,2,2,1,2,2,2,2,2,2,2
06,451101600300010011,1,2,2,2,1,1,2,2,1,2,2,2,2
06,451101600300040054,1,2,2,2,2,1,2,2,1,2,2,2,2
06,451101600300050069,1,2,2,2,2,1,1,2,1,2,2,2,2
06,451101600300060083,1,2,1,1,1,1,2,2,1,2,2,2,2
06,451101600300070098,1,2,2,2,2,1,1,2,1,2,2,2,2
06,451101600300090125,1,2,2,2,2,1,2,2,1,2,2,2,2
06,451101600300100138,1,2,2,2,2,2,2,2,1,2,2,2,2
06,451101600300110152,1,2,2,2,2,1,2,2,1,2,2,2,2
06,451101600300120166,1,2,2,2,2,1,2,2,1,2,2,2,2
06,451101600300130180,1,2,2,2,2,1,2,2,1,2,2,2,2
06,451101600300150208,1,2,2,2,1,1,2,2,2,2,2,2,2
06,451101600300170235,1,2,2,2,2,1,2,2,1,2,2,2,2
06,451101600300190261,1,2,2,2,2,1,1,2,1,2,2,2,2
06,451101600300208001,1,2,2,2,2,1,2,2,2,2,2,2,2
06,451101600300220302,1,2,2,2,2,1,2,2,1,2,2,2,2
06,451101600300230315,1,2,2,2,2,1,1,2,1,2,2,2,2
06,451101600300240329,1,2,2,2,2,1,2,2,1,2,2,2,2
06,451101600300250345,1,2,2,2,1,2,2,2,2,2,2,2,2
06,451101600300260357,1,2,1,1,2,1,1,2,1,2,1,2,2
06,451401700000010019,1,2,2,1,2,1,1,2,1,2,1,2,1
06,451401700000020032,1,2,2,1,1,1,1,2,1,2,1,1,1
06,451401700000030044,1,2,2,2,2,1,2,2,1,2,2,2,1
06,451401700000088001,1,2,2,1,2,1,1,2,1,2,2,2,1
06,451401700000100134,1,2,2,1,1,1,1,2,1,2,1,2,1
06,451401700000110148,1,2,2,1,1,1,1,1,1,2,2,2,1
06,451401700000120161,1,2,2,1,1,1,1,1,1,1,1,1,1
06,451401700000140190,1,2,2,1,2,1,2,2,1,2,2,2,1
06,451401700000150201,1,2,2,2,1,1,2,2,2,2,2,2,1
06,451401700000170227,1,2,2,2,2,1,2,2,1,2,2,2,1
06,451401700000180240,1,2,2,2,2,1,2,2,1,2,2,2,1
06,451401700000190255,1,2,2,2,2,2,2,2,2,2,2,2,2
06,451500400200018001,1,2,1,1,2,1,1,2,1,2,2,2,1
06,451500400200020038,1,2,2,1,2,1,2,2,2,2,2,2,1
06,451500400200040074,1,2,2,2,2,2,2,2,2,2,2,2,2
06,451500400200110200,1,2,2,2,2,2,2,2,2,2,2,2,2
06,451500400200120213,1,2,2,2,2,1,2,2,2,2,2,2,2
06,451500400200130228,1,2,1,1,1,1,1,2,1,2,2,2,2
06,451500400200140246,1,2,1,1,1,1,1,2,1,2,1,1,2
06,451500400200158002,1,2,1,1,1,1,1,2,1,2,1,2,1
06,451500400200170301,1,2,2,2,2,2,2,2,2,2,2,2,2
06,451600100200010001,1,2,2,2,2,2,2,2,2,2,2,2,1
06,451600100200030026,1,2,2,2,2,2,2,2,2,2,2,2,1
06,451600100200050049,1,2,2,1,1,1,1,2,2,2,2,2,1
06,451600100200120142,1,2,2,2,2,1,2,2,2,2,2,2,1
06,451600100200140165,1,2,2,2,1,1,2,2,2,2,2,2,1
06,451600100200150177,1,2,2,2,1,1,1,2,1,2,2,2,1
06,451600100200160190,1,2,2,2,1,1,1,2,2,2,2,2,1
06,451600100200170202,1,2,2,2,2,2,2,2,2,2,2,2,2
06,451600100200190225,1,2,2,2,2,2,2,2,2,2,2,2,2
06,451600100200200237,1,2,2,1,2,1,2,2,2,2,2,2,2
06,451600300200010017,1,2,2,2,1,1,2,2,2,2,2,2,1
06,451600300200030048,1,2,2,2,2,1,2,2,1,2,2,2,2
06,451600300200040065,1,2,2,2,2,2,2,2,1,2,2,2,2
06,451600300200088004,1,2,2,2,2,1,2,2,1,2,2,2,2
06,451600300200100149,1,2,1,1,2,1,2,2,2,2,2,2,1
06,451600300200110165,1,2,2,2,1,1,1,2,1,2,2,2,2
06,451600300200120181,1,2,2,2,2,1,1,2,1,2,2,2,2
06,451600300200130196,1,2,1,1,1,1,2,2,1,2,2,2,2
06,451600300200140214,1,2,2,2,1,1,1,2,2,2,2,2,1
06,451600300200150229,1,2,2,2,2,1,2,2,1,2,2,2,2
06,451600300200168006,1,2,2,2,2,2,2,2,2,2,2,2,1
06,451600300200170257,1,2,2,1,1,1,1,2,1,2,1,2,1
06,451600300200180273,1,2,2,2,1,1,2,2,2,2,2,2,2
06,451600300200190290,1,2,2,2,1,1,2,2,1,2,2,2,1
06,451701200100010026,1,2,2,1,2,1,2,2,1,2,2,2,1
06,451701200100030106,1,2,2,1,1,1,1,2,1,2,2,2,1
06,451701200100070261,1,2,1,1,2,1,1,2,2,2,2,2,1
06,451701200100080298,1,2,2,1,2,1,2,2,2,2,2,2,1
06,451701200100110407,1,2,2,2,2,1,2,2,2,2,2,2,2
06,451701200100120442,1,2,2,2,1,1,2,2,2,2,2,2,2
06,451701200100130483,1,2,2,2,2,2,2,2,2,2,2,2,2
06,451800900200020043,1,2,2,2,2,1,2,2,2,2,2,2,2
06,451800900200040087,1,2,2,2,2,1,2,2,1,2,2,2,1
06,451800900200050109,1,2,2,2,1,1,2,2,1,2,2,2,2
06,451800900200070153,1,2,2,2,2,1,2,2,2,2,2,2,2
06,451800900200098002,1,2,2,2,2,2,2,2,1,2,2,2,2
06,451800900200110241,1,2,2,2,2,2,2,2,2,2,2,2,2
06,451800900200120263,1,2,2,2,2,1,2,2,2,2,2,2,2
06,451800900200130285,1,2,2,2,2,1,2,2,1,2,2,2,2
06,451800900200140307,1,2,2,2,2,1,2,2,1,2,2,2,2
06,451800900200160351,1,2,2,2,2,2,2,2,2,2,2,2,2
06,451800900200170373,1,2,2,1,1,1,1,2,1,2,2,2,2
06,451800900200190417,1,2,2,2,1,1,1,2,1,2,2,2,2
06,451901500200030056,1,2,2,2,2,1,1,2,1,2,2,2,2
06,451901500200040071,1,2,2,2,1,1,1,2,1,2,2,2,2
06,451901500200060106,1,2,2,2,2,1,2,2,2,2,2,2,2
06,451901500200070123,1,2,2,2,1,2,2,2,2,2,2,2,2
06,451901500200080137,1,2,2,2,1,1,1,2,1,2,2,2,2
06,451901500200090155,1,2,2,2,1,2,2,2,1,2,2,2,1
06,451901500200110187,1,2,2,2,2,1,1,2,2,2,2,2,1
06,451901500200130220,1,2,2,2,1,1,2,2,1,2,2,2,2
06,451901500200140236,1,2,1,1,1,1,1,2,1,2,1,1,1
06,451901500200158001,1,2,2,2,2,2,2,2,2,2,2,2,2
06,451901500200170288,1,2,2,1,1,1,2,2,1,2,2,2,2
06,451901500200180306,1,2,2,1,1,1,1,2,2,2,2,2,2
06,451901500200190324,1,2,2,2,1,1,2,2,2,2,2,2,1
06,451901500200200342,1,2,2,2,2,1,2,2,2,2,2,2,1
06,452000900200010024,1,2,2,2,2,1,2,2,2,2,2,2,2
06,452000900200020056,1,2,2,2,1,1,2,2,1,2,2,2,2
06,452000900200030087,1,2,2,2,1,1,2,2,2,2,2,2,2
06,452000900200058002,1,2,2,1,2,1,1,2,1,2,2,2,1
06,452000900200060179,1,2,2,2,2,2,2,2,2,2,2,2,2
06,452000900200070210,1,2,2,2,2,1,2,2,1,2,2,2,1
06,452000900200080242,1,2,2,1,1,1,2,2,1,2,2,2,1
06,452000900200110336,1,2,2,1,1,1,1,2,1,2,2,2,1
06,452000900200120368,1,2,2,2,2,1,1,2,2,2,2,2,2
06,452000900200130400,1,2,2,1,1,2,2,2,1,2,2,2,2
06,452000900200140432,1,2,2,2,2,2,2,2,2,2,2,2,2
06,452000900200150462,1,2,2,1,2,1,1,2,2,2,2,2,2
06,452300100100010013,1,2,2,2,1,1,1,2,2,2,2,2,2
06,452300100100020034,1,2,2,2,1,2,2,2,2,2,2,2,2
06,452300100100030052,1,2,2,2,1,1,1,2,1,2,2,2,2
06,452300100100050074,1,2,2,2,2,1,2,2,1,2,2,2,2
06,452300100100070112,1,2,2,2,1,1,1,2,1,2,2,2,2
06,452300100100100171,1,2,2,2,2,2,2,2,2,2,2,2,2
06,452300100100130237,1,2,2,2,2,1,2,2,2,2,2,2,2
06,452300100100140259,1,2,2,2,1,1,2,2,2,2,2,2,2
06,452300100100150281,1,2,2,2,2,1,2,2,2,2,2,2,2
06,452300100100160303,1,2,2,2,2,2,2,2,2,2,2,2,2
06,452300100100180347,1,2,2,2,2,1,2,2,1,2,2,2,2
06,452300100100190369,1,2,2,2,2,1,2,2,2,2,2,2,2
06,452301500300010013,1,2,1,1,2,1,1,2,1,2,2,2,1
06,452301500300030061,1,2,2,2,1,1,2,2,1,2,2,2,1
06,452301500300050108,1,2,1,1,2,1,1,2,1,2,2,1,1
06,452301500300060130,1,2,2,1,2,1,1,1,1,2,2,1,1
06,452301500300098002,1,2,2,2,2,1,2,2,2,2,2,2,2
06,452301500300150331,1,2,2,2,1,2,2,2,2,2,2,2,2
06,452301500300168001,1,2,2,2,1,1,2,2,2,2,2,2,2
06,452301500300170381,1,2,2,2,2,1,1,1,1,2,1,1,1
06,452301500300180405,1,2,2,2,1,2,2,2,2,2,2,2,2
06,452301601000040070,1,2,2,2,2,1,2,2,2,2,2,2,2
06,452301601000080149,1,2,2,2,2,1,2,2,2,2,2,2,2
06,452301601000090168,1,2,2,2,2,1,2,2,2,2,2,2,2
06,452301601000100188,1,2,2,2,2,1,2,2,2,2,2,2,2
06,452301601000130245,1,2,2,2,2,1,2,2,2,2,2,2,2
06,452301601000150284,1,2,2,2,2,2,2,2,1,2,2,2,1
06,452301601000168002,1,2,2,2,2,2,2,2,1,2,2,2,2
06,452301601000170320,1,2,2,2,2,2,2,2,2,2,2,2,1
06,452301601000188003,1,2,2,1,2,1,1,2,1,2,2,2,1
06,452302500200010012,1,2,2,2,2,2,2,2,2,2,2,2,2
06,452302500200040074,1,2,2,1,2,1,2,2,1,2,2,2,2
06,452302500200050094,1,2,2,2,2,1,2,2,1,2,2,2,2
06,452302500200068001,1,2,2,2,1,1,1,2,2,2,2,2,2
06,452302500200070140,2,2,2,2,1,1,2,2,2,2,2,2,2
06,452302500200080163,1,2,2,2,2,1,2,2,2,2,2,2,1
06,452302500200090185,1,2,2,2,2,1,2,2,1,2,2,2,2
06,452302500200110231,1,2,2,1,2,1,1,2,2,2,2,2,2
06,452302500200130277,1,2,2,2,2,2,1,2,2,2,2,2,2
06,452302500200150318,1,2,2,2,2,2,1,2,2,2,2,2,2
06,452302500200160341,1,2,2,2,2,1,2,2,2,2,2,2,2
06,452302500200170364,1,2,2,2,2,2,2,2,2,2,2,2,2
06,452302500200180387,1,2,2,2,1,1,2,2,2,2,2,2,2
06,452401600100080188,2,2,2,2,1,2,2,2,2,2,2,2,2
06,452401600100150370,1,2,2,1,2,2,2,2,2,2,2,2,1
06,452401600100160396,1,2,2,2,1,2,2,2,2,2,2,2,2
06,452401600100180448,1,2,2,2,2,1,2,2,1,2,2,2,2
06,452401900100010038,1,2,2,2,2,1,2,2,2,2,2,2,1
06,452401900100030142,1,2,1,1,2,1,2,1,1,2,1,2,2
06,452401900100050248,1,2,1,2,2,1,2,2,1,2,2,2,2
06,452401900100060300,1,2,2,1,2,1,2,2,1,2,2,2,2
06,452401900100070356,1,2,2,2,2,1,1,2,1,2,1,2,1
06,452401900100080411,1,2,2,1,1,1,1,1,1,2,1,1,1
06,452401900100100019,1,2,2,1,2,1,2,2,1,2,2,2,1
06,452401900100128001,1,2,2,2,1,2,2,2,1,2,2,2,1
06,452401900100128002,1,2,2,2,1,2,2,2,1,2,2,2,1
06,452401900100140231,1,2,1,1,1,1,2,2,1,2,1,2,1
06,452401900100160337,1,2,2,2,1,1,2,2,1,2,2,2,2
06,452401900100170390,1,2,1,2,2,1,2,2,1,2,2,2,1
06,452401900100180443,1,2,2,2,2,2,2,2,2,2,2,2,2
06,452500600300020039,1,2,2,2,1,1,2,2,1,2,2,2,1
06,452500600300030057,1,2,2,2,1,2,1,2,1,2,2,2,1
06,452500600300040072,1,2,2,1,1,1,2,2,1,2,2,2,1
06,452500600300050089,1,2,2,2,1,1,2,2,1,2,2,2,1
06,452500600300060106,1,2,1,1,2,1,1,2,1,2,2,2,1
06,452500600300070122,1,2,2,2,1,1,2,2,1,2,2,2,2
06,452500600300080139,1,2,2,1,1,1,1,2,1,2,2,2,1
06,452500600300090157,1,2,2,2,2,1,1,2,2,2,2,2,2
06,452500600300100175,1,2,1,1,2,1,1,2,1,2,2,2,2
06,452500600300118001,1,2,2,2,1,2,2,2,2,2,2,2,1
06,452500600300120208,1,2,2,2,1,2,2,2,2,2,2,2,2
06,452500600300130226,1,2,2,2,2,1,2,2,2,2,2,2,2
06,452500600300140242,1,2,2,1,1,1,2,2,1,2,2,2,1
06,452500600300150257,1,2,1,2,2,2,2,2,2,2,2,2,2
06,452500600300160274,1,2,2,2,1,1,1,2,2,2,2,2,2
06,452500600300180307,1,2,1,1,1,1,2,2,1,2,2,2,1
06,452500600300200338,1,2,2,2,1,2,2,2,2,2,2,2,2
06,452601600300010025,1,2,2,2,1,1,2,2,1,2,2,2,1
06,452601600300020051,1,2,2,1,1,1,2,2,1,2,1,2,1
06,452601600300038001,1,2,1,1,1,2,2,2,1,2,2,2,1
06,452601600300040109,1,2,2,2,2,2,2,2,1,2,2,2,1
06,452601600300050137,1,2,1,2,1,1,2,2,1,2,2,2,1
06,452601600300060165,1,2,2,2,2,1,2,2,2,2,2,2,1
06,452601600300070194,1,2,2,1,1,1,1,2,1,2,2,2,1
06,452601600300110311,1,2,2,1,2,1,1,2,1,2,2,2,1
06,452601600300120339,1,1,2,1,1,1,2,2,1,2,2,2,1
06,452700200000020066,1,2,2,2,2,1,2,2,2,2,2,2,1
06,452700200000030101,1,2,2,2,1,1,1,2,2,2,2,2,2
06,452700200000070241,1,2,2,2,2,1,2,2,2,2,2,2,2
06,452700200000080276,1,2,2,2,2,1,1,2,1,2,1,2,1
06,452700200000100346,1,2,2,2,2,2,2,2,2,2,2,2,2
06,452700200000120416,1,2,2,2,2,1,2,2,2,2,2,2,2
06,452700200000130451,1,2,2,2,2,1,2,2,1,2,2,2,1
06,452700200000140486,1,2,2,1,2,1,2,2,1,2,1,2,2
06,452700200000150521,1,2,2,2,2,2,2,2,2,2,2,2,2
06,452700200000170591,1,2,2,1,1,1,2,2,2,2,2,2,2
06,452700200000190661,1,2,2,2,1,1,2,2,1,2,2,2,2
06,452701300200010027,1,2,2,2,2,2,2,2,2,2,2,2,2
06,452701300200020047,1,2,2,2,2,1,1,2,1,2,2,2,2
06,452701300200030065,1,2,1,1,1,1,1,2,1,2,1,2,1
06,452701300200040084,1,2,2,2,1,2,2,2,2,2,2,2,1
06,452701300200050106,1,2,2,2,1,2,2,2,1,2,2,2,1
06,452701300200070149,1,2,2,2,1,1,1,2,2,2,1,2,1
06,452701300200080171,1,2,2,2,2,1,2,2,2,2,2,2,2
06,452701300200130276,1,2,2,2,2,1,1,2,2,2,2,2,2
06,452803300000010001,1,1,2,1,2,1,1,2,1,1,2,2,2
06,452803300000020016,1,2,2,1,1,1,1,2,1,2,2,2,1
06,452803300000030029,1,2,2,2,2,2,2,2,1,2,2,2,2
06,452803300000040043,1,1,1,1,1,1,1,1,1,2,1,1,1
06,452803300000050062,1,1,1,2,1,1,2,2,1,2,2,2,1
06,452803300000070097,1,2,1,2,2,1,2,2,1,2,2,2,2
06,452803300000090130,1,2,2,1,1,1,2,2,1,2,2,2,1
06,452803300000100147,1,2,2,1,2,1,2,2,1,2,2,1,1
06,452803300000110167,1,2,2,1,1,2,2,2,1,2,2,2,1
06,452803300000120180,1,2,1,1,2,1,2,2,1,2,1,1,1
06,452803300000130194,1,2,2,2,1,1,2,2,1,2,2,2,1
06,452803300000140207,1,2,2,2,2,1,2,2,1,2,2,2,1
06,452803300000150219,1,2,1,2,2,1,1,2,1,2,1,2,2
06,452803300000160237,1,2,1,1,1,1,1,2,1,2,2,2,1
06,452803300000170255,1,1,2,1,1,1,1,2,1,2,2,2,1
06,452803300000188001,1,1,1,1,1,1,2,2,1,2,1,2,1
06,453001100100020027,1,2,2,2,2,1,1,2,1,2,2,2,1
06,453001100100030048,1,2,2,1,2,2,2,2,2,2,2,2,2
06,453001100100040072,1,2,2,1,1,1,2,2,1,2,2,2,1
06,453001100100050097,1,2,2,1,2,1,2,2,1,2,2,2,1
06,453001100100070143,1,2,2,1,1,2,2,2,2,2,2,2,1
06,453001100100090190,1,2,2,1,2,2,2,2,2,2,2,2,2
06,453001100100100212,1,2,2,2,2,1,2,2,2,2,2,2,1
06,453001100100110233,1,2,2,2,2,1,2,2,1,2,2,2,1
06,453001100100120255,1,2,2,1,2,1,2,2,2,2,2,2,2
06,453001100100130280,1,2,2,2,2,1,2,2,1,2,2,2,1
06,453001100100140304,1,2,2,2,2,1,2,2,1,2,2,2,1
06,453001100100150329,1,2,2,2,1,1,1,2,1,2,2,2,1
06,453001100100160354,1,2,2,1,1,1,1,2,1,2,2,2,2
06,453001100100170379,1,2,2,2,2,1,2,2,1,2,2,2,2
06,453001100100180404,1,2,2,2,1,1,2,2,2,2,2,2,2
06,453001100100190427,1,2,2,2,1,2,2,2,2,2,2,2,1
06,453001100100200450,1,2,1,1,1,1,1,2,1,2,1,1,1
06,453001100100210475,1,2,2,2,2,2,2,2,2,2,2,2,2
06,453001100100240549,1,2,2,1,2,1,2,2,1,2,2,2,1
06,453001100100250574,1,2,1,1,2,1,2,2,1,2,2,2,1
06,453001100100290670,1,2,2,1,1,1,1,2,1,1,2,2,1
06,790102000200010002,1,2,2,1,1,1,1,2,1,2,2,1,1
06,790102000200020026,1,2,2,2,1,1,2,2,2,2,2,2,1
06,790102000200030045,1,2,1,1,1,1,2,2,1,2,2,2,1
06,790102000200040064,1,2,2,1,1,1,1,2,1,2,2,2,1
06,790102000200050082,1,2,2,2,1,1,2,2,2,2,2,2,1
06,790102000200060101,1,2,2,1,1,1,2,2,1,2,2,2,1
06,790102000200070120,1,2,2,2,1,1,1,2,1,2,2,1,1
06,790102000200080139,1,2,2,1,1,1,1,2,1,2,2,1,1
06,790102000200090157,1,2,2,2,1,2,2,2,1,2,2,2,1
06,790102000200110194,1,1,2,1,1,1,1,2,1,2,2,1,1
06,790102000200120213,1,2,1,1,1,1,1,1,1,2,2,1,1
06,790102000200130232,1,2,2,1,1,1,2,2,1,2,2,2,1
06,790102000200140251,1,2,1,1,1,1,1,2,1,2,2,2,1
06,790102000200150268,1,2,2,1,2,1,2,2,2,2,2,2,2
06,790102000200160287,1,2,2,1,2,1,2,2,1,2,2,2,1
06,790102000200170306,1,1,1,1,1,1,1,2,1,2,2,2,1
06,790102000200188001,1,2,2,1,1,1,2,2,2,2,2,2,1
06,790300600000010022,1,2,2,2,2,1,2,2,2,2,2,2,2
06,790300600000020038,1,2,2,2,2,1,2,2,1,2,2,2,1
06,790300600000040071,1,2,2,2,2,1,2,2,2,2,2,2,1
06,790300600000060105,1,2,2,2,2,2,2,2,2,2,2,2,1
06,790300600000070122,1,2,2,2,2,2,2,2,2,2,2,2,2
06,790300600000090156,1,2,2,2,2,1,2,2,1,2,2,2,2
06,790300600000100173,1,2,2,2,2,2,2,2,2,2,2,2,1
06,790300600000150258,1,2,2,2,2,2,2,2,2,2,2,2,2
06,790300600000160275,1,2,2,2,2,2,2,2,2,2,2,2,2
07,120300300000030040,1,2,2,2,1,2,2,2,2,2,2,2,2
07,120300300000060087,1,2,2,2,1,2,2,2,2,2,2,2,2
07,120300300000080112,1,2,2,2,1,1,1,2,1,2,2,2,2
07,120300300000080113,1,2,2,1,1,1,1,2,1,2,2,2,2
07,120300300000138002,1,2,2,2,2,1,2,2,1,2,2,2,1
07,120300300000150211,1,2,2,2,2,1,1,2,2,2,2,2,1
07,120300300000180256,1,2,2,2,1,1,1,2,2,2,2,2,1
07,120600100000010003,1,2,2,2,2,1,1,2,1,2,2,2,1
07,120600100000020009,1,2,2,2,1,1,2,2,2,2,2,2,2
07,120600100000040021,1,2,2,2,1,1,1,2,2,2,2,2,1
07,120600100000060034,1,2,2,2,1,1,1,2,2,2,2,2,1
07,120600100000070041,1,2,2,2,2,2,2,2,2,2,2,2,1
07,120600100000080049,1,2,2,2,1,2,2,2,2,2,2,2,2
07,120600100000100063,1,2,2,2,1,1,2,2,2,2,2,2,1
07,120600100000110071,1,2,2,2,2,1,2,2,2,2,2,2,2
07,120600100000130085,1,2,2,2,1,1,2,2,1,2,2,2,1
07,120600100000140092,1,2,2,2,1,2,2,2,2,2,2,2,1
07,120600100000150098,1,2,2,2,2,1,1,2,1,2,2,2,1
07,120600100000160106,1,2,2,2,1,2,2,2,2,2,2,2,1
07,120600100000170112,1,2,1,2,1,1,2,2,1,2,2,2,1
07,120600100000180117,1,2,2,2,1,1,2,2,2,2,2,2,1
07,120600100000198001,1,2,2,2,1,2,2,2,2,2,2,2,2
07,120600100000200129,1,2,2,2,2,1,2,2,1,2,2,2,1
07,120600100000210137,1,2,2,2,1,2,2,2,2,2,2,2,2
07,121201600000020062,1,2,2,2,2,1,2,2,2,2,2,2,1
07,121201600000040113,1,2,2,2,1,1,2,2,2,2,2,2,1
07,121201600000050141,1,2,2,2,1,1,2,2,2,2,2,2,1
07,121201600000060169,1,2,2,2,2,1,2,2,2,2,2,2,2
07,121201600000070197,1,2,2,2,1,2,2,2,2,2,2,2,1
07,121201600000090251,1,2,2,2,1,1,2,2,1,2,2,2,1
07,121201600000100278,1,2,2,1,1,1,1,2,1,2,2,1,1
07,121201600000110307,1,2,2,2,1,1,1,2,1,2,2,2,1
07,121201600000120332,1,2,2,2,2,2,2,2,2,2,2,2,1
07,121201600000130359,1,2,2,2,1,1,2,2,1,2,2,2,1
07,121201600000150416,1,1,2,2,2,1,1,2,2,2,2,2,1
07,121201600000160444,1,1,2,1,1,2,2,2,2,2,2,2,1
07,121201600000170473,1,2,2,2,1,1,1,2,2,2,2,2,1
07,121201600000180502,1,2,2,2,1,1,2,2,2,2,2,2,1
07,121401900000020011,1,2,2,1,1,1,1,2,1,2,2,2,2
07,121401900000050036,1,2,2,2,2,2,2,2,2,2,2,2,2
07,121401900000060043,1,2,2,2,1,1,2,2,1,2,1,2,2
07,121401900000070052,1,2,2,2,2,2,2,2,2,2,2,2,2
07,121401900000080061,1,2,2,2,1,1,1,2,2,2,2,2,2
07,121401900000090070,1,2,2,2,1,2,2,2,2,2,2,2,2
07,121401900000120094,1,2,1,2,1,1,1,2,1,2,1,2,2
07,121401900000130102,1,2,2,2,1,1,2,2,2,2,2,2,2
07,121401900000140111,1,2,1,1,1,1,1,2,1,2,2,2,2
07,121401900000160125,1,2,2,2,1,1,2,2,1,2,2,2,2
07,121401900000160126,1,2,2,2,1,1,1,2,1,2,2,2,1
07,121401900000170131,1,2,2,1,1,1,1,1,1,2,1,2,1
07,121401900000220172,1,2,1,2,1,1,1,1,1,1,1,1,1
07,121401900000240189,1,2,2,2,1,1,1,2,1,2,2,2,1
07,121901000000010002,1,2,2,2,2,2,2,2,2,2,2,2,1
07,121901000000020026,1,2,1,2,1,2,2,2,2,2,2,2,1
07,121901000000030046,1,1,2,2,2,1,2,2,1,2,2,2,2
07,121901000000040066,1,2,2,2,1,1,2,2,2,2,2,2,1
07,121901000000050085,1,2,2,2,1,1,1,2,1,2,2,2,1
07,121901000000080143,1,2,2,2,1,1,2,2,2,2,2,2,1
07,121901000000090163,1,2,2,2,1,1,2,2,2,2,2,2,1
07,121901000000100183,1,2,2,1,1,1,1,2,1,2,2,2,1
07,121901000000120222,1,1,1,1,1,1,2,1,1,2,2,2,1
07,121901000000130242,1,2,2,2,2,1,1,2,2,2,2,1,1
07,121901000000140260,1,2,2,1,1,1,1,2,2,2,2,2,1
07,121901000000160300,1,2,2,2,2,1,1,2,2,2,2,2,1
07,121901000000170320,1,2,2,1,1,1,1,2,1,2,2,2,1
07,121901000000180340,1,2,2,2,2,2,2,2,2,2,2,2,1
07,121901000000190360,1,2,2,2,1,1,1,2,1,2,1,1,1
07,122100200000018001,1,2,2,2,1,2,2,2,2,2,2,2,1
07,122101900000010009,1,2,2,1,2,1,1,2,1,2,2,2,1
07,122101900000020020,1,2,2,1,2,1,2,2,2,2,2,2,1
07,122101900000030033,1,1,2,1,2,1,2,2,1,2,2,2,1
07,122101900000040042,1,2,2,2,2,2,2,2,2,2,2,2,2
07,122101900000050056,1,1,2,1,2,1,1,2,1,2,2,2,1
07,122101900000060069,1,2,2,2,1,1,1,2,1,2,2,2,1
07,122101900000070082,1,2,2,2,1,2,2,2,2,2,2,2,2
07,122101900000080095,1,2,2,1,2,1,2,2,2,2,2,2,1
07,122101900000090106,1,2,2,2,2,1,2,2,2,2,2,2,1
07,122101900000100120,1,2,2,2,1,1,2,2,1,2,2,2,1
07,122101900000110133,1,2,2,1,1,1,1,2,1,2,2,2,1
07,122101900000120147,1,1,2,1,2,1,1,2,1,2,1,2,1
07,122101900000130159,1,2,2,2,2,2,2,2,2,2,2,2,1
07,122101900000150183,1,1,2,1,2,1,1,2,1,2,1,2,1
07,122101900000160195,1,1,2,2,2,1,2,2,1,2,2,1,1
07,122101900000170208,1,2,2,1,1,1,1,2,1,2,2,2,1
07,122101900000180222,1,2,2,2,1,2,2,2,1,2,2,2,1
07,122101900000190234,1,2,1,1,1,1,1,1,1,2,2,2,1
07,122101900000200248,1,2,2,2,1,1,1,2,1,2,2,2,1
07,122400900000020175,1,2,2,2,1,1,2,2,2,2,2,2,2
07,122402100000020010,1,2,2,2,1,1,1,2,1,2,2,2,1
07,122402100000030018,1,2,1,1,2,1,2,2,1,2,2,2,1
07,122402100000040026,1,2,2,2,1,1,1,2,1,2,2,2,1
07,122402100000050034,1,2,1,2,2,1,2,2,2,2,2,2,1
07,122402100000068003,1,2,2,2,1,1,2,2,2,2,2,2,1
07,122402100000070048,1,2,2,2,2,1,2,2,2,2,2,2,1
07,122402100000098002,1,2,2,2,2,2,2,2,1,2,2,2,1
07,122402100000130097,1,2,2,2,2,2,2,2,2,2,2,2,2
07,122402100000140106,1,2,2,2,1,1,1,2,1,2,2,2,1
07,122402100000170128,1,2,2,2,2,1,2,2,1,2,2,2,1
07,122402100000180135,1,1,1,1,1,1,1,2,1,2,1,2,1
07,122402100000190144,1,2,2,2,2,1,1,2,1,2,2,2,1
07,122902200000010002,1,2,1,1,1,1,1,2,1,2,2,2,1
07,122902200000020011,1,2,1,1,1,1,1,1,1,2,2,1,1
07,122902200000030017,1,2,1,1,1,1,1,1,1,2,1,2,1
07,122902200000040025,1,2,1,1,1,1,1,2,2,2,2,2,1
07,122902200000050033,1,2,1,1,2,1,1,1,1,2,2,1,2
07,122902200000060041,1,2,1,1,1,1,1,2,1,2,2,1,1
07,122902200000080056,1,2,2,1,1,1,1,2,1,2,2,2,1
07,122902200000090065,1,2,2,1,2,1,1,2,1,2,2,2,2
07,122902200000100071,1,2,1,2,1,2,1,2,1,2,2,2,2
07,122902200000110079,1,2,2,1,1,1,1,2,1,2,2,2,1
07,122902200000120088,1,2,2,2,1,1,1,1,1,2,2,2,1
07,122902200000130095,1,2,1,1,1,1,1,1,1,2,2,1,1
07,122902200000148001,1,2,2,2,2,1,2,2,2,2,2,2,2
07,122902200000150111,1,2,1,2,1,1,1,1,1,2,2,1,1
07,122902200000168002,1,2,2,2,1,1,1,2,1,2,2,2,1
07,122902200000190143,1,2,1,1,1,1,1,1,1,2,2,1,1
07,123101700000020037,1,2,2,2,2,1,2,2,2,2,2,2,1
07,123101700000030053,1,2,2,2,2,1,2,2,2,2,2,2,1
07,123101700000070117,1,2,2,2,2,1,1,2,2,2,2,2,1
07,123101700000080133,1,2,2,1,2,1,1,2,1,2,2,2,1
07,123101700000110181,1,2,2,2,2,1,2,2,2,2,2,2,2
07,123101700000140229,1,2,2,2,1,2,2,2,2,2,2,2,1
07,123101700000180293,1,2,2,2,2,2,2,2,2,2,2,2,2
07,123101700000190309,1,2,2,2,1,1,2,2,2,2,2,2,1
07,123201600000010024,1,2,1,1,1,1,2,2,1,2,2,2,1
07,123201600000028004,1,2,1,1,1,1,1,2,1,2,1,1,1
07,123201600000038002,1,2,1,1,1,1,2,2,2,2,2,2,1
07,123201600000040096,1,2,2,1,1,1,1,1,1,2,2,2,1
07,123201600000050119,1,2,2,2,2,2,2,2,2,2,2,2,2
07,123201600000060143,1,2,1,1,1,1,1,2,1,2,2,2,1
07,123201600000070166,1,2,1,2,2,1,1,2,1,2,1,2,1
07,123201600000080189,1,2,1,1,1,1,1,2,1,2,2,1,1
07,123201600000090214,1,2,1,2,2,1,1,2,1,2,2,2,1
07,123201600000100238,1,1,1,1,1,1,1,2,1,2,1,1,1
07,123201600000110261,1,2,1,1,1,1,1,2,1,2,1,1,1
07,123201600000128003,1,2,2,2,1,1,1,2,2,2,2,1,1
07,123201600000140331,1,2,1,1,1,1,1,1,1,2,2,1,1
07,123201600000150356,1,1,1,1,1,1,1,1,1,2,1,1,1
07,123201600000160378,1,2,2,1,1,1,1,2,2,2,2,2,1
07,123201600000180425,1,1,1,1,1,1,1,1,1,2,1,1,1
07,123300800200020043,1,2,1,1,2,1,1,2,1,2,2,2,1
07,123300800200030061,1,2,1,1,1,1,1,2,1,2,1,2,1
07,123300800200048001,1,2,1,2,1,1,1,2,1,2,2,2,1
07,123300800200050097,1,2,1,1,1,1,1,1,1,2,2,2,1
07,123300800200060117,1,2,1,1,2,1,2,2,1,2,2,2,1
07,123300800200070135,1,2,2,2,1,2,2,2,2,2,2,2,1
07,123300800200080154,1,2,2,2,1,1,1,2,1,2,2,2,1
07,123300800200090173,1,2,1,1,1,1,1,1,2,2,1,1,1
07,123300800200100190,1,2,2,2,1,2,2,2,2,2,2,2,2
07,123300800200110209,1,2,1,1,1,1,1,2,1,2,2,2,1
07,123300800200120227,1,1,1,2,1,1,2,2,1,2,2,2,1
07,123300800200138001,1,2,2,2,2,2,2,2,2,2,2,2,2
07,123300800200140267,1,2,1,2,1,1,2,2,1,2,2,2,1
07,123300800200150287,1,2,2,2,2,1,2,2,1,2,2,2,1
07,123300800200170324,1,2,2,2,2,1,2,2,2,2,2,2,1
07,123300800200180344,1,2,2,2,1,1,1,2,1,2,2,2,1
07,123300800200190364,1,2,2,2,1,1,2,2,1,2,2,2,1
07,123300800200200384,1,2,2,2,1,1,1,2,1,2,2,1,1
07,123300800200210404,1,2,2,2,2,1,2,2,2,2,2,2,1
07,124200200200028002,1,2,2,2,2,2,2,2,1,2,2,2,2
07,124200200200030076,1,2,1,1,1,1,1,1,1,2,1,1,1
07,124200200200040105,1,2,1,1,1,1,1,1,1,2,2,1,2
07,124200200200050128,1,2,2,2,1,1,1,2,2,2,2,2,1
07,124200200200060150,1,1,1,1,1,1,1,1,1,2,1,1,1
07,124200200200070171,1,2,2,1,1,1,1,2,2,2,1,1,1
07,124200200200090221,1,2,1,1,1,1,2,2,1,2,2,2,1
07,124200200200100246,1,2,1,2,2,1,2,2,2,2,2,2,1
07,124200200200110275,1,2,1,1,1,1,2,2,1,2,2,2,1
07,124200200200130324,1,2,1,1,1,1,1,1,1,2,1,1,1
07,124200400100058001,1,2,2,2,1,2,2,2,2,2,2,2,1
07,124200400100068010,1,2,1,2,1,1,1,1,1,2,1,1,1
07,124200400100080175,1,2,1,1,2,1,2,2,1,2,2,2,1
07,124200400100090197,1,1,2,1,2,1,1,2,1,2,1,2,1
07,124200400100110243,1,2,1,1,1,1,1,1,1,2,1,2,1
07,124200400100120267,1,2,1,2,2,1,2,2,1,2,2,2,1
07,124200400100138008,1,2,1,1,1,1,1,2,1,2,1,2,1
07,124200400100140315,1,2,1,1,2,1,1,1,1,2,1,1,1
07,124200400100158011,1,2,2,2,1,2,2,2,1,2,2,2,1
07,124200400100160363,1,2,2,1,2,1,1,1,1,2,2,1,1
07,124200400100170384,1,2,2,2,1,1,1,2,2,2,1,2,1
07,124200400100200457,1,2,2,2,1,1,1,2,1,2,2,2,1
07,124200400100210478,1,2,2,1,1,1,1,1,2,2,1,1,1
07,124301700000018001,1,2,2,2,2,1,2,2,1,2,2,1,2
07,124301700000020036,1,2,2,2,1,1,2,2,2,2,2,2,2
07,124301700000030046,1,2,2,2,1,1,2,2,2,2,2,2,2
07,124301700000040059,1,2,2,2,2,2,2,2,2,2,2,2,2
07,124301700000050066,1,2,2,2,2,2,2,2,2,2,2,2,2
07,124301700000060078,1,2,2,2,2,1,2,2,1,2,2,2,2
07,124301700000078002,1,2,2,2,2,1,2,2,2,2,2,2,2
07,124301700000080096,1,2,2,2,2,1,2,2,1,2,2,2,2
07,124301700000100119,1,2,2,2,2,1,1,2,1,2,2,2,2
07,124301700000120153,1,2,2,2,2,2,2,2,2,2,2,2,2
07,124301700000130168,1,2,2,2,2,2,2,2,2,2,2,2,2
07,124301700000148003,1,2,2,2,2,2,2,2,2,2,2,2,2
07,124301700000150192,1,2,2,2,2,2,2,2,2,2,2,2,2
07,124301700000160211,1,2,2,2,2,2,2,2,2,2,2,2,2
07,124301700000170222,1,2,2,2,2,2,2,2,2,2,2,2,2
07,124301700000180236,1,2,2,2,2,2,2,2,2,2,2,2,2
07,124301700000190249,1,2,2,2,2,2,2,2,2,2,2,2,2
07,124301700000210276,1,2,2,2,2,2,2,2,2,2,2,2,2
07,124400700000040095,1,2,2,2,1,1,2,2,1,2,2,2,1
07,124400700000050118,1,2,2,2,2,1,2,2,2,2,2,2,1
07,124400700000070164,1,2,2,2,1,1,2,2,2,2,2,2,2
07,124400700000110251,1,2,2,1,2,2,1,2,1,2,2,2,1
07,124400700000120271,1,2,2,2,2,2,2,2,2,2,2,2,2
07,124400700000130291,1,2,2,2,2,2,2,2,1,2,2,2,1
07,124400700000140317,1,2,2,1,2,1,2,2,1,2,2,2,1
07,124400700000150340,1,2,2,2,1,2,2,2,2,2,2,2,1
07,124400700000160362,1,2,2,2,2,1,2,2,2,2,2,2,2
07,124400700000170377,1,2,1,2,2,1,2,2,2,2,2,2,1
07,124601900000010008,1,2,2,1,2,1,1,2,1,2,2,2,1
07,124602200000030020,1,2,2,2,2,1,1,2,2,2,2,2,1
07,124602200000040029,1,2,2,2,1,2,2,2,2,2,2,2,1
07,124602200000050038,1,2,2,2,1,1,2,2,2,2,2,2,1
07,124602200000060048,1,2,2,2,1,1,2,2,1,2,2,2,1
07,124602200000070057,1,2,2,2,1,1,2,2,1,2,2,2,1
07,124602200000080067,1,2,2,2,2,1,2,2,2,2,2,2,1
07,124602200000090074,1,2,1,1,1,1,1,2,1,2,2,1,1
07,124602200000110093,1,2,2,2,2,1,2,2,2,2,2,2,1
07,124602200000120102,1,2,2,2,1,1,2,2,1,2,2,2,1
07,124602200000130111,1,2,2,2,2,2,2,2,2,2,2,2,1
07,124602200000160140,1,2,2,2,1,1,2,2,1,2,2,2,2
07,124602200000200177,1,2,2,1,1,1,2,2,1,2,2,2,1
07,124602200000220196,1,2,2,2,2,2,2,2,2,2,2,2,2
07,220100400000040052,1,2,2,2,1,1,2,2,2,2,2,2,2
07,220100400000070093,1,2,2,1,1,1,1,2,1,2,2,2,2
07,220100400000080113,1,2,2,2,2,2,2,2,2,2,2,2,2
07,220100400000110160,1,2,2,2,1,2,2,2,2,2,2,2,1
07,220100400000150225,1,2,2,1,1,1,2,2,1,2,2,2,1
07,220100400000160241,1,2,2,2,2,2,2,2,2,2,2,2,2
07,220100400000170256,1,2,2,2,1,1,2,2,2,2,2,2,2
07,220100400000180270,1,2,2,1,2,2,2,2,2,2,2,2,1
07,220504000000020021,1,2,2,2,1,1,2,2,1,2,2,2,1
07,220504000000030035,1,2,1,2,1,1,2,2,1,2,2,2,1
07,220504000000040049,1,2,2,2,1,1,1,2,1,2,2,2,1
07,220504000000050062,1,2,2,1,1,2,2,2,2,2,2,2,1
07,220504000000060075,1,2,2,2,1,1,2,2,2,2,2,2,1
07,220504000000070088,1,2,1,1,1,1,1,2,1,2,2,1,1
07,220504000000080101,1,2,2,2,1,1,2,2,2,2,2,2,1
07,220504000000090113,1,2,1,1,1,1,1,2,1,2,2,2,1
07,220504000000100126,1,2,2,1,1,1,1,1,2,2,2,2,1
07,220504000000110140,1,2,2,2,2,2,2,2,1,2,2,2,2
07,220504000000140181,1,2,2,2,1,2,2,2,2,2,2,2,2
07,220504000000150195,1,2,2,1,1,1,2,2,2,2,2,1,1
07,220504000000168001,1,2,2,2,2,2,2,2,2,2,2,2,1
07,220504000000170223,1,2,2,2,1,2,2,2,1,2,2,2,1
07,220504000000180237,1,2,2,1,1,1,2,2,2,2,2,2,1
07,220601300000030080,1,2,2,2,1,1,1,2,2,2,2,2,1
07,220601300000058001,1,2,2,1,1,1,2,2,1,2,2,2,1
07,220601300000090217,1,2,2,2,1,1,2,2,1,2,2,2,1
07,220601300000110261,1,2,2,2,2,2,2,2,2,2,2,2,2
07,220601300000130308,1,2,2,1,1,1,1,2,1,2,2,1,1
07,220601300000140328,1,2,2,2,1,2,2,2,2,2,2,2,1
07,220601300000170397,1,2,2,2,1,1,2,2,1,2,2,2,2
07,220602600100010037,1,2,2,2,1,1,2,2,1,2,2,2,1
07,220602600100050138,1,2,2,2,1,1,2,2,1,2,2,2,1
07,220602600100070186,1,2,2,1,1,1,2,2,1,2,2,2,1
07,220602600100080213,1,2,2,2,1,1,2,2,1,2,2,2,1
07,220602600100090239,1,2,1,2,1,1,2,2,1,2,1,2,1
07,220602600100100268,1,2,2,1,2,2,1,2,1,2,2,2,1
07,220602600100140358,1,2,2,2,2,2,2,2,2,2,2,2,2
07,220602600100150382,1,2,2,2,2,2,2,2,2,2,2,2,2
07,220602600100180447,1,2,2,2,1,1,1,2,1,2,2,2,1
07,220801700000010023,1,2,2,2,1,2,2,2,2,2,2,2,1
07,220801700000020041,1,2,2,2,1,1,1,2,2,2,2,2,2
07,220801700000030058,1,2,1,1,1,1,1,2,2,2,2,2,2
07,220801700000048001,1,2,2,2,1,1,1,2,1,2,2,2,1
07,220801700000050095,1,2,2,2,2,2,2,2,2,2,2,2,1
07,220801700000070130,1,2,2,1,1,1,2,2,1,2,2,2,1
07,220801700000090166,1,2,2,2,2,1,1,2,2,2,2,2,2
07,220801700000110203,1,2,2,2,1,1,2,2,2,2,2,2,2
07,220801700000120221,1,2,2,2,1,1,2,2,2,2,2,2,2
07,220801700000148002,1,2,2,2,1,2,2,2,2,2,2,2,1
07,220801700000158003,1,2,2,2,1,2,2,2,2,2,2,2,2
07,220801700000170316,1,2,2,2,1,1,2,2,2,2,2,2,2
07,220801700000180335,1,2,2,2,2,1,2,2,2,2,2,2,2
07,220802100100030077,1,2,2,2,1,1,2,2,1,2,2,2,1
07,220802100100040098,1,2,1,2,1,1,1,2,1,2,2,2,1
07,220802100100050120,1,2,2,1,2,1,1,2,1,2,2,2,1
07,220802100100060138,1,2,2,1,1,1,1,2,1,2,2,2,1
07,220802100100070162,1,2,2,2,1,1,1,2,1,2,2,2,1
07,220802100100080186,1,2,2,2,2,1,2,2,2,2,2,2,1
07,220802100100090211,1,2,2,2,2,1,2,2,2,2,2,2,1
07,220802100100100236,1,2,2,2,1,2,2,2,2,2,2,2,2
07,220802100100110260,1,2,2,2,2,2,2,2,2,2,2,2,2
07,220802100100130307,1,2,2,2,1,1,2,2,2,2,2,2,1
07,220802100100150355,1,2,1,2,1,1,2,2,2,2,2,2,1
07,220802100100160379,1,2,2,1,2,1,2,2,1,2,2,2,1
07,220802100100170404,1,2,2,2,1,1,2,2,1,2,2,2,1
07,220802100100180423,1,2,2,1,1,1,1,1,1,2,2,1,1
07,221100800200010021,1,2,1,2,1,1,2,2,2,2,2,2,2
07,221100800200020047,1,2,2,2,2,1,2,2,2,2,2,2,1
07,221100800200060151,1,2,2,2,1,1,2,2,1,2,2,2,1
07,221100800200070177,1,2,2,2,2,1,2,2,2,2,2,2,1
07,221100800200090229,1,2,2,2,1,1,2,2,2,2,2,2,1
07,221100800200110281,1,1,2,1,2,1,1,2,1,2,2,1,1
07,221100800200130333,1,2,2,1,1,2,2,2,1,2,2,2,1
07,221100800200150385,1,2,2,2,1,1,1,2,1,2,2,2,1
07,221100800200170437,1,2,2,2,2,2,2,2,2,2,2,2,2
07,221101000100048003,1,2,2,2,2,1,1,2,2,2,2,2,1
07,221101000100050088,1,2,2,2,2,2,2,2,1,2,2,2,2
07,221101000100070125,1,2,2,2,1,1,2,2,1,2,2,2,1
07,221101000100080144,1,2,2,1,1,1,1,2,1,2,1,2,1
07,221101000100090163,1,2,1,1,1,1,1,2,1,2,1,1,1
07,221101000100108005,1,2,2,2,2,2,2,2,1,2,2,2,1
07,221101000100130234,1,2,2,2,2,2,2,2,2,2,2,2,2
07,221101000100150272,1,2,2,2,2,1,2,2,1,2,2,2,1
07,221101000100160291,1,2,2,2,2,2,2,2,2,2,2,2,2
07,221101000100178004,1,2,2,2,2,2,2,2,1,2,2,2,2
07,221101000100180329,1,2,2,2,2,2,2,2,2,2,2,2,2
07,221401000100020057,1,2,1,1,2,1,2,2,1,2,2,2,1
07,221401000100030088,1,2,1,2,1,1,2,2,1,2,2,2,1
07,221401000100040119,1,2,2,2,2,2,2,2,2,2,2,2,2
07,221401000100058001,1,2,2,2,2,1,2,2,2,2,2,2,2
07,221401000100060178,1,2,2,2,1,2,2,2,2,2,2,2,2
07,221401000100070207,1,2,2,2,1,1,2,2,1,2,2,2,1
07,221401000100080238,1,2,1,2,1,1,2,2,1,2,2,2,1
07,221401000100100300,1,2,2,2,1,1,2,2,2,2,2,2,2
07,221401000100130393,1,2,2,2,1,1,2,2,2,2,2,2,1
07,221401000100140424,1,2,2,2,1,1,2,2,1,2,2,2,1
07,221401000100170516,1,2,2,1,2,1,1,2,1,2,2,2,1
07,221401200300030084,1,2,1,2,1,1,1,1,1,2,1,1,2
07,221401200300048002,1,2,2,2,2,1,1,2,1,2,2,2,2
07,221401200300050149,1,2,2,1,1,1,1,2,1,2,2,1,1
07,221401200300060177,1,2,2,2,1,1,2,2,1,2,2,2,1
07,221401200300070208,1,2,2,2,2,2,2,2,2,2,2,2,1
07,221401200300088001,1,2,2,2,1,1,2,2,1,2,2,2,1
07,221401200300090267,1,2,1,2,1,1,2,2,2,2,2,2,1
07,221401200300100296,1,2,1,1,1,1,1,2,1,2,2,1,1
07,221401200300110324,1,1,1,1,2,1,1,2,1,2,1,2,2
07,221401200300120355,1,2,2,1,1,1,2,2,2,2,2,2,1
07,221401200300130386,1,2,1,2,1,1,2,2,2,2,2,2,1
07,221700500400018006,1,2,1,1,1,1,1,2,1,2,2,2,2
07,221700500400058003,1,2,2,1,1,1,2,2,1,2,2,2,2
07,221700500400060253,1,2,2,1,1,1,2,2,1,2,2,2,2
07,221700500400070310,1,2,2,2,1,1,2,2,1,2,2,2,2
07,221700500400080354,1,2,2,2,2,2,2,2,1,2,2,2,2
07,221700500400090405,1,2,1,2,1,1,2,2,1,2,2,2,2
07,221700500400100459,1,2,2,2,1,1,2,2,1,2,2,2,2
07,221700500400118004,1,2,1,2,1,1,2,2,1,2,2,2,2
07,221700500400120049,1,2,1,1,2,1,1,1,1,2,2,1,2
07,221700500400130094,1,2,1,1,1,1,1,1,1,2,2,1,2
07,221700500400150195,1,2,2,2,2,2,2,2,1,2,2,2,2
07,221700500400160241,1,2,2,1,2,1,1,2,1,2,2,2,2
07,221700500400180373,1,2,1,1,1,1,2,2,1,2,2,1,2
07,221700500400190434,1,2,2,1,2,1,1,2,1,2,2,2,2
07,221700500400208001,1,2,1,2,1,1,1,2,1,2,2,2,2
07,221700500400218007,1,2,2,2,2,1,2,2,2,2,2,2,2
07,221700500400220598,1,2,2,2,1,2,2,2,2,2,2,2,2
07,221700800900010074,1,2,1,1,1,1,1,2,1,2,1,1,1
07,221700800900020196,1,2,2,1,2,1,1,2,1,2,1,2,1
07,221700800900030317,1,2,2,2,2,2,2,2,1,2,2,2,2
07,221700800900040001,1,2,2,2,1,1,1,2,1,2,1,1,1
07,221700800900058001,1,2,2,2,1,2,2,2,2,2,2,2,2
07,221700800900060351,1,2,2,1,2,1,1,2,1,2,1,1,1
07,221701500200010004,1,2,2,1,1,1,1,2,1,2,2,2,2
07,221701500200028003,1,2,1,1,1,1,2,2,1,2,2,2,2
07,221701500200030089,1,2,2,2,1,1,2,2,1,2,2,2,2
07,221701500200048004,1,2,1,1,1,1,1,2,1,2,2,1,2
07,221701500200050154,1,2,2,1,1,1,2,2,2,2,2,2,2
07,221701500200060189,1,2,2,2,2,1,2,2,2,2,2,2,2
07,221701500200070225,1,2,1,2,2,1,1,2,1,2,2,2,2
07,221701500200080265,1,2,1,1,1,1,1,2,1,2,2,2,2
07,221701500200098017,1,2,1,1,1,1,1,1,1,2,1,1,2
07,221701500200108013,1,2,1,1,2,1,2,2,1,2,2,2,2
07,221701500200118005,1,2,2,2,2,2,2,2,1,2,2,2,2
07,221701500200130031,1,2,1,1,2,1,2,2,2,2,2,2,2
07,221701500200140065,1,2,1,2,2,1,1,2,1,2,2,2,2
07,221701500200158019,1,2,2,1,2,1,2,2,1,2,2,1,2
07,221701500200160133,1,1,1,1,1,1,1,2,1,2,2,2,2
07,221701500200178008,1,1,1,1,1,1,1,1,1,2,2,1,2
07,221701500200180201,1,2,2,1,1,1,2,2,1,2,2,2,2
07,221701500200198010,1,2,2,2,2,1,2,2,1,2,2,2,2
07,221701500200208018,1,2,1,1,1,1,1,1,1,2,2,1,2
07,221701500200218014,1,2,2,1,1,1,1,2,1,2,1,2,2
07,221701500200228016,1,2,2,2,2,2,2,2,1,2,2,2,2
07,221701800400010006,1,1,2,1,1,1,1,2,1,2,2,1,2
07,221701800400028002,1,1,2,1,1,1,2,2,1,2,2,2,2
07,221701800400038001,1,2,1,1,2,1,2,2,1,2,2,2,2
07,221701800400040119,1,2,2,1,2,1,2,2,1,2,2,2,2
07,221701800400078006,1,2,1,1,1,1,1,2,1,2,2,1,2
07,221701800400090308,1,2,2,2,2,1,1,2,1,2,2,2,2
07,221701800400108008,1,2,1,1,1,1,1,1,1,2,2,1,2
07,221701800400118007,1,2,1,1,1,1,2,2,1,2,2,2,2
07,221701800400120426,1,2,1,1,2,1,2,2,1,2,1,1,2
07,221701800400140500,1,2,1,2,2,1,1,2,1,1,2,2,2
07,221702900600010015,1,2,1,1,1,1,2,2,1,2,2,2,1
07,221702900600020058,1,1,1,1,1,1,1,1,1,2,1,1,2
07,221702900600030101,1,1,1,1,1,1,1,1,1,2,1,1,1
07,221702900600040143,1,2,2,2,1,1,2,2,1,2,2,2,1
07,221702900600050186,1,2,2,1,1,1,2,2,1,2,2,2,1
07,221702900600060229,1,1,1,1,1,1,1,1,1,2,1,1,1
07,221702900600070272,1,2,2,1,1,1,1,2,1,2,2,2,1
07,221702900600100401,1,2,2,1,1,1,1,2,1,2,2,1,1
07,221702900600110444,1,2,2,1,2,1,1,2,1,2,2,2,1
07,221703200200048001,1,2,1,2,2,1,1,2,1,2,2,2,2
07,221703200200050128,1,2,1,1,2,1,1,1,1,2,2,2,2
07,221703200200070185,1,2,1,1,2,1,2,2,1,2,2,2,2
07,221703200200080213,1,2,2,2,2,1,2,2,2,2,2,2,2
07,221703200200080214,1,2,2,1,2,1,2,2,1,2,2,2,2
07,221703200200120318,1,2,2,2,2,1,2,2,1,2,2,2,2
07,221703200200140374,1,2,2,2,2,2,2,2,2,2,2,2,2
07,221703200200140375,1,2,1,1,1,1,2,2,1,2,2,2,2
07,221704000300010024,1,2,2,1,1,1,2,2,1,2,2,2,2
07,221704000300020105,1,2,2,2,1,1,2,2,1,2,2,2,1
07,221704000300030186,1,2,1,1,1,1,1,2,1,2,1,1,1
07,221704000300040267,1,1,1,1,1,1,1,2,1,2,2,2,1
07,221704000300058004,1,1,1,1,1,1,1,1,1,2,1,2,1
07,221704000300060429,1,2,1,2,1,1,2,2,1,2,2,2,1
07,221704000300070010,1,1,2,2,2,1,1,2,1,2,2,1,2
07,221704000300088007,1,2,2,2,2,2,1,2,1,2,2,2,1
07,221704000300098003,1,2,2,1,1,1,1,2,1,2,1,1,1
07,221704000300108006,1,2,2,1,1,1,1,2,1,2,2,1,1
07,221704000300110334,1,2,2,2,1,2,2,2,2,2,2,2,2
07,221704000300128008,1,2,1,1,1,1,1,1,1,2,2,1,2
07,221704100500010042,1,1,1,1,2,1,1,2,1,2,1,2,1
07,221704100500028001,1,2,1,1,1,1,1,1,1,2,1,1,1
07,221704100500030129,1,2,2,1,2,1,1,2,1,2,1,2,1
07,221704100500048002,1,2,1,2,2,2,2,2,1,2,2,2,1
07,221704100500058003,1,2,1,2,1,1,1,2,1,2,1,2,1
07,221704100500078004,1,2,2,2,1,1,2,2,1,2,2,1,1
07,221704100500080371,1,2,2,1,1,1,2,2,1,2,2,2,1
07,221704100500098005,1,2,1,1,1,1,1,2,1,2,2,2,1
07,221704600400020080,1,2,1,2,1,1,2,2,1,2,2,2,1
07,221704600400030130,1,2,1,2,2,1,2,2,1,2,2,2,2
07,221704600400040196,1,1,1,1,1,1,1,1,1,2,1,1,2
07,221704600400050276,1,2,2,2,2,2,2,2,1,2,2,2,1
07,221704600400060334,1,2,1,1,1,1,2,2,1,2,2,2,1
07,221704900400018008,1,2,2,2,2,1,2,2,1,2,2,2,1
07,221704900400030286,1,2,1,2,2,2,2,2,2,2,2,2,1
07,221704900400038009,1,2,1,2,2,2,2,2,2,2,2,2,2
07,221704900400038010,1,2,2,2,2,2,2,2,1,2,2,2,2
07,221704900400050501,1,1,1,1,1,1,1,2,1,2,2,2,1
07,221704900400050506,1,2,2,1,1,1,1,2,1,2,2,1,1
07,221704900400050507,1,1,1,1,1,1,1,2,1,2,1,2,1
07,221704900400078011,1,1,2,2,1,1,1,1,1,1,1,1,1
07,221704900400080190,1,2,2,2,2,1,2,2,1,2,2,2,2
07,221704900400098004,1,2,2,1,2,1,1,2,1,2,1,1,1
07,221704900400108001,1,1,2,2,1,1,1,2,1,2,2,2,1
07,221704900400108002,1,2,2,2,2,2,2,2,1,2,2,2,1
07,221704900400108003,1,2,1,2,1,1,1,2,1,2,2,1,1
07,221706200100020081,1,2,1,1,1,1,1,1,1,2,1,1,2
07,221706200100030121,1,2,2,1,1,1,1,1,1,2,2,1,2
07,221706200100048013,1,2,2,1,1,1,1,2,1,2,2,1,2
07,221706200100050216,1,2,1,2,2,1,1,1,1,2,1,1,2
07,221706200100060257,1,2,1,1,1,1,1,2,1,2,1,1,2
07,221706200100078014,1,2,1,1,2,1,1,1,1,2,2,1,2
07,221706200100088001,1,2,1,1,2,1,2,2,1,2,2,2,2
07,221706200100090379,1,2,2,2,1,1,2,2,1,2,2,2,2
07,221706200100100420,1,2,1,2,1,1,1,2,1,2,2,2,2
07,221706200100120502,1,2,2,2,1,1,2,2,1,2,2,2,2
07,221706200100128016,1,2,2,2,2,2,2,2,1,2,2,2,2
07,221706200100128017,1,2,2,2,2,1,2,2,1,2,2,2,2
07,221706200100130024,1,2,2,1,1,1,2,2,1,1,2,2,2
07,221706200100140064,1,2,2,2,2,1,2,2,1,2,2,2,2
07,221706200100198018,1,2,1,1,1,1,1,1,1,2,1,1,2
07,221706300400028001,1,2,2,2,1,1,2,2,2,2,2,2,1
07,221706300400028002,1,2,2,2,2,2,2,2,2,2,2,2,1
07,221706300400030106,1,2,1,2,1,1,2,2,1,1,2,2,1
07,221706300400048003,1,2,1,1,2,1,2,2,1,2,1,2,1
07,221706300400058014,1,2,2,1,1,1,1,2,1,2,2,2,2
07,221706300400078013,1,1,1,2,2,1,2,2,2,2,2,2,1
07,221706300400080322,1,2,2,1,2,1,2,2,1,2,2,2,1
07,221706300400098009,1,2,2,1,2,1,1,2,1,2,2,2,2
07,221706300400100400,1,2,2,2,2,2,2,2,1,2,2,2,1
07,221706300400108010,1,2,2,2,1,2,2,2,1,2,2,2,1
07,221706300400128006,1,2,1,2,2,1,2,2,1,2,2,2,2
07,221706300400140029,1,2,1,2,1,1,2,2,1,2,2,2,1
07,221706300400150070,1,2,1,1,1,1,1,2,1,2,2,2,2
07,221706300400180197,1,2,2,2,1,1,2,2,1,2,2,2,1
07,221706300400190242,1,1,1,1,1,1,1,2,1,2,1,1,1
07,221706300400200285,1,2,1,1,1,1,2,2,1,2,2,2,1
07,221706300400210329,1,1,1,1,1,1,1,2,1,2,2,2,1
07,221706300400240470,1,2,1,2,1,1,1,2,1,2,2,1,1
07,221706400700030064,1,2,2,1,1,1,1,2,1,2,1,2,2
07,221706400700058011,1,2,1,2,2,2,2,2,1,2,2,2,2
07,221706400700088014,1,2,2,2,2,1,1,2,1,2,2,1,2
07,221706400700110264,1,2,1,1,1,1,1,2,1,2,2,1,2
07,221706400700120289,1,1,1,1,1,1,1,1,1,1,2,1,2
07,221706400700138003,1,2,2,1,1,1,1,2,1,2,2,2,2
07,221706400700148013,1,2,2,1,1,1,1,2,1,2,2,1,2
07,221706400700150365,1,2,2,1,2,1,1,2,1,2,2,2,2
07,221706400700160390,1,2,1,1,1,1,1,2,1,2,2,2,2
07,221706400700188004,1,2,2,1,2,1,1,2,1,2,1,2,2
07,221706400700190464,1,2,1,1,1,1,2,2,1,2,2,2,2
07,221706400700208012,1,2,1,2,1,1,2,2,1,2,2,1,2
07,221706400700220537,1,2,1,1,2,1,1,2,1,2,2,1,2
07,221706400700230561,1,2,2,1,1,1,1,2,1,2,2,1,2
07,221707100100018004,1,1,2,1,1,1,1,2,1,2,2,1,1
07,221707100100030059,1,2,1,2,2,1,1,2,1,2,2,1,1
07,221707100100048006,1,2,1,1,1,1,1,2,1,2,1,2,1
07,221707100100050103,1,2,2,2,1,2,2,2,2,2,2,2,2
07,221707100100078002,1,2,2,2,2,1,2,2,1,2,2,2,2
07,221707100100120251,1,2,2,2,1,2,2,2,1,2,2,2,1
07,221707100100140294,1,2,2,1,1,1,1,1,1,2,1,2,1
07,221707100100158007,1,2,2,2,1,2,2,2,1,2,2,2,2
07,221707100100158008,1,2,2,2,2,1,2,2,1,2,2,2,1
07,221707100100178003,1,2,1,1,1,1,1,1,1,2,1,1,1
07,221708501000010022,1,1,1,1,1,1,1,1,1,2,1,1,2
07,221708501000050175,1,2,1,2,1,1,1,2,1,2,2,1,1
07,221708501000060216,1,2,1,1,1,1,2,1,1,2,1,1,1
07,221901200000030090,1,2,1,2,2,1,1,2,1,2,2,2,2
07,221901200000058005,1,2,2,2,2,1,2,2,1,2,2,2,2
07,221901200000068002,1,2,1,1,2,1,1,2,1,2,1,2,2
07,221901200000078006,1,2,2,2,2,1,1,2,1,2,2,2,2
07,221901200000090326,1,2,2,1,2,1,2,2,1,2,2,2,2
07,221901200000120448,1,2,2,1,1,1,1,2,1,2,1,2,2
07,221901200000130491,1,2,2,2,1,1,1,2,1,2,2,2,2
07,221901200000150561,1,2,1,1,1,1,1,1,1,2,1,2,2
07,221901200000180653,1,2,1,1,1,1,1,1,1,2,2,2,2
07,221901200000208004,1,2,1,1,1,1,1,2,1,2,2,2,2
07,221902000000020036,1,2,2,1,2,1,2,2,1,2,2,2,2
07,221902000000030054,1,2,2,2,2,1,2,2,2,2,2,2,2
07,221902000000040074,1,2,1,1,2,1,1,2,1,2,2,2,2
07,221902000000058001,1,2,1,2,2,1,2,2,1,2,2,2,2
07,221902000000070133,1,2,2,2,2,1,2,2,1,2,2,2,2
07,221902000000100198,1,2,2,2,2,2,2,2,2,2,2,2,2
07,221902000000118002,1,2,2,1,2,1,2,2,1,2,2,2,2
07,221902000000120240,1,2,2,2,1,1,1,2,1,2,2,2,2
07,221902000000130262,1,2,1,2,1,1,2,2,1,2,2,2,2
07,221902000000140281,1,2,1,1,2,1,2,2,1,2,2,2,2
07,221902000000160022,1,2,2,2,1,2,2,2,2,2,2,2,2
07,221902000000188003,1,2,2,1,2,1,1,2,1,2,2,2,2
07,221902000000190080,1,2,2,1,1,1,2,2,1,2,2,2,2
07,221902000000200102,1,2,2,1,2,1,2,2,1,2,2,2,2
07,221902000000230163,1,2,2,2,2,1,2,2,2,2,2,2,2
07,221902000000240185,1,2,2,2,2,2,2,2,1,2,2,2,2
07,221902000000250206,1,2,2,1,2,1,2,2,1,2,2,2,2
07,222300600000010029,1,2,2,2,2,1,2,2,2,2,2,2,2
07,222300600000030074,1,2,1,2,1,1,1,2,1,2,2,2,2
07,222300600000040096,1,2,2,2,2,1,2,2,2,2,2,2,2
07,222300600000050120,1,2,2,2,1,1,2,2,1,2,2,2,2
07,222300600000060143,1,2,2,2,2,1,2,2,1,2,2,2,2
07,222300600000070165,1,2,1,2,2,1,2,2,2,2,2,2,2
07,222300600000088001,1,2,2,2,2,1,2,2,2,2,2,2,2
07,222300600000090210,1,2,2,2,1,1,1,2,1,2,2,2,2
07,222300600000100232,1,2,2,1,1,1,2,2,1,2,2,2,2
07,222300600000110253,1,2,2,2,2,1,2,2,2,2,2,2,2
07,222300600000128002,1,2,2,2,2,1,2,2,2,2,2,2,2
07,222300600000140322,1,2,2,2,1,1,2,2,2,2,2,2,2
07,222300600000150345,1,2,1,2,1,1,2,2,2,2,2,2,2
07,222300600000180412,1,2,1,2,2,1,2,2,1,2,2,2,2
07,222402300000010001,1,2,2,2,1,1,1,2,2,2,2,2,1
07,222402300000020028,1,2,2,2,2,1,2,2,1,2,2,2,2
07,222402300000040066,1,2,1,1,2,1,1,2,1,1,2,2,1
07,222402300000058001,1,2,2,2,2,2,2,2,2,2,2,2,1
07,222402300000070119,1,2,2,2,2,1,2,2,2,2,2,2,1
07,222402300000080135,1,2,2,1,2,1,1,2,1,2,2,2,1
07,222402300000090152,1,2,2,2,1,2,2,2,2,2,2,2,1
07,222402300000120204,1,2,2,2,1,2,2,2,2,2,2,2,2
07,222402300000160276,1,2,2,2,2,2,2,2,2,2,2,2,2
07,222402300000180309,1,2,2,2,1,1,2,2,1,2,2,2,1
07,222402300000200348,1,2,2,2,2,1,2,2,2,2,2,2,1
07,222500800000010008,1,2,2,1,1,1,2,2,1,2,2,2,1
07,222500800000100078,1,2,2,2,1,2,2,2,2,2,2,2,1
07,222500800000120096,1,2,2,2,1,2,2,2,2,2,2,2,2
07,222500800000130104,1,2,2,1,1,1,1,2,1,2,2,1,1
07,222500800000150124,1,2,2,2,2,1,2,2,1,2,2,2,2
07,222500800000160134,1,2,2,1,1,1,1,2,2,2,2,2,1
07,222500800000170143,1,2,2,2,2,2,2,2,2,2,2,2,2
07,222500800000188001,1,2,2,2,2,1,2,2,1,2,2,2,1
07,222500800000190159,1,2,1,1,2,1,2,2,1,2,2,2,1
07,222500800000220181,1,2,2,2,1,2,2,2,1,2,2,2,1
07,222601200500010003,1,2,1,1,2,1,1,2,1,2,1,1,2
07,222601200500040138,1,2,2,2,2,2,2,2,1,2,2,2,2
07,222601200500050178,1,2,1,1,1,1,1,2,1,2,2,1,2
07,222601200500070266,1,2,2,2,2,1,1,2,1,2,2,2,2
07,222601200500080313,1,1,1,2,1,1,1,2,1,2,2,1,2
07,222601200500090350,1,2,1,2,1,1,1,1,1,2,1,1,2
07,222601700100048007,1,2,2,2,2,2,2,2,1,2,2,2,2
07,222601700100050167,1,2,1,1,1,1,1,2,1,2,2,2,2
07,222601700100060197,1,2,2,2,1,1,2,2,2,2,2,2,2
07,222601700100080256,1,2,2,2,1,1,2,2,1,2,2,2,2
07,222601700100090279,1,2,1,2,1,1,1,1,1,1,2,2,2
07,222601700100108005,1,2,2,2,2,1,2,2,1,2,2,2,2
07,222601700100110335,1,2,2,2,2,1,2,2,1,2,2,2,2
07,222601700100120364,1,2,1,2,1,1,2,2,1,2,2,2,2
07,222601700100130022,1,2,1,1,2,1,2,2,1,2,2,2,2
07,222601700100140050,1,1,1,2,2,1,1,1,1,2,1,2,2
07,222601700100150079,1,2,2,2,1,1,2,2,1,2,2,2,2
07,222601700100180168,1,2,2,2,1,1,2,2,1,2,2,2,2
07,222601700100190199,1,2,2,2,1,2,2,2,2,2,2,2,2
07,222601700100198003,1,2,2,2,1,2,2,2,2,2,2,2,2
07,222601700100208004,1,2,2,2,2,1,2,2,2,2,2,2,2
07,222601700100228008,1,2,1,2,1,1,2,2,1,2,2,2,2
07,222601700100238001,1,2,2,1,2,1,1,2,1,2,2,1,2
07,222601700100250405,1,2,2,1,1,1,2,2,1,2,2,2,2
07,222601700100280504,1,2,1,1,1,1,1,2,1,2,2,2,2
07,222601800200028017,1,2,1,2,2,1,1,2,1,2,1,1,1
07,222601800200048003,1,2,1,1,1,1,1,1,1,2,1,1,2
07,222601800200060169,1,2,1,1,1,1,1,1,1,2,2,2,1
07,222601800200070200,1,2,1,1,2,1,1,1,1,2,1,1,2
07,222601800200090262,1,2,2,1,1,1,1,1,1,2,2,1,1
07,222601800200108004,1,2,1,1,1,1,1,1,1,2,1,1,1
07,222601800200118005,1,2,1,1,1,1,1,1,1,2,1,1,2
07,222601800200138018,1,2,2,1,1,1,2,2,2,2,2,2,1
07,222601800200140417,1,2,1,1,1,1,1,1,1,2,1,1,2
07,222601800200158020,1,2,2,2,1,1,2,2,1,2,2,2,1
07,222601800200168008,1,2,2,2,1,1,1,1,1,2,1,1,1
07,222601800200198010,1,2,1,2,2,1,2,2,2,2,2,2,1
07,222601800200208019,1,2,1,2,1,1,2,2,1,2,2,2,1
07,222601800200210114,1,2,2,1,2,1,1,2,1,2,2,2,1
07,222601800200220144,1,2,2,2,2,1,2,2,1,2,2,2,2
07,222601800200230176,1,2,2,2,1,1,1,2,1,1,2,2,1
07,222601800200240207,1,2,1,1,1,1,1,2,1,2,2,1,1
07,222601800200268015,1,2,1,2,1,1,1,2,1,2,2,1,2
07,222601800200270300,1,2,2,2,2,2,2,2,2,2,2,2,2
07,222601800200298012,1,2,1,2,1,1,1,2,1,2,2,2,2
07,222601800200308013,1,2,2,2,2,1,2,2,2,2,2,2,1
07,222602200100010034,1,2,2,2,2,1,2,2,2,2,2,2,2
07,222602200100020058,1,2,2,2,2,1,2,2,2,2,1,2,2
07,222602200100020059,1,2,2,2,2,1,2,2,1,2,2,2,2
07,222602200100048001,1,2,1,2,2,1,2,2,1,2,2,2,2
07,222602200100050126,1,2,2,2,2,1,2,2,1,2,2,2,2
07,222602200100070173,1,2,1,1,2,1,1,2,1,2,2,2,2
07,222602200100080197,1,2,2,1,1,1,1,2,1,2,2,2,2
07,222602200100130316,1,2,2,2,1,2,2,2,2,2,2,2,2
07,222602200100150364,1,2,1,1,1,1,1,2,1,2,1,2,2
07,222602200100160390,1,2,1,1,1,1,1,2,1,2,1,1,2
07,222602400100018001,1,2,1,1,1,1,2,2,1,2,1,2,2
07,222602400100030213,1,2,2,2,1,1,1,2,1,2,2,2,2
07,222602400100040316,1,2,1,2,1,1,2,2,1,2,2,2,2
07,222602400100058004,1,2,2,2,1,2,2,2,1,2,2,2,2
07,222602400100088015,1,2,2,2,2,2,2,2,2,2,2,2,2
07,222602400100098007,1,2,2,2,2,2,1,2,2,2,2,2,2
07,222602400100108008,1,2,2,2,2,1,2,2,1,2,2,2,2
07,222602400100118009,1,2,1,1,1,2,2,2,1,2,2,2,2
07,222602400100120076,1,2,2,2,2,1,2,2,1,2,2,2,2
07,222602400100138010,1,2,2,2,1,1,2,2,1,2,2,2,2
07,222602400100148011,1,2,2,1,1,1,1,2,1,2,2,2,2
07,222602400100178013,1,2,2,2,2,2,2,2,1,2,2,2,2
07,222701300100020049,1,2,1,1,2,1,1,2,1,2,2,2,1
07,222701300100030074,1,2,2,2,1,1,2,2,1,2,2,2,2
07,222701300100050127,1,2,2,2,1,1,2,2,1,2,2,2,2
07,222701300100068006,1,2,2,2,2,1,2,2,2,2,2,2,2
07,222701300100080209,1,2,2,2,2,1,1,2,1,2,2,2,1
07,222701300100120310,1,2,1,1,2,1,1,1,1,2,2,1,2
07,222701300100130330,1,2,1,1,2,1,1,1,1,2,1,1,1
07,222701300100150386,1,2,2,2,2,1,1,1,1,2,2,2,1
07,222701300100168005,1,2,1,1,2,1,2,2,1,2,2,2,2
07,222701300100170443,1,2,1,2,1,1,1,2,1,1,2,2,2
07,222701300100180472,1,2,1,1,1,1,2,2,1,2,2,2,1
07,222701300100190501,1,2,2,1,2,1,2,2,1,2,2,2,1
07,222701300100210559,1,2,1,2,2,1,1,2,1,2,2,2,2
07,222701300100220588,1,2,2,2,2,1,2,2,1,2,2,2,1
07,222701300100230617,1,2,1,2,1,1,1,2,1,2,2,2,1
07,223000700100010021,1,2,1,2,1,1,1,1,1,2,2,2,1
07,223000700100030074,1,2,2,1,1,1,1,1,1,2,1,1,1
07,223000700100050129,1,2,2,2,2,1,2,2,1,2,2,2,1
07,223000700100060157,1,2,2,1,1,1,2,2,1,2,2,2,1
07,223000700100078013,1,2,1,2,1,1,2,2,1,2,2,2,1
07,223000700100080217,1,2,2,2,1,1,1,2,1,2,2,2,1
07,223000700100098002,1,2,2,1,1,1,1,2,1,2,1,1,1
07,223000700100108011,1,1,2,1,2,1,2,2,1,2,2,1,1
07,223000700100118014,1,2,2,2,1,1,2,2,1,2,2,2,1
07,223000700100128003,1,2,1,1,1,1,2,2,1,2,1,1,2
07,223000700100140399,1,2,2,1,1,1,2,2,1,2,1,2,1
07,223000700100150430,1,2,1,1,2,1,2,2,1,2,1,2,1
07,223000700100160461,1,2,2,2,2,1,2,2,2,2,2,2,2
07,223000700100170025,1,2,1,2,1,1,1,2,1,2,2,2,2
07,223000700100188017,1,2,2,2,2,1,2,2,2,2,2,2,2
07,223000700100188018,1,2,2,2,2,2,2,2,1,2,2,2,2
07,223000700100188019,1,2,2,2,1,1,1,2,1,2,2,2,2
07,223000700100200118,1,1,1,1,1,1,1,2,1,2,2,2,2
07,223000700100210148,1,2,2,2,1,1,2,2,2,2,1,2,2
07,223000700100220179,1,2,2,2,1,1,2,2,2,2,2,2,2
07,223000700100248004,1,2,2,1,1,1,2,2,1,2,1,2,1
07,223000700100268006,1,2,1,1,1,1,1,2,1,2,1,2,1
07,223000700100278007,1,2,2,2,1,1,2,2,1,2,2,2,1
07,223000700100288008,1,2,2,2,1,1,2,2,1,2,2,2,1
07,223000700100298009,1,2,2,2,1,1,2,2,1,2,2,2,1
07,223000700100308016,1,2,2,1,1,1,1,2,1,2,1,1,1
07,223000800000028004,1,2,2,2,2,1,1,2,1,2,2,1,1
07,223000800000038003,1,2,2,2,2,1,1,1,1,2,2,2,2
07,223000800000040036,1,2,2,1,1,1,1,1,1,2,2,2,2
07,223000800000058001,1,2,2,2,2,1,1,2,1,2,2,2,2
07,223000800000080089,1,2,2,2,2,1,2,2,2,2,2,2,2
07,223000800000090112,1,2,1,2,1,1,2,2,1,2,2,2,2
07,223000800000100134,1,2,2,2,1,1,1,2,1,2,2,2,2
07,223000800000110151,1,2,1,1,1,1,1,1,1,2,2,2,1
07,223000800000120172,1,2,2,2,1,1,1,2,1,2,2,2,2
07,223000800000130196,1,2,2,1,1,1,1,2,1,2,2,2,1
07,223000800000150244,1,2,2,2,2,2,2,2,2,2,2,2,2
07,223000800000160268,1,2,2,2,1,1,1,2,1,2,2,2,2
07,223000800000170292,1,2,2,2,1,1,2,2,2,2,2,2,2
07,223000800000180315,1,2,1,2,2,1,1,2,1,2,1,2,1
07,223000800000190339,1,2,2,1,2,1,2,2,1,2,2,2,1
07,223000800000200363,1,2,2,2,2,1,1,2,2,2,2,2,1
07,223000800000210387,1,2,2,2,1,1,2,2,2,2,2,2,1
07,223000800000230435,1,2,2,2,2,1,2,2,2,2,2,2,1
07,223000800000240459,1,2,2,2,2,1,2,2,1,2,2,2,1
07,223000800000250483,1,2,2,2,1,1,2,2,1,2,2,2,2
07,223001700800010019,1,2,1,2,1,1,1,1,1,2,1,2,2
07,223001700800028001,1,2,1,1,1,1,1,2,1,2,1,1,2
07,223001700800040089,1,2,2,1,1,1,1,1,1,2,2,1,2
07,223001700800058003,1,2,2,2,2,1,1,2,1,2,2,2,2
07,223001700800078004,1,2,2,2,2,2,2,2,2,2,2,2,2
07,223001700800080167,1,2,2,2,2,1,2,2,1,2,2,2,2
07,223001700800090186,1,2,1,2,1,1,1,2,1,2,1,1,1
07,223001700800108019,1,1,2,1,2,1,2,1,1,2,2,1,2
07,223001700800118032,1,2,1,2,2,1,2,2,1,2,2,2,2
07,223001700800120243,1,2,1,1,1,1,1,2,1,2,1,1,2
07,223001700800138007,1,1,2,2,2,1,2,2,1,2,2,1,2
07,223001700800148021,1,2,2,2,1,2,1,2,2,2,2,2,2
07,223001700800158022,1,2,2,2,2,1,2,2,1,2,2,1,2
07,223001700800168023,1,2,2,2,2,1,2,2,1,2,2,2,2
07,223001700800178024,1,2,2,2,2,1,2,2,1,2,2,2,2
07,223001700800198026,1,2,2,1,2,1,2,2,1,2,2,2,2
07,223001700800208027,1,2,2,2,1,2,2,2,1,2,2,2,2
07,223001700800218028,1,2,1,1,2,1,2,2,1,2,2,2,2
07,223001700800228029,1,2,2,1,1,1,2,2,1,2,2,2,2
07,223001700800248017,1,1,2,2,1,1,1,2,2,2,2,2,2
07,223001700800260511,1,2,2,2,1,2,2,2,2,2,2,2,2
07,223002100500038002,1,2,2,2,1,2,1,1,1,2,1,2,2
07,223002100500040079,1,2,2,2,2,1,1,2,2,2,2,2,2
07,223002100500050097,1,2,1,2,1,1,2,2,2,2,2,2,1
07,223002100500070134,1,2,2,1,1,1,1,1,1,2,2,2,1
07,223002100500088003,1,2,2,1,1,1,2,2,2,2,2,1,1
07,223002100500090173,1,2,1,2,1,1,1,2,2,2,2,1,1
07,223002100500108009,1,2,2,2,2,2,2,2,1,2,2,2,2
07,223002100500118010,1,2,1,1,1,1,1,1,1,2,2,1,1
07,223002100500120228,1,2,1,1,1,1,1,1,1,2,1,1,1
07,223002100500138005,1,2,1,1,1,1,1,1,1,2,1,1,1
07,223002100500140252,1,2,1,1,2,1,1,1,1,2,1,2,1
07,223002100500158006,1,2,1,1,2,1,1,1,1,2,2,2,1
07,223002100500170294,1,2,1,1,1,1,1,2,1,2,2,1,1
07,223101900100010013,1,2,2,2,2,2,2,2,2,2,2,2,2
07,223101900100020029,1,2,2,2,2,2,2,2,2,2,2,2,2
07,223101900100040059,1,2,2,2,1,1,1,2,2,2,2,2,2
07,223101900100050075,1,2,2,2,2,2,2,2,1,2,2,2,2
07,223101900100060089,1,2,2,1,2,1,2,2,1,2,2,2,2
07,223101900100070103,1,2,2,2,1,1,2,2,1,2,2,2,2
07,223101900100080119,1,2,1,1,1,1,1,2,1,2,2,2,2
07,223101900100090135,1,2,2,2,2,1,2,2,1,2,2,2,2
07,223101900100100151,1,2,2,2,1,2,2,2,1,2,2,2,2
07,223101900100110164,1,2,2,2,2,1,2,2,1,2,2,2,2
07,223101900100150223,1,2,2,2,1,1,2,2,2,2,2,2,2
07,223101900100160238,1,2,2,2,2,1,2,2,1,2,2,2,2
07,223101900100180268,1,2,2,1,1,1,1,2,1,2,2,2,2
07,223101900100190284,1,2,2,2,2,1,2,2,1,2,2,2,2
07,223200700100010013,1,2,2,2,2,2,2,2,1,2,2,2,2
07,223200700100020047,1,2,2,2,1,2,1,2,1,2,2,2,2
07,223200700100030080,1,2,1,2,1,1,2,2,1,2,2,2,2
07,223200700100040111,1,2,2,1,1,1,1,2,1,2,2,2,2
07,223200700100050144,1,1,2,1,1,1,1,2,1,2,2,2,2
07,223200700100068002,1,1,1,2,1,1,1,2,1,2,2,1,2
07,223200700100070207,1,2,2,2,1,1,2,2,1,2,2,2,2
07,223200700100100306,1,2,2,2,1,1,2,2,1,2,2,1,2
07,223200700100110340,1,2,1,1,1,1,2,2,1,2,2,2,2
07,223200700100138003,1,2,1,2,1,1,1,2,1,2,2,1,2
07,223200700100140439,1,2,1,2,2,1,1,2,1,2,2,2,2
07,223200700100160505,1,2,1,2,1,1,1,2,1,2,2,2,2
07,223200700100170538,1,2,2,2,2,1,1,2,1,2,1,1,2
07,223200700100180572,1,2,2,2,1,1,2,1,1,2,2,2,2
07,223201500100010016,1,2,2,1,2,1,2,2,1,2,2,2,2
07,223201500100020071,1,2,2,2,2,1,1,1,1,2,2,2,2
07,223201500100030135,1,2,2,1,1,1,1,2,1,2,2,2,2
07,223201500100040194,1,2,2,2,2,1,2,2,1,2,2,2,2
07,223201500100058004,1,2,1,2,1,1,2,2,1,2,2,2,2
07,223201500100078005,1,2,2,1,2,1,1,2,1,2,1,1,2
07,223201500100098008,1,2,1,2,2,1,2,1,2,1,2,2,1
07,223201500100110587,1,1,1,1,1,1,1,1,1,2,2,1,2
07,223201500100128006,1,1,1,1,2,1,1,1,1,2,2,2,2
07,223201500100138001,1,1,1,1,1,1,1,1,1,2,1,1,2
07,223201500100148002,1,2,2,1,2,1,1,1,1,2,1,1,2
07,223201500100158003,1,2,1,1,1,1,1,2,1,2,2,2,2
07,223201500100178007,1,2,2,1,2,1,1,1,1,2,2,2,2
07,223401400200010012,1,2,2,1,1,1,1,1,1,1,1,2,2
07,223401400200020031,1,2,2,2,1,1,2,2,1,2,2,2,2
07,223401400200030050,1,2,2,2,1,1,1,2,1,2,2,2,2
07,223401400200040069,1,2,2,2,1,1,2,2,1,2,2,2,2
07,223401400200058001,1,2,2,2,1,1,2,2,1,2,2,2,2
07,223401400200060108,1,2,2,2,1,1,1,2,1,2,2,2,2
07,223401400200070126,1,2,2,2,2,2,2,2,2,2,2,2,2
07,223401400200088002,1,2,2,2,2,1,2,2,2,2,2,2,2
07,223401400200090161,1,2,2,2,1,1,2,2,1,2,2,2,2
07,223401400200100179,1,2,2,1,1,1,2,2,1,2,2,2,2
07,223401400200128003,1,2,1,2,1,1,2,2,1,2,2,1,2
07,223401400200130236,1,2,2,2,2,2,2,2,1,2,2,2,2
07,223401400200140252,1,2,2,2,1,1,1,2,1,2,2,2,2
07,223401400200190344,1,2,2,1,1,1,2,2,1,2,2,2,2
07,223401400200200361,1,2,2,2,1,1,2,2,2,2,2,2,2
07,223401400200210378,1,2,2,1,1,1,1,2,2,2,1,2,2
07,223401500100010010,1,2,2,1,1,1,1,2,1,2,2,2,1
07,223401500100020032,1,2,2,1,2,1,1,1,1,2,2,1,2
07,223401500100038001,1,2,1,1,2,1,1,2,1,2,2,2,2
07,223401500100050094,1,2,2,2,1,1,1,2,2,2,2,2,2
07,223401500100060114,1,2,2,1,1,1,1,2,1,2,2,2,2
07,223401500100080159,1,2,2,2,2,2,2,2,2,2,2,2,2
07,223401500100090182,1,2,2,2,1,1,2,2,1,2,2,2,2
07,223401500100118002,1,2,2,2,2,2,2,2,2,2,2,2,2
07,223401500100120247,1,2,2,2,1,1,2,2,2,2,2,2,2
07,223401500100130269,1,2,1,1,1,1,1,2,1,2,2,2,2
07,223401500100150312,1,2,1,1,1,1,2,2,1,2,2,2,2
07,223401500100160332,1,2,2,2,2,2,2,2,2,2,2,2,2
07,223401500100180374,1,2,2,1,1,1,2,2,1,2,1,2,2
07,223401500100190395,1,2,2,1,1,1,1,2,1,2,2,2,2
07,223401500100200417,1,2,1,2,1,1,1,2,1,2,1,2,2
07,224302000100038001,1,2,2,2,2,2,2,2,2,2,2,2,2
07,224302000100040108,1,2,2,1,1,1,1,2,1,2,2,1,2
07,224302000100050137,1,2,2,1,1,1,1,1,1,2,1,2,2
07,224302000100060167,1,1,2,2,2,1,2,2,1,2,2,1,2
07,224302000100070200,1,2,2,1,2,1,2,2,2,2,2,2,2
07,224302000100080231,1,2,2,2,1,1,2,2,2,2,2,2,2
07,224302000100098001,1,2,1,1,1,1,1,1,1,2,2,2,2
07,224302000100130070,1,2,1,1,1,1,1,2,1,2,2,2,2
07,224302000100140102,1,2,2,2,2,2,2,2,2,2,2,2,2
07,224302000100150132,1,2,2,2,2,1,2,2,2,2,2,2,2
07,224302000100160165,1,2,2,2,1,1,2,2,2,2,2,2,2
07,224302000100170198,1,2,2,2,2,1,2,2,2,2,2,2,2
07,224302000100180229,1,2,2,2,2,1,2,2,2,2,2,2,2
07,224302200000010009,1,2,2,1,1,1,1,2,1,2,2,2,2
07,224302200000030039,1,2,2,2,2,1,2,2,2,2,2,2,2
07,224302200000040054,1,2,2,2,1,1,2,2,2,2,2,2,2
07,224302200000050069,1,2,2,2,1,2,2,2,2,2,2,2,2
07,224302200000060084,1,2,2,2,2,2,2,2,2,2,2,2,2
07,224302200000090129,1,2,2,2,1,1,2,2,2,2,2,2,2
07,224302200000100144,1,2,2,2,2,2,2,2,2,2,2,2,2
07,224302200000110159,1,2,2,2,2,2,2,2,2,2,2,2,2
07,224302200000120174,1,2,2,2,1,1,2,2,2,2,2,2,2
07,224302200000140204,1,2,2,2,1,1,2,2,2,2,2,2,2
07,224302200000150219,1,2,2,2,1,2,2,2,2,2,2,2,2
07,224602500000010017,1,2,2,2,1,1,1,2,2,2,2,2,2
07,224602500000030063,1,2,2,2,1,1,2,2,1,2,2,2,2
07,224602500000040088,1,2,2,2,1,1,2,2,2,2,2,2,2
07,224602500000050113,1,2,2,2,2,2,2,2,2,2,2,2,2
07,224602500000060138,1,2,2,2,1,2,2,2,2,2,2,2,2
07,224602500000070163,1,2,2,2,2,2,2,2,2,2,2,2,2
07,224602500000080188,1,2,2,2,1,2,2,2,2,2,2,2,2
07,224602500000090213,1,2,2,2,1,1,2,2,2,2,2,2,2
07,224602500000100238,1,2,2,2,1,2,2,2,2,2,2,2,2
07,224602500000110263,1,2,2,2,2,1,1,2,1,2,2,2,2
07,224602500000120288,1,2,2,2,1,2,2,2,2,2,2,2,2
07,224602500000130313,1,2,2,2,2,2,2,2,2,2,2,2,2
07,224602500000140338,1,2,2,2,1,2,2,2,2,2,2,2,2
07,224602500000150363,1,2,2,2,1,2,2,2,2,2,2,2,2
07,224602500000160388,1,2,2,2,1,1,2,2,1,2,2,2,2
07,224602500000170413,1,2,2,2,1,1,2,2,1,2,2,2,2
07,224701600200020028,1,2,2,1,2,2,2,2,1,2,2,2,2
07,224701600200030044,1,2,2,1,1,1,1,2,1,2,1,2,2
07,224701600200040062,1,2,2,2,2,2,2,2,2,2,2,2,2
07,224701600200060102,1,2,1,1,1,1,2,2,1,2,2,2,2
07,224701600200070121,1,2,2,2,2,2,2,2,2,2,2,2,2
07,224701600200080140,1,2,2,2,1,1,1,2,1,2,2,2,2
07,224701600200090160,1,2,2,2,2,2,2,2,1,2,2,2,2
07,224701600200100179,1,2,2,1,2,1,1,2,1,2,1,2,2
07,224701600200110199,1,2,2,2,1,1,1,2,1,2,2,2,2
07,224701600200120216,1,2,2,2,1,1,1,2,1,2,2,2,2
07,224800200000010018,1,2,1,1,1,2,1,2,1,2,2,2,2
07,224800200000070136,1,2,2,2,1,2,1,2,1,2,2,2,2
07,224800200000090174,1,2,2,2,2,1,2,2,2,2,2,2,2
07,224800200000100194,1,2,1,1,1,1,1,2,2,2,2,2,2
07,224800200000120235,1,2,2,2,2,1,2,2,2,2,2,2,2
07,224800200000130256,1,2,2,1,1,1,1,2,1,2,2,1,2
07,224800200000160318,1,2,2,2,2,1,2,2,2,2,2,2,2
07,224800200000170338,1,2,2,2,1,1,2,2,2,2,2,2,2
07,224800200000200402,1,2,2,2,1,1,2,2,2,2,2,2,2
07,225000400200020048,1,2,1,1,1,1,1,1,1,1,1,1,2
07,225000400200030073,1,2,1,2,1,1,1,2,1,2,2,1,2
07,225000400200040099,1,2,2,1,2,1,1,1,1,1,2,1,2
07,225000400200050122,1,2,2,1,1,1,1,1,1,1,2,2,2
07,225000400200060148,1,2,2,2,1,1,2,2,1,2,2,2,2
07,225000400200078001,1,2,1,1,1,1,1,1,1,1,1,1,1
07,225000400200078002,1,2,1,1,1,1,1,2,1,2,2,1,2
07,225000400200080205,1,2,2,1,2,1,1,2,1,2,2,2,2
07,225000400200090230,1,2,2,2,1,1,1,2,1,1,2,2,2
07,225000400200100256,1,2,2,2,1,2,2,2,1,2,2,2,2
07,225000400200118003,1,2,1,1,1,1,1,1,1,1,1,1,2
07,225000400200128004,1,2,2,1,2,1,1,1,2,2,2,1,1
07,225000400200138005,1,2,2,2,2,2,2,2,2,2,2,2,2
07,225000400200150388,1,2,2,1,2,1,2,2,1,2,2,2,2
07,225000400200170440,1,2,2,2,2,1,2,2,2,2,2,2,2
07,225000400200180467,1,2,1,2,2,1,2,2,2,2,2,2,2
07,225000400200210051,1,2,2,1,1,1,2,2,1,2,2,2,2
07,225000400200220079,1,2,2,1,2,1,2,2,1,2,1,2,2
07,225000400200250148,1,2,1,1,1,1,1,2,1,2,1,2,2
07,225000400200260175,1,2,1,1,2,1,1,1,1,2,1,1,2
07,225000400200300283,1,2,1,2,2,1,2,2,1,2,2,2,2
07,225001300100010023,1,2,2,2,1,1,2,2,1,2,2,2,2
07,225001300100020052,1,2,2,2,1,1,2,2,2,2,2,2,2
07,225001300100030077,1,2,2,2,1,1,2,2,1,2,2,2,2
07,225001300100040101,1,2,2,2,2,1,2,2,1,2,2,2,2
07,225001300100050126,1,2,2,1,1,1,2,2,1,2,2,2,2
07,225001300100070176,1,2,1,2,1,1,2,2,2,2,2,2,2
07,225001300100090230,1,2,2,2,2,1,2,2,1,2,2,2,2
07,225001300100120315,1,2,2,2,2,2,2,2,2,2,2,2,2
07,225001300100150399,1,2,1,2,2,1,2,2,2,2,2,2,2
07,225001300100168002,1,2,2,1,1,2,1,2,2,2,2,2,2
07,225001300100170451,1,2,2,2,2,1,1,2,1,2,2,2,2
07,225001300100180476,1,2,2,1,1,1,1,1,1,2,1,1,2
07,225001300100190502,1,2,2,1,1,1,1,1,1,2,1,2,2
07,225001300100200528,1,2,2,2,1,1,1,2,1,2,2,2,2
07,225001300100240634,1,2,2,2,1,1,2,2,2,2,2,2,2
07,225001300100250660,1,2,2,2,2,1,1,2,2,2,2,2,2
07,225001300100260686,1,2,2,2,2,1,2,2,1,2,2,2,2
07,225001300100270712,1,2,2,1,1,1,2,2,1,2,2,2,2
07,225001400300018002,1,2,1,1,1,1,1,1,1,1,2,2,2
07,225001400300040107,1,2,1,1,1,1,1,2,1,2,1,1,2
07,225001400300080216,1,2,1,2,1,1,1,2,1,2,2,2,2
07,225001400300090242,1,2,2,2,2,1,2,2,1,2,2,2,2
07,225001400300100267,1,2,2,2,2,1,2,2,1,2,2,2,2
07,225001400300138005,1,2,2,2,1,1,1,2,1,2,1,2,2
07,225001400300148009,1,2,2,2,2,2,2,2,2,2,2,2,2
07,225001400300160437,1,2,2,2,2,1,1,2,1,2,2,2,2
07,225001400300170467,1,2,1,2,2,2,2,2,1,2,2,2,2
07,225001400300180497,1,2,1,2,1,1,2,2,1,2,2,2,2
07,225001400300190527,1,2,1,1,1,2,2,2,2,2,2,2,2
07,225001400300200561,1,2,2,2,2,1,2,2,1,2,2,2,2
07,225001400300228004,1,2,2,2,1,1,1,2,1,2,2,2,2
07,225100700100010021,1,2,1,1,2,1,1,1,1,2,2,2,2
07,225100700100028004,1,2,1,1,2,1,1,1,1,2,2,2,2
07,225100700100030059,1,1,1,1,1,1,1,2,1,2,2,1,2
07,225100700100050097,1,2,2,1,1,1,2,2,1,2,2,2,2
07,225100700100060114,1,2,2,1,1,1,2,2,2,2,2,2,2
07,225100700100088003,1,2,2,2,2,2,2,2,1,2,2,2,2
07,225100700100090176,1,2,1,2,2,1,1,2,1,2,2,2,2
07,225100700100120234,1,2,2,1,1,1,2,2,1,2,1,2,2
07,225100700100138001,1,2,1,1,1,1,1,1,1,2,1,1,2
07,225100700100140273,1,2,1,2,1,1,1,1,1,2,2,1,2
07,225100700100150294,1,2,1,1,1,1,2,2,1,2,1,2,2
07,225100700100170335,1,2,2,2,2,1,1,2,2,2,2,2,2
07,225100700100190374,1,1,2,2,1,1,1,1,2,2,2,2,1
07,225101100200010026,1,2,2,2,1,2,2,2,1,2,2,2,2
07,225101100200020041,1,2,2,2,1,1,2,2,1,2,2,2,2
07,225101100200030057,1,2,2,2,1,1,2,2,1,2,2,2,2
07,225101100200050090,1,2,2,2,1,1,2,2,1,2,2,2,2
07,225101100200060108,1,2,2,2,2,2,2,2,2,2,2,2,1
07,225101100200070125,1,2,2,2,2,2,2,2,1,2,2,2,2
07,225101100200080142,1,2,2,2,2,2,2,2,2,2,2,2,2
07,225101100200090158,1,2,2,2,1,1,2,2,2,2,2,2,2
07,225101100200100174,1,2,2,2,1,1,2,2,2,2,2,2,2
07,225101100200110190,1,2,2,2,2,2,2,2,1,2,2,2,2
07,225101100200120206,1,2,2,2,1,2,2,2,2,2,2,2,2
07,225101100200130222,1,2,2,2,2,2,2,2,2,2,2,2,2
07,225101100200160272,1,2,1,1,1,1,2,2,1,2,2,2,2
07,225101100200170288,1,2,2,2,1,1,2,2,2,2,2,2,2
07,225101900100010004,1,2,2,2,2,2,2,2,2,2,2,2,2
07,225101900100020026,1,2,1,1,2,2,2,2,1,2,2,2,2
07,225101900100048001,1,2,2,1,1,1,2,2,2,2,2,2,2
07,225101900100060085,1,2,2,1,1,1,2,2,1,2,2,2,2
07,225101900100080112,1,2,1,1,2,1,1,2,1,2,1,1,1
07,225101900100110155,1,2,2,1,1,1,1,2,1,2,2,2,2
07,225101900100120169,1,2,1,1,2,1,1,2,1,2,2,2,2
07,225101900100148002,1,1,1,1,2,1,2,2,2,2,2,2,2
07,225101900100160231,1,2,2,2,2,1,1,2,1,2,2,2,2
07,225101900100170246,1,2,2,1,1,1,1,2,1,2,2,2,2
07,225101900100180261,1,2,2,2,2,2,2,2,2,2,2,2,2
07,225101900100190277,1,2,2,1,2,1,1,2,1,2,1,2,2
07,225101900100200293,1,2,2,2,2,1,2,2,1,2,2,2,2
07,225101900100210309,1,2,2,2,1,1,2,2,2,2,2,2,2
07,225101900100220325,1,2,1,1,2,1,1,2,1,2,2,2,2
07,225200200000080075,1,2,2,2,2,1,2,2,2,2,2,2,2
07,225200200000090085,1,2,2,2,1,1,2,2,2,2,2,2,2
07,225200200000138006,1,2,2,2,1,2,2,2,2,2,2,2,2
07,225200200000150143,1,2,2,2,2,2,2,2,2,2,2,2,2
07,225200200000178009,1,2,2,2,2,2,2,2,2,2,2,2,2
07,225200200000190181,1,2,2,2,2,2,2,2,2,2,2,2,2
07,225200200000270258,1,2,2,2,2,1,2,2,2,2,2,2,2
07,225201100000010095,1,2,2,2,1,1,2,2,2,2,2,2,2
07,460403200000010014,1,2,1,2,1,1,1,1,1,1,1,1,2
07,460403200000030044,1,2,2,1,2,1,1,2,1,2,1,1,1
07,460403200000040057,1,2,2,2,1,1,1,2,1,2,2,2,2
07,460403200000050072,1,2,2,1,2,1,2,2,2,2,2,2,2
07,460403200000058002,1,2,2,2,2,2,2,2,2,2,2,2,2
07,460403200000060086,1,2,2,2,2,1,2,2,2,2,2,2,2
07,460403200000070101,1,2,2,1,1,1,1,1,1,2,2,1,2
07,460403200000108004,1,2,2,2,1,1,1,2,1,2,2,2,2
07,460403200000128001,1,2,2,1,2,1,2,2,1,2,2,2,2
07,460403200000150213,1,2,2,1,1,1,1,2,1,2,2,2,2
07,460403200000170249,1,2,1,1,2,1,1,2,1,2,2,1,2
07,460403200000180266,1,2,1,1,1,1,1,2,1,1,1,1,2
07,460403200000198005,1,2,2,2,2,1,2,2,1,2,2,2,2
07,460403200000200288,1,2,2,2,2,1,1,2,1,2,1,2,2
07,460403200000210301,1,2,2,1,1,1,1,1,1,1,2,1,2
07,460403200000220316,1,2,2,2,2,1,2,2,2,2,2,2,2
07,460403200000228003,1,2,2,1,1,2,2,2,1,2,2,1,2
07,460403200000230335,1,2,2,1,1,1,1,2,1,2,2,1,2
07,460403200000240349,1,2,2,1,1,1,1,2,1,1,1,2,1
07,460403200000250357,1,2,1,1,2,1,1,2,1,2,2,2,2
07,460403200000260371,1,1,1,2,2,1,2,2,2,2,2,1,2
07,460500300200020036,1,2,2,2,2,1,1,2,2,2,2,2,2
07,460500300200030058,1,2,2,2,2,2,2,2,2,2,2,2,2
07,460500300200050100,1,2,2,2,2,1,2,2,2,2,2,2,2
07,460500300200060121,1,2,2,2,2,2,2,2,2,2,2,2,2
07,460500300200090184,1,2,2,2,1,2,2,2,2,2,2,2,2
07,460500300200120250,1,2,2,2,2,1,2,2,1,2,2,2,2
07,460601200100020035,1,2,2,2,2,2,2,2,2,2,2,2,2
07,460601200100030057,1,2,2,2,2,1,1,2,2,2,2,2,2
07,460601200100060115,1,2,2,2,2,2,2,2,2,2,2,2,2
07,460601200100080157,1,2,2,2,2,2,2,2,2,2,2,2,2
07,460601700000020046,1,2,2,2,2,1,2,2,2,2,2,2,2
07,460601700000060126,1,2,2,2,2,1,2,2,1,2,2,2,2
07,460601700000080165,1,2,2,2,2,1,2,2,2,2,2,2,2
07,460601700000090185,1,2,2,2,2,1,2,2,2,2,2,2,2
07,460601700000100205,1,2,2,2,2,2,2,2,2,2,2,2,2
07,460601700000110225,1,2,2,2,2,1,1,2,1,2,2,2,2
07,460601700000130265,1,2,2,1,2,1,1,2,1,2,2,2,2
07,460601700000140284,1,2,2,2,2,1,2,2,2,2,2,2,2
07,460601700000160324,1,2,2,2,2,2,2,2,2,2,2,2,2
07,460601700000170344,1,2,2,2,2,1,2,2,2,2,2,2,2
07,460602300100020035,1,2,2,2,2,1,1,2,1,2,2,2,2
07,460602300100040063,1,2,2,2,1,2,2,2,2,2,2,2,2
07,460602300100050078,1,2,2,2,1,1,1,2,1,2,2,2,2
07,460602300100080121,1,2,2,2,2,1,1,2,1,2,2,2,2
07,460602300100100148,1,2,2,2,1,2,2,2,1,2,2,2,2
07,460801000100018001,1,2,2,2,1,1,2,2,2,2,2,2,2
07,460801000100020046,1,2,2,2,2,1,2,2,2,2,2,2,2
07,460801000100040086,1,2,2,2,1,1,2,2,2,2,2,2,2
07,460801000100070146,1,2,2,2,2,2,2,2,2,2,2,2,2
07,460801000100130266,1,2,2,2,1,1,2,2,2,2,2,2,2
07,460801000100140286,1,2,2,1,2,1,2,2,2,2,2,2,2
07,460801000100158002,1,2,2,2,2,2,2,2,2,2,2,2,2
07,461000100200020077,1,2,2,1,2,1,1,1,1,2,2,2,2
07,461000100200030119,1,2,2,2,2,2,2,2,2,2,2,2,2
07,461000100200040153,1,2,2,2,2,2,2,2,2,2,2,2,2
07,461000100200070280,1,2,2,2,2,2,2,2,2,2,2,2,2
07,461000100200100405,1,2,2,2,2,1,1,1,1,2,2,1,2
07,461000900100010032,1,2,2,1,2,1,1,2,1,2,1,1,2
07,461000900100050288,1,2,1,1,1,1,1,1,1,2,2,1,2
07,461000900100060337,1,2,2,2,1,1,1,1,1,2,2,2,2
07,461000900100070391,1,2,2,2,1,1,2,2,1,2,2,2,2
07,461000900100078002,1,2,2,2,2,1,2,2,1,2,2,2,2
07,461000900100080444,1,2,2,2,2,1,2,1,1,2,1,1,2
07,461000900100098001,1,2,2,2,1,1,2,2,1,2,2,2,2
07,461000900100100566,1,2,2,1,1,1,2,2,1,2,2,2,2
07,461000900100110621,1,2,2,1,1,1,2,2,1,2,2,2,2
07,461000900100120674,1,2,1,2,1,1,1,2,1,2,2,2,2
07,461000900100130733,1,2,2,2,1,1,2,2,1,2,2,2,2
07,461100800200030049,1,2,2,2,1,1,2,2,2,2,2,2,2
07,461100800200040064,1,2,2,2,1,1,2,2,2,2,2,2,2
07,461100800200060094,1,2,2,2,1,1,1,2,1,2,2,2,2
07,461100800200080124,1,2,2,2,1,1,2,2,2,2,2,2,2
07,461100800200130198,1,2,2,2,1,1,2,2,1,2,2,2,2
07,461100800200140213,1,2,2,2,2,2,2,2,2,2,2,2,2
07,461100800200158001,1,2,2,2,1,1,2,2,2,2,2,1,2
07,461100800200160241,1,2,2,2,1,1,2,2,2,2,2,2,2
07,461302100000060077,1,2,2,2,1,1,2,2,2,2,2,2,2
07,461302100000110148,1,2,2,1,1,2,2,2,2,2,2,2,2
07,461302100000120163,1,2,2,2,1,1,2,2,2,2,2,2,2
07,461302100000150205,1,2,1,1,1,1,2,2,2,2,2,2,2
07,461302100000170235,1,2,2,1,1,1,2,2,2,2,2,2,2
07,461302100000180249,1,2,2,2,1,1,2,2,2,2,2,2,2
07,461302100000190263,1,2,2,1,2,1,2,2,1,2,2,2,2
07,461402100000060084,1,2,2,2,1,1,2,2,1,2,2,2,2
07,461402100000100148,1,2,2,2,2,2,2,2,2,2,2,2,2
07,461402100000120180,1,2,2,2,1,1,2,2,2,2,2,2,2
07,461402100000150228,1,2,2,2,1,2,2,2,2,2,2,2,2
07,461402100000160244,1,2,2,2,2,1,2,2,2,2,2,2,2
07,461402100000170260,1,2,2,2,1,1,2,2,2,2,2,2,2
07,461402100000180276,1,2,2,2,1,1,2,2,2,2,2,2,2
07,461402800200070113,1,2,2,2,2,2,2,2,2,2,2,2,2
07,461402800200100172,1,2,2,1,1,1,1,2,1,2,1,2,2
07,461402800200120212,1,2,2,1,1,1,1,2,1,2,2,2,2
07,461402800200158001,1,2,1,1,2,1,2,2,2,2,2,2,2
07,461402800200160292,1,2,2,2,2,2,2,2,2,2,2,2,2
07,461402800200170312,1,2,2,2,2,1,2,2,1,2,2,2,2
07,461402800200180332,1,2,2,2,1,1,1,2,2,2,2,2,2
07,461501700100090114,1,2,2,2,2,2,2,2,2,2,2,2,2
07,461902700000160308,1,2,2,2,2,2,2,2,2,2,2,2,2
07,461902700000170327,1,2,2,2,2,1,2,2,2,2,2,2,2
07,462001000000010015,1,2,2,2,2,1,2,2,2,2,2,2,2
07,462001000000030054,1,2,2,2,2,1,2,2,2,2,2,2,2
07,462001000000040073,1,2,2,2,2,2,2,2,2,2,2,2,2
07,462001000000050092,1,2,2,2,2,1,2,2,2,2,2,2,2
07,462001000000060112,1,2,2,2,2,2,2,2,2,2,2,2,2
07,462001000000070131,1,2,2,2,2,1,2,2,2,2,2,2,2
07,462001000000080151,1,2,2,2,2,2,2,2,2,2,2,2,2
07,462001000000090170,1,2,2,2,2,1,2,2,2,2,2,2,2
07,462001000000110211,1,2,2,2,1,2,2,2,2,2,2,2,2
07,462001000000120231,1,2,1,2,1,1,2,2,2,2,2,2,2
07,462001000000138002,1,2,2,2,2,2,2,2,2,2,2,2,2
07,462001000000150285,1,2,2,2,2,1,1,2,2,2,2,2,2
07,462001000000170324,1,2,2,2,2,2,2,2,2,2,2,2,2
07,462001000000190362,1,2,2,2,2,1,2,2,2,2,2,2,2
07,462001000000200382,1,2,2,2,2,1,2,2,2,2,2,2,2
07,462001000000220420,1,2,2,2,2,2,2,2,2,2,2,2,2
07,462101400000010017,1,1,1,1,1,1,1,2,1,2,1,1,1
07,462101400000020033,1,2,2,1,1,1,2,2,1,2,2,2,1
07,462101400000030049,1,2,2,1,1,1,1,2,1,2,2,2,1
07,462101400000040064,1,2,1,1,1,1,1,2,1,2,2,2,1
07,462101400000050079,1,2,2,1,2,1,1,2,1,2,2,2,1
07,462101400000060094,1,2,2,2,1,1,1,2,1,2,2,2,1
07,462101400000070109,1,2,2,2,2,1,1,2,1,2,2,2,1
07,462101400000080124,1,2,1,1,2,1,2,2,2,2,2,2,1
07,462101400000090138,1,1,2,1,1,1,1,1,1,2,1,1,2
07,462101400000100153,1,2,2,2,2,1,2,2,1,2,2,2,1
07,462101400000110168,1,2,2,2,2,2,2,2,1,2,2,2,1
07,462101400000120184,1,2,2,1,2,1,1,2,1,2,2,1,1
07,462101400000130204,1,2,2,1,1,1,1,2,1,2,1,2,1
07,462101400000140219,1,2,2,1,2,1,2,2,1,2,2,2,2
07,462101400000150235,1,2,2,1,1,1,1,2,1,2,2,2,1
07,462101400000168002,1,2,2,2,2,2,2,2,2,2,2,2,1
07,462101400000180279,1,2,2,2,1,1,2,2,1,2,2,2,1
07,462202200000010003,1,2,2,1,2,1,2,2,2,2,2,2,2
07,462202200000020031,1,2,2,2,1,1,2,2,2,2,2,2,2
07,462202200000030053,1,1,2,2,2,1,2,1,1,2,2,2,2
07,462202200000040078,1,2,2,2,2,1,2,2,2,2,2,2,2
07,462202200000070144,1,2,2,2,1,1,1,1,1,2,2,1,2
07,462202200000080167,1,2,2,2,1,1,2,2,2,2,2,2,2
07,462202200000090192,1,2,2,1,2,1,1,2,1,2,2,2,2
07,462202200000100215,1,2,2,2,2,2,2,2,2,2,2,2,2
07,462202200000120260,1,2,2,2,1,1,1,2,1,2,2,2,2
07,462202200000130284,1,2,2,2,2,1,2,2,2,2,2,2,2
07,462202200000140307,1,2,2,2,1,1,1,1,1,1,2,2,2
07,462202200000150331,1,2,2,2,2,1,1,1,1,2,1,1,2
07,462202200000168001,1,1,1,1,2,1,2,2,2,2,2,2,2
07,462202200000170374,1,2,2,2,2,2,2,2,2,2,2,2,2
07,462202200000180393,1,2,2,2,1,1,1,1,1,2,2,2,2
07,462202200000190417,1,2,2,1,2,1,1,2,1,2,2,1,2
07,462500600200010035,1,2,2,2,2,1,1,2,2,2,2,2,2
07,462500600200038002,1,2,2,2,2,1,2,2,1,2,2,2,2
07,462500600200048003,1,2,2,2,2,1,2,2,1,2,2,2,2
07,462500600200060167,1,2,2,2,2,1,2,2,2,2,2,2,2
07,462500600200108004,1,2,2,2,1,1,2,2,2,2,2,2,2
07,462500600200110302,1,2,2,2,2,2,1,2,2,2,2,2,2
07,462500600200120329,1,2,2,2,2,2,2,2,2,2,2,2,2
07,462500600200140383,1,2,2,2,2,1,1,2,2,2,2,2,2
07,610300800000040042,1,2,2,1,1,1,1,2,2,2,2,2,2
07,610300800000050053,1,2,2,1,2,1,2,2,2,2,2,2,2
07,610300800000100097,1,2,2,2,1,1,2,2,2,2,2,2,2
07,610300800000110108,1,2,2,2,1,1,2,2,2,2,2,2,2
07,610300800000160163,1,2,2,2,1,1,2,2,2,2,2,2,2
07,610300800000170174,1,2,2,1,1,1,2,2,2,2,2,2,1
07,610300800000190194,1,2,2,1,2,1,2,2,1,2,2,2,2
07,610601200000010138,1,2,2,1,1,2,2,2,2,2,2,2,2
07,610602900000020030,1,2,2,2,2,1,1,2,2,2,2,2,2
07,610602900000030047,1,2,2,2,2,1,2,2,2,2,2,2,2
07,610602900000080124,1,2,2,2,2,1,2,2,2,2,2,2,2
07,610602900000090140,1,2,2,1,1,1,2,2,2,2,2,2,2
07,610602900000108001,1,2,2,2,1,1,1,2,1,2,2,2,2
07,610602900000110174,1,2,2,2,2,1,2,2,1,2,2,2,2
07,610602900000120192,1,2,2,2,2,1,1,2,1,2,2,2,2
07,610602900000130209,1,2,2,1,2,1,2,2,1,2,2,2,2
07,610602900000140225,1,2,2,2,2,1,1,2,1,2,2,2,2
08,260403600000028007,1,2,1,1,2,1,1,1,1,1,1,1,1
08,260403600000038011,1,2,1,1,2,1,1,1,1,2,1,1,1
08,260403600000040047,1,1,1,1,2,1,1,1,1,2,1,1,1
08,260403600000050061,1,2,1,1,1,1,1,1,1,1,2,1,1
08,260403600000080094,1,2,2,2,2,1,2,2,1,2,2,2,1
08,260403600000108012,1,2,2,2,2,2,2,2,2,2,2,2,2
08,260403600000110137,1,2,2,2,2,2,2,2,2,2,2,2,2
08,260403600000120151,1,2,2,2,2,1,2,2,2,2,2,2,1
08,260403600000140177,1,2,1,1,1,1,1,1,1,1,1,1,1
08,260403600000150191,1,2,1,1,1,1,2,2,1,1,2,1,1
08,260403600000160204,1,2,2,2,2,2,2,2,1,2,2,2,1
08,260403600000170218,1,2,2,2,2,2,2,2,1,2,2,2,2
08,260403600000180233,1,2,2,1,1,1,1,2,1,2,1,2,1
08,260403600000200258,1,2,2,2,2,1,2,2,1,2,2,2,1
08,260403600000210272,1,2,2,1,2,1,2,2,1,2,2,2,2
08,260403600000220282,1,2,1,1,1,1,1,2,1,2,1,2,1
08,260403600000238010,1,2,2,2,2,2,2,2,2,2,2,2,1
08,260403600000240310,1,2,1,1,1,1,1,1,1,1,2,1,1
08,260600500000020014,1,2,2,2,2,2,2,2,2,2,2,2,1
08,260600500000030028,1,2,2,2,2,2,2,2,2,2,2,2,2
08,260600500000050056,1,2,2,2,1,1,2,2,1,2,2,2,2
08,260600500000060070,1,2,2,2,1,1,2,2,1,2,2,2,2
08,260600500000070085,1,2,2,2,2,2,2,2,2,2,2,2,1
08,260600500000090112,1,2,2,2,2,2,2,2,2,2,2,2,2
08,260604300000020011,1,2,2,2,2,2,2,2,2,2,2,2,2
08,260604300000030023,1,2,2,2,1,1,1,2,1,2,2,2,1
08,260604300000048001,1,2,2,2,2,2,2,2,2,2,2,2,2
08,260604300000060059,1,2,2,2,2,1,2,2,2,2,2,2,2
08,260604300000170170,1,2,2,2,2,1,2,2,2,2,2,2,2
08,260901400000010011,1,2,2,1,1,1,1,2,1,1,2,1,1
08,260901400000020025,1,2,2,1,2,1,2,2,1,2,2,2,1
08,260901400000030042,1,2,2,2,1,1,2,2,1,2,2,2,2
08,260901400000048003,1,2,2,2,1,1,2,2,1,2,2,2,1
08,260901400000070105,1,2,2,2,1,1,2,2,1,2,2,2,2
08,260901400000088001,1,1,2,1,1,1,2,2,1,2,2,2,1
08,260901400000090138,1,2,2,2,1,2,2,2,1,2,2,2,1
08,260901400000108004,1,2,2,1,2,1,2,2,1,2,2,2,1
08,260901400000110168,1,2,2,2,2,2,2,2,2,2,2,2,2
08,260901400000130201,1,2,2,2,2,2,2,2,2,2,2,2,2
08,260901400000140218,1,2,2,2,2,2,2,2,1,2,2,2,1
08,260901400000160252,1,2,2,2,2,1,2,2,1,2,2,2,1
08,260901400000170270,1,2,2,1,1,1,1,2,1,2,1,2,1
08,260901400000180284,1,2,2,1,2,2,2,2,1,2,2,2,1
08,260904400000018002,1,2,2,1,1,2,2,2,1,2,2,2,1
08,260905000200010025,1,2,2,1,2,1,2,2,2,2,2,2,1
08,260905000200020043,1,2,2,2,2,2,2,2,1,2,2,2,2
08,260905000200030062,1,2,2,2,2,2,2,2,1,2,2,2,1
08,260905000200040080,1,2,2,2,2,2,2,2,2,2,2,2,2
08,260905000200050099,1,2,2,1,2,1,1,2,1,2,2,2,1
08,260905000200070136,1,2,2,2,2,2,2,2,1,2,2,2,1
08,260905000200090169,1,2,2,2,2,1,2,2,1,2,2,2,2
08,260905000200100188,1,2,2,2,1,2,2,2,1,2,2,2,1
08,260905000200120225,1,2,2,2,2,2,2,2,2,2,2,2,2
08,260905000200130242,1,2,2,2,1,1,2,2,1,2,2,2,1
08,260905000200150280,1,2,2,2,2,2,1,2,1,2,2,2,1
08,261201200000018001,1,2,2,1,1,1,2,2,1,2,1,2,1
08,261201700000010008,1,2,1,2,2,1,1,2,1,2,2,2,1
08,261201700000030030,1,2,2,1,2,1,2,2,1,2,2,2,1
08,261201700000040041,1,2,2,2,2,2,2,2,2,2,2,2,2
08,261201700000050052,1,2,2,2,1,1,2,2,2,2,2,2,2
08,261201700000060063,1,2,2,2,2,1,2,2,1,2,2,2,1
08,261201700000070074,1,2,2,2,2,2,2,2,2,2,2,2,2
08,261201700000080084,1,2,2,2,1,1,2,2,1,2,2,2,1
08,261201700000090095,1,2,1,1,1,1,1,2,1,2,1,1,1
08,261201700000110117,1,2,2,1,2,1,1,2,1,2,1,2,2
08,261201700000120127,1,2,2,2,1,1,2,2,1,2,2,2,1
08,261201700000130138,1,2,2,1,1,1,1,1,1,2,2,1,1
08,261201700000140149,1,2,2,2,2,2,2,2,2,2,2,2,2
08,261201700000158001,1,2,2,2,2,2,2,2,2,2,2,2,1
08,261201700000170180,1,2,2,2,1,1,1,2,2,2,1,1,1
08,261201700000180191,1,2,2,2,2,1,2,2,1,2,2,2,1
08,261201700000190202,1,2,1,1,1,1,2,2,1,2,1,2,1
08,261201700000200212,1,2,2,2,2,1,2,2,1,2,2,2,1
08,261800300000010001,1,2,2,2,2,1,2,2,1,2,2,2,1
08,261800300000050025,1,2,2,2,2,2,2,2,2,2,2,2,1
08,261800300000060033,1,2,2,2,1,1,1,2,1,2,1,2,1
08,261800300000078001,1,2,2,1,2,1,1,2,1,2,1,2,1
08,261800300000080047,1,2,2,2,2,2,2,2,2,2,2,2,2
08,261800300000090053,1,2,2,2,2,2,2,2,2,2,2,2,1
08,261800300000110067,1,2,2,2,2,1,2,2,2,2,2,2,1
08,261800300000120074,1,2,2,2,1,1,2,2,1,2,2,2,1
08,261800300000140087,1,1,1,1,2,1,1,2,1,2,2,2,1
08,261800300000150095,1,2,2,2,1,1,1,2,2,2,2,2,1
08,261800300000160101,1,2,2,1,1,1,1,2,1,2,1,2,1
08,261800300000170109,1,2,2,2,2,1,2,2,2,2,2,2,2
08,261800300000190122,1,2,2,2,2,1,2,2,1,2,2,2,1
08,262200700000018003,1,2,2,2,2,2,2,2,1,2,2,2,2
08,262200700000020015,1,2,2,1,2,1,2,2,1,2,2,2,1
08,262200700000038004,1,2,2,1,2,1,2,2,2,2,2,2,1
08,262200700000040034,1,2,2,2,1,1,2,2,2,2,2,2,1
08,262200700000070059,1,2,2,2,1,2,2,2,1,2,2,2,1
08,262200700000148001,1,2,2,2,2,2,2,2,2,2,2,2,2
08,262200700000150129,1,2,2,2,2,1,1,2,1,2,2,2,1
08,262200700000170145,1,2,1,1,2,1,1,1,1,1,1,2,1
08,262200700000180153,1,2,1,1,1,1,1,2,1,2,2,2,1
08,262200700000190162,1,2,2,2,2,2,2,2,1,2,2,2,1
08,262200700000210176,1,2,2,2,2,1,2,2,1,2,2,2,1
08,262200800000010002,1,2,2,2,2,1,1,2,1,2,2,2,1
08,262200800000020132,1,2,2,1,1,1,1,2,1,2,2,2,2
08,370106300000010016,1,2,2,2,2,2,2,2,2,2,2,2,2
08,370106300000020041,1,2,2,2,2,1,2,2,1,2,2,2,1
08,370106300000030065,1,2,2,2,1,1,2,2,1,2,2,2,1
08,370106300000040085,1,1,1,1,1,1,1,2,1,2,1,2,1
08,370106300000060129,1,2,2,2,2,1,2,2,1,2,2,2,1
08,370106300000070154,1,2,2,2,1,1,2,2,1,2,2,2,1
08,370106300000090203,1,2,2,1,2,1,2,2,1,2,2,2,1
08,370106300000118005,1,2,2,1,1,1,1,2,1,2,2,2,1
08,370106300000130285,1,2,2,2,2,2,2,2,2,2,2,2,2
08,370106300000160347,1,2,2,2,1,1,2,2,2,2,2,2,1
08,370106300000178001,1,2,2,2,2,1,2,2,1,2,2,2,1
08,370106300000198006,1,2,2,2,2,2,2,2,2,2,2,2,1
08,370106300000210461,1,2,2,1,2,1,2,2,1,2,2,2,1
08,370106300000228004,1,2,2,2,2,1,1,2,1,2,2,2,1
08,370106300000230512,1,2,2,1,2,1,1,1,1,2,2,2,1
08,370700200000010003,1,2,2,1,1,1,2,2,2,2,2,2,2
08,370700200000020018,1,1,1,2,1,1,2,2,1,2,2,2,1
08,370700200000050065,1,2,2,2,1,1,2,2,1,2,2,2,2
08,370700200000060081,1,2,2,2,1,1,2,2,2,2,2,2,2
08,370700200000070096,1,2,2,1,2,1,2,2,1,2,2,2,1
08,370700200000080112,1,2,2,2,2,1,1,2,2,2,2,2,1
08,370700200000090127,1,2,2,1,2,1,2,2,1,2,2,1,1
08,370700200000100143,1,2,2,1,2,1,2,2,2,2,2,2,1
08,370700200000130190,1,2,2,2,1,2,2,2,2,2,2,2,2
08,370700200000160237,1,2,2,2,1,1,2,2,2,2,2,2,1
08,370700200000170252,1,2,2,1,1,1,2,2,1,2,2,2,1
08,370702700000010082,1,2,2,2,1,2,2,2,1,2,2,2,1
08,370702900100010015,1,2,2,1,1,2,2,2,1,1,2,2,2
08,370702900100020030,1,2,2,1,1,2,2,2,2,2,2,2,1
08,370702900100030045,1,2,2,2,1,1,2,2,1,2,2,2,2
08,370702900100040059,1,2,1,2,2,2,2,2,2,2,2,2,1
08,370702900100050074,1,2,2,2,2,2,2,2,2,2,2,2,2
08,370702900100060087,1,2,2,1,1,1,2,2,2,2,1,2,1
08,370702900100070098,1,2,2,2,1,2,2,2,2,2,2,2,1
08,370702900100100142,1,2,2,2,1,2,2,2,1,2,2,2,2
08,370702900100110157,1,2,2,1,2,1,2,2,2,2,2,2,1
08,370702900100120176,1,2,2,2,1,1,2,2,1,2,2,2,1
08,370702900100140209,1,2,2,2,2,1,2,2,2,2,2,2,2
08,370702900100150224,1,2,2,2,1,1,1,2,1,2,2,2,1
08,370702900100168001,1,2,1,1,1,1,1,2,1,2,1,2,2
08,370702900100190280,1,2,2,2,1,2,2,2,2,2,2,2,2
08,370702900100200297,1,2,2,2,1,2,2,2,2,1,2,2,2
08,370801300000010020,1,2,1,1,2,2,2,2,1,2,2,2,1
08,370801300000030066,1,2,2,2,1,1,2,2,2,2,2,2,2
08,370801300000040089,1,2,2,2,1,1,2,2,1,2,2,2,1
08,370801300000050113,1,2,2,2,1,1,2,2,1,2,2,2,2
08,370801300000060134,1,2,2,2,2,1,2,2,1,2,1,2,2
08,370801300000070154,1,2,1,1,1,1,2,2,1,2,2,2,1
08,370801300000100229,1,2,2,2,2,1,2,2,1,2,2,2,1
08,370801300000110249,1,2,2,1,1,1,2,2,1,2,2,2,1
08,370801300000120269,1,2,2,2,2,1,2,2,1,2,2,2,1
08,370801300000130289,1,2,1,1,1,1,1,2,1,2,2,2,1
08,370801300000140311,1,2,2,1,1,1,2,2,1,2,1,2,1
08,370801300000158005,1,2,2,2,2,1,1,2,1,2,1,2,1
08,370801300000168006,1,1,1,1,2,1,2,2,1,2,1,2,1
08,370801300000180399,1,2,2,2,1,2,2,2,2,2,2,2,1
08,370801300000210462,1,2,2,1,1,1,1,2,1,2,2,2,1
08,370802600000020037,1,2,2,2,1,1,2,2,2,2,2,2,1
08,370802600000040073,1,1,2,1,1,1,2,2,1,2,2,2,1
08,370802600000050091,1,2,1,2,1,1,1,2,1,2,1,2,1
08,370802600000070127,1,2,2,2,2,1,2,2,2,2,2,2,1
08,370802600000090163,1,2,2,2,1,1,2,2,2,2,1,2,1
08,370802600000100181,1,1,1,1,1,1,1,2,1,2,1,2,1
08,370802600000110199,1,2,2,2,1,1,2,2,1,2,2,2,1
08,370802600000130235,1,2,2,1,1,1,2,2,1,2,2,2,1
08,370802600000140253,1,2,1,2,1,1,2,2,2,2,2,2,1
08,370802600000150271,1,2,2,2,1,2,2,2,2,2,2,2,2
08,370802600000160289,1,2,2,2,2,1,1,2,2,2,2,2,2
08,370802600000178001,1,2,2,1,2,1,2,2,2,2,1,2,1
08,370808100000010001,1,2,2,2,1,2,2,2,1,2,2,2,1
08,370808100000030031,1,2,2,2,1,1,1,2,1,2,2,2,1
08,370808100000048003,1,2,2,2,1,1,2,2,2,2,2,2,2
08,370808100000050061,1,2,2,1,1,1,2,2,2,2,2,2,1
08,370808100000060076,1,2,2,1,1,1,1,2,1,2,2,2,1
08,370808100000078002,1,2,2,2,2,2,2,2,2,2,2,2,1
08,370808100000100140,1,2,2,2,1,1,1,2,1,2,2,2,1
08,370808100000150217,1,2,2,2,2,1,2,2,2,2,2,2,1
08,370808100000170251,1,2,2,2,1,1,2,2,2,2,2,2,1
08,370808100000180267,1,2,1,2,2,1,2,2,1,2,2,2,1
08,371004200000010004,1,2,2,2,1,1,2,2,1,2,2,2,1
08,371004200000030025,1,1,1,1,1,1,1,2,1,1,2,1,1
08,371004200000048003,1,2,2,2,2,2,2,2,1,2,2,2,2
08,371004200000050048,1,2,1,1,1,1,1,2,1,2,2,2,1
08,371004200000060059,1,2,2,2,2,2,2,2,2,2,2,2,2
08,371004200000070070,1,2,2,2,2,1,1,2,1,2,2,2,1
08,371004200000100101,1,2,2,2,2,2,2,2,2,2,2,2,1
08,371004200000140144,1,2,2,1,2,1,2,2,2,2,2,2,1
08,371004200000150156,1,2,1,1,1,1,1,2,1,2,1,2,1
08,371004200000160167,1,2,2,2,2,1,2,2,2,2,2,2,1
08,371004200000170177,1,1,2,1,1,1,2,2,1,2,2,2,1
08,371004200000180187,1,2,2,1,1,1,2,2,1,2,2,1,1
08,371007400000010114,1,2,2,2,2,1,2,2,2,2,2,2,1
08,371401500000010020,1,2,1,1,2,1,2,2,1,2,1,2,1
08,371401500000020040,1,1,2,2,2,1,2,2,1,2,2,2,1
08,371401500000020042,1,2,2,2,2,1,2,2,1,2,2,2,1
08,371401500000040081,1,2,2,2,2,1,2,2,1,2,2,2,1
08,371401500000068002,1,2,2,2,2,1,2,2,1,2,1,2,1
08,371401500000070140,1,2,2,2,1,1,1,1,1,2,1,1,1
08,371401500000080160,1,1,1,2,1,1,1,2,1,2,1,2,1
08,371401500000090180,1,2,2,1,1,1,1,2,1,2,1,2,1
08,371401500000100200,1,2,1,1,2,1,1,2,1,2,2,2,1
08,371401500000110221,1,2,2,1,1,1,1,2,1,1,2,2,1
08,371401500000120240,1,1,2,1,1,1,1,2,1,2,2,1,1
08,371401500000138003,1,2,2,2,2,2,2,2,2,2,2,2,2
08,371401500000140279,1,2,2,1,2,1,1,2,1,2,1,2,1
08,371401500000150299,1,2,2,2,2,1,2,2,1,2,2,2,1
08,371401500000168004,1,2,2,2,2,1,1,2,1,2,2,2,1
08,371401500000170338,1,2,2,2,2,1,2,2,2,2,2,2,2
08,371902000100010013,1,2,2,2,2,1,2,2,2,2,2,2,1
08,371902000100020024,1,2,2,1,2,1,2,2,1,2,2,2,1
08,371902000100030035,1,2,2,2,1,1,2,2,1,2,2,2,1
08,371902000100040049,1,2,1,2,1,2,2,2,1,2,2,2,1
08,371902000100060075,1,2,2,2,1,1,2,2,2,2,2,2,1
08,371902000100070087,1,2,2,2,2,1,2,2,1,2,2,2,2
08,371902000100100129,1,2,2,1,1,1,1,2,1,2,2,2,1
08,371902000100110143,1,2,2,2,2,1,2,2,2,2,2,2,1
08,371902000100120157,1,2,2,2,2,1,2,2,2,2,2,2,1
08,371902000100130171,1,2,2,2,2,2,2,2,1,2,2,2,2
08,371902000100140185,1,2,1,2,1,1,2,2,1,2,2,2,1
08,372101800000010006,1,2,2,2,1,1,2,2,1,2,2,2,2
08,372101800000020032,1,2,2,2,1,1,2,2,2,2,2,2,2
08,372101800000030056,1,2,2,2,1,1,2,2,2,2,2,2,2
08,372101800000040080,1,2,2,2,2,2,2,2,2,2,2,2,2
08,372101800000050104,1,2,2,1,1,1,2,2,1,2,2,2,1
08,372101800000060128,1,2,2,2,1,1,2,2,1,2,2,2,2
08,372101800000070152,1,2,2,1,1,1,2,2,1,2,2,2,2
08,372101800000080176,1,2,2,2,1,2,2,2,2,2,2,2,2
08,372101800000090199,1,2,2,1,1,1,2,2,1,2,2,2,1
08,372101800000120269,1,2,2,1,1,1,1,1,1,2,1,1,2
08,372101800000130293,1,2,2,2,1,1,2,2,2,2,2,2,2
08,372101800000160365,1,2,2,2,2,2,2,2,1,2,2,2,2
08,372101800000170389,1,2,2,2,1,1,2,2,2,2,2,2,2
08,372101800000180413,1,2,2,2,2,1,2,2,2,2,2,2,2
08,372101800000190437,1,2,2,2,1,1,2,2,2,2,2,2,2
08,372301000100010011,1,2,2,2,2,1,2,2,2,2,2,2,1
08,372301000100020025,1,2,2,1,2,1,1,2,1,2,2,2,1
08,372301000100040048,1,2,2,2,1,1,2,2,1,2,2,2,1
08,372301000100050062,1,2,2,2,2,2,2,2,2,2,2,2,2
08,372301000100090109,1,2,2,2,2,2,2,2,2,2,2,2,2
08,372301000100100124,1,2,2,2,2,1,2,2,2,2,2,2,1
08,372301000100130164,1,2,2,2,2,1,2,2,1,2,2,2,1
08,372301000100140177,1,2,2,1,1,1,1,2,1,2,2,2,1
08,372400500000010004,1,2,2,2,1,1,1,2,1,2,2,2,1
08,372400500000080057,1,2,2,1,2,1,1,1,1,1,1,2,1
08,372400500000090066,1,2,2,2,2,1,2,2,1,2,2,2,2
08,372400500000108002,1,2,2,2,1,1,2,2,1,2,2,2,1
08,372400500000110081,1,2,2,2,2,1,2,2,1,2,2,2,2
08,372400500000130097,1,2,2,2,2,1,2,2,1,2,2,2,2
08,372400500000150114,1,2,2,2,2,1,2,2,1,2,2,2,2
08,372400500000160121,1,2,2,1,2,1,2,2,1,2,2,2,1
08,372400500000170130,1,2,2,2,2,1,2,2,1,2,2,2,1
08,372400500000180138,1,2,2,2,1,1,2,2,1,2,2,2,2
08,372400500000190147,1,2,2,1,2,1,2,2,1,2,2,2,2
08,372402000000010049,1,2,2,1,2,1,1,2,1,2,2,2,1
08,372500800000010003,1,2,2,1,1,1,2,2,2,2,2,2,2
08,372500800000050046,1,2,2,2,2,2,2,2,2,2,2,2,2
08,372500800000060058,1,2,2,1,1,2,2,2,2,2,2,2,1
08,372500800000070069,1,2,2,2,2,1,2,2,1,2,2,2,2
08,372500800000080078,1,2,2,2,1,1,2,2,1,2,2,2,2
08,372500800000090090,1,2,2,1,2,1,1,2,1,2,2,2,1
08,372500800000100101,1,2,2,1,1,1,2,2,1,2,2,2,1
08,372500800000110112,1,2,2,1,1,1,2,2,1,2,2,2,1
08,372500800000120122,1,2,2,1,2,1,1,2,1,2,2,1,1
08,372500800000170172,1,2,2,2,1,1,2,2,2,2,2,2,1
08,372500800000180183,1,2,2,2,2,1,2,2,2,2,2,2,1
08,372500800000190194,1,2,2,1,2,1,2,2,2,2,2,2,1
08,372500800000210217,1,2,2,2,2,1,1,2,1,2,2,2,1
08,372500800000220228,1,2,2,1,2,1,1,2,1,2,2,2,2
08,372803300000028002,1,2,2,2,2,2,2,2,2,2,2,2,2
08,372803300000030026,1,2,2,2,1,1,1,2,1,2,2,2,1
08,372803300000040034,1,2,2,2,2,1,1,2,1,2,2,2,2
08,372803300000050042,1,2,2,1,1,1,2,2,1,2,2,2,1
08,372803300000060050,1,2,2,1,1,1,1,2,1,2,2,2,1
08,372803300000070059,1,2,2,2,2,2,2,2,1,2,2,2,2
08,372803300000080067,1,2,1,1,2,1,1,1,1,2,2,1,1
08,372803300000090073,1,2,2,2,2,1,2,2,2,1,2,2,2
08,372803300000108001,1,2,2,2,1,1,2,2,2,2,2,2,2
08,372803300000110088,1,2,1,1,2,2,1,2,1,2,2,2,2
08,372803300000170136,1,2,2,2,2,1,2,2,1,2,2,2,1
08,372803300000200156,1,2,2,2,1,2,2,2,2,2,2,2,2
08,372900800100018003,1,2,2,2,1,1,2,2,1,2,2,2,1
08,372900800100030082,1,2,2,1,2,1,1,2,1,2,2,2,1
08,372900800100060153,1,2,2,1,2,1,2,2,1,2,2,2,1
08,372900800100080203,1,2,2,2,2,1,2,2,1,2,2,2,1
08,372902200000050049,1,1,2,1,1,1,2,2,2,2,2,2,1
08,372902200000060061,1,2,2,2,2,1,2,2,1,2,2,2,1
08,372902200000118001,1,2,2,2,2,2,2,2,2,2,2,2,2
08,372902200000120130,1,2,2,2,2,1,2,2,2,2,2,2,2
08,373001700000010002,1,1,1,1,2,1,1,2,1,2,2,1,1
08,373001700000020012,1,2,1,1,2,1,2,2,1,2,2,1,1
08,373001700000050039,1,1,1,1,1,1,1,2,1,2,1,2,1
08,373001700000070057,1,2,2,1,1,1,1,1,1,2,1,1,1
08,373001700000080065,1,2,2,2,2,1,2,2,1,2,2,2,1
08,373001700000090075,1,2,2,1,2,1,2,2,1,2,1,2,1
08,373001700000100083,1,2,2,1,1,1,1,2,1,2,1,1,1
08,373001700000110092,1,2,2,2,1,1,2,2,1,2,2,2,1
08,373001700000120100,1,1,1,1,1,1,1,2,1,2,1,2,2
08,373001700000130107,1,2,2,2,1,1,1,1,1,2,1,1,1
08,373001700000140115,1,2,2,1,1,1,1,1,1,2,1,1,1
08,373001700000150125,1,2,2,1,1,1,2,2,1,2,2,1,2
08,373001700000160135,1,2,2,1,2,1,2,2,1,2,2,2,1
08,373001700000170143,1,1,1,1,1,1,1,2,1,2,2,1,1
08,373001700000190163,1,2,2,1,1,1,2,2,1,2,2,2,1
08,373001700000200173,1,2,2,2,2,1,2,2,2,2,2,2,2
08,373001800000010007,1,2,2,1,1,1,1,2,1,2,1,2,1
08,373100300000020028,1,2,2,1,2,2,2,2,2,2,2,2,1
08,373100300000050079,1,2,2,2,2,1,1,2,1,2,2,2,1
08,373100300000060095,1,2,2,2,2,1,2,2,2,2,2,2,2
08,373100300000070110,1,2,2,1,1,1,1,1,1,2,2,2,2
08,373100300000090140,1,1,2,2,2,1,2,2,1,2,2,2,1
08,373100300000110173,1,2,2,2,2,1,2,2,2,2,2,2,2
08,373100300000138001,1,2,2,2,2,1,1,2,1,2,2,2,1
08,373100300000160252,1,2,2,1,2,1,1,2,2,2,2,2,1
08,373100300000170267,1,2,2,1,1,1,2,2,1,2,2,2,1
08,373100300000180284,1,1,2,1,1,1,1,2,1,2,1,2,1
08,373301100000010007,1,2,2,2,1,1,1,2,1,2,2,2,2
08,373301100000020015,1,2,1,1,2,1,1,2,1,2,1,2,1
08,373301100000030022,1,2,1,1,1,1,1,2,1,2,2,2,1
08,373301100000050036,1,2,1,2,1,1,1,2,1,2,2,2,1
08,373301100000060044,1,2,2,2,1,1,1,2,1,2,2,2,1
08,373301100000078002,1,2,2,2,1,1,2,2,1,2,2,2,2
08,373301100000080060,1,1,1,1,1,1,1,1,1,1,1,1,1
08,373301100000100075,1,2,2,2,1,1,2,2,1,2,2,2,1
08,373301100000118001,1,2,2,1,2,1,1,2,1,2,2,2,1
08,373301100000118003,1,1,1,2,2,2,2,2,2,2,2,2,1
08,373301100000130098,1,2,2,1,2,1,2,2,2,2,2,2,1
08,373301100000140106,1,2,2,1,1,1,2,2,1,2,2,2,1
08,373301100000150114,1,2,1,1,1,1,1,2,1,2,1,1,1
08,373301100000160122,1,2,2,2,2,1,2,2,1,2,2,2,1
08,373301100000170131,1,2,2,1,2,1,1,2,1,2,2,2,1
08,373301100000180138,1,2,2,2,2,1,2,2,2,2,2,2,1
08,373301100000190146,1,2,2,2,2,2,2,2,2,2,2,2,1
08,373301100000200153,1,2,2,2,2,2,2,2,2,2,2,2,1
08,373601800200010011,1,2,2,2,2,2,2,2,2,2,2,2,2
08,373601800200060092,1,2,2,2,2,1,2,2,2,2,2,2,2
08,373601800200080125,1,2,2,2,1,1,2,2,1,2,2,2,2
08,373601800200098002,1,2,2,2,1,1,2,2,2,2,2,2,2
08,373601800200120188,1,2,2,1,1,1,2,2,1,2,2,2,2
08,373801800100010025,1,2,1,1,2,1,2,2,1,2,2,2,1
08,373801800100020039,1,2,2,1,2,1,1,2,1,2,2,2,1
08,373801800100030055,1,2,2,2,2,1,2,2,1,2,2,2,1
08,373801800100088006,1,2,2,2,1,1,2,2,2,2,2,2,1
08,373801800100090130,1,2,2,2,2,2,2,2,2,2,2,2,2
08,373801800100108001,1,2,2,2,1,1,1,2,1,2,1,2,1
08,373801800100110158,1,2,2,2,2,2,2,2,2,2,2,2,2
08,373801800100138002,1,2,2,2,2,2,2,2,2,2,2,2,1
08,373801800100140204,1,1,1,1,1,1,1,2,1,2,2,1,1
08,373801800100150220,1,2,1,2,2,1,2,2,1,2,2,2,1
08,373801800100168005,1,2,2,2,2,2,2,2,2,2,2,2,1
08,373801800100170248,1,1,2,1,1,1,1,1,1,2,2,2,1
08,373801800100180263,1,2,2,2,2,2,2,2,2,2,2,2,1
08,373801800100190279,1,2,2,2,2,2,2,2,2,2,2,2,1
08,373801800100210310,1,2,2,2,2,2,2,2,2,2,2,2,2
08,373802200000010039,1,2,1,1,1,1,1,1,1,2,1,1,1
08,373802200000020094,1,2,2,2,2,1,1,2,1,2,2,2,2
08,373802300000018001,1,1,1,1,1,1,1,1,1,2,2,2,1
08,373802300000020013,1,2,1,1,1,1,1,1,1,2,2,1,1
08,373802300000020014,1,2,1,1,1,1,1,2,1,2,2,2,1
08,373802300000020015,1,2,2,1,2,1,1,2,1,2,2,1,1
08,373802300000030021,1,1,1,1,1,1,1,1,1,2,1,1,1
08,373802300000050039,1,2,1,1,1,1,1,1,1,2,1,2,1
08,373802300000060047,1,2,1,1,1,1,1,2,1,2,2,2,1
08,373802300000080066,1,1,1,2,1,1,1,2,1,2,1,1,1
08,373802300000108002,1,2,1,1,1,1,1,1,1,2,1,2,1
08,373807000000020039,1,2,2,2,2,1,1,2,2,2,2,2,2
08,373807000000088005,1,2,2,2,1,1,2,2,2,2,2,2,2
08,373807000000098003,1,2,2,2,2,1,2,2,2,2,2,2,2
08,373807000000100153,1,2,2,2,1,1,2,2,2,2,2,2,2
08,373807000000140213,1,2,2,2,1,1,2,2,2,2,2,2,2
08,373807000000160247,1,2,2,1,1,1,1,2,2,2,2,2,1
08,373807000000180280,1,2,2,2,2,1,2,2,2,2,2,2,1
08,373807000000198006,1,2,2,2,2,1,2,2,2,2,2,2,1
08,373807200000010002,1,2,2,2,2,2,2,2,2,2,2,2,2
08,373807200000030034,1,2,2,1,1,1,1,2,1,2,2,2,2
08,373807200000080102,1,2,2,2,2,2,2,2,2,2,2,2,2
08,373807200000090117,1,1,1,1,1,1,1,2,1,2,1,2,1
08,373807200000100132,1,2,2,2,2,2,2,2,2,2,2,2,1
08,373807200000120159,1,1,1,1,1,1,1,1,1,1,1,1,1
08,373807200000130173,1,2,2,2,1,1,2,2,2,2,2,2,1
08,373807200000140187,1,2,2,1,2,1,1,2,1,2,2,2,1
08,373807200000150201,1,2,2,2,2,2,2,2,2,2,2,2,2
08,373807200000170231,1,2,2,2,2,1,2,2,2,2,2,2,2
08,373901800000010023,1,2,2,1,1,1,2,2,1,2,2,2,1
08,373901800000020046,1,2,1,1,1,1,2,2,1,2,2,1,1
08,373901800000030068,1,2,2,1,1,1,1,2,1,2,2,1,1
08,373901800000040091,1,2,2,1,1,1,1,2,1,2,1,2,1
08,373901800000050113,1,2,2,2,2,2,2,2,2,2,2,2,2
08,373901800000070158,1,2,2,2,1,1,1,2,1,2,1,2,1
08,373901800000088003,1,2,1,1,2,1,1,2,1,2,1,1,1
08,373901800000090202,1,2,2,1,1,1,2,2,1,2,2,2,1
08,373901800000110247,1,2,2,2,2,1,2,2,1,2,2,2,1
08,373901800000128001,1,2,2,2,2,2,2,2,2,2,2,2,2
08,373901800000140314,1,1,1,1,1,1,2,2,1,2,2,2,1
08,373901800000150337,1,2,2,1,1,1,1,2,1,2,2,1,1
08,373901800000160361,1,2,1,1,2,1,1,2,1,2,1,1,1
08,373901800000170382,1,2,2,2,2,2,2,2,2,2,2,2,2
08,373901800000180405,1,2,2,1,1,1,2,2,1,2,2,2,1
08,373901800000190428,1,2,2,2,2,1,1,2,1,2,2,2,2
08,373901800000200454,1,2,2,1,1,1,1,2,1,2,1,1,1
08,374000300000020016,1,2,2,2,2,1,1,2,1,1,2,2,1
08,374000300000040042,1,2,2,2,1,2,1,2,2,2,2,2,2
08,374000300000060071,1,2,2,2,1,1,2,2,1,2,2,2,2
08,374000300000100132,1,2,2,2,1,1,2,2,1,2,2,2,1
08,374000300000130176,1,2,2,2,2,2,2,2,2,2,2,2,2
08,374000300000150204,1,2,2,2,2,1,2,2,2,2,2,2,2
08,374000300000160218,1,2,2,2,2,1,2,2,2,2,2,2,1
08,374000300000198003,1,2,2,2,2,1,2,2,2,2,2,2,2
08,374003100000010007,1,2,1,1,1,1,1,1,1,2,1,2,1
08,374003100000020017,1,1,1,1,1,1,1,1,1,2,1,2,1
08,374003100000030027,1,2,2,1,1,1,1,2,1,2,1,2,1
08,374003100000050050,1,2,1,1,1,1,1,2,1,2,1,2,1
08,374003100000060062,1,2,2,1,1,1,1,2,1,2,2,2,1
08,374003100000070073,1,2,2,2,2,1,2,2,2,2,2,1,1
08,374003100000080085,1,2,2,2,1,1,1,2,1,2,2,2,1
08,374003100000100108,1,2,2,2,1,1,2,2,2,2,2,2,1
08,374003100000110118,1,2,2,2,1,1,1,2,1,2,1,2,1
08,374003100000120130,1,2,1,1,1,1,1,2,1,2,1,1,1
08,374003100000130140,1,2,2,2,1,2,1,2,1,2,2,2,1
08,374003100000150162,1,2,1,1,1,1,1,2,1,2,2,2,1
08,374003100000160175,1,2,2,1,2,2,2,2,1,2,2,2,1
08,374003100000170186,1,2,1,1,1,2,2,2,1,2,2,1,1
08,374003100000210231,1,1,1,1,1,1,1,1,1,1,1,2,1
08,374003100000220242,1,2,1,1,1,1,1,1,1,2,2,1,1
08,374003100000230253,1,2,2,2,1,1,2,2,1,2,2,2,1
08,374501300200030035,1,2,2,2,1,2,2,2,1,2,2,2,1
08,374501300200080110,1,2,1,2,2,2,1,2,2,2,2,2,1
08,374501300200098005,1,2,2,2,2,1,2,2,2,2,2,2,1
08,374501300200140200,1,2,2,2,2,1,1,2,1,2,2,2,1
08,374501300200160230,1,2,2,2,1,2,2,2,2,2,2,2,2
08,374501300200170246,1,2,2,2,2,2,2,2,2,2,2,2,2
08,374713500100010024,1,2,2,1,1,1,1,2,1,2,1,2,1
08,374713500100020050,1,2,1,1,1,1,1,2,1,2,1,2,1
08,374713500100030076,1,2,1,1,1,1,1,2,1,2,1,1,1
08,374713500100040103,1,2,2,1,2,1,1,2,1,2,2,2,1
08,374713500100050129,1,1,1,1,1,1,1,2,1,2,1,1,1
08,374713500100060154,1,2,1,1,1,1,1,2,1,2,2,2,1
08,374713500100070181,1,1,1,1,1,1,1,2,1,2,2,1,1
08,374713500100088001,1,1,1,1,2,1,1,2,1,2,2,2,1
08,374713500100098003,1,2,2,2,1,1,1,2,1,2,2,2,2
08,374713500100110293,1,2,2,1,1,1,1,2,1,1,1,1,1
08,374713500100120324,1,2,2,1,1,1,1,1,1,1,1,1,1
08,374713500100140378,1,2,2,1,1,1,1,2,1,1,2,1,1
08,374713500100150405,1,2,2,1,1,1,1,2,1,2,2,2,1
08,374713500100160432,1,2,1,1,1,1,1,1,1,2,2,1,1
08,374713500100180480,1,1,1,1,1,1,1,1,1,1,2,1,1
08,374713600100028010,1,2,2,1,1,1,2,2,2,2,2,2,1
08,374713600100048009,1,2,2,2,2,1,2,2,2,2,2,2,1
08,374713600100058008,1,2,1,2,2,1,1,2,1,2,1,2,1
08,374713600100060143,1,2,2,2,1,1,1,1,1,2,1,2,1
08,374713600100070165,1,2,2,1,2,1,1,2,1,2,1,2,1
08,374713600100080189,1,2,2,1,1,1,2,2,1,2,1,1,1
08,374713600100100237,1,1,2,1,2,1,1,2,1,2,2,1,1
08,374713600100110263,1,2,2,2,2,2,2,2,1,2,2,2,2
08,374713600100120287,1,2,2,2,1,1,2,2,1,2,1,2,1
08,374713600100148001,1,2,1,1,2,1,1,2,1,2,1,1,1
08,374713600100150358,1,2,2,1,2,1,1,2,1,2,1,2,1
08,374713600100168006,1,2,2,2,2,1,2,2,1,2,1,2,1
08,375101400000020023,1,2,2,2,2,2,2,2,2,2,2,2,2
08,375101400000030034,1,2,2,2,2,1,1,2,1,2,2,2,2
08,375101400000070083,1,2,2,2,2,1,1,2,1,2,1,2,1
08,375101400000090109,1,2,2,2,1,1,1,2,1,2,2,2,2
08,375101400000118001,1,2,2,2,2,2,2,2,2,2,2,2,2
08,375101400000160196,1,2,2,1,1,1,2,2,1,2,2,2,2
08,375101400000190232,1,2,2,2,2,1,2,2,1,2,2,2,2
08,375101400000200245,1,2,2,2,2,1,2,2,1,2,2,2,2
08,375101400000210255,1,2,1,2,2,1,2,2,2,2,2,2,1
08,375101400000220267,1,2,2,2,2,2,2,2,2,2,2,2,2
08,375102600000050072,1,2,2,1,2,1,1,2,1,2,2,1,1
08,375102600000060086,1,2,1,1,1,2,1,2,1,2,2,1,1
08,375102600000098002,1,2,1,2,2,2,1,2,1,2,2,2,1
08,375102600000110151,1,2,2,2,2,1,2,2,1,2,2,2,2
08,375102600000120166,1,2,2,1,2,1,2,2,1,2,2,2,1
08,375102600000130182,1,2,2,2,1,1,1,2,1,2,2,2,1
08,375102600000140197,1,2,2,2,2,1,1,2,1,2,2,2,1
08,375102600000160224,1,2,1,1,2,1,1,1,1,1,2,1,1
08,375102600000190269,1,2,2,2,2,1,2,2,2,2,2,2,1
08,375102600000210298,1,2,2,2,1,1,2,2,1,2,2,2,2
08,480500300100010013,1,2,2,2,2,2,1,2,1,2,2,2,2
08,480500300100018002,1,2,2,2,2,1,2,2,2,2,2,2,2
08,480500300100030062,1,2,2,1,2,1,2,2,1,2,2,2,2
08,480500300100050113,1,2,2,1,1,1,1,2,1,2,1,1,1
08,480500300100060137,1,2,2,1,2,1,2,2,2,2,2,2,2
08,480500300100080189,1,2,1,2,2,2,2,2,2,2,2,2,2
08,480500300100100236,1,2,2,2,2,1,2,2,2,2,2,2,1
08,480500300100110260,1,2,2,2,2,2,2,2,1,2,2,2,1
08,480500300100120284,1,2,2,1,2,1,2,2,2,2,2,2,2
08,480500300100130311,1,2,2,1,1,1,1,1,1,2,1,2,1
08,480500300100148001,1,2,2,1,2,1,1,2,1,2,2,2,2
08,480500300100180434,1,2,2,2,2,1,2,2,1,2,2,2,1
08,480500300100190456,1,2,1,1,2,1,2,2,1,2,2,2,1
08,480500300100200481,1,2,2,1,2,1,2,2,1,2,2,2,1
08,480604500000020027,1,2,2,2,2,1,2,2,1,2,2,2,1
08,480604500000038001,1,2,2,2,2,2,2,2,2,2,2,2,2
08,480604500000040056,1,2,2,2,2,1,2,2,1,2,2,2,1
08,480604500000050070,1,2,2,2,2,1,2,2,1,2,2,2,1
08,480604500000070097,1,2,2,2,2,1,2,2,1,2,2,2,1
08,480604500000080111,1,2,2,2,2,1,1,2,1,2,2,2,1
08,480604500000090125,1,1,2,1,2,1,1,2,1,2,1,2,1
08,480604500000100139,1,2,2,2,2,1,2,2,2,2,2,2,1
08,480604500000110153,1,2,2,1,2,1,1,2,1,2,1,2,1
08,480604500000120166,1,2,2,1,2,1,2,2,1,2,1,2,1
08,480604500000130179,1,2,2,2,2,2,2,2,1,2,2,2,2
08,480604500000140191,1,2,2,2,2,1,2,2,2,2,2,2,1
08,480604500000150202,1,2,2,2,2,2,2,2,2,2,2,2,2
08,480604500000170229,1,2,2,2,2,1,1,2,2,2,1,2,1
08,480604500000180244,1,2,2,2,2,2,2,2,2,2,2,2,2
08,480604500000190258,1,1,1,2,2,2,1,1,1,2,2,2,1
08,480604500000210357,1,2,2,2,2,1,1,2,1,2,2,2,1
08,480604500000220298,1,2,2,2,2,1,1,2,1,2,1,1,1
08,480604500000230311,1,2,2,2,2,1,1,2,2,2,1,2,1
08,480702300000010005,1,2,2,2,2,2,2,2,2,2,2,2,2
08,480702300000020022,1,2,2,2,2,2,2,2,2,2,2,2,2
08,480702300000040053,1,2,2,2,2,2,2,2,2,2,2,2,2
08,480702300000068003,1,2,1,2,1,1,1,2,1,2,2,2,2
08,480702300000080118,1,2,2,2,1,2,2,2,2,2,2,2,1
08,480702300000100152,1,2,2,2,2,1,1,2,1,2,2,2,2
08,480702300000110164,1,2,2,2,1,2,2,2,1,2,2,2,2
08,480702300000140212,1,2,2,2,2,2,2,2,2,2,2,2,2
08,480702300000150230,1,2,2,2,2,2,2,2,2,2,2,2,2
08,480702300000160246,1,2,2,2,2,1,2,2,2,2,2,2,2
08,480702300000170263,1,2,2,2,2,1,2,2,2,2,2,2,2
08,480702300000190297,1,2,2,2,2,2,2,2,2,2,2,2,2
08,480702300000200314,1,2,2,2,1,2,2,2,1,2,2,2,2
08,480702300000218001,1,2,2,2,2,1,2,2,2,2,2,2,2
08,480702300000220348,1,2,2,2,2,2,2,2,2,2,2,2,2
08,480702300000230365,1,2,2,2,2,2,2,2,2,2,2,2,2
08,480702300000248004,1,2,2,2,2,2,2,2,2,2,2,2,2
08,480805800000010012,1,2,2,2,2,2,2,2,2,2,2,2,2
08,480805800000020026,1,2,2,2,2,2,2,2,2,2,2,2,2
08,480805800000030042,1,2,2,2,2,2,2,2,2,2,2,2,2
08,480805800000048004,1,2,2,2,2,2,2,2,2,2,2,2,2
08,480805800000050080,1,2,2,2,2,1,2,2,1,2,2,2,2
08,480805800000060099,1,2,2,2,1,2,2,2,2,2,2,2,2
08,480805800000070118,1,2,1,2,1,1,2,2,1,2,2,2,2
08,480805800000080137,1,2,2,2,2,1,2,2,1,2,2,2,2
08,480805800000098002,1,2,2,2,2,2,2,2,1,2,2,2,2
08,480805800000100173,1,2,2,2,2,1,2,2,2,2,2,2,2
08,480805800000110191,1,2,1,2,1,1,1,2,1,2,1,2,1
08,480805800000120209,1,2,2,2,2,1,1,2,1,2,1,2,2
08,480805800000130228,1,2,2,2,2,2,2,2,2,2,2,2,2
08,480805800000140247,1,2,2,2,2,2,2,2,2,2,2,2,2
08,480805800000150265,1,2,2,2,1,1,1,2,1,2,2,2,2
08,480805800000160284,1,2,2,2,2,2,2,2,1,2,2,2,2
08,480805800000188003,1,2,2,2,2,1,2,2,1,2,2,2,2
08,480805800000200355,1,2,2,2,2,2,2,2,1,2,2,2,1
08,481002200000048002,1,2,2,2,2,1,2,2,1,2,2,2,2
08,481002200000070051,1,2,2,2,2,2,2,2,2,2,2,2,2
08,481002200000090067,1,2,2,2,2,2,2,2,2,2,2,2,2
08,481002200000100075,1,2,2,2,1,1,2,2,2,2,2,2,2
08,481002200000110083,1,2,2,2,2,1,2,2,2,2,2,2,2
08,481002200000120090,1,2,2,2,1,1,2,2,2,2,2,2,2
08,481002200000130098,1,2,2,2,2,2,2,2,2,2,2,2,2
08,481002200000140106,1,2,2,2,2,2,2,2,2,2,2,2,2
08,481002200000160120,1,2,2,2,2,2,2,2,2,2,2,2,2
08,481002300000010039,1,2,2,2,2,2,2,2,2,2,2,2,2
08,481200500000018001,1,2,2,2,2,1,1,2,1,2,2,1,1
08,481200600000020009,1,2,2,2,2,1,1,2,1,2,2,2,1
08,481200600000030014,1,2,2,2,2,1,1,2,2,2,2,2,2
08,481200600000040018,1,2,1,1,2,1,1,2,1,2,2,2,1
08,481200600000050024,1,2,2,2,2,1,2,2,2,2,2,2,1
08,481200600000080040,1,2,2,2,2,2,2,2,2,2,2,2,2
08,481200600000090045,1,2,2,2,2,1,2,2,2,2,1,2,2
08,481200600000110055,1,2,2,2,2,1,1,2,1,1,2,2,2
08,481200600000120060,1,2,2,2,1,1,2,2,2,2,2,2,2
08,481200600000140071,1,2,2,2,2,2,2,2,2,2,2,2,2
08,481200600000150076,1,2,2,2,2,1,2,2,2,2,2,2,2
08,481200600000160080,1,2,2,1,2,1,1,2,1,1,2,2,1
08,481200600000170086,1,2,2,2,2,1,2,2,1,2,2,2,2
08,481200600000180091,1,2,2,1,2,1,1,2,1,1,2,2,1
08,481200600000190096,1,2,2,2,2,1,1,2,1,2,2,2,2
08,481200600000200101,1,2,2,2,2,1,2,2,1,2,2,2,1
08,481200600000210106,1,2,2,2,2,1,1,2,1,2,2,2,1
08,481200600000220111,1,2,2,2,2,2,2,2,2,2,2,2,2
08,481200600000230117,1,2,2,1,2,1,1,2,1,2,2,2,1
08,481600700000020025,1,2,2,2,2,1,2,2,1,2,2,2,2
08,481600700000030038,1,2,2,1,2,1,1,2,1,2,2,2,2
08,481600700000050068,1,2,2,2,2,2,2,2,2,2,2,2,2
08,481600700000060082,1,2,2,2,2,1,2,2,1,2,2,2,2
08,481600700000090123,1,2,2,1,2,2,2,2,1,2,2,2,2
08,481600700000110150,1,2,2,1,2,1,2,2,2,2,2,2,2
08,481600700000120164,1,2,2,1,2,1,2,2,2,2,2,2,2
08,481600700000138001,1,2,2,2,2,2,2,2,1,2,2,2,2
08,481600700000140191,1,2,2,2,2,1,2,2,2,2,2,2,2
08,481600700000158002,1,2,2,2,2,2,2,2,2,2,2,2,1
08,481600700000160218,1,2,2,2,1,1,2,2,2,2,2,2,2
08,481600700000170231,1,2,2,1,2,1,2,2,1,2,2,2,2
08,481600700000200273,1,2,2,2,2,1,2,2,2,2,2,2,2
08,482100200000028001,1,2,2,2,1,1,2,2,2,2,2,2,1
08,482100200000030056,1,2,2,2,2,1,2,2,2,2,2,2,2
08,482100200000040072,1,2,2,2,1,1,1,2,1,2,2,2,1
08,482100200000090147,1,2,2,2,2,1,2,2,2,2,2,2,2
08,600202900000010007,1,2,2,2,2,2,2,2,2,2,2,2,2
08,600204500000020015,1,2,2,2,1,1,2,2,2,2,2,2,2
08,600204500000038003,1,2,2,1,2,2,2,2,1,2,2,2,2
08,600204500000040037,1,2,2,2,2,1,2,2,1,2,2,2,2
08,600204500000058002,1,2,2,2,2,1,2,2,1,2,2,2,2
08,600204500000060056,1,2,2,2,2,2,2,2,2,2,2,2,2
08,600204500000070067,1,2,2,1,2,1,2,2,1,2,2,2,2
08,600204500000080076,1,2,2,2,2,1,2,2,1,2,2,2,2
08,600204500000090087,1,2,2,2,2,1,2,2,1,2,2,2,1
08,600204500000110108,1,2,2,2,2,1,2,2,1,2,2,2,2
08,600204500000120118,1,2,2,2,2,1,2,2,1,2,2,2,2
08,600204500000130129,1,2,2,2,1,1,2,2,1,2,2,2,1
08,600204500000140138,1,2,2,2,1,1,2,2,1,2,2,2,2
08,600204500000150150,1,2,2,2,1,1,1,2,1,2,2,2,2
08,600204500000160160,1,2,2,2,1,1,2,2,1,2,2,2,2
08,600204500000180179,1,2,2,2,2,1,2,2,2,2,2,2,2
08,600204500000198001,1,2,2,2,1,1,2,2,2,2,2,2,2
08,600204500000200200,1,2,2,2,1,1,2,2,1,2,2,2,2
08,600204500000210211,1,2,2,2,2,2,2,2,2,2,2,2,1
08,600301000100010012,1,2,2,1,2,1,1,2,1,2,1,1,1
08,600301000100020036,1,2,2,1,2,1,1,2,1,2,1,2,1
08,600301000100030061,1,2,2,1,2,1,1,2,1,2,1,2,1
08,600301000100060132,1,2,2,2,2,2,2,2,2,2,2,2,2
08,600301000100080181,1,2,1,2,2,1,2,2,1,2,2,2,1
08,600301000100090204,1,2,2,1,2,1,2,2,1,2,1,2,1
08,600301000100100226,1,2,2,2,2,1,2,2,1,2,2,2,2
08,600301000100110249,1,2,2,2,2,1,2,2,1,2,2,2,1
08,600301000100140319,1,2,2,2,2,1,2,2,1,2,2,2,2
08,600301000100150342,1,2,2,1,1,1,1,2,1,2,1,1,2
08,600301000100168002,1,2,1,1,1,1,1,2,1,2,2,2,2
08,600301000100180413,1,2,2,2,2,2,2,2,2,2,2,2,2
08,600301000100180414,1,2,2,2,1,1,2,2,2,2,2,2,2
08,600301000100210471,1,1,1,2,2,1,1,2,1,2,2,2,2
08,600301000100230518,1,2,2,1,2,1,1,1,1,2,2,1,1
08,600303400000018001,1,2,2,2,1,1,2,2,2,2,2,2,2
08,600303400000028002,1,2,2,2,2,1,1,2,1,2,2,2,2
08,600305000100010014,1,2,2,2,2,1,2,2,1,2,2,2,2
08,600305000100020027,1,2,2,2,2,1,2,2,1,2,2,2,1
08,600305000100030038,1,2,2,1,1,1,2,2,1,2,2,2,1
08,600305000100040053,1,2,1,1,2,1,2,1,1,2,1,2,1
08,600305000100050066,1,2,2,2,2,1,2,2,2,2,2,2,2
08,600305000100060077,1,2,2,2,2,1,2,2,1,2,2,2,2
08,600305000100078004,1,2,2,2,2,1,2,2,2,2,2,2,2
08,600305000100088002,1,2,2,2,2,1,2,2,1,2,2,2,2
08,600305000100100126,1,2,1,1,2,1,2,1,1,2,1,1,1
08,600305000100110135,1,2,2,1,1,1,1,1,1,2,1,1,1
08,600305000100120147,1,2,2,2,2,1,2,2,1,2,2,2,2
08,600305000100130160,1,2,2,2,2,1,2,2,1,2,2,2,1
08,600305000100140172,1,2,1,1,2,1,1,2,1,2,1,1,1
08,600305000100150184,1,2,2,1,2,1,2,2,2,2,2,2,2
08,600305000100178001,1,2,1,1,1,1,1,2,1,2,1,2,2
08,600305000100188005,1,2,1,2,2,1,2,2,1,2,2,2,1
08,600305000100190236,1,2,2,2,2,1,2,2,2,2,2,2,2
08,600305000100200246,1,2,2,2,2,2,2,2,2,2,2,2,2
08,600312300000020035,1,2,2,2,1,2,2,2,1,2,2,2,1
08,600312300000038004,1,2,2,2,1,2,2,2,2,2,2,2,2
08,600312300000050101,1,2,2,2,2,2,2,2,2,2,2,2,2
08,600312300000060124,1,2,2,2,2,1,2,2,2,2,2,2,1
08,600312300000080163,1,2,2,2,2,1,2,2,1,2,2,2,1
08,600312300000098007,1,2,2,2,2,2,2,2,2,2,2,2,2
08,600312300000100207,1,2,2,2,2,2,2,2,2,2,2,2,2
08,600312300000110230,1,2,2,2,2,2,2,2,2,2,2,2,2
08,600312300000128008,1,2,2,2,1,1,2,2,2,2,2,2,2
08,600312300000150313,1,2,2,2,2,2,2,2,2,2,2,2,2
08,600312300000178002,1,2,2,2,2,1,2,2,1,2,2,2,2
08,600313600300010014,1,2,2,2,2,2,2,2,2,2,2,2,2
08,600313600300028004,1,2,2,1,2,1,2,2,1,2,2,2,1
08,600313600300030042,1,2,2,2,1,1,2,2,1,2,2,2,1
08,600313600300040056,1,2,2,2,2,2,2,2,2,2,2,2,2
08,600313600300050070,1,2,2,2,2,1,2,2,1,2,2,2,2
08,600313600300060084,1,2,2,1,2,1,1,2,2,2,2,2,1
08,600313600300088001,1,2,2,2,2,1,1,2,1,2,2,2,1
08,600313600300098003,1,2,1,1,2,2,2,2,1,2,2,2,2
08,600313600300100136,1,2,2,2,1,1,2,2,1,2,2,2,1
08,600313600300110147,1,2,2,2,2,1,2,2,2,2,2,2,1
08,600313600300120158,1,2,2,2,2,1,2,2,1,2,2,2,1
08,600313600300148002,1,2,2,2,2,1,1,2,1,2,1,2,1
08,600313600300150194,1,2,2,2,2,1,2,2,2,2,2,2,2
08,600313600300160208,1,2,2,2,2,2,1,2,2,2,2,2,2
08,600313900000010005,1,2,2,2,1,1,1,2,2,2,2,2,1
08,600313900000038001,1,2,2,2,2,2,2,2,2,2,2,2,1
08,600313900000040024,1,2,2,2,2,2,2,2,2,2,2,2,2
08,600313900000060039,1,2,2,2,2,1,1,2,2,2,2,2,1
08,600313900000070046,1,2,2,2,2,2,2,2,2,2,2,2,2
08,600313900000080052,1,2,2,2,2,1,2,2,2,2,2,2,2
08,600313900000098003,1,2,2,2,2,1,2,2,2,2,2,2,1
08,600313900000100067,1,2,2,2,2,2,2,2,2,2,2,2,2
08,600313900000128002,1,2,2,2,2,1,2,2,1,2,2,2,1
08,600313900000130086,1,2,2,2,2,1,2,2,1,2,2,2,1
08,600313900000140092,1,2,2,2,2,1,1,2,1,2,2,2,1
08,600313900000150099,1,2,2,2,2,2,2,2,2,2,2,2,1
08,600313900000160106,1,2,2,2,2,1,1,2,1,2,2,2,1
08,600313900000170114,1,2,2,2,2,1,1,2,1,2,2,2,1
08,600502700200020038,1,2,2,2,2,1,1,2,1,2,1,2,1
08,600502700200040085,1,2,2,1,2,1,1,2,1,2,2,1,1
08,600502700200050109,1,1,1,1,2,1,1,2,1,2,1,2,2
08,600502700200070154,1,1,2,1,2,1,1,1,1,2,1,1,1
08,600502700200080177,1,2,2,2,1,2,2,2,2,2,2,2,1
08,600502700200090200,1,2,2,2,2,2,2,2,2,2,2,2,2
08,600502700200100222,1,2,2,2,2,1,2,2,1,2,2,2,1
08,600502700200110242,1,2,2,2,1,1,1,2,1,2,2,2,1
08,600502700200120266,1,2,2,2,1,1,1,2,1,2,2,2,1
08,600502700200130287,1,2,2,1,2,1,1,2,1,2,2,2,1
08,600502700200140308,1,2,1,1,1,1,2,2,1,2,1,2,1
08,600502700200150332,1,2,2,1,2,1,2,2,1,2,2,2,1
08,600502700200160354,1,2,2,2,1,1,2,2,2,2,2,2,2
08,600502700200178003,1,2,2,2,2,2,2,2,1,2,2,2,2
08,600502700200188002,1,2,2,2,2,1,2,2,1,2,2,2,1
08,600503600000030083,1,2,2,1,2,1,1,2,1,2,2,2,1
08,600503600000040114,1,2,2,1,2,1,2,2,1,2,2,2,1
08,600503600000058002,1,2,1,1,1,1,1,2,1,2,1,2,1
08,600503600000070210,1,2,1,1,1,1,1,2,1,2,2,2,1
08,600503600000080241,1,1,2,1,1,1,1,1,2,2,2,1,1
08,600503600000090272,1,2,2,1,2,2,2,2,1,2,2,2,1
08,600503600000100304,1,2,2,1,1,1,2,2,1,2,2,2,1
08,600503600000110333,1,2,1,1,1,1,1,2,1,2,2,2,1
08,600503600000138001,1,2,1,2,2,1,2,2,1,2,1,2,1
08,600503600000148003,1,2,2,2,2,1,2,2,1,2,2,2,1
08,600503600000150458,1,2,2,1,2,1,2,2,1,2,2,2,1
08,600600200000028001,1,2,1,2,2,1,2,2,2,2,2,2,1
08,600600200000030042,1,2,2,2,1,1,2,2,2,2,2,2,2
08,600600200000048002,1,2,2,2,2,1,1,2,1,2,1,2,2
08,600600200000050073,1,2,2,2,2,2,2,2,2,2,2,2,1
08,600600200000060085,1,2,2,2,2,2,2,2,2,2,2,2,2
08,600600200000070098,1,2,2,2,1,1,2,2,1,2,2,2,1
08,600600200000080111,1,2,2,1,2,1,2,2,1,2,2,2,1
08,600600200000090124,1,2,2,2,2,1,2,2,2,2,2,2,2
08,600600200000108005,1,2,2,2,2,2,2,2,2,2,2,2,2
08,600600200000110154,1,2,2,2,2,1,1,2,1,2,1,2,1
08,600600200000130182,1,2,2,2,2,2,2,2,2,2,2,2,2
08,600600200000148003,1,2,2,2,2,2,2,2,1,2,2,2,2
08,600600200000158004,1,2,2,2,2,2,2,2,2,2,2,2,2
08,600600200000160224,1,2,2,2,2,1,2,2,1,2,2,2,2
08,600600200000200284,1,2,2,2,2,2,2,2,2,2,2,2,2
08,600600200000210299,1,2,2,2,2,2,2,2,2,2,2,2,1
08,601200100000010001,1,2,2,1,1,2,2,2,1,2,2,2,1
08,601200100000020009,1,2,2,1,2,1,1,1,1,2,1,1,1
08,601200100000030019,1,2,2,2,1,1,2,2,2,2,2,2,1
08,601200100000050036,1,2,2,1,1,1,2,2,1,2,2,2,1
08,601200100000060045,1,2,2,2,2,2,2,2,1,2,2,2,2
08,601200100000070054,1,2,2,1,1,1,2,2,1,2,2,2,2
08,601200100000080063,1,2,2,2,1,1,2,2,1,2,2,2,2
08,601200100000090073,1,2,1,2,1,1,2,2,1,2,2,2,1
08,601200100000100080,1,2,1,1,2,1,1,2,1,2,1,2,1
08,601200100000120098,1,2,2,1,2,1,2,2,1,2,1,2,2
08,601200100000140113,1,2,2,2,2,2,2,2,2,2,2,2,1
08,601200100000150122,1,2,2,2,2,1,2,2,1,2,2,2,2
08,601200100000160130,1,2,2,2,2,2,2,2,2,2,2,2,1
08,601200100000170140,1,2,2,2,2,1,2,2,1,2,2,2,1
08,601200100000190154,1,2,2,1,1,1,2,2,2,2,2,2,1
08,601200100000200163,1,2,2,1,2,1,2,2,1,2,2,2,1
08,601200100000210172,1,2,2,1,1,1,2,2,2,2,1,2,1
08,601200100000220182,1,2,2,1,1,1,1,2,1,2,1,2,1
08,601200100000230192,1,2,2,2,2,1,2,2,2,2,2,2,1
08,601200200000010293,1,2,2,2,1,1,1,2,2,2,2,2,1
08,601200900000018003,1,2,2,2,1,1,1,2,1,2,2,2,1
08,601200900000020037,1,2,2,1,2,1,2,2,1,2,1,2,1
08,601200900000030061,1,2,2,2,2,1,2,2,2,2,2,2,2
08,601200900000030062,1,2,2,2,2,1,2,2,2,2,2,2,1
08,601200900000040087,1,2,2,2,2,1,2,2,2,2,2,2,2
08,601200900000050114,1,2,2,2,2,2,2,2,2,2,2,2,2
08,601200900000060139,1,2,2,2,2,2,2,2,2,2,2,2,2
08,601200900000078001,1,2,2,2,2,2,2,2,2,2,2,2,2
08,601200900000080185,1,2,2,2,2,2,2,2,2,2,2,2,2
08,601200900000090205,1,2,2,2,2,1,2,2,1,2,2,2,2
08,601200900000100229,1,2,2,2,2,2,2,2,2,2,2,2,1
08,601200900000110249,1,2,2,2,2,2,2,2,2,2,2,2,2
08,601200900000170381,1,2,2,2,2,1,2,2,2,2,2,2,2
08,602002700000110086,1,2,2,2,2,2,2,2,2,2,2,2,2
08,602002700000120094,1,2,2,2,2,1,2,2,1,2,2,2,1
08,640200200000010002,1,2,2,2,1,1,1,2,1,2,2,2,2
08,640200200000020007,1,2,2,1,1,1,1,2,2,2,2,2,1
08,640200200000038002,1,2,2,2,1,1,2,2,2,2,2,2,2
08,640200200000040017,1,2,2,2,1,2,2,2,2,2,2,2,2
08,640200200000050021,1,2,2,2,1,2,2,2,2,2,2,2,2
08,640200200000060027,1,2,2,2,2,1,2,2,2,2,2,2,2
08,640200200000080037,1,2,2,2,1,2,2,2,2,2,2,2,2
08,640200200000110053,1,2,2,2,1,2,2,2,2,2,2,2,2
08,640200200000120058,1,2,2,2,2,2,2,2,2,2,2,2,2
08,640200200000130063,1,2,2,2,1,1,2,2,1,2,2,2,2
08,640200200000140068,1,2,2,2,1,1,2,2,1,2,2,2,2
08,640200200000150073,1,2,2,2,1,2,2,2,2,2,2,2,2
08,640200200000160078,1,2,2,2,1,1,2,2,1,2,2,2,2
08,640200200000170084,1,2,2,2,2,1,2,2,1,2,2,2,2
08,640200200000180088,1,2,2,2,2,2,2,2,2,2,2,2,2
08,640200200000190093,1,2,2,2,2,2,2,2,2,2,2,2,2
08,640200200000200098,1,2,2,2,1,1,2,2,1,2,2,2,2
08,640200200000220109,1,2,2,1,1,1,1,2,2,2,1,2,2
08,640203100000018001,1,2,2,2,2,2,2,2,2,2,2,2,2
08,640300300000010003,1,2,2,1,1,1,1,2,1,2,2,2,1
08,640300300000020009,1,2,2,2,2,1,2,2,1,2,1,2,1
08,640300300000030014,1,2,2,2,2,2,2,2,2,2,2,2,1
08,640300300000048001,1,1,1,2,2,1,1,1,1,2,2,2,1
08,640300300000050026,1,2,1,2,1,1,2,2,1,2,1,2,1
08,640300300000060031,1,2,2,2,2,1,1,1,1,2,1,1,1
08,640300300000070036,1,2,2,2,2,1,1,2,1,2,2,2,1
08,640300300000080041,1,2,2,2,1,1,1,2,1,2,1,2,1
08,640300300000128002,1,2,2,2,2,1,1,2,1,2,2,2,1
08,640300300000140077,1,2,2,2,1,1,2,2,2,2,2,2,1
08,640300300000170093,1,2,2,1,2,1,1,1,1,2,1,1,1
08,640300300000180099,1,2,1,1,1,1,1,1,1,2,2,1,1
08,640300300000190103,1,2,2,2,2,2,2,2,2,2,2,2,1
08,640300300000200109,1,2,2,2,1,2,2,2,1,2,2,2,2
08,640300300000210114,1,2,2,2,1,1,1,2,2,2,1,2,1
08,640300300000230125,1,2,2,2,1,1,1,2,1,2,1,1,2
08,640300300000240131,1,2,2,2,1,1,2,2,1,2,2,2,1
08,640300300000250137,1,2,1,2,1,1,2,2,1,2,1,2,1
08,640300300000260143,1,2,2,1,2,1,1,1,1,2,1,2,1
08,640300300000270149,1,2,2,2,2,2,1,2,1,2,1,2,1
08,640300300000280155,1,2,2,1,1,1,1,1,1,1,1,1,2
08,640800700200020028,1,2,1,1,2,1,1,2,1,2,2,2,1
08,640800700200030043,1,2,2,2,1,1,1,2,1,2,2,2,2
08,640800700200040061,1,2,2,1,1,1,1,2,1,2,2,2,1
08,640800700200050078,1,2,2,2,2,1,2,2,1,2,2,2,2
08,640800700200060094,1,2,1,1,2,1,1,2,2,2,2,2,1
08,640800700200070111,1,2,2,2,1,1,2,2,1,2,2,2,1
08,640800700200100160,1,2,1,1,1,1,1,2,1,2,2,2,1
08,640800700200110177,1,2,2,2,2,2,1,2,2,2,2,2,2
08,640800700200120193,1,2,1,1,1,1,1,1,1,2,1,1,1
08,640800700200148001,1,2,2,2,1,1,2,2,1,2,2,2,1
08,640800700200150241,1,2,2,2,1,1,1,2,2,2,2,2,1
08,640800700200160259,1,2,2,2,2,1,2,2,1,2,2,2,1
08,640800700200170277,1,2,2,2,2,2,2,2,2,2,2,2,2
08,640800700200180294,1,2,1,2,2,1,1,2,1,2,1,2,1
08,641400200000010010,1,2,2,2,2,2,2,2,2,2,2,2,2
08,641400200000030034,1,2,1,1,2,1,1,2,1,2,2,2,1
08,641400200000048002,1,2,2,1,2,1,1,2,1,2,1,2,1
08,641400200000050058,1,2,2,2,2,1,1,2,1,2,1,2,1
08,641400200000070082,1,2,2,2,1,1,1,2,1,2,1,2,2
08,641400200000090107,1,2,2,2,2,2,1,2,2,2,1,2,2
08,641400200000100119,1,2,2,1,1,1,1,1,1,2,2,1,1
08,641400200000110132,1,2,2,1,1,1,2,2,1,2,2,2,2
08,641400200000120144,1,2,2,1,1,2,2,2,2,2,2,2,1
08,641400200000130156,1,2,2,2,2,2,2,2,2,2,2,2,1
08,641400200000150181,1,2,2,2,2,2,2,2,2,2,2,2,1
08,641400200000160193,1,2,2,2,2,2,2,2,1,2,2,2,1
08,641400200000170205,1,2,2,1,1,1,1,2,1,2,2,2,1
08,641400200000180217,1,2,2,2,2,2,2,2,2,2,2,2,2
08,641400200000200238,1,2,1,1,1,1,1,1,1,2,2,2,1
08,641400200000210250,1,2,2,2,1,1,2,2,1,2,2,2,1
08,641400400000010003,1,2,2,2,1,1,1,2,1,2,2,2,1
08,641500800000010005,1,2,2,2,1,1,2,2,2,2,2,2,1
08,641500800000030021,1,2,2,2,1,1,2,2,1,2,2,2,1
08,641500800000040029,1,1,1,1,2,1,1,2,1,2,2,2,1
08,641500800000058004,1,2,1,1,1,2,2,2,2,2,2,2,1
08,641500800000060046,1,2,2,2,2,1,2,2,1,2,2,2,1
08,641500800000070053,1,2,2,2,1,2,2,2,2,2,2,2,2
08,641500800000080062,1,2,2,2,1,1,1,2,2,2,2,2,1
08,641500800000090071,1,2,2,2,2,2,2,2,2,2,2,2,2
08,641500800000100080,1,2,2,1,1,1,2,2,1,2,2,2,1
08,641500800000118003,1,2,2,2,1,2,2,2,2,2,2,2,1
08,641500800000120096,1,2,2,1,1,1,1,2,1,2,2,2,1
08,641500800000130105,1,2,2,2,2,1,2,2,2,2,2,2,1
08,641500800000140114,1,2,2,2,1,1,1,1,1,2,2,2,1
08,641500800000160130,1,2,2,2,2,1,1,2,1,2,2,2,1
08,641500800000178002,1,2,2,2,1,2,2,2,2,2,2,2,2
08,641702600000010005,1,2,2,2,2,2,2,2,2,2,2,2,2
08,641702600000020014,1,2,1,1,2,1,2,2,1,2,2,2,1
08,641702600000030022,1,2,1,1,1,1,2,2,1,2,1,2,1
08,641702600000048001,1,2,1,2,1,1,1,1,1,2,1,2,1
08,641702600000050038,1,2,2,2,1,1,2,2,2,2,2,2,1
08,641702600000070055,1,2,1,2,1,1,1,2,2,2,2,2,1
08,641702600000098003,1,2,2,2,2,1,2,2,2,2,2,2,1
08,641702600000100080,1,2,2,2,1,1,1,2,1,2,2,2,1
08,641702600000110088,1,2,2,2,1,2,2,2,2,2,2,2,2
08,641702600000120096,1,2,2,1,1,1,2,2,2,2,2,2,1
08,641702600000130105,1,2,1,2,2,2,2,2,1,2,2,2,1
08,641702600000140113,1,2,2,1,1,1,2,2,1,2,2,2,1
08,641702600000160128,1,2,2,1,2,1,1,2,1,2,2,2,1
08,641702600000180142,1,2,2,2,2,2,2,2,2,2,2,2,2
08,641702600000210166,1,2,2,2,2,1,2,2,1,2,2,2,2
08,641702600000220174,1,2,2,2,2,1,2,2,1,2,2,2,1
08,641702600000230180,1,2,2,2,1,1,2,2,2,2,2,2,1
08,641702600000240189,1,2,2,2,1,1,2,2,2,2,2,2,2
08,641702600000250197,1,2,2,2,2,2,1,2,2,2,2,2,2
08,641702600000280222,1,2,1,2,1,1,1,2,2,2,2,2,1
08,780100700000010003,1,2,2,1,1,1,1,2,1,2,2,2,1
08,780100700000020038,1,2,2,1,1,1,2,2,1,2,1,1,1
08,780100700000030066,1,2,2,2,2,1,1,2,1,2,1,2,1
08,780100700000048001,1,2,1,1,1,1,1,2,1,2,2,2,1
08,780100700000050122,1,2,2,1,2,1,1,2,2,2,2,2,1
08,780100700000060151,1,2,2,2,2,1,1,2,1,2,2,2,2
08,780100700000078004,1,2,2,1,1,1,2,2,1,2,2,2,1
08,780100700000128002,1,2,2,2,1,2,2,2,1,2,2,2,2
08,780100700000130345,1,2,2,2,2,1,2,2,1,2,2,2,1
08,780100700000140373,1,2,2,1,2,1,2,2,2,2,2,2,2
08,780100700000150402,1,2,2,1,1,1,2,2,2,2,2,2,1
08,780100700000170456,1,2,1,1,1,1,2,2,1,2,2,2,1
08,780100700000190508,1,2,2,1,1,1,1,2,1,2,2,2,2
08,780100700000200537,1,2,1,1,1,1,1,1,1,2,1,1,1
08,780401600000010013, , , , , , , , , , , , , 
08,780401600000060089,1,2,2,2,2,2,2,2,2,2,2,2,2
08,780401600000068003,1,2,2,1,2,1,2,2,1,2,2,2,1
08,780401600000080123,1,2,2,1,2,1,2,2,2,2,2,2,1
08,780401600000100159,1,2,2,2,2,2,2,2,2,2,2,2,2
08,780401600000138005,1,2,2,1,2,1,1,2,1,2,2,2,1
08,780401600000140223,1,2,2,2,2,1,2,2,1,2,2,2,1
08,780401600000158003,1,2,2,2,2,1,2,2,1,1,2,2,2
08,780401600000160255,1,2,2,2,1,1,2,2,2,2,2,2,1
08,780401600000200317,1,2,2,1,2,1,2,2,1,2,2,2,1
08,780401600000220351,1,2,2,1,1,1,2,2,1,2,2,2,2
08,780600200000010003,1,2,2,2,2,2,2,2,2,2,2,2,1
08,780600200000028003,1,2,2,2,2,2,2,2,2,2,2,2,2
08,780600200000040038,1,2,2,2,1,1,1,2,1,2,2,1,1
08,780600200000060060,1,2,2,2,2,1,2,2,1,2,2,2,1
08,780600200000078004,1,2,1,1,1,1,2,2,1,2,1,1,1
08,780600200000088001,1,2,2,2,2,1,1,2,1,2,2,2,1
08,780600200000090095,1,2,2,1,2,1,2,2,2,2,2,2,2
08,780600200000100107,1,2,2,2,2,2,2,2,1,2,2,2,1
08,780600200000110119,1,2,2,2,1,2,2,2,2,2,2,2,2
08,780600200000128002,1,2,1,1,2,1,2,2,1,2,2,2,1
08,780600200000130141,1,2,2,1,2,1,1,1,1,2,1,2,1
08,780801700100010021,1,2,2,1,1,1,1,2,1,2,2,1,1
08,780801700100048001,1,2,2,2,2,2,2,2,1,2,2,2,2
08,780801700100068006,1,2,2,2,1,1,1,2,1,2,2,2,1
08,780801700100080141,1,1,1,1,1,1,1,1,1,2,1,2,1
08,780801700100098007,1,2,1,2,2,1,1,1,1,2,1,2,1
08,780801700100100172,1,2,2,2,1,1,2,2,2,2,2,2,2
08,780801700100110189,1,2,2,2,1,1,2,2,1,2,1,2,2
08,780801700100138008,1,2,1,2,2,1,2,2,1,2,2,2,1
08,780801700100138009,1,2,2,2,2,1,2,2,1,2,2,2,1
08,780801700100178003,1,1,2,1,1,1,1,1,1,2,2,2,1
09,720200700300060110,1,2,2,2,2,1,1,2,1,2,2,2,2
09,720200700300070130,1,2,2,1,1,1,1,1,1,2,1,1,2
09,720200700300090172,1,2,2,2,1,1,2,2,2,2,2,2,2
09,720200700300108002,1,2,2,2,2,2,2,2,2,2,2,2,2
09,720200700300110217,1,2,2,2,2,1,1,2,2,2,2,2,2
09,720200700300120240,1,2,2,2,2,1,2,2,2,2,2,2,2
09,720200700300130266,1,2,2,1,2,1,1,2,2,2,2,2,2
09,720200700300140292,1,2,2,2,2,2,2,2,2,2,2,2,2
09,720200700300150321,1,2,2,2,2,2,1,2,2,2,2,2,2
09,720201300300010015,1,1,1,1,2,1,1,2,1,2,1,2,2
09,720201300300050123,1,2,1,2,1,1,1,2,1,2,2,2,2
09,720201300300070177,1,2,1,1,2,1,1,1,1,1,2,2,2
09,720201300300080201,1,2,1,1,1,1,1,1,1,2,2,2,2
09,720201300300088002,1,2,1,2,2,1,1,1,1,2,2,1,2
09,720201300300090229,1,2,2,1,1,1,1,2,1,2,2,2,2
09,720201300300100253,1,2,1,1,2,1,1,1,1,2,1,2,2
09,720201300300110281,1,1,2,1,2,1,1,2,1,2,2,2,2
09,720201300300120309,1,2,2,2,1,1,2,2,2,2,2,2,2
09,720201300300130334,1,1,1,1,1,1,1,1,1,2,1,1,2
09,720400900000010020,1,2,1,2,2,1,1,2,2,2,2,2,2
09,720400900000030056,1,2,2,2,1,1,2,2,2,2,2,2,2
09,720400900000040072,1,2,2,2,1,1,2,2,2,2,2,2,2
09,720400900000070126,1,2,2,2,1,1,1,2,2,2,2,2,2
09,720400900000080146,1,2,2,2,2,1,2,2,2,2,2,2,2
09,720400900000098001,1,2,2,2,2,2,2,2,2,2,2,2,2
09,720400900000100186,1,2,2,2,2,1,1,2,2,2,2,2,2
09,720400900000110203,1,2,2,2,2,1,1,2,1,2,2,2,2
09,720400900000130240,1,2,2,1,2,2,1,2,2,2,2,2,2
09,720400900000160299,1,2,1,2,1,1,1,1,1,2,2,1,2
09,720600100000030040,1,2,2,2,1,1,2,2,2,2,2,2,2
09,720600100000048001,1,2,2,2,1,1,2,2,2,2,2,2,1
09,720600100000050066,1,2,2,2,1,2,2,2,2,2,2,2,2
09,720600100000060081,1,2,2,2,2,2,1,2,2,2,2,2,2
09,720600100000078002,1,2,2,2,1,1,2,2,1,2,2,2,2
09,720600100000080109,1,2,2,2,1,1,2,2,2,2,2,2,2
09,720600100000080110,1,1,2,1,1,1,1,2,2,2,2,2,2
09,720600100000090123,1,1,1,2,2,2,2,2,2,2,2,2,1
09,720600100000100137,1,2,2,2,1,1,2,2,2,2,2,2,1
09,720600100000110151,1,2,2,2,1,1,2,2,2,2,2,2,1
09,720600100000120161,1,2,2,2,2,2,2,2,2,2,2,2,2
09,720600100000130170,1,2,2,2,1,1,1,2,1,2,2,2,1
09,720600100000140185,1,2,2,2,1,2,2,2,2,2,2,2,2
09,720600100000170223,1,2,2,1,1,1,2,2,1,2,2,2,1
09,720600200100010022,1,2,2,2,2,2,2,2,2,2,2,2,1
09,720600200100020052,1,2,2,2,1,1,1,2,2,2,2,2,1
09,720600200100030085,1,2,2,2,2,2,1,2,2,2,2,2,1
09,720600200100040118,1,2,2,1,2,1,1,2,1,2,2,2,1
09,720600200100050152,1,2,2,2,2,1,2,2,1,2,2,2,2
09,720600200100060184,1,2,2,2,1,2,2,2,2,2,2,2,2
09,720600200100080251,1,2,2,2,1,1,2,2,1,2,2,2,2
09,720600200100110344,1,2,2,2,1,2,1,2,2,2,2,2,2
09,720600200100120375,1,2,2,2,2,2,1,2,2,2,2,2,1
09,720600200100130409,1,2,2,2,2,1,2,2,2,2,2,2,2
09,720600200100138001,1,2,2,2,2,2,2,2,2,2,2,2,1
09,720600200100140440,1,2,2,2,2,2,1,2,1,2,2,2,1
09,720600200100160506,1,2,2,2,1,1,2,2,1,2,2,2,1
09,720600200100170541,1,2,2,2,1,2,2,2,2,2,2,2,1
09,720600200100170542,1,2,2,2,2,2,2,2,2,2,2,2,1
09,720600200100178002,1,2,2,1,1,1,1,2,1,2,2,2,1
09,720602500000010170,1,2,2,2,2,2,2,2,2,2,2,2,2
09,720900400000070131,1,2,2,2,2,2,2,2,2,2,2,2,2
09,720900400000080151,1,2,2,2,1,1,1,2,2,2,2,2,2
09,720900400000090171,1,2,2,2,2,2,2,2,2,2,2,2,2
09,720900400000130248,1,2,2,2,1,1,1,2,2,2,2,2,2
09,721003000000010021,1,2,2,2,1,1,2,2,2,2,2,2,2
09,721003000000020044,1,2,2,2,2,2,2,2,1,2,2,2,2
09,721003000000048003,1,2,2,1,2,1,2,2,1,2,1,2,2
09,721003000000060135,1,2,2,2,1,1,1,2,2,2,2,2,2
09,721003000000070156,1,1,1,1,2,1,1,1,1,2,2,1,2
09,721003000000080180,1,2,2,2,2,1,2,2,2,2,2,2,2
09,721003000000090203,1,2,2,1,2,2,1,2,2,2,2,2,2
09,721003000000100228,1,2,2,2,2,1,2,2,2,2,2,2,2
09,721003000000110251,1,2,2,2,1,2,2,2,1,2,2,2,2
09,721003000000140311,1,2,1,1,1,1,1,2,1,2,2,2,2
09,721003000000168002,1,2,2,1,1,1,1,2,1,2,2,2,2
09,721003000000188001,1,1,1,1,2,1,1,1,1,2,1,2,2
09,721003000000210388,1,2,2,1,1,1,1,2,2,2,2,2,2
09,721003000000220412,1,2,2,2,2,2,2,2,2,2,2,2,2
09,721100200000010019,1,2,2,2,2,2,2,2,2,2,2,2,2
09,721100200000020034,1,2,2,2,2,1,2,2,2,2,2,2,2
09,721100200000190288,1,2,2,2,2,2,2,2,2,2,2,2,2
09,721100200000208001,1,2,2,2,2,1,2,2,2,2,2,2,1
09,721100200000210317,1,2,2,1,2,2,2,2,2,2,2,2,1
09,721102200000028001,1,2,2,1,2,1,1,2,1,1,1,2,1
09,721102200000030067,1,2,2,2,1,1,2,2,2,2,2,2,1
09,721102200000040093,1,2,2,2,2,2,2,2,2,2,2,2,2
09,721102200000070158,1,2,2,1,2,1,1,2,1,2,2,2,1
09,721102200000080179,1,2,2,2,2,1,2,2,2,2,2,2,1
09,721102200000100227,1,2,2,2,2,1,2,2,1,2,2,2,2
09,721102200000130302,1,2,2,2,1,2,2,2,2,2,2,2,2
09,721102200000160373,1,2,2,2,2,1,1,2,2,2,2,2,2
09,721102200000170398,1,2,2,2,1,1,2,2,1,2,2,2,1
09,721102200000180421,1,2,2,2,2,2,2,2,2,2,2,2,1
09,721303200000010005,1,2,2,2,1,1,2,2,2,2,2,2,2
09,721303200000020015,1,2,2,2,2,2,2,2,2,2,2,2,2
09,721303200000030026,1,2,2,2,2,2,2,2,2,2,2,2,2
09,721303200000040038,1,2,2,2,2,2,2,2,2,2,2,2,2
09,721303200000050050,1,2,2,2,1,2,2,2,2,2,2,2,2
09,721303200000060060,1,2,2,2,2,1,1,2,2,2,2,2,2
09,721303200000070068,1,2,2,2,2,1,1,2,1,2,2,2,2
09,721303200000140143,1,2,2,2,2,2,2,2,2,2,2,2,2
09,721303200000150155,1,2,2,2,1,1,2,2,1,2,2,2,1
09,721400900000070058,1,2,2,2,2,2,2,2,2,2,2,2,2
09,721403000000010025,1,2,2,2,2,1,2,2,2,2,2,2,1
09,721403000000040069,1,2,2,2,1,2,1,2,2,2,2,2,2
09,721403000000090146,1,2,2,2,2,2,2,2,2,2,2,2,1
09,721403000000130206,1,2,2,2,2,2,2,2,2,2,2,2,2
09,721403100000090224,1,2,2,2,1,2,2,2,2,2,2,2,2
09,721403100000160406,1,2,2,2,2,1,2,2,2,2,2,2,2
09,721501400000020080,1,2,2,2,1,1,2,2,2,2,2,2,2
09,721601800000030073,1,2,2,2,2,2,2,2,2,2,2,2,2
09,721601800000040103,1,2,2,2,2,2,2,2,1,2,2,1,1
09,721601800000058001,1,2,2,2,2,2,2,2,2,2,2,2,2
09,721601800000068002,1,2,2,2,2,1,1,2,1,2,2,2,1
09,721601800000070193,1,2,2,2,2,1,1,2,1,2,2,2,2
09,721601800000080223,1,1,2,2,2,2,2,2,2,2,2,2,1
09,721601800000100283,1,2,2,2,2,1,1,2,1,2,2,2,1
09,721601800000120343,1,2,2,1,2,1,1,2,1,2,2,2,2
09,721601800000130373,1,2,2,2,2,2,2,2,1,2,2,2,2
09,721601800000140403,1,2,2,2,2,2,2,2,2,2,2,2,1
09,721601800000150433,1,2,2,2,2,1,2,2,2,2,2,2,1
09,721601800000160463,1,2,1,2,1,1,2,2,1,2,2,2,1
09,721601800000178003,1,2,2,2,2,2,1,2,1,2,2,2,2
09,721800400000018001,1,2,2,1,2,1,1,2,1,2,2,2,1
09,721800400000020067,1,2,2,1,1,1,1,2,2,2,2,2,1
09,721800400000030094,1,2,2,2,2,1,2,2,2,2,2,2,1
09,721800400000040121,1,2,2,2,2,2,2,2,2,2,2,2,1
09,721800400000050148,1,2,2,2,1,1,2,2,2,2,2,2,1
09,721800400000060175,1,1,1,1,1,1,1,2,1,2,2,2,1
09,721800400000070202,1,2,2,2,2,2,2,2,2,2,2,2,2
09,721800400000080229,1,2,2,2,2,1,2,2,2,2,2,2,1
09,721800400000110310,1,2,2,2,1,1,2,2,1,2,2,2,1
09,721800400000120337,1,2,2,2,2,1,1,2,2,2,2,2,1
09,721800400000130364,1,2,2,1,1,1,1,2,1,2,2,2,1
09,721800400000150418,1,2,2,2,2,2,2,2,2,2,2,2,1
09,721800700000010003,1,2,2,2,1,1,2,2,2,2,2,2,1
09,721800700000020378,1,2,2,1,2,1,1,2,1,2,2,2,1
09,721800700000030047,1,2,2,2,1,1,2,2,2,2,2,2,1
09,721800700000050091,1,2,2,2,1,1,2,2,2,2,2,2,1
09,721800700000108001,1,2,2,2,2,2,2,2,2,2,2,2,2
09,721800700000120261,1,2,2,2,1,1,2,2,1,2,2,2,1
09,721800700000140309,1,2,2,2,1,1,2,2,2,2,2,2,1
09,721800700000150333,1,2,2,2,1,1,1,2,2,2,2,2,2
09,721800700000160357,1,2,2,2,2,1,2,2,2,2,2,2,1
09,721802600000020055,1,2,2,2,1,1,2,2,1,2,2,2,1
09,721802600000040122,1,2,2,2,2,1,2,2,2,2,2,2,1
09,721802600000050160,1,1,2,2,2,1,2,2,1,2,2,2,1
09,721802600000060199,1,2,2,2,2,2,2,2,1,2,2,2,1
09,721802600000080274,1,2,2,2,1,1,2,2,1,2,2,2,1
09,721802600000090311,1,2,2,2,1,1,1,2,1,2,2,2,1
09,721802600000108001,1,2,2,2,2,2,2,2,2,2,2,2,2
09,721802600000108003,1,2,2,2,2,2,2,2,2,2,2,2,1
09,721802600000110387,1,2,2,2,1,2,2,2,2,2,2,2,1
09,721802600000120425,1,2,2,1,1,1,2,2,1,2,2,2,1
09,721802600000148002,1,2,2,2,2,2,2,2,1,2,2,2,1
09,721802600000150539,1,2,2,2,1,2,2,2,2,2,2,2,2
09,721802600000160577,1,2,2,2,1,2,2,2,2,2,2,2,2
09,722001100000030022,1,2,2,2,2,1,2,2,2,2,2,2,1
09,722001100000070055,1,2,2,2,2,2,2,2,2,2,2,2,2
09,722001100000080063,1,2,2,1,1,1,2,2,1,2,2,2,1
09,722001100000090071,1,2,2,2,2,1,2,2,2,2,2,2,1
09,722001100000110087,1,2,2,2,2,2,2,2,2,2,2,2,2
09,722001100000120095,1,2,2,2,2,2,2,2,2,2,2,2,2
09,722001100000130103,1,2,2,2,2,2,2,2,2,2,2,2,2
09,722001100000140111,1,2,2,2,2,2,2,2,2,2,2,2,2
09,722001100000158002,1,2,2,2,1,1,2,2,1,2,2,2,1
09,722001100000170136,1,2,2,2,2,2,2,2,2,2,2,2,2
09,722001100000180144,1,2,1,2,2,2,2,2,2,2,2,2,1
09,722001100000208001,1,2,2,2,2,2,2,2,2,2,2,2,2
09,722001100000238003,1,2,2,2,2,2,2,2,2,2,2,2,2
09,722200200000010019,1,2,2,2,1,2,2,2,2,2,2,2,1
09,722200200000030059,1,2,2,2,1,2,2,2,2,2,2,2,1
09,722200200000050099,1,2,2,2,1,1,2,2,2,2,2,2,2
09,722200200000060119,1,2,2,2,2,1,1,2,2,2,2,2,1
09,722200200000070139,1,2,2,2,2,2,1,2,2,2,2,2,1
09,722200200000088001,1,2,2,2,2,2,2,2,2,2,2,2,1
09,722200200000090179,1,2,2,2,2,2,2,2,2,2,2,2,1
09,722200200000108002,1,2,2,2,2,2,2,2,2,2,2,2,2
09,722200200000110215,1,2,2,2,1,1,2,2,2,2,2,2,2
09,722200200000120238,1,2,2,2,2,2,2,2,1,2,2,2,1
09,722200200000140277,1,2,2,2,1,1,2,2,2,2,2,2,1
09,722200200000150299,1,2,2,2,2,2,2,2,2,2,2,2,1
09,730204200300010004,1,2,2,2,2,1,1,2,2,2,2,2,2
09,730204200300028001,1,2,1,2,1,1,1,2,1,2,2,2,2
09,730204200300040051,1,2,2,2,2,1,1,2,2,2,2,2,2
09,730204200300088002,1,2,2,1,1,1,1,2,2,2,2,2,2
09,730204200300090131,1,2,2,2,1,1,1,2,1,2,2,2,2
09,730204200300100153,1,2,2,1,1,1,1,2,1,2,2,2,2
09,730204200300110169,1,2,2,2,2,2,2,2,2,2,2,2,2
09,730204200300120188,1,2,2,2,2,1,1,2,2,2,2,2,2
09,730204200300130202,1,2,2,2,2,1,2,2,1,2,2,2,2
09,730204200300140218,1,2,2,1,2,1,1,2,2,2,1,2,2
09,730204200300150234,1,2,2,2,2,1,1,2,1,2,2,2,2
09,730204200300160254,1,2,2,1,2,1,1,2,2,2,2,2,2
09,730204200300170271,1,2,2,1,2,1,1,2,1,2,1,2,2
09,730600500000030063,1,2,2,2,1,1,2,2,1,2,2,2,2
09,730600500000040087,1,2,2,1,1,1,1,2,1,2,2,2,2
09,730600500000050107,1,2,2,2,2,1,1,2,2,2,2,2,2
09,730600500000080177,1,2,2,2,2,1,1,2,2,2,2,2,2
09,730600500000160353,1,2,2,2,1,2,1,2,2,2,2,2,2
09,730801300000048001,1,2,2,2,2,2,2,2,2,2,2,2,1
09,730801300000050074,1,2,2,2,1,1,2,2,2,2,2,2,2
09,730801300000100144,1,1,1,1,2,1,1,1,2,1,2,2,2
09,730801300000120173,1,2,2,2,1,2,2,2,2,2,2,2,2
09,730801300000150215,1,2,1,2,1,2,1,2,1,2,2,2,2
09,730801300000160229,1,2,2,2,2,2,2,2,2,2,2,2,2
09,730801300000170244,1,2,1,1,1,1,1,1,1,1,2,2,2
09,731102000000018002,1,2,2,2,2,2,1,2,1,2,2,2,2
09,731102400000030038,1,2,2,2,2,2,2,2,2,2,2,2,2
09,731102400000040051,1,2,1,2,1,1,1,2,1,2,2,2,2
09,731102400000110146,1,2,2,2,1,1,2,2,2,2,2,2,2
09,731102400000150202,1,2,2,2,2,1,2,2,2,2,2,2,2
09,731201400000020027,1,1,1,1,2,1,1,2,2,2,1,2,2
09,731201400000040048,1,2,1,1,2,1,1,2,2,2,2,1,2
09,731201400000050061,1,2,2,2,1,1,1,2,1,2,2,2,2
09,731201400000068002,1,2,2,2,2,1,2,2,2,2,2,2,2
09,731201400000090111,1,2,1,1,1,1,1,1,1,2,1,1,2
09,731201400000100123,1,2,2,2,2,1,1,2,1,2,2,2,2
09,731201400000110136,1,2,2,2,2,1,1,2,2,2,2,2,2
09,731201400000130160,1,2,2,2,2,1,1,2,1,2,1,2,2
09,731201400000140173,1,2,2,2,2,1,2,2,2,2,2,2,2
09,731201400000150185,1,2,2,2,2,1,1,2,2,2,2,2,2
09,731201400000170211,1,2,2,2,2,1,2,2,2,2,2,2,2
09,731201400000180224,1,2,1,1,1,2,2,2,2,2,2,2,2
09,731201400000200251,1,2,2,2,1,1,1,2,2,2,2,2,2
09,731202200100020030,1,1,1,1,1,1,1,2,1,2,2,2,2
09,731202200100040078,1,2,2,2,1,1,2,2,2,2,2,2,2
09,731202200100070142,1,2,2,2,1,1,1,2,1,2,1,2,2
09,731202200100088001,1,2,2,1,1,1,1,1,1,2,1,2,2
09,731202200100090181,1,2,2,2,1,1,1,2,2,2,2,2,2
09,731202200100100204,1,1,1,1,1,1,1,2,1,2,2,2,2
09,731202200100110225,1,2,2,2,2,1,2,2,2,2,2,2,2
09,731202200100150303,1,2,2,1,1,1,1,2,1,2,2,2,2
09,731202200100160321,1,2,2,2,2,1,2,2,2,2,2,2,2
09,731700300000100119,1,2,2,2,1,1,2,2,2,2,2,2,2
09,731700300000120145,1,2,2,1,1,2,2,2,2,2,2,2,2
09,731800100000010011,1,2,2,2,1,1,2,2,2,2,2,2,2
09,731800100000060069,1,2,2,2,1,1,2,2,1,2,2,2,2
09,731800100000070081,1,2,2,2,2,2,1,2,2,2,2,2,2
09,731800100000090105,1,2,2,2,2,1,2,2,2,2,2,2,2
09,731800100000100118,1,2,2,2,1,2,2,2,2,2,2,2,2
09,731800100000110131,1,2,2,2,2,1,2,2,2,2,2,2,2
09,731800100000120145,1,2,2,2,2,1,2,2,2,2,2,2,2
09,731800100000160192,1,2,2,1,1,1,1,2,2,2,2,2,2
09,731901200000010015,1,2,2,2,2,2,2,2,2,2,2,2,2
09,731901200000030046,1,2,2,2,2,2,2,2,2,2,2,2,2
09,731901200000040059,1,2,2,2,1,2,2,2,2,2,2,2,2
09,731901200000070103,1,2,2,2,1,2,2,2,2,2,2,2,2
09,731901200000080119,1,2,2,2,2,2,2,2,2,2,2,2,2
09,731901200000170246,1,2,2,1,1,2,2,2,2,2,2,2,2
09,731901900100010006,1,2,2,2,2,2,2,2,1,2,2,2,2
09,731901900100030047,1,1,2,1,1,1,1,1,1,2,2,1,1
09,731901900100040065,1,2,2,1,2,1,2,2,1,2,2,2,2
09,731901900100050082,1,2,2,1,1,1,1,1,1,2,2,1,2
09,731901900100060101,1,2,2,2,1,2,2,2,2,2,2,2,2
09,731901900100070117,1,2,1,1,1,1,1,2,1,2,1,2,2
09,731901900100108002,1,2,2,2,2,1,1,2,2,2,2,2,2
09,731901900100110182,1,1,1,1,1,1,1,2,2,2,1,2,2
09,731901900100130217,1,2,2,2,1,1,1,2,1,2,2,2,2
09,731902100000020051,1,2,2,1,1,2,2,2,2,2,2,2,2
09,731902100000080175,1,2,1,2,2,1,1,2,2,2,2,2,2
09,731902100000100217,1,2,2,2,2,1,2,2,2,2,2,2,2
09,731902100000110234,1,2,2,1,2,1,2,2,1,2,2,2,2
09,731902100000120255,1,2,2,2,1,1,1,2,2,2,2,2,2
09,731902100000130275,1,2,2,1,2,1,2,2,1,2,2,2,2
09,731902100000140297,1,2,2,2,2,2,2,2,2,2,2,2,2
09,732202900000010002,1,2,2,2,1,2,2,2,2,2,2,2,2
09,732202900000090142,1,2,2,2,2,2,2,2,2,2,2,2,2
09,732202900000110178,1,2,2,2,2,2,2,2,2,2,2,2,2
09,732204000200010033,1,2,1,1,2,2,2,2,2,2,2,2,2
09,732204000200020066,1,1,1,1,1,1,1,2,1,2,1,1,2
09,732204000200030099,1,2,1,1,2,1,1,2,1,2,1,1,2
09,732204000200048001,1,2,2,2,2,2,2,2,2,2,2,2,2
09,732204000200058002,1,2,2,1,1,1,2,2,1,2,2,2,2
09,732204000200060198,1,2,2,2,2,2,2,2,2,2,2,2,2
09,732204000200080264,1,1,1,1,2,1,1,1,1,2,1,2,2
09,732204000200100330,1,1,1,1,1,1,1,1,1,2,1,1,2
09,732204000200110363,1,2,2,1,2,1,1,2,1,2,1,1,2
09,732204000200120396,1,2,2,2,2,1,2,2,1,2,2,2,2
09,732204000200130429,1,2,2,1,1,1,1,2,1,2,1,1,2
09,732204000200150495,1,2,2,1,1,1,1,2,1,2,1,2,2
09,732401600000030049,1,2,2,2,2,1,2,2,1,2,2,2,2
09,732401600000060105,1,2,2,2,2,1,2,2,2,2,2,2,2
09,732401600000078001,1,2,2,2,1,2,2,2,2,2,2,2,2
09,732401600000090163,1,2,2,2,1,2,2,2,2,2,2,2,2
09,732401600000120218,1,2,2,1,2,1,1,2,1,2,2,1,2
09,732401600000138003,1,2,2,2,2,1,2,2,2,2,2,2,2
09,732401600000140256,1,2,2,2,1,1,1,2,2,2,2,2,2
09,732401600000160294,1,2,2,2,1,1,2,2,2,2,2,2,2
09,732401600000170312,1,2,2,2,1,2,1,2,2,2,2,2,2
09,732700500000010016,1,2,2,2,2,2,2,2,2,2,2,2,2
09,732700500000020029,1,2,1,2,2,1,1,2,1,2,2,2,2
09,732700500000030043,1,2,2,2,1,1,1,2,2,2,2,2,2
09,732700500000060078,1,2,2,2,1,1,1,2,1,2,2,1,2
09,732700500000090121,1,2,2,2,2,1,2,2,2,2,2,2,2
09,732700500000120165,1,2,2,2,2,1,2,2,2,2,2,2,2
09,732700500000138001,1,2,2,2,2,1,2,2,2,2,2,2,2
09,733001600000020045,1,2,2,1,1,1,1,2,1,1,1,2,2
09,733001600000030063,1,2,2,2,1,1,2,2,2,2,2,2,2
09,733001600000050102,1,2,2,2,2,1,2,2,2,2,2,2,2
09,733001600000060118,1,2,2,2,2,1,2,2,2,2,2,2,2
09,733001600000090176,1,2,2,2,2,1,2,2,2,2,2,2,2
09,733001600000100193,1,2,2,2,1,1,1,2,1,2,2,2,2
09,733001600000110214,1,1,2,1,2,1,1,2,1,2,1,2,2
09,733001600000130252,1,2,1,1,1,1,1,2,1,2,2,1,2
09,733001600000140270,1,2,2,2,2,1,2,2,2,2,2,2,2
09,733001600000160310,1,2,2,2,1,1,1,2,1,2,2,2,2
09,733002300200030094,1,2,2,2,2,2,2,2,2,2,2,2,2
09,733002300200060182,1,1,2,2,1,1,2,2,1,2,2,2,2
09,733002300200070212,1,2,2,2,2,1,2,2,1,2,1,2,2
09,733002300200090273,1,2,2,1,1,1,2,1,1,1,1,2,2
09,733002300200110331,1,2,2,2,1,1,1,2,2,2,2,2,2
09,733002300200130391,1,2,2,2,1,2,2,2,1,2,2,2,2
09,733002300200140420,1,2,2,2,2,1,2,2,1,2,2,2,2
09,733002300200150450,1,2,2,1,1,1,1,2,1,2,1,1,2
09,733200400300018001,1,2,2,1,1,1,1,2,1,2,1,2,2
09,733200400300028006,1,2,2,1,2,1,1,2,1,2,2,2,1
09,733200400300030063,1,1,1,2,2,1,2,2,1,2,1,2,1
09,733200400300040088,1,1,1,1,2,1,1,2,1,2,1,2,1
09,733200400300050116,1,2,1,1,2,1,2,2,2,2,2,2,2
09,733200400300068003,1,1,2,1,1,1,1,2,1,2,1,1,1
09,733200400300078004,1,1,1,1,2,1,1,2,1,2,1,2,1
09,733200400300088007,1,1,1,1,1,1,1,2,1,2,1,2,1
09,733201900300018001,1,2,2,1,1,1,1,2,1,2,2,2,1
09,733201900300028004,1,2,2,1,1,2,2,2,2,2,2,2,1
09,733201900300038002,1,1,1,1,1,1,1,2,1,2,2,1,1
09,733201900300040371,1,2,1,2,1,1,1,2,1,2,1,1,1
09,733201900300050473,1,2,1,2,1,1,1,2,2,2,2,2,1
09,733201900300068003,1,2,1,1,1,1,1,2,1,2,1,1,1
09,733202400100010031,1,2,2,2,1,2,2,2,2,2,2,2,1
09,733202400100018001,1,2,2,2,2,2,2,2,2,2,2,2,1
09,733202400100020058,1,2,2,1,2,1,1,2,1,2,2,2,2
09,733202400100030078,1,2,1,1,1,1,1,2,1,2,2,2,1
09,733202400100048002,1,2,2,2,2,2,2,2,2,2,2,2,2
09,733202400100068003,1,2,2,2,2,1,2,2,2,2,2,2,2
09,733202400100070164,1,2,2,2,2,1,2,2,2,2,2,2,2
09,733202400100108004,1,2,2,1,2,2,2,2,2,2,2,2,1
09,733202400100118005,1,2,2,2,2,1,2,2,1,2,2,2,1
09,733202400100120281,1,2,2,2,1,1,2,2,2,2,2,2,2
09,733202400100130305,1,2,2,2,1,1,2,2,1,2,2,2,2
09,733202400100140329,1,2,2,2,2,1,2,2,2,2,2,2,1
09,733202400100180432,1,2,2,2,2,1,2,2,2,2,2,2,2
09,733202600200028007,1,1,1,1,2,1,1,2,1,2,1,1,1
09,733202600200030083,1,1,2,1,2,1,1,2,1,2,1,2,1
09,733202600200048002,1,2,1,2,2,1,1,2,1,2,2,2,1
09,733202600200058008,1,2,1,1,2,1,1,2,1,1,2,2,1
09,733202600200078004,1,2,1,1,1,1,1,2,1,2,1,1,1
09,733202600200088010,1,2,1,1,1,1,1,2,1,2,2,1,1
09,733202600200100347,1,2,1,1,1,1,1,2,1,1,2,2,1
09,733202600200110383,1,2,2,1,2,1,1,2,1,1,1,1,1
09,733202600200120421,1,2,2,1,2,1,1,2,1,2,1,2,1
09,733202600200130460,1,2,1,1,1,1,1,2,1,1,2,2,1
09,733202600200140498,1,2,2,2,1,2,2,2,2,2,2,2,1
09,733202600200158005,1,2,2,2,1,1,1,2,1,2,2,2,1
09,733202600200160576,1,2,1,1,1,1,2,2,1,2,2,2,1
09,733202600200170615,1,2,1,1,1,1,1,2,1,1,2,2,1
09,733202600200180653,1,2,2,1,2,1,1,2,1,2,2,2,1
09,733202600200198006,1,1,1,1,1,1,1,1,1,1,1,2,1
09,733203100100018005,1,2,1,1,1,1,2,2,1,2,2,2,1
09,733203100100020045,1,2,1,1,1,1,1,1,1,2,1,1,1
09,733203100100040075,1,2,2,1,2,1,1,2,1,2,1,2,1
09,733203100100050090,1,2,1,1,1,1,2,2,1,2,2,2,1
09,733203100100060105,1,1,1,1,1,1,1,1,1,2,1,2,1
09,733203100100070120,1,2,2,2,2,1,1,1,1,2,1,1,1
09,733203100100080136,1,2,2,2,2,1,1,2,1,2,2,2,2
09,733203100100090151,1,2,2,1,2,1,2,2,2,2,2,2,1
09,733203100100108002,1,2,1,1,1,1,2,2,1,2,2,2,1
09,733203100100118001,1,2,2,2,1,1,2,2,2,2,2,2,2
09,733203100100128003,1,2,1,1,1,1,2,2,1,2,2,2,1
09,733203100100138004,1,2,1,2,2,1,2,2,1,2,2,2,1
09,733203100100148006,1,2,2,2,1,1,2,2,2,2,2,2,2
09,733204800400010069,1,2,2,2,2,2,2,2,2,2,2,2,1
09,733204800400028001,1,2,2,2,2,1,2,2,1,2,2,2,1
09,733204800400030217,1,2,1,2,1,1,1,2,1,2,2,2,1
09,733204800400040292,1,2,2,1,1,1,2,2,1,2,2,2,1
09,733204800400058002,1,2,2,1,2,1,2,2,1,2,2,2,1
09,733204800400060443,1,2,1,2,2,1,2,2,1,2,2,2,1
09,733205000100010005,1,1,2,1,1,1,1,2,1,2,2,2,1
09,733205000100020038,1,2,2,2,2,1,2,2,2,2,2,2,2
09,733205000100030064,1,2,2,2,1,2,2,2,2,2,2,2,2
09,733205000100090228,1,2,2,2,2,2,2,2,2,2,2,2,2
09,733205000100130340,1,2,2,2,1,1,2,2,1,2,2,2,1
09,733205000100140368,1,2,2,2,2,2,2,2,2,2,2,2,2
09,733205000100148001,1,2,2,2,2,2,2,2,2,2,2,2,2
09,733205000100150395,1,2,2,1,1,1,1,2,1,2,2,2,2
09,733205100200018005,1,2,2,1,1,1,2,2,1,2,2,2,1
09,733205100200020049,1,2,2,1,2,1,1,2,1,2,2,2,1
09,733205100200030095,1,2,2,2,2,1,2,2,1,2,2,2,1
09,733205100200040138,1,2,2,2,2,1,1,2,1,2,2,2,1
09,733205100200050180,1,2,2,2,2,1,2,2,1,2,2,2,1
09,733205100200060226,1,2,2,1,1,1,2,2,2,2,2,2,1
09,733205100200070271,1,2,2,2,2,1,2,2,1,2,2,2,2
09,733205100200080316,1,2,2,2,2,2,2,2,2,2,2,2,2
09,733205100200088006,1,2,2,2,2,2,2,2,2,2,2,2,2
09,733205100200088007,1,2,2,2,2,2,2,2,2,2,2,2,2
09,733205100200090362,1,2,2,2,1,1,2,2,1,2,2,2,2
09,733205100200098008,1,2,2,2,2,1,2,2,1,2,2,2,2
09,733205100200100406,1,2,2,2,2,2,2,2,1,2,2,2,1
09,733205100200118009,1,2,2,2,2,1,2,2,2,2,2,2,2
09,733205100200128003,1,2,2,2,1,1,2,2,2,2,2,2,2
09,733205900200010040,1,1,1,1,1,1,1,1,1,2,1,1,1
09,733205900200028001,1,2,2,2,2,2,2,2,1,2,2,2,2
09,733205900200028002,1,2,2,2,2,1,2,2,1,2,2,2,2
09,733205900200028003,1,2,2,2,2,1,2,2,2,2,2,2,2
09,733205900200030188,1,2,2,1,2,1,1,2,1,2,2,2,1
09,733205900200040263,1,2,1,1,2,1,1,1,1,2,2,2,1
09,733205900200050341,1,2,2,1,1,1,2,2,1,2,2,2,1
09,733205900200060413,1,2,1,2,1,1,1,2,1,2,2,2,1
09,733205900200070488,1,2,2,2,2,2,2,2,2,2,2,2,2
09,733205900200078004,1,2,2,2,2,1,2,2,2,2,2,2,2
09,733205900200078005,1,2,2,2,2,1,2,2,1,2,2,2,1
09,733206500500018001,1,2,2,2,2,1,2,2,1,2,2,2,2
09,733206500500020096,1,2,2,2,2,1,1,2,2,2,2,2,1
09,733206500500030141,1,2,2,1,1,1,1,2,1,2,2,2,1
09,733206500500040186,1,1,1,1,2,1,1,1,1,2,1,1,1
09,733206500500050231,1,2,2,2,2,2,2,2,2,2,2,2,2
09,733206500500070321,1,1,1,1,1,1,1,1,1,2,1,1,1
09,733206500500080366,1,2,1,2,2,1,1,1,1,2,1,1,1
09,733206500500098003,1,2,1,1,2,1,2,2,1,2,2,2,1
09,733206700400010087,1,2,1,2,2,1,1,2,1,2,2,2,1
09,733206700400020183,1,2,2,1,2,1,1,2,2,2,1,2,1
09,733206700400030273,1,2,2,1,2,1,2,2,1,2,2,2,1
09,733206700400040363,1,2,1,1,1,1,1,2,1,2,1,1,1
09,733206700400048004,1,2,2,2,1,1,2,2,1,2,2,2,2
09,733206700400058002,1,2,1,1,1,1,2,2,1,2,2,2,1
09,733206700400060541,1,2,2,2,2,1,2,2,2,2,2,2,1
09,733206700400070630,1,2,1,2,2,1,1,2,1,2,1,2,2
09,733206700400088005,1,1,1,2,2,1,1,2,1,2,1,2,1
09,733207200700010044,1,1,2,1,1,1,1,2,1,1,2,2,1
09,733207200700028002,1,2,2,2,2,1,2,2,2,2,2,2,1
09,733207200700030177,1,2,2,1,1,1,2,2,1,2,2,2,1
09,733207200700048001,1,2,2,2,1,1,2,2,2,2,2,2,1
09,733207600500010066,1,2,1,2,2,1,1,2,1,2,2,2,1
09,733207600500018005,1,2,2,1,2,1,1,2,1,2,2,2,1
09,733207600500018006,1,2,2,2,2,1,2,2,1,2,2,2,2
09,733207600500028002,1,2,2,2,2,1,2,2,1,2,2,2,2
09,733207600500028007,1,2,2,2,2,1,2,2,2,2,2,2,1
09,733207600500038003,1,2,2,2,2,1,2,2,1,2,2,2,1
09,733207600500048004,1,2,2,2,2,2,2,2,2,2,2,2,2
09,733207600500050381,1,2,2,2,2,1,2,2,1,2,2,2,1
09,733207600500058008,1,2,1,2,2,1,2,2,1,2,2,2,2
09,733207600500060461,1,2,2,2,2,1,2,2,2,2,2,2,2
09,733207600500068009,1,2,2,2,2,2,2,2,2,2,2,2,2
09,733208100100018001,1,2,2,2,2,2,2,2,2,2,2,2,2
09,733208100100020025,1,2,2,2,2,1,2,2,2,2,2,2,2
09,733208100100040059,1,2,2,2,2,2,2,2,2,2,2,2,2
09,733208100100050076,1,2,2,2,2,2,2,2,2,2,2,2,2
09,733208100100060093,1,2,2,2,2,2,2,2,2,2,2,2,2
09,733208100100070110,1,2,2,2,2,2,2,2,2,2,2,2,1
09,733208100100078003,1,2,2,2,2,2,2,2,2,2,2,2,2
09,733208100100090145,1,2,2,2,2,2,2,2,2,2,2,2,2
09,733208100100110178,1,2,2,2,2,1,2,2,1,2,2,2,2
09,733208100100128002,1,2,2,2,2,2,2,2,2,2,2,2,2
09,733208100100150242,1,2,2,1,2,1,2,2,1,2,2,2,2
09,733208100100160258,1,2,2,1,2,1,2,2,2,2,2,2,2
09,733208100100170273,1,2,2,2,1,1,2,2,1,2,1,2,2
09,733208100100178005,1,2,2,2,2,2,2,2,2,2,2,2,2
09,733208500400010006,1,2,2,2,2,1,2,2,1,2,2,2,2
09,733208500400020065,1,2,2,2,1,1,2,2,1,2,1,2,2
09,733208500400030137,1,2,2,1,1,1,1,2,1,2,1,2,1
09,733208500400048003,1,2,2,2,2,1,2,2,1,2,2,2,2
09,733208500400048004,1,2,2,2,1,1,2,2,1,2,2,2,2
09,733208500400050240,1,2,2,2,1,1,1,2,1,2,2,2,2
09,733208500400060296,1,2,2,1,2,1,1,2,1,2,2,2,1
09,733208701500018001,1,2,2,2,2,1,1,2,1,2,2,2,1
09,733208701500028004,1,2,2,2,2,1,1,2,1,2,2,2,1
09,733208701500040096,1,2,2,2,2,1,1,2,1,2,2,2,1
09,733208701500050122,1,2,2,1,2,1,1,2,1,2,2,1,2
09,733208701500068005,1,2,2,2,2,2,2,2,2,2,2,2,2
09,733208701500070177,1,2,2,2,2,2,2,2,1,2,2,2,1
09,733208701500090227,1,2,2,1,2,1,2,2,1,2,2,2,2
09,733208701500100254,1,2,2,1,2,1,2,2,1,2,2,2,1
09,733208701500118006,1,2,2,2,2,1,2,2,1,2,2,2,2
09,733208701500128007,1,1,1,2,2,2,2,2,1,2,2,2,1
09,733209200900010008,1,1,2,1,1,1,1,2,1,2,1,1,1
09,733209200900028001,1,1,2,1,2,1,1,2,1,2,2,1,1
09,733209200900048003,1,2,2,2,2,2,2,2,2,2,2,2,2
09,733209200900050085,1,2,1,1,1,1,1,2,1,2,2,2,1
09,733209200900068004,1,2,2,2,2,1,2,2,1,2,2,2,1
09,733209200900070119,1,2,2,1,1,1,2,2,1,2,2,1,1
09,733209200900080139,1,2,1,2,1,1,2,2,1,2,2,2,1
09,733209400300010043,1,2,2,1,2,1,2,2,1,2,2,2,1
09,733209400300020106,1,2,2,2,2,1,1,2,1,2,1,2,1
09,733209400300030173,1,2,2,2,2,1,1,2,1,2,1,2,1
09,733209400300058001,1,2,2,2,2,2,2,2,2,2,2,2,1
09,733209400300068003,1,2,2,2,2,1,1,2,1,2,1,2,1
09,733209400300078004,1,2,2,2,1,2,2,2,2,2,2,2,2
09,733209400300080497,1,2,2,2,2,1,2,2,2,2,2,2,2
09,733209400300098005,1,2,2,2,2,1,1,2,1,2,1,1,1
09,733209400300100623,1,1,1,1,1,1,1,2,1,2,2,2,1
09,733209900600010011,1,2,1,1,1,1,2,2,1,2,2,2,2
09,733209900600040062,1,2,2,2,1,1,2,2,1,2,2,2,1
09,733209900600058001,1,2,1,1,2,1,2,2,1,2,2,2,1
09,733209900600060094,1,2,1,1,2,1,1,2,1,2,2,2,1
09,733209900600078002,1,2,2,2,1,1,2,2,1,2,2,2,1
09,733209900600088003,1,2,2,1,1,1,1,2,1,2,2,2,2
09,733209900600090143,1,2,1,2,2,1,2,2,1,2,2,2,1
09,733209900600100158,1,2,1,2,2,1,1,2,1,2,1,1,1
09,733209900600110173,1,2,2,1,2,1,1,2,1,2,2,2,1
09,733209900600118004,1,2,2,1,2,1,1,2,1,2,2,2,1
09,733209900600120190,1,2,2,1,2,1,1,2,1,2,1,2,1
09,733209900600130207,1,2,2,2,2,1,2,2,1,2,2,2,2
09,733209900600140225,1,2,2,1,1,1,2,2,1,2,1,2,1
09,733209900600158005,1,1,2,2,2,1,1,2,1,2,1,2,1
09,733209900600158006,1,2,1,1,2,2,2,2,1,2,2,2,1
09,733209900600160259,1,2,1,1,1,1,2,2,1,2,2,2,1
09,733209900600170276,1,2,2,2,2,1,1,2,1,2,2,2,1
09,733209900600178007,1,2,2,2,2,1,2,2,1,2,2,2,2
09,733209900600180292,1,2,2,1,2,1,2,2,1,2,2,2,1
09,733209900600188008,1,2,2,2,2,1,2,2,1,2,2,2,1
09,733209900600190309,1,2,2,2,1,2,2,2,1,2,2,2,1
09,733209900600200326,1,2,2,2,2,1,2,2,1,2,2,2,1
09,733701100000070061,1,2,2,1,1,1,2,2,2,2,2,2,2
09,733701100000080071,1,1,1,1,1,1,1,2,1,2,2,2,2
09,733800700000020019,1,2,2,2,2,2,2,2,2,2,2,2,2
09,733800700000030034,1,2,2,2,2,2,2,2,2,2,2,2,2
09,733800700000048001,1,2,2,2,2,2,2,2,2,2,2,2,2
09,733800700000050064,1,2,2,2,2,1,2,2,1,2,2,2,2
09,733800700000070092,1,2,2,2,2,1,1,2,1,2,2,2,2
09,733800700000088002,1,2,2,2,1,2,2,2,2,2,2,2,2
09,733800700000110147,1,2,2,2,1,2,2,2,2,2,2,2,2
09,733800700000120162,1,2,2,2,1,1,2,2,2,2,2,2,2
09,733800700000160215,1,2,2,2,1,2,2,2,2,2,2,2,2
09,734000500000020019,1,2,2,2,1,2,2,2,2,2,2,2,2
09,734000500000050061,1,2,2,2,2,1,2,2,2,2,2,2,2
09,734000500000108001,1,2,2,2,2,1,2,2,2,2,2,2,2
09,734000500000110146,1,2,2,2,1,2,2,2,2,2,2,2,2
09,830101100000150182,1,2,2,2,2,2,2,2,2,2,2,2,2
09,830101900200050088,1,2,2,2,2,1,2,2,2,2,2,2,2
09,830101900200078001,1,2,2,2,2,2,2,2,2,2,2,2,2
09,830101900200100192,1,2,2,2,2,1,2,2,2,2,2,2,2
09,830101900200120236,1,2,2,2,2,1,2,2,2,2,2,2,2
09,830101900200150294,1,2,2,2,2,2,2,2,2,2,2,2,2
09,830101900200168003,1,2,2,1,2,1,1,1,1,2,2,2,2
09,830202300000010020,1,2,2,2,2,1,1,2,2,2,2,2,2
09,830202300000020054,1,1,1,1,2,1,1,1,1,2,2,2,2
09,830202300000040122,1,2,2,2,2,1,2,2,2,2,2,2,2
09,830202300000050156,1,1,1,2,2,2,1,2,1,2,2,2,2
09,830202300000060190,1,2,2,2,2,1,2,2,2,2,2,2,2
09,830202300000070224,1,2,1,1,1,1,1,1,1,2,2,2,2
09,830202300000090292,1,1,1,2,2,1,1,2,2,2,2,2,2
09,830202300000120394,1,2,2,1,2,1,1,2,2,2,2,2,2
09,830202300000130428,1,2,2,1,2,1,2,2,1,2,1,2,2
09,830202300000140462,1,2,2,2,2,1,2,2,2,2,2,2,2
09,830300800200030066,1,2,2,2,1,1,2,2,1,2,2,2,2
09,830300800200048004,1,2,2,2,2,1,1,2,2,2,2,2,2
09,830300800200060132,1,2,2,2,2,2,2,2,2,2,2,2,2
09,830300800200078005,1,2,2,2,2,1,2,2,2,2,2,2,2
09,830300800200080176,1,2,2,2,2,2,2,2,2,2,2,2,2
09,830300800200098003,1,2,2,2,2,1,2,2,2,2,2,2,2
09,830300800200100220,1,2,2,2,2,2,2,2,2,2,2,2,2
09,830300800200120266,1,2,2,2,2,2,2,2,2,2,2,2,2
09,830501300000010024,1,2,2,2,1,1,1,1,2,2,1,2,2
09,830501300000028001,1,2,1,2,2,2,2,2,2,2,2,2,2
09,830501300000038002,1,2,2,2,1,1,2,2,2,2,1,2,2
09,830501300000048003,1,2,2,1,2,2,1,1,1,2,2,1,2
09,830501300000060132,1,2,1,1,2,1,1,2,2,2,2,2,2
09,830501300000070149,1,2,2,2,2,1,1,2,1,2,2,1,2
09,830501300000088004,1,2,2,1,2,1,1,1,1,2,1,1,2
09,830501300000090188,1,2,2,2,1,1,2,2,1,2,2,2,2
09,830501300000110228,1,2,2,1,2,1,1,2,1,2,1,2,2
09,830501300000128005,1,2,2,2,1,1,2,2,1,2,2,2,2
09,830501300000140285,1,2,2,1,1,1,1,2,1,2,2,2,2
09,830501300000150304,1,1,2,1,1,1,1,1,1,2,1,1,2
09,830600800000010005,1,2,2,2,2,2,2,2,2,2,2,2,2
09,830600800000020028,1,2,2,1,2,1,2,2,2,2,2,2,2
09,830600800000070142,1,2,1,2,1,2,2,2,2,2,2,2,2
09,830600800000090183,1,2,1,1,1,1,1,2,1,2,2,2,2
09,830600800000110225,1,2,1,1,2,1,1,2,1,2,2,2,2
09,830600800000120245,1,2,2,1,1,1,1,2,1,2,2,2,2
09,830600800000140287,1,2,1,1,2,1,1,2,2,2,2,2,2
09,830600800000150306,1,2,1,1,2,1,1,2,1,2,1,2,2
09,830600800000168002,1,2,1,1,2,1,1,2,1,2,2,2,2
09,830600800000170341,1,2,1,1,2,1,1,2,1,2,1,2,2
09,830600800000180360,1,2,2,1,2,1,1,2,1,2,2,2,2
09,830600800000190378,1,2,2,2,2,1,2,2,2,2,2,2,2
09,830600800000200398,1,2,1,2,2,1,2,2,2,2,2,2,2
09,830600800000210421,1,2,2,2,2,1,2,2,1,2,2,2,2
09,830701900000010021,1,2,2,2,2,2,2,2,2,2,2,2,2
09,830701900000058002,1,2,2,2,1,2,2,2,2,2,2,2,2
09,830701900000060131,1,2,1,1,1,1,1,2,1,2,1,2,2
09,830701900000070154,1,2,2,2,1,1,2,2,2,2,2,2,2
09,830701900000100222,1,2,2,2,2,1,1,2,2,2,2,2,2
09,830701900000120269,1,2,1,2,1,1,1,2,1,2,2,2,2
09,830701900000130290,1,2,2,2,2,1,2,2,2,2,2,2,2
09,830701900000140314,1,2,1,1,1,1,1,1,1,2,2,2,2
09,830701900000168001,1,2,1,2,2,2,2,2,2,2,2,2,2
09,831500900000020023,1,2,2,2,2,2,2,2,2,2,2,2,2
09,831500900000050057,1,2,2,2,1,1,2,2,2,2,2,2,2
09,831500900000088002,1,2,2,2,2,1,2,2,2,2,2,2,2
09,831500900000140166,1,2,2,2,1,2,2,2,2,2,2,2,2
09,831500900000170202,1,2,1,2,2,1,1,2,1,2,2,2,2
09,831500900000188001,1,2,2,2,2,1,2,2,2,2,2,2,2
09,831501500000010003,1,1,2,2,2,1,1,2,2,2,1,2,2
09,831601900000010008,1,2,2,2,2,1,1,2,2,2,2,2,2
09,831601900000020034,1,2,2,2,2,1,2,2,2,2,2,2,2
09,831601900000040086,1,2,2,2,2,2,2,2,2,2,2,2,2
09,831601900000050106,1,2,2,2,2,1,2,2,2,2,2,2,2
09,831601900000060129,1,2,1,2,2,1,1,2,2,2,2,2,2
09,831601900000070155,1,2,1,2,1,1,2,2,2,2,2,2,2
09,831601900000080182,1,2,2,2,2,1,2,2,2,2,2,2,2
09,831601900000090208,1,2,2,2,2,2,2,2,2,2,2,2,2
09,831601900000108001,1,2,2,2,2,2,2,2,2,2,2,2,2
09,831601900000110260,1,2,2,2,2,2,2,2,2,2,2,2,2
09,831601900000148002,1,2,2,2,2,2,2,2,2,2,2,2,2
09,831601900000160384,1,2,2,2,2,2,2,2,2,2,2,2,2
09,831602500000010009,1,2,2,2,2,2,2,2,2,2,2,2,2
09,831602500000020021,1,2,2,1,2,1,2,2,2,2,2,2,2
09,831602500000030031,1,2,2,1,2,1,1,2,1,2,2,2,2
09,831602500000040041,1,2,2,2,2,1,2,2,2,2,2,2,2
09,831602500000060064,1,2,2,2,2,2,2,2,2,2,2,2,2
09,831602500000090097,1,2,2,2,2,2,2,2,2,2,2,2,2
09,831602500000140157,1,2,1,2,1,1,2,2,1,2,2,2,2
09,831602500000150167,1,2,2,2,2,1,1,2,2,2,2,2,2
09,831602500000160179,1,2,2,2,2,1,2,2,2,2,2,2,2
09,831602600000010008,1,2,2,2,2,1,2,2,2,2,2,2,2
09,970100700000020035,1,2,2,2,1,1,2,2,2,2,2,2,2
09,970100700000038001,1,2,2,1,1,1,1,2,1,2,2,2,2
09,970100700000040082,1,2,2,2,2,1,2,2,2,2,2,2,2
09,970100700000060127,1,2,2,2,2,1,2,2,2,2,2,2,2
09,970100700000070150,1,2,2,1,2,1,2,2,2,2,2,2,2
09,970100700000080172,1,2,2,1,1,1,1,2,1,2,2,2,2
09,970100700000090193,1,2,2,1,1,1,1,2,1,2,2,2,2
09,970100700000110236,1,2,2,1,2,1,2,2,1,2,2,2,2
09,970100700000120256,1,2,1,2,1,1,2,2,2,2,2,2,2
09,970100700000130278,1,2,2,2,1,1,2,2,2,2,2,2,2
09,970100700000140301,1,2,2,2,1,1,2,2,2,2,2,2,2
09,970100700000150323,1,2,1,1,1,1,1,2,1,2,2,2,2
09,970103900000010001,1,2,2,1,2,1,2,2,2,2,2,2,2
09,970103900000020016,1,2,2,2,2,1,2,2,2,2,2,2,2
09,970103900000030030,1,1,1,1,2,1,2,2,1,2,2,2,2
09,970103900000040044,1,2,2,2,2,1,2,2,2,2,2,2,2
09,970103900000050058,1,2,2,2,2,1,1,2,2,2,2,2,2
09,970103900000060072,1,2,2,2,2,1,2,2,2,2,2,2,2
09,970103900000080100,1,2,2,2,2,1,2,2,2,2,2,2,2
09,970103900000090114,1,2,2,2,2,1,1,2,2,2,2,2,2
09,970103900000110142,1,2,2,2,2,2,2,2,2,2,2,2,2
09,970103900000120156,1,2,2,2,2,1,2,2,2,2,2,2,2
09,970103900000140184,1,2,2,2,2,2,2,2,2,2,2,2,2
09,970103900000150198,1,2,2,1,2,1,2,2,2,2,2,2,2
10,130101500200028001,1,2,2,2,2,2,2,2,2,2,2,2,2
10,130101500200040038,1,2,2,2,2,1,2,2,2,2,2,2,2
10,130101500200070072,1,2,2,2,2,1,2,2,2,2,2,2,2
10,130101500200110125,1,2,2,2,2,1,2,2,2,2,2,2,2
10,130101500200190232,1,2,2,2,2,1,2,2,2,2,2,2,1
10,130402300000020042,1,2,2,2,1,1,1,2,2,2,2,2,2
10,130402300000088003,1,2,2,2,2,2,2,2,2,2,2,2,2
10,130402300000090190,1,2,2,2,2,2,2,2,2,2,2,1,2
10,130402300000110234,1,2,2,1,2,1,1,2,1,2,2,2,2
10,130402300000128001,1,2,2,2,2,1,1,2,1,2,1,2,2
10,130402300000140305,1,2,2,2,2,1,2,2,2,2,2,2,2
10,130402300000150329,1,2,2,2,2,1,2,2,2,2,1,2,2
10,130402300000160353,1,2,1,1,1,1,2,2,1,2,1,2,2
10,130402300000180397,1,2,2,2,2,1,2,2,2,2,2,2,2
10,130403000000040073,1,2,2,2,1,1,2,2,2,2,2,2,1
10,130403000000050092,1,2,2,1,2,1,1,2,2,2,2,2,2
10,130403000000070127,1,2,2,2,1,1,2,2,2,2,2,2,2
10,130403000000098002,1,2,2,2,2,1,2,2,1,2,2,2,2
10,130403000000100180,1,2,2,2,1,2,2,2,2,2,2,2,2
10,130403000000110199,1,2,2,2,1,1,2,2,2,2,2,2,2
10,130403000000120218,1,2,2,2,2,2,1,2,2,2,1,2,2
10,130403000000138001,1,2,2,1,2,1,1,2,2,2,1,2,2
10,130403000000160286,1,2,2,2,1,1,1,2,2,2,2,2,1
10,130901500100018003,1,1,2,1,2,1,2,2,2,2,2,2,1
10,130901500100050063,1,2,2,2,2,2,1,2,2,2,2,2,2
10,130901500100068001,1,2,2,2,2,1,2,2,2,2,2,2,2
10,130901500100080103,1,1,1,2,1,1,1,2,1,1,1,1,1
10,130901500100100127,1,2,2,1,1,1,2,2,2,2,2,2,2
10,130901500100130163,1,2,1,2,1,1,2,2,2,2,1,2,1
10,130901500100140176,1,2,2,2,2,1,2,2,1,2,2,2,2
10,131100600100028004,1,2,2,1,1,2,2,2,2,2,2,2,2
10,131100600100030052,1,2,2,1,1,1,1,2,1,2,1,1,2
10,131100600100040068,1,2,2,2,1,1,1,2,2,2,2,2,1
10,131100600100050081,1,2,2,2,1,1,2,2,2,2,1,2,1
10,131100600100070118,1,2,2,2,2,1,2,2,2,2,2,2,2
10,131100600100080136,1,2,2,2,2,2,1,2,2,2,2,2,2
10,131100600100090152,1,2,2,2,2,1,1,2,2,2,2,2,1
10,131100600100100171,1,2,2,2,1,1,1,2,2,2,1,2,1
10,131100600100118002,1,2,2,1,1,1,1,2,2,2,2,2,1
10,131100600100120205,1,2,2,2,1,1,1,2,2,2,2,2,1
10,131100600100160267,1,2,2,2,1,2,2,2,2,2,2,2,2
10,131100700000050076,1,2,2,2,2,1,2,2,2,2,2,2,2
10,131100700000120175,1,2,2,1,2,1,1,2,1,2,1,2,1
10,131100700000178004,1,2,2,2,1,1,1,2,2,2,2,2,1
10,131100700000180267,1,2,2,2,1,1,1,2,2,2,2,2,2
10,131100700000190282,1,2,2,2,2,1,1,2,2,2,1,2,1
10,131100700000200299,1,2,2,2,2,2,2,2,2,2,2,2,2
10,131200200100010022,1,2,2,2,2,1,1,2,2,2,2,2,2
10,131200200100020048,1,2,1,1,1,1,1,2,1,1,1,2,1
10,131200200100038002,1,2,1,2,1,1,1,2,1,2,2,2,1
10,131200200100040094,1,2,1,2,2,1,1,2,1,2,1,2,1
10,131200200100120252,1,2,2,2,1,1,1,2,2,2,2,2,1
10,131200200100130277,1,2,2,2,2,1,1,2,1,2,1,2,1
10,131200200100150317,1,2,2,2,2,2,2,2,2,2,2,2,1
10,131200200100160346,1,1,1,1,2,1,1,2,1,1,1,2,1
10,131200200100178003,1,2,1,1,1,1,2,2,2,2,2,2,1
10,131200200100190427,1,2,2,2,1,1,2,2,2,2,2,2,1
10,131201400200010020,1,2,2,1,2,1,2,2,2,2,1,2,1
10,131201400200040073,1,2,1,2,2,1,2,2,2,2,1,2,1
10,131201400200060110,1,2,2,2,2,2,2,2,2,2,2,2,1
10,131201400200090164,1,2,2,2,2,2,2,2,2,2,2,2,1
10,131201400200120217,1,2,2,2,2,2,2,2,2,2,2,2,1
10,131400600100018009,1,1,1,1,1,1,1,2,2,2,1,2,1
10,131400600100038003,1,2,2,2,2,1,2,2,2,2,2,2,1
10,131400600100048002,1,2,1,1,2,1,1,2,2,2,1,1,1
10,131400600100050072,1,2,1,2,1,1,2,2,2,2,2,2,1
10,131400600100068006,1,2,1,1,1,1,1,2,2,2,2,2,1
10,131400600100078008,1,1,1,2,2,1,1,2,1,2,1,2,1
10,131400600100088007,1,2,1,1,1,1,1,1,2,2,1,1,1
10,131400600100090130,1,2,2,2,2,1,2,2,2,2,2,2,2
10,131400600100100145,1,2,2,2,1,1,1,2,2,2,1,2,1
10,131400600100118004,1,2,2,2,2,1,1,2,2,2,1,2,1
10,131400600100128005,1,2,2,1,2,1,1,2,2,2,1,2,1
10,131400600100140198,1,2,2,2,2,1,1,2,2,2,2,2,1
10,131400600100160230,1,2,2,2,2,2,2,2,2,2,2,2,2
10,131400600100170244,1,2,2,2,1,2,2,2,2,2,2,2,1
10,131400600100180258,1,2,2,2,1,1,1,2,2,2,2,2,1
10,131400600100190275,1,2,2,2,2,1,2,2,2,2,2,2,1
10,131400600100200290,1,2,2,1,2,1,2,2,1,2,1,2,1
10,131400600100210305,1,2,2,1,2,1,1,2,2,2,1,2,1
10,131400600100228010,1,2,2,2,1,1,2,2,2,2,2,2,1
10,131400600100230334,1,2,1,1,2,1,1,2,1,2,1,1,1
10,131400600100250368,1,2,2,2,1,2,1,2,2,2,2,2,1
10,131500600200020077,1,1,2,2,2,1,1,2,2,2,2,2,2
10,131500600200030123,1,2,2,1,1,2,2,2,2,2,2,2,2
10,131500600200040168,1,2,2,2,2,2,2,2,2,2,2,2,2
10,131500600200058006,1,2,2,2,2,2,2,2,2,2,2,2,2
10,131501200100020038,1,2,2,2,1,1,1,2,2,2,2,2,1
10,131501200100030056,1,2,2,2,1,2,2,2,2,2,2,2,2
10,131501200100040073,1,2,2,2,1,1,2,2,2,2,2,2,1
10,131501200100060109,1,2,2,2,1,1,2,2,2,2,2,2,2
10,131501200100098005,1,2,2,2,2,1,2,2,2,2,2,2,1
10,131501200100108006,1,2,1,2,1,1,2,2,2,2,2,2,1
10,131501200100120225,1,2,1,2,1,1,1,2,2,2,1,2,1
10,131501200100130245,1,2,2,2,2,2,2,2,2,2,2,2,2
10,131501200100150285,1,2,2,2,2,1,2,2,1,2,2,2,1
10,131501200100168003,1,2,2,2,2,1,1,2,2,2,1,2,1
10,131501200100170323,1,2,2,1,1,1,1,2,2,2,2,2,1
10,131501200100188004,1,2,2,2,1,1,2,2,1,2,2,2,1
10,131501200100190360,1,2,1,1,1,1,2,2,2,2,2,2,1
10,131600100200018003,1,2,2,2,1,2,2,2,2,2,2,2,2
10,131600100200020022,1,2,2,2,2,1,1,2,2,2,2,2,2
10,131600100200030041,1,2,2,2,1,1,1,2,2,2,2,1,1
10,131600100200070114,1,2,2,2,2,1,1,2,2,2,1,2,1
10,131600100200080131,1,2,2,1,1,1,1,2,2,2,2,2,1
10,131900600000040048,1,2,2,2,2,1,2,2,2,2,2,2,2
10,131900600000050063,1,2,2,2,1,1,2,2,2,2,2,2,2
10,131900600000080107,1,2,2,2,2,1,1,2,2,2,1,2,2
10,131900600000090121,1,2,2,2,2,2,1,2,2,2,2,2,2
10,131900600000120164,1,2,2,2,2,2,2,2,2,2,2,2,1
10,131900900200030071,1,2,2,2,1,1,2,2,2,2,2,2,1
10,131900900200040094,1,2,2,2,2,2,2,2,2,2,2,2,2
10,131900900200090203,1,2,2,1,2,1,1,2,1,2,1,2,1
10,131900900200110248,1,2,2,2,1,1,1,2,2,2,2,2,2
10,131900900200160373,1,2,1,2,1,1,2,2,2,2,2,2,1
10,131900900200190441,1,2,2,2,1,1,2,2,2,2,1,2,1
10,132001500000030098,1,2,2,1,1,1,2,2,2,2,2,2,1
10,132003000000110195,1,2,2,2,1,1,2,2,2,2,2,2,2
10,132100100200050115,1,2,2,2,1,1,2,2,2,2,2,2,1
10,132100100200080192,1,2,2,1,2,1,1,2,2,2,2,2,1
10,132100100200090220,1,2,2,2,2,1,2,2,2,2,2,2,2
10,132100100200110273,1,2,1,1,1,1,1,2,2,2,2,1,1
10,132100100200140354,1,2,1,2,2,1,2,2,2,2,2,2,1
10,132100100200160410,1,2,2,2,1,1,1,2,1,2,2,2,2
10,132100100200180466,1,2,2,2,2,1,1,2,2,2,2,2,1
10,132100600200030040,1,2,2,2,1,1,1,2,2,2,2,2,2
10,132100600200040059,1,2,2,2,2,1,2,2,2,2,2,2,1
10,132100600200050079,1,2,2,2,1,2,1,2,2,2,1,2,2
10,132100600200060096,1,2,2,2,1,1,1,2,2,2,2,2,1
10,132100600200080132,1,2,2,2,2,1,2,2,2,2,2,2,1
10,132100600200100165,1,2,2,1,1,1,2,2,2,2,2,2,1
10,132100600200110184,1,2,2,2,1,1,2,2,2,2,2,2,1
10,132100600200120200,1,2,2,1,1,1,1,2,2,2,2,2,1
10,132100600200138001,1,2,2,2,2,2,2,2,2,2,2,2,1
10,132101800000010013,1,2,2,2,2,2,2,2,2,2,2,2,2
10,132101800000020032,1,2,2,2,1,1,1,2,2,2,2,2,2
10,132101800000048003,1,2,2,2,2,1,1,2,2,2,2,2,1
10,132101800000050088,1,2,2,2,1,1,1,2,2,2,2,2,2
10,132101800000080141,1,2,2,2,2,1,2,2,2,2,1,2,1
10,132101800000090159,1,2,2,2,1,2,2,2,2,2,2,2,2
10,132101800000100177,1,2,2,2,2,1,1,2,1,2,1,2,1
10,132101800000118001,1,2,2,2,2,1,2,2,2,2,2,2,1
10,132101800000138002,1,2,1,1,2,1,1,2,1,1,1,1,1
10,132102400100028001,1,2,1,2,1,1,1,2,2,2,2,2,1
10,132102400100030172,1,2,2,2,2,2,2,2,2,2,2,2,2
10,132102400100048002,1,2,2,1,2,1,2,2,2,2,2,2,1
10,132102400100058003,1,2,2,2,2,1,2,2,2,2,1,2,1
10,132102400100058006,1,2,2,1,2,1,2,2,2,2,1,2,1
10,132102400100080569,1,2,2,2,2,1,2,2,2,2,2,2,2
10,132200700100080171,1,2,2,2,1,1,2,2,2,2,2,2,2
10,132200700100100219,1,2,2,1,2,1,2,2,2,2,2,2,2
10,180200200000020023,1,2,1,1,2,1,1,2,1,2,2,2,1
10,180200200000030039,1,2,2,2,2,1,1,2,2,2,2,2,1
10,180200200000040055,1,2,2,2,2,2,2,2,2,2,2,2,1
10,180200200000050072,1,2,2,1,2,1,1,2,2,2,2,2,1
10,180200200000060088,1,2,2,2,2,2,2,2,2,2,2,2,2
10,180200200000070104,1,2,2,2,2,1,2,2,2,2,2,2,1
10,180200200000080117,1,2,2,1,1,2,1,2,2,2,2,2,1
10,180200200000090133,1,2,2,2,2,2,2,2,2,2,2,2,2
10,180200200000110159,1,2,2,2,2,1,2,2,2,2,2,2,1
10,180200200000130190,1,2,2,2,1,2,2,2,2,2,2,2,1
10,180200200000140205,1,2,2,2,2,1,2,2,2,2,2,2,1
10,180401100300018001,1,1,2,1,2,1,1,2,2,2,2,1,1
10,180401100300030070,1,2,1,1,2,1,2,2,2,2,2,2,1
10,180401100300048003,1,2,2,2,2,2,2,2,2,2,2,2,2
10,180401100300050120,1,1,1,1,2,1,1,1,2,2,2,1,1
10,180401100300060142,1,2,2,2,2,1,2,2,1,2,2,2,1
10,180401100300070162,1,2,2,2,2,1,1,2,1,2,2,2,1
10,180401100300080184,1,2,2,2,2,1,1,2,1,2,1,2,1
10,180401100300090204,1,1,1,1,1,1,1,2,2,2,1,2,1
10,180401100300100224,1,2,1,1,2,1,1,2,1,2,1,2,1
10,180401100300130291,1,2,2,1,1,1,1,2,1,2,1,2,1
10,180401100300170378,1,2,2,2,2,1,2,2,2,2,2,2,2
10,180401100300180398,1,2,2,1,1,1,1,2,2,2,2,2,1
10,180401100300198002,1,2,2,2,2,1,1,1,2,2,1,2,1
10,180401100300200441,1,2,2,1,1,1,1,2,1,2,1,2,1
10,180401100300210464,1,2,2,2,2,1,1,2,1,2,2,2,1
10,350100600000018001,1,2,1,2,1,1,1,2,1,2,1,2,1
10,350100600000020022,1,2,2,2,2,2,2,2,2,2,2,2,1
10,350100600000030041,1,2,2,2,1,1,2,2,1,2,2,2,1
10,350100600000040060,1,2,2,2,2,2,2,2,2,2,2,2,2
10,350100600000050080,1,2,1,2,1,1,2,2,2,2,2,2,1
10,350100600000060099,1,2,2,2,1,1,1,2,2,2,2,2,1
10,350100600000070119,1,2,2,2,2,2,2,2,2,2,2,2,2
10,350100600000080137,1,2,1,1,2,1,1,2,1,2,2,2,1
10,350100600000090155,1,2,2,1,2,1,1,2,1,2,2,2,1
10,350100600000120213,1,2,1,2,1,1,2,2,1,2,2,2,1
10,350100600000140253,1,1,2,2,1,1,2,2,2,2,2,2,1
10,350100600000150272,1,2,2,2,2,2,2,2,2,2,2,2,1
10,350100600000160292,1,2,2,2,2,1,2,2,2,2,2,2,1
10,350100600000170312,1,2,2,2,1,1,2,2,2,2,2,2,2
10,350100600000180331,1,2,2,1,2,1,2,2,1,2,2,1,1
10,350100600000190351,1,2,2,1,1,2,1,2,2,2,2,2,1
10,350100600000200370,1,2,2,2,1,2,2,2,2,2,2,2,2
10,350201500100010028,1,2,2,2,1,1,2,2,2,2,2,2,1
10,350201500100020047,1,2,2,2,1,1,2,2,2,2,2,2,1
10,350201500100030067,1,2,2,2,1,1,1,2,2,2,2,2,1
10,350201500100040087,1,1,1,1,1,1,1,2,1,2,2,2,1
10,350201500100060125,1,1,1,2,1,1,1,2,1,2,1,2,1
10,350201500100070145,1,1,1,1,1,1,1,2,2,2,1,2,1
10,350201500100088002,1,1,1,1,1,1,1,2,1,2,1,2,1
10,350201500100100207,1,2,2,2,1,2,2,2,2,2,2,2,1
10,350201500100118003,1,1,1,1,1,1,1,1,1,2,1,2,1
10,350201500100128001,1,2,1,1,1,1,1,2,1,2,2,2,1
10,350201500100130272,1,2,2,2,2,2,2,2,2,2,2,2,1
10,350201500100150310,1,2,2,2,1,1,2,2,1,2,2,2,1
10,350300300000010003,1,2,2,2,2,2,2,2,2,2,2,2,2
10,350300300000020022,1,2,2,2,2,1,2,2,1,2,2,2,2
10,350300300000040051,1,2,2,2,2,2,2,2,2,2,2,2,1
10,350300300000050066,1,2,2,2,2,2,2,2,2,2,2,2,2
10,350300300000060081,1,2,2,2,1,1,1,2,1,2,2,2,1
10,350300300000070095,1,2,2,1,2,1,1,2,1,2,1,2,1
10,350300300000098001,1,2,2,2,2,1,1,2,2,2,2,2,2
10,350300300000100137,1,2,2,2,1,2,2,2,2,2,2,2,2
10,350300300000118003,1,2,2,2,1,1,2,2,2,2,2,2,1
10,350300300000120167,1,2,1,2,1,1,1,1,1,2,2,2,2
10,350300300000150209,1,2,2,2,2,2,2,2,2,2,2,2,2
10,350300300000160224,1,1,1,1,1,1,1,1,1,1,1,1,1
10,350401500400020037,1,2,2,2,1,1,1,2,1,2,1,2,1
10,350401500400030061,1,2,2,1,2,1,2,2,2,2,2,2,1
10,350401500400048001,1,2,2,2,2,1,2,2,2,2,2,2,1
10,350401500400058002,1,2,2,1,2,1,1,2,2,2,2,2,1
10,350401500400060129,1,2,2,1,1,1,1,2,2,2,2,2,2
10,350401500400078003,1,2,1,1,1,1,2,2,2,2,2,2,1
10,350401500400080177,1,2,1,1,2,1,1,2,1,2,1,2,1
10,350401500400098004,1,2,2,1,1,1,2,2,1,2,2,1,1
10,350401500400100224,1,2,2,1,1,1,1,2,1,2,2,2,1
10,350401500400110249,1,2,1,2,2,1,1,1,1,2,2,1,1
10,350401500400120273,1,2,1,2,1,1,1,2,1,2,2,2,1
10,350401500400138005,1,1,1,1,2,1,1,2,1,2,2,1,1
10,350401500400140315,1,2,2,1,1,1,1,2,1,2,2,2,1
10,350401500400150339,1,2,2,1,1,1,1,2,1,2,1,1,1
10,350401500400180404,1,2,1,1,1,1,2,2,1,2,1,2,1
10,350401600100010016,1,1,1,1,1,1,1,1,1,1,1,1,1
10,350401600100028001,1,1,1,2,1,1,1,1,1,1,1,1,1
10,350401600100040059,1,2,1,1,1,1,1,1,1,2,1,1,1
10,350401600100058005,1,1,1,1,1,1,1,1,1,2,1,1,1
10,350401600100060084,1,1,1,1,1,1,1,1,1,2,1,1,1
10,350401600100090123,1,2,1,1,1,1,1,1,1,2,1,1,1
10,350401600100100135,1,2,2,2,1,1,1,1,1,1,2,2,1
10,350401600100110150,1,2,1,2,1,1,1,2,1,2,2,2,1
10,350401600100120163,1,2,1,1,2,1,1,1,1,2,1,2,1
10,350401600100130178,1,2,2,2,1,1,1,2,1,2,2,1,1
10,350401600100148003,1,2,2,1,1,1,1,2,1,2,2,1,1
10,350401600100150205,1,2,1,2,1,1,2,2,1,2,2,2,1
10,350401600100168004,1,1,1,1,1,1,1,1,1,2,1,2,1
10,350401600100170238,1,1,1,1,1,1,1,1,1,2,2,1,1
10,350401600100180258,1,1,1,2,1,1,1,2,1,1,1,2,1
10,350401600100190273,1,2,2,2,2,1,2,2,2,2,2,2,2
10,350401900100010012,1,2,1,2,1,1,2,2,2,2,2,2,1
10,350401900100028001,1,2,2,2,2,2,2,2,2,2,2,2,2
10,350401900100030040,1,2,2,2,2,2,2,2,2,2,2,2,2
10,350401900100040053,1,2,2,2,2,2,2,2,2,2,2,2,2
10,350401900100060081,1,2,2,2,2,1,2,2,2,2,2,2,1
10,350401900100090119,1,2,2,2,1,1,1,2,2,2,2,2,1
10,350401900100120161,1,2,2,2,2,1,2,2,2,2,2,2,2
10,350401900100130173,1,2,2,2,1,2,2,2,2,2,2,2,2
10,350401900100140186,1,2,2,2,1,1,1,2,2,2,2,2,1
10,350401900100160215,1,2,1,2,1,1,2,2,1,2,2,2,1
10,350402900000020032,1,2,2,2,2,2,2,2,2,2,2,2,2
10,350402900000030050,1,1,1,1,2,1,1,2,2,2,2,1,1
10,350402900000040068,1,2,2,1,2,1,1,2,2,2,2,2,1
10,350402900000050086,1,2,2,1,1,1,1,2,1,2,2,2,1
10,350402900000060104,1,2,1,1,1,1,1,2,1,2,2,2,1
10,350402900000070122,1,2,2,2,2,1,2,2,2,2,2,2,2
10,350402900000080140,1,2,2,2,1,1,1,2,2,2,2,2,2
10,350402900000090158,1,2,2,2,1,1,1,2,1,2,2,2,1
10,350402900000130230,1,2,2,2,1,1,2,2,1,2,2,2,1
10,350402900000150264,1,2,2,2,2,2,1,2,1,2,2,2,1
10,350402900000160282,1,2,2,2,2,2,2,2,2,2,2,2,1
10,350402900000180317,1,2,2,2,2,2,2,2,2,2,2,2,2
10,350403000700010015,1,2,2,1,1,1,1,2,1,2,2,1,1
10,350403000700020057,1,2,1,1,2,1,1,1,1,2,2,1,1
10,350403000700030103,1,1,2,2,1,1,1,1,1,2,1,2,2
10,350403000700048002,1,2,1,1,2,1,1,2,1,2,2,2,1
10,350403000700058003,1,2,1,1,2,1,1,2,1,1,2,1,1
10,350403000700060219,1,2,1,1,2,1,1,1,1,2,1,1,1
10,350403000700070255,1,2,2,1,1,1,1,2,1,2,2,1,1
10,350403000700080295,1,2,2,1,1,1,1,2,1,2,2,1,1
10,350403000700090340,1,2,1,1,1,1,1,1,1,2,2,2,1
10,350404600300010023,1,2,2,2,2,2,2,2,2,2,2,2,2
10,350404600300028001,1,2,1,1,1,1,1,1,1,2,1,2,1
10,350404600300030074,1,2,2,2,1,1,1,1,1,2,2,2,1
10,350404600300040100,1,2,2,2,2,1,2,2,2,2,2,2,2
10,350404600300050126,1,2,2,2,2,1,2,2,2,2,2,2,1
10,350404600300060153,1,2,2,1,2,1,1,2,2,2,2,2,1
10,350404600300078006,1,1,1,2,2,1,1,1,1,2,1,1,1
10,350404600300080205,1,2,1,1,1,1,1,2,2,2,2,1,1
10,350404600300098003,1,2,2,2,1,1,2,2,1,2,2,2,1
10,350404600300100262,1,2,2,1,2,1,2,2,1,2,2,2,1
10,350404600300110286,1,2,2,2,2,2,2,2,1,2,2,2,2
10,350404600300128005,1,2,1,2,1,1,2,2,1,2,2,2,1
10,350404600300130333,1,1,1,2,1,1,2,2,1,2,2,2,1
10,350404600300150386,1,2,2,1,1,1,2,2,1,2,2,1,1
10,350404600300160413,1,1,1,1,1,1,1,1,1,2,1,1,1
10,350902700100010021,1,2,2,2,2,1,1,2,1,2,2,2,2
10,350902700100020046,1,2,2,2,1,1,2,2,1,2,1,2,1
10,350902700100040097,1,2,2,2,2,1,1,1,1,2,2,2,1
10,350902700100100247,1,2,2,2,2,1,2,2,2,2,2,2,2
10,350902700100110273,1,2,2,2,1,1,1,2,2,2,1,2,1
10,350902700100120299,1,2,2,2,1,1,1,2,1,2,2,2,1
10,350902700100130326,1,2,1,1,1,1,1,1,1,2,1,1,1
10,351300300000010005,1,2,2,2,2,1,2,2,2,2,2,2,1
10,351300300000020011,1,2,2,2,2,2,2,2,2,2,2,2,2
10,351300300000030019,1,2,2,1,2,1,1,2,2,2,2,2,1
10,351300300000040027,1,2,2,2,2,1,1,2,2,2,2,2,1
10,351300300000050035,1,2,2,2,2,2,2,2,2,2,2,2,1
10,351300300000060043,1,2,2,2,2,2,2,2,2,2,2,2,1
10,351300300000070051,1,2,2,2,2,1,2,2,2,2,2,2,1
10,351300300000080059,1,2,2,2,2,2,2,2,2,2,2,2,2
10,351300300000100075,1,2,2,2,2,1,1,2,2,2,2,2,2
10,351300300000110083,1,2,2,2,1,2,2,2,2,2,2,2,2
10,351300300000120091,1,2,2,2,2,1,1,2,2,2,2,2,1
10,351300300000140107,1,2,2,2,2,1,2,2,2,2,2,2,2
10,351300500000010002,1,2,2,2,2,1,2,2,2,2,2,2,1
10,351900200200018001,1,2,2,2,2,1,1,2,2,2,2,2,2
10,351900200200020045,1,2,2,2,2,2,2,2,2,2,2,2,2
10,351900200200030068,1,2,2,2,2,2,2,2,2,2,2,2,2
10,351900200200060145,1,2,2,1,2,1,1,2,1,2,2,2,2
10,351900200200070170,1,2,2,2,1,2,2,2,2,2,2,2,2
10,351900200200088004,1,2,2,2,1,1,2,2,2,2,2,2,2
10,351900200200090219,1,2,2,2,2,1,2,2,2,2,2,2,1
10,351900200200100238,1,2,2,2,2,2,1,2,2,2,2,2,1
10,351900200200128005,1,2,2,1,2,1,2,2,1,2,2,2,2
10,351900200200130308,1,2,2,2,2,1,1,2,2,2,2,2,1
10,351900200200140334,1,2,2,2,2,1,2,2,2,2,2,2,2
10,352000400000020045,1,2,2,2,1,1,1,2,2,2,2,2,2
10,352000400000030069,1,2,1,2,1,1,1,2,2,1,2,2,2
10,352000400000040093,1,2,2,2,2,1,2,2,2,2,2,2,1
10,352000400000060142,1,2,2,2,1,1,2,2,1,2,2,2,1
10,352200800000010028,1,2,2,2,1,1,1,2,2,2,2,2,1
10,352200800000028004,1,2,2,2,2,2,2,2,2,2,2,2,2
10,352200800000030073,1,2,2,2,2,2,2,2,2,2,2,2,2
10,352200800000040095,1,2,2,2,1,1,2,2,2,2,2,2,1
10,352200800000060135,1,2,2,2,2,2,2,2,2,2,2,2,1
10,352200800000088001,1,1,2,1,1,1,1,2,2,2,2,2,1
10,352200800000100218,1,2,2,2,2,1,2,2,2,2,2,2,2
10,352200800000168002,1,2,2,2,2,1,2,2,2,2,2,2,1
10,352200800000178003,1,2,2,2,2,2,2,2,2,2,2,2,2
10,420502800000010015,1,2,1,2,2,1,1,2,1,2,1,2,1
10,420502800000020031,1,2,2,2,1,1,1,2,2,2,2,2,1
10,420502800000040061,1,2,1,2,1,1,2,2,1,2,2,2,1
10,420502800000050076,1,2,1,2,2,1,1,2,2,2,2,2,1
10,420502800000050077,1,2,2,1,1,1,1,2,1,2,1,2,1
10,420502800000060095,1,2,2,2,1,1,2,1,1,2,2,2,2
10,420502800000070109,1,2,2,2,1,2,2,2,2,2,2,2,1
10,420502800000080122,1,1,1,1,1,1,1,1,1,2,2,2,1
10,420502800000108003,1,2,2,2,1,1,2,2,1,2,2,2,1
10,420502800000110169,1,2,1,1,1,1,1,1,1,1,2,2,2
10,420502800000120183,1,1,2,1,2,1,1,1,1,2,2,2,1
10,420502800000130202,1,2,2,1,2,1,1,2,1,2,1,2,1
10,420502800000140219,1,2,2,2,1,1,1,2,2,2,2,2,1
10,420502800000160247,1,2,2,1,1,1,1,2,1,2,2,2,1
10,420701500000028009,1,2,2,1,1,1,2,2,1,2,2,2,1
10,420701500000048003,1,1,2,1,1,1,1,2,1,2,1,2,1
10,420701500000050077,1,2,1,1,1,1,1,2,1,2,1,2,1
10,420701500000060097,1,2,2,2,1,2,2,2,2,2,2,2,2
10,420701500000070115,1,1,1,1,1,1,1,1,1,2,1,1,1
10,420701500000088005,1,2,2,1,1,1,1,2,1,2,1,2,1
10,420701500000090150,1,2,2,2,1,1,1,1,1,2,1,1,1
10,420701500000100165,1,2,2,2,1,1,2,2,2,2,2,2,1
10,420701500000110181,1,2,2,2,1,1,2,2,2,2,2,2,1
10,420701500000128001,1,2,2,2,2,1,2,2,2,2,2,2,2
10,420701500000138004,1,2,1,2,1,1,1,2,1,2,2,2,1
10,420701500000140228,1,2,2,2,1,1,1,1,1,2,2,2,1
10,420701500000150242,1,2,2,2,1,1,1,2,2,2,2,2,1
10,420701500000168008,1,2,2,2,2,1,1,2,1,2,2,2,2
10,420701500000170277,1,2,2,2,1,1,1,2,2,2,2,2,1
10,420701500000190310,1,2,2,2,2,1,2,2,2,2,2,2,1
10,420701500000200328,1,2,2,2,1,1,2,2,2,2,2,2,1
10,420701500000210346,1,2,2,2,2,1,1,2,2,2,2,2,2
10,420901900100010207,1,2,2,2,1,2,2,2,2,2,2,2,2
10,420901900200018002,1,2,2,1,1,1,1,2,2,2,2,2,1
10,420901900200020022,1,2,2,2,1,1,1,2,2,2,2,2,1
10,420901900200028003,1,2,2,2,2,2,2,2,1,2,2,2,2
10,420901900200050065,1,2,2,2,1,1,1,2,1,2,2,2,1
10,420901900200080106,1,2,2,1,2,1,1,2,2,2,2,2,1
10,420901900200090121,1,2,2,2,2,1,2,2,1,2,2,2,1
10,420901900200100135,1,2,1,1,1,1,1,2,1,2,1,2,1
10,420901900200110150,1,2,1,2,1,1,1,2,2,2,2,1,1
10,420901900200120166,1,2,2,2,1,1,1,2,1,2,2,2,1
10,420901900200128004,1,1,2,1,1,1,2,2,2,2,2,2,1
10,420901900200130181,1,1,1,1,1,1,2,1,1,2,2,1,1
10,420901900200148001,1,2,2,2,2,1,1,2,2,2,1,2,1
10,420901900200150211,1,2,2,1,1,1,1,1,2,2,2,2,1
10,420901900200170239,1,2,2,2,2,2,2,2,2,2,2,2,1
10,420901900200190268,1,2,2,1,1,1,2,2,2,2,2,2,1
10,420901900200200283,1,2,2,1,1,1,1,2,1,2,2,2,1
10,421000200400018001,1,2,1,1,1,1,1,2,1,2,2,2,1
10,421000200400020037,1,2,2,2,2,1,1,2,1,2,2,2,1
10,421000200400030061,1,2,2,2,1,1,2,2,2,2,2,2,1
10,421000200400038002,1,2,2,2,1,1,2,2,2,2,2,2,1
10,421000200400040082,1,2,2,1,1,1,1,1,1,2,1,1,1
10,421000200400050104,1,1,1,1,1,1,1,1,1,2,2,1,1
10,421000200400060128,1,2,2,2,2,1,1,2,1,2,2,1,1
10,421000200400070151,1,2,2,1,2,1,1,2,2,2,2,2,1
10,421000200400080172,1,1,2,2,2,1,1,1,1,2,1,1,1
10,421000200400098012,1,2,2,2,1,1,1,2,2,2,2,2,1
10,421000200400120257,1,2,2,2,1,1,1,2,1,2,2,2,1
10,421000200400138004,1,1,1,2,2,1,1,2,1,2,2,2,1
10,421000200400150319,1,2,1,2,1,1,1,2,1,2,2,2,1
10,421000200400168015,1,1,1,1,2,2,2,2,1,2,2,2,2
10,421000200400170363,1,2,2,2,1,1,2,2,2,2,2,2,2
10,421000200400178014,1,2,2,1,1,1,1,2,1,2,2,2,1
10,421000200400178016,1,2,2,2,2,2,2,2,2,2,2,2,2
10,421000200400188010,1,2,2,1,1,1,1,2,2,2,2,2,1
10,421000200400198006,1,2,1,1,1,1,1,2,1,2,2,2,1
10,421000200400208007,1,2,1,1,2,2,1,2,1,2,2,2,1
10,421000200400220473,1,2,1,1,1,1,1,2,1,2,1,1,1
10,421000200400230492,1,2,2,1,1,1,1,1,1,2,1,1,1
10,421000200400248018,1,2,2,1,1,1,1,1,1,2,2,1,1
10,421000400100010015,1,2,2,2,2,2,2,2,2,2,2,2,1
10,421000400100030053,1,2,2,2,1,2,2,2,2,2,2,2,1
10,421000400100040074,1,2,2,2,2,2,2,2,2,2,2,2,1
10,421000400100058001,1,2,2,2,2,1,1,2,2,2,2,2,1
10,421000400100070135,1,2,2,2,2,1,2,2,2,2,2,2,1
10,421000400100088002,1,2,2,2,2,1,2,2,2,2,2,2,1
10,421000400100090178,1,2,2,2,1,1,2,2,2,2,2,2,2
10,421000400100100200,1,2,2,2,1,2,2,2,2,2,2,2,1
10,421000400100110222,1,2,2,2,1,1,2,2,2,2,2,2,1
10,421000400100120243,1,2,2,1,2,1,1,2,1,2,2,2,1
10,421000400100140283,1,2,2,2,2,1,2,2,2,2,2,2,2
10,421000400100150303,1,2,2,2,1,1,2,2,2,2,2,2,1
10,421000400100160325,1,2,2,2,2,1,2,2,2,2,2,2,1
10,421000400100170345,1,2,2,2,2,1,1,2,2,2,2,2,1
10,421000400100180367,1,2,2,2,1,1,2,2,2,2,2,2,1
10,421005200100010018,1,2,2,2,1,1,2,2,1,2,2,2,1
10,421005200100020032,1,2,2,1,1,1,2,2,2,2,2,2,2
10,421005200100030046,1,2,2,2,2,2,2,2,1,2,2,2,2
10,421005200100040060,1,2,2,1,1,1,1,1,1,2,2,2,1
10,421005200100050074,1,2,1,1,1,1,1,1,1,2,2,2,1
10,421005200100060088,1,1,1,1,1,1,1,1,1,2,2,2,1
10,421005200100070103,1,2,1,2,2,1,2,2,1,2,2,2,2
10,421005200100090127,1,2,1,2,2,1,2,2,2,2,2,2,1
10,421005200100090128,1,2,2,2,1,1,2,2,2,2,2,2,2
10,421005200100100142,1,2,2,2,1,1,1,2,2,2,2,2,1
10,421005200100130180,1,2,2,2,2,1,2,2,2,2,2,2,1
10,421005200100148002,1,2,1,2,1,1,1,2,1,2,1,2,1
10,421005200100150207,1,2,2,2,1,2,2,2,2,2,2,2,1
10,421005200100170238,1,1,1,2,1,1,1,2,1,2,1,2,1
10,421201200000010018,1,2,2,2,2,2,2,2,2,2,2,2,2
10,421201200000038001,1,2,2,2,2,1,2,2,1,2,2,1,2
10,421201200000040070,1,2,2,2,2,1,1,2,2,2,2,2,1
10,421201200000050087,1,2,2,2,1,1,1,2,1,2,1,2,1
10,421201200000060105,1,2,2,2,2,2,2,2,2,2,2,2,1
10,421201200000080137,1,2,2,2,2,2,2,2,2,2,2,2,1
10,421201200000090154,1,2,2,2,1,2,2,2,2,2,2,2,1
10,421201200000100170,1,2,2,1,1,1,1,2,1,2,1,2,1
10,421201200000110186,1,2,2,1,2,1,1,2,1,2,2,2,2
10,421201200000120207,1,2,2,2,2,1,1,2,1,2,2,2,1
10,421201200000130224,1,2,2,2,1,1,2,2,2,2,2,2,2
10,421201200000150256,1,2,2,2,1,2,2,2,2,2,2,2,1
10,421201200000160272,1,2,2,2,2,1,2,2,1,2,2,2,1
10,421401800100030056,1,2,2,1,1,1,1,2,2,2,1,2,1
10,421401800100040078,1,2,2,2,2,1,2,2,1,2,2,2,2
10,421401800100058001,1,2,1,1,1,1,1,2,1,2,2,2,1
10,421401800100060117,1,2,2,1,1,1,1,2,1,2,2,2,1
10,421401800100070137,1,2,2,2,2,2,2,2,2,2,2,2,2
10,421401800100080159,1,2,2,2,2,1,2,2,2,2,2,2,2
10,421401800100090180,1,2,2,2,1,2,2,2,2,2,2,2,2
10,421401800100100200,1,2,1,1,2,1,1,1,1,2,1,1,1
10,421500700000010017,1,2,2,2,2,1,2,2,2,2,2,2,1
10,421500700000020033,1,2,2,2,2,1,2,2,2,2,2,2,2
10,421500700000030051,1,2,2,2,2,1,2,2,2,2,2,2,1
10,421500700000060098,1,2,2,2,1,1,1,2,2,2,2,2,2
10,421500700000070116,1,2,2,2,1,1,2,2,2,2,2,2,1
10,421500700000080134,1,2,2,1,1,1,1,2,2,2,2,2,1
10,421500700000090152,1,2,2,2,1,1,2,2,2,2,2,2,1
10,421500700000120205,1,2,2,2,1,2,2,2,2,2,2,2,1
10,421500700000138001,1,2,2,2,1,1,2,2,1,2,2,2,2
10,421500700000140239,1,2,2,2,2,2,2,2,2,2,2,2,2
10,421500700000150256,1,2,2,2,2,1,2,2,2,2,2,2,1
10,421600200000010232,1,2,2,2,2,1,2,2,2,2,2,2,2
10,421600600000010006,1,2,2,2,2,1,2,2,2,2,2,2,1
10,421600600000020024,1,2,2,2,2,1,2,2,2,2,2,2,1
10,421600600000030039,1,2,2,2,2,2,1,2,1,2,2,2,1
10,421600600000058001,1,2,2,2,2,1,2,2,2,2,2,2,1
10,421600600000058002,1,2,2,2,2,2,2,2,2,2,2,2,2
10,421600600000060089,1,2,2,2,2,1,2,2,2,2,2,2,1
10,421600600000070105,1,1,1,1,1,1,1,2,1,2,1,2,1
10,421600600000080121,1,2,2,2,2,2,2,2,2,2,2,2,2
10,421600600000098003,1,2,2,2,2,2,2,2,2,2,2,2,2
10,421600600000100152,1,2,2,2,2,2,2,2,2,2,2,2,2
10,421600600000118004,1,2,2,2,2,1,2,2,2,2,2,2,1
10,421600600000120184,1,2,2,2,2,1,2,2,2,2,2,2,1
10,421600600000150235,1,2,2,2,2,1,2,2,2,2,2,2,1
10,421600600000160251,1,2,2,2,2,1,1,2,1,2,2,2,2
10,421600600000170267,1,2,2,1,1,1,2,2,2,2,2,2,1
10,421600600000180283,1,2,2,2,1,1,2,2,1,2,2,2,1
10,421600600000190299,1,2,2,2,2,2,2,2,2,2,2,2,1
10,430101000100010014,1,2,2,1,2,1,1,2,1,2,2,2,1
10,430101000100020030,1,2,2,2,1,1,2,2,2,2,2,2,1
10,430101000100048002,1,2,2,1,2,1,1,2,1,2,2,2,1
10,430101000100050077,1,2,2,1,2,1,1,1,1,2,1,2,1
10,430101000100060094,1,2,2,2,1,1,1,2,1,2,2,2,1
10,430101000100070110,1,2,2,2,1,2,2,2,2,2,2,2,2
10,430101000100080127,1,2,2,1,2,1,2,2,1,2,1,2,1
10,430101000100100159,1,2,2,1,2,1,1,2,1,2,2,2,1
10,430101000100110175,1,2,2,2,1,1,2,2,2,2,2,2,2
10,430101000100130207,1,2,2,1,2,1,1,2,2,2,2,2,1
10,430101000100140224,1,2,2,2,1,2,2,2,2,2,2,2,2
10,430101000100150240,1,2,2,1,1,1,1,2,1,2,1,2,1
10,430101000100168007,1,2,2,2,1,1,2,2,1,2,2,2,1
10,430101000100170273,1,2,2,1,1,1,1,2,2,2,2,2,1
10,430101000100180290,1,2,2,1,1,1,1,2,2,2,2,2,1
10,430200300100018001,1,2,2,2,2,1,1,2,2,2,2,2,1
10,430200300100028005,1,2,2,2,1,2,2,2,2,2,2,2,2
10,430200300100030056,1,2,1,1,1,1,1,2,2,2,2,2,1
10,430200300100040075,1,2,2,2,1,1,2,2,2,2,2,2,1
10,430200300100050095,1,2,2,2,2,2,2,2,2,2,2,2,2
10,430200300100068002,1,2,2,2,1,1,2,2,2,2,2,2,2
10,430200300100080152,1,2,2,1,1,1,2,2,1,2,2,2,1
10,430200300100148006,1,2,2,2,2,2,2,2,2,2,2,2,1
10,430200300100158004,1,2,2,1,2,1,2,2,2,2,2,2,1
10,430200300100160311,1,2,2,2,2,1,1,2,1,2,2,2,1
10,430200300100170327,1,2,2,2,1,1,1,2,2,2,2,2,1
10,430200300100180347,1,2,2,2,2,1,1,2,1,2,1,2,1
10,430202800000010018,1,2,2,1,1,1,2,2,2,2,2,2,1
10,430202800000030048,1,2,2,2,1,2,2,2,2,2,2,2,2
10,430202800000068001,1,2,2,2,1,2,2,2,2,2,2,2,1
10,430202800000090138,1,2,2,2,2,2,2,2,2,2,2,2,1
10,430202800000110171,1,2,2,2,2,2,2,2,2,2,2,2,1
10,430202800000150216,1,2,2,2,1,2,2,2,2,2,2,2,2
10,430202800000220324,1,2,2,2,1,2,2,2,2,2,2,2,1
10,430500100300010002,1,2,2,1,1,1,1,1,1,2,1,1,1
10,430500100300020017,1,2,2,1,2,1,1,1,1,2,2,2,1
10,430500100300070093,1,2,2,2,2,1,2,2,1,2,2,2,2
10,430500100300080107,1,2,1,2,2,1,1,1,1,2,1,1,1
10,430500100300090123,1,2,1,1,1,1,1,2,1,2,2,2,1
10,430500100300110152,1,2,2,1,1,1,1,2,1,2,1,2,1
10,430500100300120167,1,2,2,1,1,1,1,2,1,2,2,2,1
10,430500100300140194,1,2,2,2,2,1,2,2,1,2,2,2,2
10,430500100300150209,1,2,1,1,1,1,1,1,1,1,1,1,1
10,430500100300160225,1,2,2,2,1,1,2,2,2,2,2,2,1
10,430500100300170239,1,2,2,2,1,1,2,2,1,2,1,2,2
10,430500100300180254,1,2,2,1,1,1,2,2,1,2,2,2,1
10,430500100300200285,1,2,2,1,1,1,1,2,1,2,2,2,1
10,430500500300018001,1,2,1,1,2,1,1,1,1,2,1,1,1
10,430500500300020045,1,2,1,1,1,1,1,1,1,2,1,1,1
10,430500500300038010,1,1,1,1,2,1,1,1,2,2,2,1,1
10,430500500300040096,1,1,2,1,1,1,1,1,1,2,1,1,2
10,430500500300058005,1,1,1,1,2,1,1,1,2,2,2,1,1
10,430500500300060165,1,2,2,1,1,1,1,2,1,2,1,1,1
10,430500500300088003,1,2,2,1,2,1,1,1,1,2,2,1,1
10,430500500300098008,1,2,2,2,1,1,1,1,2,2,1,1,1
10,430500500300110344,1,1,1,1,2,1,1,1,2,2,2,1,1
10,430500500300120387,1,2,2,2,1,1,1,2,2,2,1,2,2
10,430500500300148011,1,2,2,2,2,1,2,2,1,2,2,2,1
10,430500500300158007,1,2,2,1,2,1,1,2,2,2,2,2,1
10,430502100200010010,1,2,2,2,2,1,2,2,1,2,2,2,2
10,430502100200060169,1,2,1,1,2,1,2,2,1,2,1,2,1
10,430502100200070202,1,2,1,1,2,1,2,2,1,2,2,1,1
10,430502100200088009,1,2,1,2,2,2,2,2,1,2,2,2,1
10,430502100200090253,1,2,1,1,1,1,1,2,1,2,2,2,1
10,430502100200098007,1,2,2,2,1,1,2,2,1,2,2,2,1
10,430502100200100285,1,2,2,1,2,1,2,2,1,2,2,2,1
10,430502100200110311,1,2,1,1,2,1,2,2,1,2,2,2,1
10,430502100200120349,1,2,2,2,2,1,2,2,1,2,2,2,1
10,430502100200140422,1,2,1,1,1,1,1,2,1,2,2,2,1
10,430502100200150464,1,2,2,1,1,1,1,2,2,2,2,2,1
10,430504100900010026,1,2,2,2,1,1,1,2,1,2,2,2,1
10,430504100900020088,1,2,1,1,2,1,1,2,1,2,1,1,1
10,430504100900038006,1,2,1,1,2,1,1,1,1,2,2,2,1
10,430504100900060049,1,2,2,1,1,1,1,1,1,2,1,1,1
10,430504100900088005,1,2,1,2,2,1,1,2,1,2,1,1,1
10,430504100900090275,1,1,2,1,1,1,1,1,1,2,1,1,1
10,430504200800010004,1,2,2,1,2,1,2,2,1,2,2,2,1
10,430504200800028001,1,2,2,2,2,1,1,2,1,2,2,2,1
10,430504200800048002,1,2,1,2,2,1,1,2,1,2,2,2,1
10,430504200800050219,1,2,2,2,2,1,1,2,2,2,2,2,1
10,430504200800060276,1,2,2,1,2,1,2,2,1,2,2,2,1
10,430504200800070341,1,2,2,2,1,1,2,2,2,2,2,2,1
10,430504200800080421,1,2,2,1,1,1,1,2,1,2,2,2,1
10,430504300200010023,1,2,2,2,1,1,2,2,2,2,2,2,1
10,430504300200020042,1,2,1,1,1,1,1,2,1,2,1,1,2
10,430504300200030060,1,1,2,1,1,1,1,2,1,2,1,1,1
10,430504300200058002,1,2,1,2,2,1,1,2,1,2,1,2,1
10,430504300200068003,1,2,2,2,1,1,1,2,2,2,2,2,1
10,430504300200070122,1,1,2,1,1,1,1,2,1,2,1,1,1
10,430504300200080135,1,2,2,2,1,1,1,1,2,2,1,1,1
10,430504300200098001,1,2,2,1,2,1,1,1,1,2,1,1,1
10,430504300200120203,1,2,2,2,1,1,1,2,1,2,1,2,1
10,430504300200140243,1,2,2,1,2,1,1,2,1,2,1,1,1
10,430504300200150260,1,2,2,2,2,1,2,2,2,2,2,2,1
10,430504300200170300,1,2,1,2,2,1,2,2,1,2,1,2,1
10,430504300200180320,1,2,1,2,1,1,1,2,1,2,2,2,1
10,430504400200018006,1,2,2,1,2,1,2,2,1,2,2,2,1
10,430504400200020019,1,1,1,1,2,1,1,1,1,1,1,1,1
10,430504400200048008,1,2,2,2,1,1,1,2,2,2,2,2,1
10,430504400200068007,1,2,2,1,2,1,1,2,1,2,2,1,1
10,430504400200070081,1,2,1,1,1,1,1,2,1,2,2,2,1
10,430504400200080099,1,2,2,2,1,1,1,1,2,2,2,2,1
10,430504400200090114,1,2,2,2,1,2,2,2,2,2,2,2,2
10,430504400200100128,1,2,2,2,2,1,2,2,2,2,2,2,2
10,430504400200110139,1,2,1,2,1,1,1,2,1,2,1,2,1
10,430504400200120153,1,2,2,2,1,1,2,2,1,2,2,2,1
10,430504400200130166,1,2,2,1,1,1,1,2,1,2,1,2,1
10,430504400200160206,1,2,2,2,2,1,2,2,2,2,2,2,1
10,430504400200170218,1,2,1,2,1,1,2,2,1,2,2,2,1
10,430504400200190252,1,2,2,1,2,1,2,2,1,2,2,2,1
10,430504400200190253,1,2,2,2,2,1,2,2,2,2,2,2,1
10,430504900600010052,1,2,1,1,2,2,1,1,1,2,2,1,1
10,430504900600020151,1,2,2,1,1,1,1,1,1,2,1,2,1
10,430504900600030267,1,2,2,1,1,1,1,2,1,2,2,2,1
10,430504900600050482,1,2,2,1,2,1,1,2,1,2,2,2,1
10,430504900600078003,1,1,1,2,2,1,2,2,1,2,2,2,1
10,430504900600080822,1,2,2,2,2,1,2,2,1,2,2,2,1
10,430505200900018001,1,2,1,2,2,1,2,2,2,2,2,2,2
10,430505200900020078,1,2,2,2,1,1,2,2,2,2,2,2,1
10,430505200900038003,1,2,2,2,1,1,2,2,1,2,2,2,1
10,430505200900060222,1,2,1,1,1,1,1,1,1,2,2,1,1
10,430505200900070258,1,2,1,1,1,1,1,1,1,2,1,1,1
10,430505200900080299,1,2,2,2,1,1,1,2,1,2,1,2,1
10,430505200900098002,1,2,2,1,2,1,1,1,1,2,2,1,1
10,430505200900100375,1,2,2,2,1,1,2,2,1,2,2,2,1
10,430505200900110413,1,2,2,1,2,1,1,1,1,2,1,1,1
10,430505200900120452,1,2,2,1,1,1,1,1,1,1,1,1,1
10,430505301800018003,1,2,1,2,2,1,2,2,1,2,2,2,1
10,430505301800028006,1,2,2,2,2,2,2,2,2,2,2,2,1
10,430505301800038001,1,2,1,2,2,2,2,2,1,2,2,2,1
10,430505301800040239,1,2,1,1,1,1,2,2,1,2,2,2,1
10,430505301800050287,1,2,2,2,2,2,1,2,1,2,2,2,1
10,430505301800068007,1,2,2,2,2,1,1,2,1,2,2,2,1
10,430505301800088005,1,2,2,1,2,1,1,2,2,2,2,2,1
10,430505301800090467,1,2,2,2,2,1,2,2,1,2,2,2,1
10,430505400300020021,1,2,2,2,2,1,1,2,1,2,2,2,1
10,430505400300030046,1,2,1,1,1,1,1,2,2,2,1,1,1
10,430505400300050090,1,1,2,2,1,1,1,2,1,2,1,2,1
10,430505400300060111,1,2,2,2,1,1,2,2,2,2,2,2,2
10,430505400300070134,1,2,2,2,2,1,2,2,1,2,1,2,1
10,430505400300098001,1,2,2,2,2,2,2,2,2,2,2,2,2
10,430505400300110233,1,2,2,2,2,2,2,2,2,2,2,2,2
10,430505400300130281,1,2,2,2,1,1,2,2,2,2,2,2,2
10,430505500100010066,1,2,2,2,1,2,2,2,2,2,2,2,1
10,430505500100028002,1,2,2,2,2,1,2,2,1,2,2,2,1
10,430505500100038003,1,2,2,1,2,1,2,2,1,2,2,2,1
10,430505500100040314,1,2,2,2,1,1,1,2,2,2,1,2,1
10,430505600100010037,1,2,1,1,1,1,1,1,1,2,1,1,1
10,430505600100020132,1,2,2,1,1,1,1,1,1,2,2,2,1
10,430505600100058001,1,2,2,1,1,1,1,2,1,2,2,2,1
10,430600200000020058,1,2,2,2,1,2,2,2,2,2,2,2,2
10,430600200000048001,1,2,2,2,1,1,1,2,2,2,2,2,1
10,430600200000050150,1,2,2,2,1,2,2,2,2,2,2,2,1
10,430600200000060181,1,2,2,2,1,2,2,2,2,2,2,2,1
10,430600200000080243,1,2,2,2,1,2,2,2,2,2,2,2,2
10,430600200000110336,1,2,2,2,1,2,2,2,2,2,2,2,2
10,430600200000128002,1,2,2,1,2,2,1,2,2,2,2,2,2
10,430600200000130398,1,2,1,1,1,2,1,2,2,2,2,2,1
10,430600200000140428,1,2,2,1,1,2,2,2,2,2,2,2,1
10,430600200000158003,1,2,2,2,1,2,2,2,2,2,1,2,2
10,430701500200010029,1,2,2,2,2,1,2,2,2,2,2,2,2
10,430701500200020050,1,2,2,1,1,1,1,2,2,2,2,2,1
10,430701500200038001,1,2,2,2,1,1,2,2,2,2,2,2,2
10,430701500200040089,1,2,2,2,2,1,1,2,2,2,2,2,1
10,430701500200050107,1,2,2,2,1,1,2,2,2,2,2,2,1
10,430701500200060127,1,2,2,2,2,1,2,2,2,2,2,2,2
10,430701500200070146,1,2,2,1,2,1,2,2,1,2,2,2,2
10,430701500200080164,1,2,1,1,1,1,2,2,1,2,1,2,1
10,430701500200090182,1,2,2,2,1,1,1,1,1,2,1,2,2
10,430701500200100201,1,2,2,1,1,2,2,2,1,2,2,2,1
10,430701500200110221,1,2,2,1,1,1,2,2,1,2,2,2,2
10,430701500200120241,1,2,2,2,1,1,2,2,2,2,2,2,2
10,430701500200130261,1,2,2,2,1,1,2,2,2,2,2,2,1
10,430701500200140281,1,2,2,1,1,1,1,2,2,2,2,2,1
10,430701500200150301,1,2,2,1,1,1,1,2,2,2,1,2,1
10,430701500200168002,1,2,2,1,1,1,1,2,2,2,1,2,1
10,430701500200178003,1,2,1,2,1,2,2,2,2,2,1,1,1
10,430701500200180356,1,2,2,2,1,1,2,2,2,2,2,2,1
10,430701500200190374,1,2,2,2,1,2,2,2,2,2,2,2,1
10,430701500200200394,1,2,2,2,1,1,2,2,2,2,2,2,1
10,430805100000010015,1,2,2,2,2,2,2,2,2,2,2,2,1
10,430805100000020043,1,2,2,2,2,2,2,2,1,2,2,2,1
10,430805100000030076,1,2,2,2,2,2,2,2,2,2,2,2,2
10,430805100000040107,1,2,2,2,2,2,2,2,2,2,2,2,2
10,430805100000070193,1,2,2,2,2,1,2,2,2,2,2,2,1
10,430805100000118001,1,2,1,1,2,1,1,2,1,2,1,2,1
10,430805100000120342,1,2,2,2,1,1,1,2,1,2,2,2,1
10,430805100000130374,1,2,2,1,1,1,1,1,1,2,2,1,1
10,430805100000140401,1,2,2,2,2,1,2,2,2,2,2,2,1
10,430805100000150430,1,2,2,1,1,1,1,2,2,2,2,2,1
10,430805100000180519,1,2,2,2,2,1,2,2,2,2,2,2,2
10,430805100000198005,1,2,2,2,2,2,2,2,2,2,2,2,1
10,430805100000208004,1,2,2,2,2,2,2,2,2,2,2,2,2
10,430805100000210612,1,2,2,2,1,1,2,2,1,2,2,2,1
10,430806900200010015,1,2,2,2,2,1,2,2,2,2,2,2,2
10,430806900200040074,1,2,1,1,2,1,1,2,1,2,1,2,1
10,430806900200068006,1,2,2,2,2,2,2,2,2,2,2,2,1
10,430806900200078005,1,2,2,2,2,2,2,2,2,2,2,2,2
10,430806900200090177,1,2,2,2,2,2,2,2,2,2,2,2,2
10,430806900200120237,1,2,2,2,2,1,1,2,1,2,2,2,1
10,430806900200130255,1,2,2,2,1,2,2,2,2,2,2,2,2
10,430806900200148002,1,2,2,2,2,2,2,2,2,2,2,2,1
10,430806900200168004,1,2,2,1,1,1,1,2,1,2,1,2,1
10,431000500000010023,1,2,2,1,1,1,1,2,1,2,2,2,1
10,431000500000070183,1,2,2,2,2,1,2,2,2,2,2,2,1
10,431000500000090234,1,2,2,1,1,1,1,2,1,2,1,2,1
10,431000500000100262,1,1,2,1,1,1,1,2,1,2,1,2,1
10,431000500000110283,1,1,1,1,1,1,1,1,1,2,1,1,1
10,431000500000120475,1,2,2,1,1,1,1,2,1,2,2,2,1
10,431000500000130333,1,2,2,2,1,1,2,2,2,2,2,2,1
10,431000500000160400,1,2,2,2,2,2,2,2,2,2,2,2,1
10,431000500000170429,1,2,2,1,2,1,2,2,2,2,2,2,1
10,431100700100010037,1,2,2,2,1,1,1,2,1,2,2,2,1
10,431100700100020081,1,2,2,2,1,1,1,2,1,2,1,2,1
10,431100700100030120,1,2,1,1,1,1,1,2,1,2,1,1,1
10,431100700100040160,1,2,2,1,1,1,1,1,1,2,1,1,1
10,431100700100050198,1,2,2,1,1,1,1,2,1,2,1,2,2
10,431100700100060239,1,2,2,2,1,2,2,2,2,2,2,2,2
10,431100700100078002,1,2,2,2,2,2,2,2,2,2,2,2,1
10,431100700100090360,1,2,2,2,1,1,1,2,1,2,2,2,1
10,431100700100100398,1,2,2,1,1,1,2,2,1,2,2,2,1
10,431100700100110437,1,2,2,1,1,1,1,2,1,2,1,1,1
10,431100700100120022,1,2,2,2,1,2,2,2,2,2,2,2,2
10,431100700100138006,1,2,2,2,1,1,2,2,1,2,2,2,1
10,431100700100148007,1,2,2,2,1,2,2,2,2,2,2,2,1
10,431100700100158005,1,2,2,2,1,1,1,2,1,2,2,2,1
10,431100700100160183,1,2,1,1,1,1,1,1,1,2,2,1,1
10,431100700100178001,1,2,2,1,1,1,2,2,1,2,2,2,1
10,431100700100190301,1,2,2,1,1,1,1,2,1,2,2,2,1
10,431100700100200342,1,2,1,1,1,1,1,1,1,2,1,1,1
10,431100700100210382,1,2,2,2,2,1,1,1,1,2,1,2,1
10,431100700100220421,1,2,2,1,2,1,1,2,1,2,1,1,1
10,431100700100230461,1,2,2,2,1,1,1,2,2,2,2,2,1
10,431600700200020050,1,2,2,2,1,2,2,2,2,2,2,2,1
10,431600700200050149,1,2,1,1,1,1,1,1,1,2,1,1,1
10,431600700200060181,1,1,2,1,1,1,1,2,1,2,2,2,1
10,431600700200080243,1,2,2,2,1,1,2,2,2,2,2,2,1
10,431600700200090278,1,2,2,2,1,1,1,2,1,2,2,2,1
10,431600700200100307,1,2,2,2,2,2,2,2,2,2,2,2,2
10,431600700200118001,1,2,2,1,1,1,1,2,1,2,2,2,1
10,431600700200120370,1,2,2,2,1,1,2,2,2,2,2,2,1
10,431600700200130404,1,2,1,1,1,1,1,1,1,2,2,1,1
10,431600700200140437,1,2,2,2,2,1,2,2,2,2,2,2,1
10,431600700200150473,1,2,2,1,1,1,1,2,1,2,1,1,1
10,431800700000040075,1,2,2,1,1,1,1,1,1,2,1,2,1
10,431800700000050094,1,2,2,2,1,2,1,2,2,2,2,2,1
10,431800700000060111,1,2,2,2,2,1,2,2,2,2,2,2,1
10,431800700000070128,1,2,2,2,2,1,2,2,2,2,2,2,2
10,431800700000090163,1,2,2,2,2,1,2,2,2,2,2,2,1
10,431800700000100183,1,2,2,2,2,1,1,2,2,2,2,2,1
10,431800700000110201,1,2,2,2,2,2,2,2,2,2,2,2,1
10,431800700000170319,1,1,1,1,1,1,1,2,1,2,2,2,1
10,431800700000180339,1,2,2,2,1,1,2,2,2,2,2,2,1
10,431801200100010004,1,2,2,2,2,2,2,2,2,2,2,2,1
10,431801200100060092,1,2,2,2,1,2,1,2,1,2,1,2,1
10,431801200100110177,1,2,2,2,2,1,2,2,2,2,2,2,1
10,431801200100120195,1,2,2,2,2,2,2,2,2,2,2,2,2
10,432201100100020050,1,2,2,1,2,1,1,2,1,2,1,2,2
10,432201100100040097,1,2,2,2,1,1,1,2,1,2,1,2,1
10,432201100100050121,1,2,1,1,1,1,1,2,1,2,2,1,1
10,432201100100060141,1,2,2,2,2,1,2,2,2,2,2,2,1
10,432201100100080189,1,2,1,1,1,1,1,2,1,2,1,1,1
10,432201100100138001,1,2,2,1,1,1,2,2,2,2,1,2,2
10,432201100100140326,1,2,2,2,1,2,2,2,2,2,2,2,1
10,432201100100150350,1,2,2,2,2,2,2,2,2,2,2,2,2
10,432201100100168003,1,2,2,2,1,2,2,2,2,2,2,2,2
10,432201100100170397,1,2,2,2,1,1,1,2,1,2,2,2,1
10,432201100100180420,1,2,2,2,2,2,2,2,2,2,2,2,2
10,432201100100190451,1,2,2,1,1,1,1,1,1,1,2,1,1
10,432201100100210495,1,2,2,2,1,2,2,2,2,2,2,2,2
10,432201100100228002,1,2,1,2,2,1,2,2,2,2,2,2,2
10,432201100100230542,1,2,2,2,2,1,1,2,2,2,2,2,1
10,432201100100240566,1,2,2,2,2,1,2,2,2,2,2,2,1
10,432201100100250589,1,2,2,2,1,2,2,2,2,2,2,2,2
10,432201100100280662,1,2,1,1,2,1,1,2,1,2,2,2,1
10,432201100100290686,1,2,2,1,2,1,1,2,2,2,1,2,1
10,432201100100300709,1,1,1,1,2,1,1,2,1,2,2,2,1
10,432501500000020040,1,2,2,2,1,2,2,2,2,2,2,2,1
10,432501500000030062,1,2,2,1,2,1,1,2,1,2,2,2,1
10,432501500000040084,1,2,2,2,1,2,2,2,2,2,2,2,1
10,432501500000050105,1,2,2,1,1,1,1,2,1,2,1,1,2
10,432501500000060127,1,2,2,2,2,2,2,2,2,2,2,2,1
10,432501500000070150,1,2,2,2,2,2,2,2,1,2,2,2,2
10,432501500000080170,1,2,2,2,2,2,1,2,2,2,2,2,2
10,432501500000090191,1,2,2,2,2,1,2,2,2,2,2,2,1
10,432501500000100213,1,2,2,2,2,1,2,2,2,2,2,2,2
10,432501500000120255,1,2,2,2,1,1,1,2,2,2,2,2,1
10,432501500000130277,1,2,2,1,1,1,1,2,1,2,1,2,1
11,230100400000010016,1,2,2,2,2,2,2,2,2,2,2,2,2
11,230100400000028002,1,2,2,2,1,2,2,2,2,2,2,2,2
11,230100400000040072,1,2,2,2,1,1,1,2,1,2,2,2,2
11,230100400000050091,1,2,2,2,2,2,2,2,2,2,2,2,2
11,230100400000060110,1,2,2,1,1,1,2,2,2,2,2,2,2
11,230100400000090166,1,2,2,2,1,1,2,2,2,2,2,2,1
11,230100400000110205,1,2,2,2,2,2,2,2,2,2,2,2,2
11,230100400000150281,1,2,2,2,2,2,2,2,2,2,2,2,2
11,230100400000160300,1,2,2,2,2,2,2,2,2,2,2,2,2
11,230100400000170319,1,2,2,2,2,2,2,2,2,2,2,2,2
11,230100900000010011,1,2,2,2,2,2,2,2,2,2,2,2,2
11,230102900000030046,1,2,2,2,1,1,2,2,2,2,2,2,2
11,230102900000058003,1,2,2,2,2,1,2,2,1,2,2,2,1
11,230102900000060097,1,2,2,2,2,2,2,2,2,2,2,2,2
11,230102900000070114,1,2,2,2,1,1,2,2,2,2,2,2,2
11,230102900000088001,1,2,2,1,2,1,1,2,1,2,2,2,2
11,230102900000090148,1,2,2,2,2,1,2,2,2,2,2,2,2
11,230102900000100165,1,2,2,1,1,1,1,2,1,2,1,1,1
11,230102900000110182,1,2,2,2,2,2,2,2,2,2,2,2,2
11,230102900000128004,1,2,2,1,2,1,1,2,1,2,2,2,2
11,230102900000130216,1,2,2,2,2,1,2,2,2,2,2,2,2
11,230102900000140233,1,2,2,2,1,1,2,2,2,2,2,2,2
11,230102900000150250,1,2,2,2,1,1,1,2,1,2,2,2,1
11,230102900000160267,1,2,2,1,1,1,2,2,2,2,2,2,1
11,230102900000170284,1,2,2,2,2,2,2,2,2,2,2,2,2
11,230300600000010033,1,2,2,1,1,1,2,2,1,2,2,2,1
11,230300600000020050,1,2,2,2,2,1,2,2,1,2,2,2,1
11,230300600000030070,1,2,2,2,2,1,1,2,2,2,2,2,1
11,230300600000040090,1,2,2,2,2,1,1,2,2,2,2,2,1
11,230300600000058002,1,2,2,2,2,1,1,2,1,2,2,2,1
11,230300600000060131,1,2,2,1,2,1,1,2,1,2,2,2,1
11,230300600000078003,1,2,2,2,2,1,1,2,1,2,2,2,1
11,230300600000080173,1,2,2,2,2,1,2,2,1,2,2,2,1
11,230300600000090194,1,2,2,2,2,1,2,2,1,2,2,2,1
11,230300600000100215,1,2,2,2,2,1,1,2,2,2,2,2,1
11,230300600000110235,1,2,2,2,2,1,2,2,1,2,2,2,1
11,230300600000120256,1,2,2,2,2,1,2,2,1,2,2,2,1
11,230300600000130277,1,2,2,2,2,2,1,2,1,2,2,2,1
11,230300600000140300,1,2,2,2,1,1,2,2,1,2,2,2,1
11,230300600000160343,1,2,2,2,2,2,2,2,2,2,2,2,2
11,230300600000168004,1,2,2,2,1,1,2,2,2,2,2,2,1
11,230502100400010001,1,2,1,1,1,1,1,2,2,2,1,2,1
11,230502100400028003,1,2,2,1,1,1,1,2,1,2,2,2,1
11,230502100400028004,1,2,2,2,2,2,2,2,2,2,2,2,1
11,230502100400030156,1,2,1,1,2,1,1,2,1,2,1,2,1
11,230502100400040228,1,2,2,2,2,1,2,2,1,2,2,2,2
11,230502100400058005,1,2,1,1,2,1,1,2,1,2,2,2,1
11,230502100400058006,1,2,1,2,2,1,2,2,1,2,2,2,1
11,230502100400058007,1,2,2,2,1,1,2,2,2,2,2,2,1
11,230502100400068008,1,2,2,1,2,1,2,2,1,2,2,2,1
11,230502100400070435,1,2,1,1,2,1,1,2,1,2,2,2,1
11,230502100400080499,1,2,1,1,2,1,1,2,1,2,1,2,1
11,230502100400090561,1,2,1,1,2,1,2,2,1,2,2,2,1
11,230502100400100628,1,2,2,1,2,1,1,2,1,2,2,2,1
11,230502100400110692,1,1,2,1,2,1,1,2,1,2,1,2,1
11,230502100400128002,1,2,2,2,1,1,2,2,1,2,2,2,1
11,230503200000030044,1,2,2,2,2,1,1,2,2,2,2,2,2
11,230503200000050076,1,2,2,2,1,1,2,2,2,2,2,2,1
11,230503200000060094,1,2,2,2,1,1,2,2,2,2,2,2,2
11,230503200000080126,1,2,2,2,2,1,2,2,2,2,2,2,2
11,230503200000098002,1,2,2,2,1,1,2,2,2,2,2,2,2
11,230503200000108005,1,2,2,2,1,1,2,2,2,2,2,2,1
11,230503200000128006,1,2,2,2,2,2,2,2,2,2,2,2,2
11,230503200000130213,1,2,2,2,2,1,1,2,2,2,2,2,1
11,230503200000148004,1,2,2,2,2,2,2,2,2,2,2,2,2
11,230503200000150249,1,2,2,2,1,1,1,2,2,2,2,2,1
11,230503200000160267,1,2,2,2,1,1,2,2,2,2,2,2,2
11,231401400200010024,1,2,2,2,1,1,1,2,1,2,2,2,1
11,231401400200020049,1,2,2,2,2,1,2,2,2,2,2,2,1
11,231401400200070162,1,2,2,2,2,1,1,2,1,2,2,1,1
11,231401400200080186,1,2,2,2,2,1,2,2,2,2,2,2,2
11,231401400200090210,1,2,2,2,1,1,1,2,2,2,2,2,1
11,231401400200100234,1,2,2,2,1,1,2,2,2,2,2,2,2
11,231401400200120282,1,2,2,2,1,1,2,2,2,2,2,2,2
11,231401400200130307,1,2,1,1,2,1,1,1,1,2,1,2,1
11,231401400200140330,1,2,2,2,2,1,2,2,2,2,2,2,1
11,231401400200160375,1,2,2,2,2,1,2,2,2,2,2,2,2
11,231401400200178003,1,2,2,2,1,1,1,2,2,2,2,2,2
11,231401400200180422,1,2,2,2,1,1,1,2,1,2,2,2,1
11,231401400200198001,1,2,2,2,1,1,1,2,2,2,2,2,1
11,231401400200200471,1,2,2,2,1,1,1,2,2,2,2,2,1
11,231401400200210494,1,2,1,2,2,1,2,2,2,2,2,2,2
11,231401400200220515,1,2,1,1,2,1,1,1,1,2,2,2,1
11,231401400200230540,1,2,2,2,2,2,2,2,2,2,2,2,2
11,231401400200240565,1,2,2,2,1,1,2,2,2,2,2,2,2
11,231401400200250588,1,2,2,1,2,1,1,2,1,2,2,2,1
11,231401400200260609,1,2,1,2,1,1,1,2,1,2,2,2,1
11,231502100100020048,1,2,2,2,1,1,2,2,1,2,2,2,2
11,231502100100030074,1,2,2,2,2,1,1,2,2,2,2,2,2
11,231502100100040099,1,2,1,1,1,1,1,2,1,2,2,2,1
11,231502100100050121,1,2,2,1,1,2,1,2,2,2,2,2,2
11,231502100100060145,1,2,2,2,1,1,1,2,1,2,2,2,1
11,231502100100070167,1,2,1,1,1,1,1,2,2,2,1,2,1
11,231502100100120285,1,2,2,1,2,1,2,2,2,2,1,2,2
11,231502100100150355,1,2,1,1,2,1,1,2,1,2,2,1,1
11,231502100100160378,1,2,2,2,2,1,2,2,2,2,2,2,2
11,231502100100170403,1,2,2,1,1,1,1,2,1,2,2,2,2
11,231502100100180430,1,2,2,2,2,2,2,2,2,2,2,2,1
11,231502100100198003,1,2,2,2,1,1,2,2,2,2,2,2,2
11,231502100100200477,1,2,2,1,2,1,1,2,1,2,1,2,1
11,231502100100218007,1,2,2,2,1,2,1,2,2,2,2,2,1
11,231502100100228004,1,2,2,2,1,1,1,2,1,2,2,2,1
11,231502100100248005,1,2,2,2,1,1,1,2,1,2,2,2,1
11,231502900500010010,1,2,2,1,1,1,1,2,1,2,2,2,2
11,231502900500038001,1,2,2,2,1,1,1,2,1,2,2,2,2
11,231502900500040066,1,2,1,2,2,1,1,2,1,2,2,2,2
11,231502900500058007,1,2,1,2,2,1,1,2,1,2,2,1,1
11,231502900500060105,1,2,2,1,2,1,1,2,1,2,2,2,1
11,231502900500070126,1,2,1,1,2,1,2,2,2,2,1,2,2
11,231502900500080144,1,2,2,1,1,1,1,2,1,2,2,2,1
11,231502900500090160,1,2,2,1,1,1,1,2,1,2,1,1,1
11,231502900500100176,1,2,2,1,2,1,1,2,2,2,1,1,1
11,231502900500130225,1,2,2,2,1,1,1,2,1,2,2,2,2
11,231502900500140245,1,2,2,2,1,1,1,2,1,2,2,2,1
11,231502900500150263,1,2,2,1,2,1,1,2,2,2,1,2,1
11,231502900500170298,1,2,2,1,2,2,1,2,2,2,2,2,1
11,231502900500178005,1,2,2,1,2,1,1,2,1,2,2,2,2
11,231502900500188009,1,2,2,1,2,1,1,2,1,2,2,2,1
11,231502900500200352,1,2,1,1,1,1,2,2,1,2,2,2,1
11,231502900500210370,1,2,2,2,1,2,2,2,1,2,2,2,1
11,231502900500230404,1,2,1,1,1,1,1,2,1,1,1,1,1
11,231502900500240421,1,2,2,2,2,2,2,2,1,2,2,2,1
11,231502900500248008,1,2,2,2,2,2,2,2,1,2,2,2,2
11,231502900500250440,1,2,2,2,1,1,2,2,1,2,2,2,1
11,231502900500260460,1,2,2,1,2,1,1,2,1,2,1,2,1
11,231502900500270478,1,2,2,2,2,1,1,1,2,2,2,1,1
11,231502900500280496,1,2,2,1,1,1,1,1,1,1,1,2,1
11,231502900500290517,1,2,2,1,2,1,1,2,1,2,2,2,1
11,231502900500300538,1,2,1,1,2,1,1,1,1,2,1,2,1
11,231503500100020032,1,2,2,1,2,1,1,2,1,2,2,2,2
11,231503500100030047,1,2,2,2,1,1,2,2,2,2,2,2,2
11,231503500100040061,1,2,2,2,1,1,1,2,1,2,2,2,2
11,231503500100050072,1,2,2,2,2,1,2,2,2,2,2,2,2
11,231503500100060087,1,2,2,2,1,1,2,2,1,2,2,2,2
11,231503500100070101,1,2,2,1,1,2,1,2,1,1,1,2,2
11,231503500100080116,1,2,2,1,2,1,1,2,1,2,1,1,2
11,231503500100110161,1,2,2,2,2,1,2,2,2,2,2,2,1
11,231503500100130191,1,2,2,1,2,1,1,2,1,2,2,2,1
11,231503500100140206,1,2,2,2,1,2,1,2,2,2,2,1,2
11,231503500100150221,1,2,2,1,2,1,1,2,1,2,2,2,1
11,231503500100168001,1,2,2,2,2,1,2,2,1,2,2,2,1
11,231503500100180266,1,2,1,1,2,1,1,2,1,2,1,2,2
11,231503500100198002,1,2,2,1,2,1,1,2,1,2,1,2,2
11,231700100000018001,1,2,2,1,2,1,2,2,2,2,1,2,1
11,231700100000020043,1,2,1,2,2,1,1,2,2,2,2,2,1
11,231700100000030065,1,2,2,2,2,1,1,2,2,2,2,2,1
11,231700100000048002,1,2,2,1,1,1,2,2,1,2,1,2,1
11,231700100000050111,1,2,2,2,1,1,2,2,1,2,2,2,1
11,231700100000060131,1,2,2,1,2,1,2,2,2,2,1,2,1
11,231700100000080178,1,2,2,2,2,1,1,2,2,2,1,2,1
11,231700100000090201,1,2,2,1,2,1,2,2,1,2,2,2,1
11,231700100000120267,1,2,2,2,1,1,2,2,2,2,2,2,1
11,231700100000130290,1,2,2,2,1,1,2,2,2,2,2,2,2
11,231801100100018002,1,2,2,2,1,1,1,2,2,2,2,2,1
11,231801100100020108,1,2,2,2,1,1,2,2,2,2,2,2,1
11,231801100100028003,1,2,2,2,2,1,2,2,2,2,2,2,2
11,231801100100030169,1,2,2,2,1,1,2,2,2,2,2,2,1
11,231801100100048001,1,2,1,1,1,1,1,2,1,2,1,2,1
11,231801100100050287,1,2,2,2,1,1,1,1,1,2,2,2,1
11,231801100100060346,1,2,1,1,1,1,1,1,1,2,1,2,1
11,231801100100070406,1,2,1,1,1,1,1,1,1,2,2,1,1
11,231801100100080465,1,2,2,2,1,1,2,2,2,2,2,2,1
11,231801100100098005,1,2,2,2,2,1,1,2,1,2,2,2,1
11,231801100100100583,1,2,2,2,2,1,1,2,2,2,2,2,1
11,231801100100118004,1,2,1,1,2,1,1,2,1,2,2,2,1
11,231901100900010015,1,2,1,1,1,1,1,2,1,2,1,2,1
11,231901100900020042,1,2,2,2,1,1,1,2,1,2,2,2,1
11,231901100900030070,1,2,1,1,2,1,1,1,1,2,1,1,1
11,231901100900048001,1,1,1,2,1,1,1,1,1,2,1,2,1
11,231901100900050126,1,2,1,2,1,1,1,1,1,2,1,1,1
11,231901100900060153,1,2,1,1,1,1,1,2,1,2,1,2,1
11,231901100900070177,1,2,1,1,1,1,1,1,1,2,1,2,1
11,231901100900080203,1,2,1,2,2,1,1,2,1,2,1,2,2
11,231901100900090231,1,2,2,2,2,1,1,2,1,2,2,2,1
11,231901100900108006,1,2,1,1,2,1,1,2,1,2,2,2,1
11,231901100900118002,1,2,1,1,1,1,1,2,1,2,2,2,1
11,231901100900128001,1,2,2,1,1,1,1,2,1,2,1,2,2
11,231901100900138004,1,1,1,1,1,1,1,2,1,2,1,2,1
11,231901100900140365,1,1,1,1,1,1,1,1,1,2,1,1,1
11,231901100900150391,1,2,2,2,1,1,1,2,1,2,2,2,1
11,231901100900160419,1,2,2,2,2,1,1,2,1,2,2,2,1
11,231901100900170444,1,2,2,1,2,1,1,1,1,2,2,1,1
11,231901100900180471,1,2,1,1,1,1,1,1,2,2,1,1,1
11,231901100900198005,1,2,2,1,2,1,1,2,1,2,2,2,1
11,231902200600010016,1,2,2,1,1,1,1,2,1,2,2,2,1
11,231902200600028004,1,2,1,1,1,1,1,1,1,2,1,2,1
11,231902200600038002,1,1,1,1,1,1,1,1,2,1,1,1,2
11,231902500200038006,1,2,2,2,2,1,2,2,1,2,2,2,1
11,231902500200048010,1,2,2,1,1,1,1,1,1,2,1,2,1
11,231902500200050134,1,2,1,1,2,1,1,2,1,2,1,1,2
11,231902500200060163,1,2,2,1,1,1,1,2,1,2,2,2,1
11,231902500200078004,1,2,2,2,2,1,1,2,2,2,2,2,2
11,231902500200080219,1,2,2,2,2,2,2,2,1,2,2,2,2
11,231902500200098001,1,2,2,2,1,2,1,2,2,2,2,2,1
11,231902500200100276,1,2,2,1,2,1,2,2,1,2,1,2,1
11,231902500200118009,1,2,2,1,2,2,1,2,1,2,2,2,1
11,231902500200120336,1,2,2,1,1,1,1,2,1,2,1,1,1
11,231902500200138002,1,2,2,2,2,1,1,2,1,2,2,2,1
11,231902500200140398,1,2,1,1,1,1,1,1,1,2,1,1,1
11,232300500100010030,1,2,2,2,2,1,1,2,1,2,2,2,2
11,232300500100028001,1,2,2,2,1,1,2,2,2,2,2,2,2
11,232300500100030126,1,2,2,2,1,1,2,2,1,2,2,2,1
11,232300500100088003,1,2,1,2,1,1,1,2,1,2,2,2,2
11,232300500100090097,1,2,2,1,1,1,1,2,2,2,2,2,1
11,232300500100100147,1,2,2,1,1,1,1,2,1,2,2,2,1
11,232300500100110190,1,2,1,2,2,1,1,2,1,1,2,2,2
11,232300500100120235,1,2,1,2,2,1,1,2,1,2,1,2,2
11,232300500100158005,1,2,2,2,2,2,2,2,2,2,2,2,2
11,240102500100010022,1,2,2,1,2,1,1,2,1,2,1,2,2
11,240102500100028001,1,2,2,2,1,1,1,2,2,2,2,2,2
11,240102500100030051,1,2,2,2,2,2,2,2,2,2,2,2,2
11,240102500100040066,1,2,2,2,2,1,2,2,2,2,2,2,2
11,240102500100058006,1,2,2,2,2,1,1,2,1,2,2,2,2
11,240102500100060098,1,2,1,2,2,1,2,2,2,2,2,2,2
11,240102500100090139,1,2,2,2,2,2,2,2,2,2,2,2,2
11,240102500100100152,1,2,2,2,2,1,2,2,2,2,2,2,2
11,240102500100120181,1,2,2,1,1,1,1,2,1,2,1,2,2
11,240102500100140213,1,2,2,2,1,1,1,2,1,2,2,2,2
11,240102500100150230,1,2,2,2,2,1,2,2,2,2,2,2,2
11,240102500100160247,1,2,1,2,2,1,1,2,2,2,2,2,2
11,240102500100178002,1,2,2,2,1,1,2,2,2,2,2,2,2
11,240102500100188005,1,2,2,1,1,1,1,2,1,2,1,1,2
11,240102500100190294,1,2,2,2,1,1,2,2,2,2,2,2,2
11,240102500100200313,1,2,2,2,2,1,1,2,2,2,2,2,1
11,240102500100200314,1,2,1,2,2,2,2,2,2,2,2,2,2
11,240102500100208004,1,2,2,2,2,1,2,2,2,2,2,2,2
11,240202001900010033,1,2,2,2,2,1,1,2,1,2,1,1,1
11,240202001900020064,1,2,2,2,2,1,1,1,1,2,1,1,2
11,240202001900038001,1,2,1,2,2,1,1,2,1,2,2,2,2
11,240202001900040119,1,2,2,2,1,1,1,2,1,2,2,2,2
11,240202001900058002,1,2,2,2,2,1,2,2,1,2,2,2,2
11,240202001900060169,1,2,1,2,1,1,1,2,1,2,1,1,2
11,240202001900088014,1,2,2,2,1,1,2,2,1,2,2,2,2
11,240202001900088015,1,2,2,2,1,1,1,2,1,2,2,2,2
11,240202001900108005,1,2,2,1,2,1,1,2,1,2,2,1,2
11,240202001900118009,1,2,2,1,2,1,2,2,1,2,2,2,2
11,240202001900120328,1,2,2,2,1,1,1,2,1,2,2,2,2
11,240202001900148016,1,2,2,2,1,1,2,2,1,2,2,2,1
11,240202001900150409,1,2,1,2,1,1,1,2,1,2,1,2,1
11,240202001900168017,1,2,2,2,2,2,2,2,2,2,2,2,1
11,240202001900190528,1,2,2,2,2,1,2,2,1,2,2,2,2
11,240202001900208018,1,2,1,2,1,1,2,2,1,2,2,2,2
11,240202001900210590,1,1,2,1,2,2,2,2,1,2,2,1,1
11,240202102700010027,1,1,1,1,1,1,1,2,1,2,2,1,1
11,240202102700040088,1,2,1,1,1,1,1,1,1,2,1,1,1
11,240202102700050109,1,1,1,2,1,1,1,2,1,2,1,2,1
11,240202102700060127,1,2,1,1,1,1,1,1,1,2,1,2,1
11,240202102700070147,1,2,1,1,1,1,1,2,1,2,1,1,1
11,240202102700080168,1,2,1,1,2,1,1,1,1,2,1,1,1
11,240202102700090188,1,2,1,1,1,1,1,1,2,2,2,2,1
11,240202102700100206,1,2,1,1,1,1,1,2,1,2,1,2,1
11,240202102700110226,1,1,1,2,1,1,1,1,1,2,2,1,1
11,240202200100010062,1,2,2,2,2,2,2,2,2,2,2,2,2
11,240202200100018002,1,2,2,2,2,2,2,2,2,2,2,2,2
11,240202200100028001,1,2,2,1,1,1,1,1,1,2,1,2,2
11,240202200100030207,1,2,2,2,2,1,2,2,1,2,2,2,2
11,240202200100040282,1,2,2,2,2,1,2,2,2,2,2,2,2
11,240202300600010019,1,2,2,1,1,1,1,2,1,2,1,1,1
11,240202300600028005,1,2,2,1,2,1,2,2,1,2,1,2,2
11,240202300600030143,1,2,2,2,1,1,2,2,1,2,2,2,1
11,240202300600050287,1,2,1,1,2,1,1,1,1,2,1,1,1
11,240202300600060358,1,2,2,1,1,1,1,2,1,2,1,1,1
11,240202300600078002,1,1,1,1,1,1,2,2,1,2,2,1,1
11,240202300600080500,1,2,2,1,2,1,1,1,1,2,1,1,1
11,240202300600120780,1,1,2,1,1,1,1,2,1,2,2,2,1
11,240202300600140928,1,2,2,1,2,1,1,2,1,2,1,1,1
11,240202300600161074,1,2,2,1,1,1,1,1,1,2,2,2,1
11,240202600800018001,1,2,2,1,1,1,1,2,1,2,2,2,2
11,240202600800020076,1,2,1,2,1,1,1,2,1,2,2,2,2
11,240202600800030135,1,2,2,1,1,1,1,1,1,2,1,1,2
11,240202600800048002,1,2,2,1,2,1,1,2,1,2,2,1,2
11,240202600800050252,1,2,2,1,1,1,1,2,1,2,1,2,2
11,240202600800060312,1,2,2,2,1,1,1,2,2,2,1,2,2
11,240203500200010022,1,2,2,2,2,2,2,2,2,2,2,2,2
11,240203500200020055,1,2,1,1,2,1,1,2,1,2,1,1,1
11,240203500200030082,1,2,2,2,2,1,1,2,1,2,2,2,1
11,240203500200048005,1,2,2,2,2,2,2,2,2,2,2,2,2
11,240203500200050145,1,2,2,1,1,1,1,2,1,2,1,2,1
11,240203500200088002,1,2,2,2,1,1,2,2,2,2,2,2,1
11,240203500200100306,1,2,2,1,2,1,1,2,1,2,2,1,1
11,240203500200118006,1,2,1,1,2,1,1,2,1,2,2,2,1
11,240203500200120353,1,2,1,1,1,1,1,2,1,2,2,2,1
11,240203500200140433,1,2,2,1,1,1,1,2,1,2,2,2,1
11,240203500200158007,1,2,1,2,2,1,1,2,1,2,1,1,1
11,240203500200170520,1,1,1,1,2,1,1,2,1,2,1,1,2
11,240203500200180554,1,1,1,2,2,1,1,1,1,1,1,1,1
11,240203500200198004,1,2,1,1,1,1,1,1,1,2,1,1,1
11,240203500200200622,1,2,2,1,1,1,1,2,1,2,2,2,2
11,240203500200210657,1,2,1,1,1,1,1,2,1,2,1,1,2
11,240203600700020046,1,2,2,2,2,1,2,2,1,2,2,2,2
11,240203600700038011,1,2,2,1,1,1,1,2,1,2,1,1,2
11,240203600700040098,1,2,2,2,2,1,2,2,1,2,2,2,2
11,240203600700048001,1,2,2,2,1,1,2,2,1,2,2,2,2
11,240203600700048002,1,2,2,2,2,1,2,2,1,2,2,2,2
11,240203600700058003,1,2,2,1,1,1,1,1,1,2,1,1,1
11,240203600700068005,1,2,2,1,2,1,1,2,1,2,1,2,1
11,240203600700068006,1,2,2,1,1,1,2,2,2,2,2,2,1
11,240203600700070177,1,2,2,1,2,1,1,2,1,2,1,2,1
11,240203600700088007,1,2,2,2,2,1,1,2,1,2,2,2,2
11,240203600700098008,1,2,2,1,2,1,1,2,1,2,1,2,1
11,240204000200010034,1,2,2,2,1,1,2,2,1,2,2,2,1
11,240204000200020096,1,2,2,2,1,1,2,2,2,2,2,2,1
11,240204000200030166,1,2,2,1,1,1,1,2,1,2,2,1,2
11,240204000200040236,1,2,2,2,2,1,2,2,1,2,2,2,1
11,240204000200050306,1,2,2,2,2,1,1,2,1,2,2,2,1
11,240204000200060375,1,2,2,2,2,1,1,2,1,2,2,2,1
11,240204000200068007,1,2,2,2,2,1,2,2,1,2,2,2,1
11,240204000200070440,1,2,2,1,1,1,1,2,1,2,2,2,1
11,240204000200088006,1,2,2,1,2,1,2,2,1,2,1,2,1
11,240204000200098003,1,2,2,1,2,1,1,2,1,2,2,2,2
11,240204000200100649,1,2,2,2,2,1,2,2,1,2,2,2,2
11,240204000200108001,1,2,2,2,2,1,2,2,2,2,2,2,1
11,240204200000018001,1,2,2,1,1,1,1,1,2,2,2,2,2
11,240204200000020030,1,2,2,2,2,2,2,2,2,2,2,2,2
11,240204200000040057,1,2,2,2,2,1,1,2,2,2,2,2,2
11,240204200000050072,1,2,2,2,2,1,2,2,2,2,2,2,2
11,240204200000070097,1,2,2,2,2,2,2,2,2,2,2,2,2
11,240204200000090123,1,2,2,2,2,2,2,2,2,2,2,2,2
11,240204200000118004,1,2,1,1,1,1,2,2,2,2,2,2,2
11,240204200000208003,1,2,2,2,2,1,2,2,2,2,2,2,2
11,240204900200018001,1,2,2,2,2,1,1,2,2,2,1,2,1
11,240204900200018002,1,2,1,2,2,2,2,2,1,2,2,2,2
11,240204900200020057,1,1,1,1,2,1,1,1,2,2,1,1,2
11,240204900200030086,1,2,2,2,2,1,2,2,1,2,2,2,2
11,240204900200048006,1,2,2,2,2,1,2,2,1,2,2,2,2
11,240204900200048008,1,2,2,2,2,2,2,2,2,2,2,2,2
11,240204900200050144,1,2,2,2,2,1,2,2,2,2,2,2,2
11,240204900200050145,1,2,2,2,2,2,2,2,2,2,2,2,2
11,240204900200050146,1,2,2,2,2,2,2,2,2,2,2,2,2
11,240204900200060173,1,2,2,2,2,2,2,2,2,2,2,2,2
11,240204900200068005,1,2,2,2,1,1,2,2,1,2,2,2,2
11,240204900200070201,1,2,2,2,2,1,2,2,1,2,2,2,2
11,240204900200080233,1,2,2,2,2,1,2,2,2,2,2,2,2
11,240204900200090261,1,2,2,2,1,2,2,2,2,2,2,2,2
11,240204900200120340,1,2,2,2,2,2,2,2,2,2,2,2,2
11,240204900200130370,1,2,1,2,2,2,2,2,1,2,2,2,2
11,240204900200170486,1,2,2,2,1,1,2,2,1,2,2,2,2
11,240204900200178003,1,2,2,2,1,1,2,2,1,2,1,2,2
11,240204900200188004,1,2,2,2,2,1,2,2,1,2,2,2,2
11,240206101300010002,1,2,2,2,1,1,1,1,1,2,1,2,1
11,240206101300018001,1,2,1,2,1,1,2,2,1,2,2,2,1
11,240206101300028005,1,2,2,1,1,1,1,2,1,2,1,1,1
11,240206101300038006,1,2,1,1,1,1,1,1,1,2,2,1,1
11,240206101300048010,1,1,1,1,2,1,1,2,1,2,2,1,2
11,240206101300078007,1,2,2,2,1,2,2,2,1,2,2,2,1
11,240206101300078009,1,2,1,1,1,1,1,2,1,2,2,1,1
11,240206101300088003,1,2,2,2,1,1,1,2,1,2,2,1,1
11,240206101300088004,1,2,2,2,1,1,1,2,1,2,2,2,1
11,240206101300088011,1,2,1,2,2,1,2,2,1,2,2,2,1
11,240206101300098002,1,2,1,1,1,2,1,2,1,2,1,2,1
11,240206900100018002,1,2,2,2,2,2,2,2,2,2,2,2,2
11,240206900100020073,1,2,2,2,1,2,2,2,2,2,2,2,2
11,240206900100038003,1,2,2,2,2,1,2,2,1,2,2,2,2
11,240206900100040137,1,2,2,1,1,1,1,2,2,2,2,2,2
11,240206900100070234,1,2,2,1,2,1,2,2,1,2,2,2,2
11,240206900100080264,1,2,2,2,1,1,2,2,2,2,2,2,2
11,240206900100090298,1,2,2,1,1,1,2,2,2,2,1,2,1
11,240206900100100330,1,2,2,1,1,1,1,2,1,2,2,2,1
11,240206900100110363,1,2,2,1,1,1,1,2,2,2,2,2,2
11,240206900100130424,1,2,2,2,2,1,2,2,1,2,2,2,2
11,240206900100188001,1,2,2,1,1,1,1,2,1,2,2,2,2
11,240206900100190623,1,2,2,2,2,1,1,2,2,2,2,2,1
11,240206900100210689,1,2,2,1,2,1,1,2,1,2,2,1,1
11,240206900100220722,1,2,2,1,1,1,1,2,1,2,1,2,1
11,240206900100230754,1,2,2,1,1,1,1,2,1,2,2,2,1
11,240207300400010022,1,2,2,2,1,1,2,2,2,2,2,2,2
11,240207300400100161,1,2,2,2,2,2,2,2,2,2,2,2,2
11,240207300400118003,1,2,2,2,2,2,2,2,2,2,2,2,2
11,240207300400128002,1,2,2,2,2,2,2,2,2,2,2,2,2
11,240207300400130208,1,2,2,2,2,2,2,2,2,2,2,2,2
11,240207300400150243,1,2,2,2,1,1,2,2,2,2,2,2,2
11,240207401100018003,1,2,2,2,1,1,2,2,2,2,2,2,2
11,240207401100020130,1,2,1,1,1,2,1,2,1,2,1,2,2
11,240207401100030199,1,2,1,1,1,1,1,1,1,2,1,2,2
11,240207401100048004,1,2,2,2,2,1,1,1,1,2,2,2,2
11,240207401100050330,1,2,2,2,1,1,1,2,1,2,2,2,2
11,240207401100068002,1,2,1,1,1,1,1,2,1,2,2,2,2
11,240207501000020074,1,2,2,2,2,1,1,2,1,2,2,2,2
11,240207501000030106,1,2,1,1,1,1,1,2,1,2,2,2,2
11,240207501000050177,1,2,2,2,2,1,2,2,1,2,2,2,2
11,240207501000060209,1,2,1,1,1,1,1,2,1,2,1,2,2
11,240207501000070240,1,2,2,1,1,1,1,2,1,2,1,1,2
11,240207501000088014,1,2,2,1,1,1,1,2,1,2,2,2,2
11,240207501000088015,1,2,2,2,2,1,2,2,2,2,2,2,2
11,240207501000108010,1,2,2,1,2,2,2,2,1,2,2,2,2
11,240207501000118016,1,2,2,2,2,1,2,2,1,2,2,2,2
11,240207501000138001,1,2,2,1,1,1,1,2,1,2,1,2,2
11,240207501000140497,1,2,2,1,1,1,2,2,1,2,2,2,2
11,240207501000158017,1,2,2,2,2,1,2,2,2,2,2,2,2
11,240207501000170601,1,2,2,1,1,1,1,2,1,2,1,2,2
11,240207501000188013,1,2,1,1,2,1,2,2,1,2,2,2,2
11,240207501000190677,1,2,1,1,1,1,1,2,1,2,2,1,2
11,240208100000030086,1,2,2,2,2,1,2,2,2,2,2,2,2
11,240208100000040117,1,2,2,2,1,1,1,2,1,2,2,2,2
11,240208100000060178,1,2,2,2,2,1,2,2,2,2,2,2,2
11,240208100000080238,1,2,2,1,1,1,2,2,2,2,2,2,1
11,240208100000090269,1,2,2,2,2,1,1,2,1,2,2,2,2
11,240208100000100299,1,2,2,2,2,1,2,2,2,2,2,2,2
11,240208100000120360,1,2,2,2,2,1,2,2,2,2,2,2,1
11,240208100000158001,1,2,2,2,2,1,1,2,1,2,1,2,1
11,240208100000160482,1,2,2,1,1,1,2,2,2,2,2,2,2
11,240208100000170512,1,2,2,1,1,1,1,2,1,2,2,2,1
11,240208100000180543,1,2,2,2,1,1,2,2,2,2,2,2,2
11,240208100000198003,1,2,2,1,1,1,2,2,1,2,2,2,1
11,240208100000200603,1,2,2,2,1,1,2,2,1,2,2,2,1
11,240208602000028002,1,2,2,2,2,1,2,2,1,2,2,2,2
11,240208602000038007,1,2,2,1,1,1,1,1,1,2,2,1,2
11,240208602000048004,1,1,1,1,1,1,1,1,1,2,1,1,1
11,240208602000070225,1,2,1,1,1,1,1,1,1,2,1,2,1
11,240208602000088003,1,2,2,1,1,1,1,1,1,2,1,2,1
11,240208701200030097,1,2,1,1,1,1,1,2,1,2,1,2,2
11,240208701200048001,1,2,2,1,2,1,1,2,1,2,2,1,1
11,240208701200050171,1,2,2,2,2,1,2,2,2,2,2,2,2
11,240208701200058006,1,2,2,2,2,1,2,2,1,2,2,2,2
11,240208701200068007,1,2,2,2,2,2,2,2,2,2,2,2,2
11,240208701200080292,1,2,2,2,2,1,2,2,2,2,2,2,2
11,240208701200088002,1,2,2,2,2,1,2,2,2,2,2,2,2
11,240208701200088003,1,2,2,2,1,1,2,2,2,2,2,2,2
11,240208701200090331,1,2,2,2,2,1,2,2,2,2,2,2,2
11,240208701200098004,1,2,2,2,2,1,2,2,2,2,2,2,2
11,240210101200010028,1,2,1,1,1,1,1,1,1,2,2,2,1
11,240210101200028001,1,2,2,1,2,2,2,2,1,2,2,2,1
11,240210101200040171,1,2,2,2,1,1,1,2,1,2,1,2,2
11,240210101200058002,1,2,1,2,2,1,2,2,1,2,1,2,1
11,240210101200060268,1,2,2,2,1,2,2,2,1,2,2,2,2
11,240210101200078003,1,2,2,2,2,1,2,2,2,2,2,2,2
11,240210101200080003,1,2,1,1,1,1,2,2,1,2,2,2,2
11,240210101200090050,1,2,2,2,1,1,2,2,1,2,2,2,1
11,240210101200100099,1,2,2,2,1,1,1,2,2,2,2,2,1
11,240210101200110148,1,2,2,1,2,1,2,2,1,2,2,2,1
11,240210101200150340,1,2,2,2,1,1,2,2,2,2,2,2,2
11,240210500100010018,1,2,2,2,1,1,2,2,2,2,2,2,2
11,240210500100028002,1,2,2,2,2,1,1,2,2,2,2,2,2
11,240210500100050083,1,2,2,2,2,2,1,2,2,2,2,2,2
11,240210500100060102,1,2,2,1,1,2,1,2,2,2,2,2,2
11,240210500100070121,1,2,2,1,1,1,1,2,1,2,2,2,2
11,240210500100080138,1,2,2,1,2,1,1,2,2,2,1,2,2
11,240210500100100172,1,2,1,2,1,1,2,2,2,2,2,2,2
11,240210500100110191,1,2,2,2,1,1,1,2,2,2,2,2,2
11,240210500100130225,1,2,2,2,1,1,1,2,2,2,2,2,2
11,240210500100148001,1,2,1,1,2,1,1,2,2,2,1,2,2
11,240210500100150257,1,2,2,1,1,1,2,2,2,2,2,2,2
11,240210500100170295,1,2,1,1,1,1,1,2,1,2,2,2,2
11,240210500100180312,1,2,2,1,1,1,1,2,2,2,1,2,2
11,240210500100190331,1,2,2,2,1,1,1,2,2,2,2,2,2
11,240210500100200349,1,2,1,1,1,1,1,2,1,2,1,2,2
11,240210600100018001,1,2,2,2,1,1,2,2,2,2,2,2,2
11,240210600100020048,1,2,2,1,1,1,1,2,2,2,2,2,2
11,240211602300028004,1,2,2,2,1,1,2,2,1,2,2,2,2
11,240211602300030036,1,2,2,2,1,1,2,2,1,2,2,2,2
11,240211602300040055,1,2,2,1,1,1,1,2,1,2,1,2,2
11,240211602300058001,1,2,2,2,1,1,1,2,1,2,1,2,2
11,240211602300058002,1,2,2,2,2,1,1,2,1,2,1,2,2
11,240211602300058003,1,2,2,2,2,1,2,2,2,2,1,2,2
11,240212000400010003,1,2,2,1,1,1,1,2,1,2,2,2,2
11,240212000400020027,1,2,2,2,2,1,2,2,2,2,2,2,2
11,240212000400050082,1,2,2,1,1,1,2,2,2,2,2,2,2
11,240212000400060100,1,2,2,2,2,1,1,2,1,2,1,2,2
11,240212000400070118,1,2,2,1,1,1,2,2,1,2,1,1,2
11,240212000400080135,1,2,2,1,1,1,1,2,1,2,1,2,2
11,240212000400100169,1,2,2,2,1,1,2,2,2,2,2,2,2
11,240212000400110189,1,2,2,2,1,1,2,2,1,2,2,2,2
11,240212000400138003,1,2,2,2,2,1,2,2,2,2,2,2,2
11,240212000400140240,1,2,2,2,1,2,2,2,2,2,2,2,2
11,240212000400150258,1,2,2,1,1,1,1,2,2,2,1,2,2
11,240212000400180313,1,2,2,2,1,2,2,2,2,2,2,2,2
11,240212000400220388,1,2,2,2,1,1,1,2,2,2,2,2,2
11,240212400200010082,1,2,2,2,1,1,2,2,2,2,2,2,2
11,240212400200020168,1,2,2,2,2,1,2,2,1,2,2,2,2
11,240212400200030257,1,2,2,2,2,2,2,2,2,2,2,2,1
11,240212400200040022,1,2,2,2,2,1,2,2,2,2,2,2,2
11,240212400200068001,1,2,2,2,1,2,2,2,2,2,2,2,2
11,240212400200078002,1,2,2,2,1,1,2,2,1,2,2,2,2
11,240212400200080371,1,2,2,2,2,2,2,2,1,2,2,2,2
11,240213700200018010,1,2,2,2,2,2,2,2,1,2,2,2,2
11,240213700200020026,1,2,2,2,1,1,1,2,1,2,2,2,2
11,240213700200038011,1,2,2,2,2,1,2,2,1,2,2,2,2
11,240213700200048018,1,2,2,2,2,2,2,2,1,2,2,2,2
11,240213700200070072,1,2,2,1,2,1,1,2,1,2,2,2,2
11,240213700200088014,1,2,2,2,1,1,2,2,1,2,2,2,2
11,240213700200100118,1,2,2,2,1,1,2,2,1,2,2,2,2
11,240213700200110132,1,2,1,2,1,1,2,2,1,2,2,2,2
11,240213700200138020,1,2,1,1,2,1,2,2,1,2,2,2,2
11,240213700200158021,1,2,2,2,1,2,2,2,2,2,2,2,2
11,240213700200160207,1,2,1,2,2,1,1,2,1,2,1,2,2
11,240213700200168022,1,2,2,2,2,2,2,2,1,2,2,2,2
11,240213700200188002,1,2,2,2,2,1,1,2,1,2,2,2,2
11,240213700200190257,1,2,2,2,2,1,2,2,1,2,2,2,2
11,240213700200198019,1,2,2,2,2,2,2,2,1,2,2,2,2
11,240213700200208009,1,2,1,2,2,1,2,2,1,2,1,1,2
11,240213700200218018,1,2,1,1,1,1,2,2,1,2,1,2,2
11,240213700200230307,1,2,1,2,2,1,1,1,1,2,1,1,2
11,240213700200240326,1,2,2,2,2,1,2,2,1,2,2,2,2
11,240213700200250341,1,2,2,2,2,1,1,2,1,2,2,1,2
11,240213700200260359,1,2,1,2,2,1,2,2,1,2,2,2,2
11,240215201200010117,1,2,1,1,2,1,1,1,1,2,1,1,1
11,240215201200010118,1,2,2,2,2,1,1,2,1,2,2,2,1
11,240215201200020235,1,2,2,2,1,1,2,2,2,2,2,2,1
11,240215201200038002,1,2,2,2,2,1,1,2,1,2,2,2,1
11,240215201200040478,1,2,1,1,2,1,1,2,1,2,2,2,1
11,240215201200050613,1,2,1,1,1,1,1,1,1,2,2,2,1
11,240215201200070891,1,2,2,1,2,1,1,1,1,2,1,1,1
11,240215201200080046,1,1,1,1,2,1,1,1,1,2,2,1,1
11,240215201200098001,1,2,2,2,2,1,1,2,2,2,2,2,1
11,240216400100018006,1,2,2,2,1,1,1,1,1,2,2,2,2
11,240216400100018011,1,2,2,2,2,1,1,1,1,2,2,2,2
11,240216400100028007,1,2,1,2,2,1,1,2,2,2,2,2,2
11,240216400100028012,1,2,2,2,2,2,1,2,1,2,2,1,2
11,240216400100028013,1,2,2,2,1,1,2,2,2,2,2,2,2
11,240216400100028014,1,2,1,2,2,1,2,2,2,2,2,2,2
11,240216400100030068,1,2,2,2,2,1,2,2,1,2,2,2,2
11,240216400100040102,1,2,2,2,1,2,2,2,1,2,2,2,2
11,240216400100040103,1,2,2,2,2,1,1,2,2,2,2,2,2
11,240216400100048017,1,2,2,1,1,2,1,2,2,2,2,2,2
11,240216400100050132,1,2,2,2,2,1,2,2,1,2,2,2,2
11,240216400100058015,1,2,2,2,2,1,1,2,1,2,1,2,2
11,240216400100058016,1,2,2,2,2,1,2,2,2,2,2,2,2
11,240216400100068001,1,2,2,2,2,1,1,2,1,2,2,2,1
11,240216400100070200,1,2,2,2,2,1,2,2,1,2,2,2,2
11,240216400100078018,1,2,2,2,2,1,2,2,1,2,2,2,2
11,240216400100090265,1,2,2,2,1,1,1,1,1,2,2,1,2
11,240216400100100296,1,2,2,2,2,1,1,2,2,2,2,2,2
11,240216400100118002,1,2,2,2,2,1,1,2,2,2,2,2,2
11,240216400100128008,1,2,2,2,2,1,2,2,2,2,2,1,2
11,240216400100138009,1,2,2,1,1,1,1,2,1,2,2,2,2
11,240216400100148010,1,2,2,2,1,1,1,2,1,2,2,2,2
11,240216400100150461,1,2,1,1,1,1,1,2,1,2,1,2,2
11,240216400100168010,1,2,1,2,2,1,1,2,1,2,1,2,2
11,240217900300020053,1,2,2,1,2,1,1,2,1,2,2,2,1
11,240217900300030076,1,2,2,1,1,1,1,2,2,2,1,2,2
11,240217900300048004,1,2,2,2,1,1,2,2,2,2,2,2,2
11,240217900300050122,1,2,2,1,1,1,1,2,1,2,2,2,2
11,240217900300070176,1,2,1,1,1,1,1,2,1,2,1,1,1
11,240217900300098006,1,2,2,1,1,1,2,2,1,2,2,2,2
11,240217900300100253,1,2,2,2,2,2,2,2,2,2,2,2,2
11,240217900300120304,1,2,2,2,1,1,1,2,1,2,1,2,2
11,240217900300138001,1,2,2,1,2,1,2,2,2,2,2,2,2
11,240217900300140354,1,2,2,1,1,1,1,2,1,2,1,1,1
11,240217900300150379,1,2,2,2,2,1,2,2,1,2,2,2,2
11,240218600300028011,1,1,1,2,1,1,2,2,1,2,2,2,2
11,240218600300030068,1,2,2,2,2,1,1,2,1,2,1,1,2
11,240218600300040091,1,2,2,2,2,1,1,2,1,2,2,2,2
11,240218600300068005,1,2,2,2,2,1,2,2,1,2,2,2,2
11,240218600300070158,1,2,2,2,2,2,2,2,2,2,2,2,2
11,240218600300078002,1,2,2,2,2,2,2,2,2,2,2,2,2
11,240218600300080180,1,2,2,2,1,1,2,2,2,2,2,2,2
11,240218600300098003,1,2,2,2,2,1,2,2,2,2,2,2,2
11,240218600300100229,1,2,2,2,2,1,1,2,1,2,2,2,2
11,240218600300110252,1,2,1,1,1,1,1,2,2,2,2,2,2
11,240218600300128009,1,2,2,2,2,1,2,2,2,2,2,2,2
11,240218600300138008,1,2,2,2,2,1,2,2,1,2,2,2,2
11,240218600300150347,1,2,1,2,1,1,2,2,1,2,2,2,2
11,240218600300160368,1,2,2,1,1,1,1,2,1,2,2,2,2
11,240218600300170390,1,2,2,2,1,2,2,2,2,2,2,2,2
11,240218600300178004,1,2,2,2,2,1,2,2,2,2,2,2,2
11,240218600300180413,1,2,2,2,2,1,1,2,1,2,2,2,2
11,240218600300190434,1,2,1,2,1,1,1,2,1,2,1,2,2
11,240218600300200456,1,2,2,2,1,2,2,2,1,2,2,2,2
11,240218600300210478,1,2,2,2,2,1,1,2,1,2,2,2,2
11,240218600300220501,1,2,1,2,1,1,1,1,1,2,2,2,2
11,240218600300230524,1,2,1,2,2,1,1,1,1,2,1,1,2
11,240218600300278010,1,2,1,1,2,1,1,1,1,2,2,1,2
11,240218600300288007,1,2,2,1,2,1,1,1,2,2,1,1,2
11,240218600300290649,1,2,1,1,1,1,1,1,2,2,1,1,2
11,240219300100018007,1,2,2,2,1,1,2,2,1,2,2,2,2
11,240219300100040089,1,1,1,1,1,1,1,2,1,2,1,2,2
11,240219300100058016,1,2,1,1,2,1,2,2,1,2,2,2,2
11,240219300100060135,1,2,2,1,1,1,1,2,1,2,1,2,2
11,240219300100070157,1,2,1,1,1,1,1,2,1,2,2,2,2
11,240219300100088012,1,2,2,1,1,1,1,1,1,2,1,2,2
11,240219300100098017,1,2,1,1,1,1,1,2,1,2,2,2,2
11,240219300100108006,1,2,1,2,2,1,1,1,1,2,1,2,2
11,240219300100110237,1,2,2,1,2,1,1,1,1,2,2,1,2
11,240219300100138019,1,2,2,1,2,1,1,1,1,2,1,2,2
11,240219300100148010,1,2,1,1,1,1,1,2,1,2,1,2,2
11,240219300100150324,1,2,2,1,1,1,1,1,1,2,2,1,2
11,240219300100198015,1,2,2,2,1,1,2,2,1,2,2,2,2
11,240219300100200437,1,2,1,1,1,1,1,1,1,2,1,1,2
11,240219300100208018,1,2,2,2,2,1,2,2,1,2,2,2,2
11,240219400200010025,1,2,2,1,2,1,1,2,1,2,2,2,2
11,240219400200020045,1,2,2,1,1,1,2,2,1,2,1,2,2
11,240219400200030065,1,2,2,2,1,1,2,2,1,2,2,2,2
11,240219400200048001,1,2,2,1,2,1,1,2,1,2,1,2,2
11,240219400200048006,1,2,2,2,2,1,1,2,1,2,2,2,2
11,240219400200058004,1,2,2,1,2,1,1,2,1,2,1,1,2
11,240219400200058007,1,2,2,1,1,1,2,2,1,2,1,2,2
11,240219400200060134,1,2,1,2,2,1,1,2,1,2,2,1,2
11,240219400200080174,1,2,2,1,1,1,2,2,1,2,2,2,2
11,240219400200100217,1,2,1,1,2,1,1,2,1,2,2,1,2
11,240219400200118008,1,2,2,2,2,1,2,2,1,2,2,2,2
11,240219400200120254,1,2,2,2,2,1,1,2,2,2,2,2,2
11,240219400200130273,1,2,2,1,1,1,1,2,1,2,2,2,2
11,240219400200140295,1,2,2,1,1,1,1,2,2,2,1,2,2
11,240219400200150318,1,2,2,1,1,1,1,1,1,2,2,1,1
11,240219400200160337,1,2,2,2,2,1,2,2,1,2,2,2,2
11,240219400200170358,1,2,2,2,2,1,2,2,2,2,2,2,2
11,240219400200198002,1,2,2,2,1,1,1,2,1,2,1,2,2
11,240300100800010024,1,2,2,1,1,1,1,2,2,2,2,2,2
11,240300100800028001,1,2,1,1,2,1,1,2,2,2,2,2,1
11,240300100800040088,1,2,2,1,1,1,1,1,1,2,2,2,1
11,240300100800060135,1,2,2,2,2,1,1,2,1,2,2,2,2
11,240300100800070158,1,2,2,1,1,1,1,1,1,1,1,2,1
11,240300100800090205,1,2,2,1,1,1,1,2,2,2,2,1,1
11,240300100800108002,1,2,2,1,2,1,1,2,2,2,2,2,1
11,240300100800110250,1,2,2,2,2,1,2,2,2,2,2,2,2
11,240300100800150338,1,2,2,1,1,1,1,2,1,2,1,2,1
11,240300100800160362,1,2,1,2,2,1,1,1,2,2,2,1,2
11,240300100800180405,1,2,2,2,1,2,2,2,1,2,2,2,2
11,240301900200010049,1,2,2,1,1,1,1,2,2,2,2,1,2
11,240301900200030128,1,2,2,2,1,1,2,2,2,2,2,2,2
11,240301900200058001,1,2,2,2,2,1,2,2,2,2,2,2,2
11,240301900200080328,1,2,2,2,1,2,2,2,2,2,2,2,2
11,240301900200110444,1,2,2,2,2,1,1,2,2,2,2,2,2
11,240301900200120482,1,2,2,2,1,1,2,2,2,2,2,2,2
11,240301900200140559,1,2,2,2,2,1,1,2,2,2,2,2,2
11,240301900200158002,1,2,2,2,1,1,1,2,2,2,2,2,2
11,240303000600018003,1,2,2,1,2,1,1,2,1,2,2,2,2
11,240303000600020080,1,2,1,1,1,1,1,2,1,2,1,1,2
11,240303000600030152,1,2,1,1,1,1,1,1,1,2,1,1,2
11,240303000600040219,1,2,2,2,2,2,2,2,2,2,2,2,2
11,240303000600040220,1,2,2,2,2,1,2,2,2,2,2,2,2
11,240303000600058002,1,2,2,2,2,1,2,2,2,2,2,2,2
11,240303000600060357,1,2,2,2,2,2,2,2,2,2,2,2,2
11,240303000600080492,1,2,2,1,1,1,2,2,1,2,1,2,2
11,240401200000028001,1,2,2,2,2,1,2,2,2,2,2,2,2
11,240401200000050085,1,2,2,2,1,1,2,2,2,2,2,2,2
11,240401200000060103,1,2,2,2,2,1,2,2,1,2,2,2,2
11,240401200000070121,1,2,2,2,1,1,2,2,1,2,2,2,2
11,240401200000080136,1,2,2,2,2,1,1,2,1,2,2,2,2
11,240401200000098005,1,1,1,1,1,1,1,1,1,2,2,2,2
11,240401200000118002,1,2,2,2,1,1,1,2,2,2,2,2,2
11,240401200000120197,1,2,2,2,1,1,1,2,2,2,2,2,2
11,240401200000130214,1,2,2,2,1,1,1,2,2,2,2,2,2
11,240401200000140230,1,2,2,2,1,1,1,2,2,2,2,2,2
11,240401200000150246, , , , , , , , , , , , , 
11,240401200000160261,1,2,2,2,2,1,2,2,2,2,2,2,2
11,240401200000170275,1,2,2,1,1,1,1,2,1,2,2,2,2
11,240401200000180289,1,2,2,1,1,1,1,2,2,2,2,2,1
11,240401200000200316,1,2,2,2,2,1,1,2,2,2,2,2,2
11,240401200000220346,1,2,2,2,2,1,1,2,1,2,2,2,2
11,240402300000010166,1,2,2,1,1,1,1,2,1,2,2,2,2
11,240500900200020031,1,2,2,2,2,2,2,2,2,2,2,2,2
11,240500900200060112,1,2,2,2,2,1,1,2,1,2,2,2,2
11,240500900200078002,1,2,2,2,2,2,2,2,2,2,2,2,2
11,240500900200100195,1,2,2,2,2,2,2,2,2,2,2,2,2
11,240500900200160318,1,2,2,1,2,2,2,2,2,2,2,2,2
11,240700700000010009,1,2,2,2,2,2,2,2,2,2,2,2,2
11,240700700000020024,1,2,2,2,2,1,1,2,2,2,2,2,2
11,240700700000030038,1,2,2,2,2,1,2,2,2,2,2,2,2
11,240700700000040054,1,2,2,2,1,1,2,2,2,2,2,2,2
11,240700700000090129,1,2,2,2,2,1,2,2,2,2,2,2,2
11,240700700000130192,1,2,2,2,2,2,2,2,2,2,2,2,2
11,240700700000140205,1,2,2,2,2,2,2,2,2,2,2,2,2
11,240700700000170252,1,2,2,2,2,2,2,2,2,2,2,2,2
11,240700700000180267,1,2,2,2,2,2,2,2,2,2,2,2,2
11,240701500200020053,1,2,2,1,2,1,1,1,1,2,1,1,2
11,240701500200038002,1,2,2,2,2,1,2,2,2,2,2,2,2
11,240701500200058003,1,2,2,2,2,2,2,2,2,2,2,2,2
11,240701500200070215,1,2,2,2,2,2,2,2,2,2,2,2,2
11,240701500200080243,1,2,2,1,1,1,1,2,1,2,2,2,2
11,240701500200090274,1,2,2,2,2,1,2,2,2,2,2,2,2
11,240701500200100303,1,2,1,1,1,1,1,1,1,2,2,2,2
11,240701500200128004,1,2,2,2,2,1,1,2,1,2,1,2,2
11,240701500200140424,1,2,1,1,2,1,2,2,1,2,2,2,2
11,240900700000038001,1,2,2,2,1,1,1,2,1,2,2,2,2
11,240900700000040055,1,2,2,1,1,1,1,2,2,2,2,2,2
11,240900700000088002,1,2,2,2,2,2,2,2,2,2,2,2,2
11,240900700000090126,1,2,2,2,1,2,2,2,2,2,2,2,2
11,240900700000100141,1,2,1,1,2,1,1,2,1,1,2,2,1
11,240900700000110156,1,2,2,2,2,1,2,2,2,2,2,2,2
11,240900700000130186,1,2,2,1,1,1,2,2,1,2,2,2,1
11,240900700000188004,1,2,1,1,2,1,2,2,1,2,2,2,1
11,240900700000200299,1,2,2,2,2,1,2,2,2,2,2,2,1
11,240903600000060177,1,2,2,1,2,1,1,2,1,2,2,2,2
11,241001300000010191,1,2,2,2,2,1,1,2,2,2,2,2,2
11,241001900000010002,1,2,2,2,2,1,1,2,1,2,2,2,2
11,241001900000050042,1,2,1,1,2,1,1,2,2,2,2,2,2
11,241001900000060052,1,2,2,2,2,2,2,2,2,2,2,2,2
11,241001900000100098,1,2,2,2,2,1,1,2,1,2,2,2,2
11,241001900000110108,1,2,2,2,2,1,1,2,2,2,2,2,1
11,241001900000120118,1,2,2,2,2,2,2,2,2,2,2,2,2
11,241001900000168001,1,2,2,2,2,1,2,2,2,2,2,2,2
11,241001900000210217,1,2,2,2,2,1,1,2,1,2,2,2,1
11,241001900000228003,1,2,2,2,2,2,2,2,2,2,2,2,2
11,241001900000238002,1,2,2,2,2,1,2,2,1,2,2,2,2
11,241001900000240249,1,2,2,2,2,2,2,2,2,2,2,2,2
11,241200400100010020,1,2,1,1,2,1,1,2,1,2,1,2,2
11,241200400100020043,1,2,2,2,2,1,2,2,1,2,1,2,2
11,241200400100040091,1,2,2,1,1,1,1,2,1,2,1,2,2
11,241200400100050113,1,2,1,1,1,1,1,2,1,2,1,1,2
11,241200400100080169,1,2,2,2,1,1,2,2,2,2,2,2,2
11,241200400100090192,1,2,2,2,1,1,2,2,1,2,2,2,2
11,241200400100100212,1,2,2,1,2,1,1,2,1,2,2,2,2
11,241200400100110234,1,2,2,2,1,1,2,2,2,2,2,2,2
11,241200400100140309,1,2,2,2,2,1,1,2,1,2,2,2,2
11,241200400100150331,1,2,2,2,1,1,1,2,1,2,2,1,2
11,241300900300010022,1,2,2,1,2,1,1,2,2,2,2,2,2
11,241300900300028003,1,2,2,2,2,1,2,2,1,2,2,2,2
11,241300900300040098,1,2,2,1,2,1,1,2,1,2,2,2,1
11,241300900300050122,1,2,2,2,2,1,1,2,1,2,2,2,2
11,241300900300060148,1,2,2,2,2,1,1,2,1,2,1,2,2
11,241300900300070174,1,2,2,2,2,1,2,1,2,1,2,2,2
11,241300900300090225,1,2,2,2,2,2,2,2,2,2,2,2,2
11,241300900300108001,1,2,1,2,1,1,2,2,2,2,2,2,1
11,241300900300110282,1,2,1,1,2,1,1,2,1,2,2,2,1
11,241300900300120308,1,2,2,2,2,1,2,2,2,2,2,2,2
11,241300900300130334,1,2,2,1,1,1,1,2,1,2,1,2,1
11,241300900300140358,1,2,2,2,2,2,2,2,2,2,2,2,2
11,241300900300180460,1,2,2,2,2,1,1,2,2,2,2,2,2
11,241300900300190487,1,2,2,2,1,1,2,2,2,2,2,2,1
11,241300900300200512,1,2,2,2,2,1,1,2,2,2,2,2,1
11,241300900300220562,1,2,2,2,2,2,2,2,2,2,2,2,2
11,241300900300238002,1,2,2,2,2,1,2,2,2,2,2,2,2
11,241301100100030048,1,2,2,2,1,1,2,2,2,2,2,2,2
11,241301100100050090,1,2,2,2,2,1,2,2,2,2,2,2,2
11,241301100100070127,1,2,2,2,2,1,2,2,2,2,2,2,2
11,241301100100090162,1,2,2,2,2,2,2,2,2,2,2,2,2
11,241301100100110205,1,2,2,2,2,2,2,2,2,2,2,2,2
11,241301100100130248,1,2,1,2,2,1,1,2,1,2,2,2,2
11,241301100100160305,1,2,2,2,2,2,2,2,2,2,2,2,2
11,241301100100180343,1,2,2,2,1,1,1,1,1,1,2,2,2
11,241301100100190362,1,2,2,2,2,1,1,2,2,2,2,2,2
11,241301100100210398,1,2,2,2,2,2,2,2,2,2,2,2,2
11,241301100100230437,1,2,2,2,2,2,2,2,1,2,2,2,2
11,241301100100260489,1,2,2,2,2,1,2,2,2,2,2,2,2
11,241301100100270508,1,2,2,2,2,1,2,2,2,2,2,2,2
11,241600500000060102,1,2,2,2,2,1,2,2,2,2,2,2,1
11,241600500000070121,1,2,2,2,2,2,2,2,2,2,2,2,2
11,241600500000108001,1,2,2,2,1,1,1,2,1,2,2,2,2
11,241600500000180331,1,2,2,1,2,1,2,2,2,2,2,2,2
11,250100100200010026,1,2,2,2,1,1,1,2,2,2,2,2,2
11,250100100200048002,1,2,2,1,2,2,2,2,2,2,2,2,2
11,250100100200050110,1,2,2,2,2,1,1,2,1,2,2,1,1
11,250100100200058003,1,2,2,2,2,2,2,2,2,2,2,2,1
11,250100100200060132,1,2,2,2,1,2,2,2,2,2,2,2,1
11,250100100200078001,1,2,2,2,1,1,1,2,2,2,2,2,1
11,250100100200090196,1,2,1,2,2,1,1,2,1,2,1,2,1
11,250300500000018002,1,2,2,2,1,2,1,2,1,2,2,2,1
11,250300500000030051,1,2,2,2,2,2,1,2,2,2,2,2,2
11,250300500000040068,1,2,1,2,2,1,1,2,1,2,2,2,1
11,250300500000058004,1,2,2,2,2,2,2,2,2,2,2,2,2
11,250300500000068006,1,2,2,2,2,2,1,2,2,2,2,2,2
11,250300500000070119,1,1,2,2,2,2,2,2,2,2,2,2,2
11,250300500000090154,1,2,2,2,2,2,2,2,2,2,2,2,2
11,250300500000120205,1,2,2,2,2,2,2,2,2,2,2,2,1
11,250300500000130222,1,2,2,2,2,2,2,2,2,2,2,2,2
11,250300500000140240,1,2,2,2,2,2,2,2,2,2,2,2,1
11,250300500000160273,1,2,2,1,1,1,1,2,2,2,2,2,1
11,250300500000170289,1,2,2,2,2,2,2,2,2,2,2,2,2
11,250300500000178005,1,2,2,2,2,1,2,2,2,2,2,2,1
11,250300600000010174,1,2,1,2,1,2,1,2,2,2,2,2,1
11,250300600000018001,1,2,2,2,2,2,2,2,2,2,2,2,2
11,250600800100030053,1,2,2,2,1,2,2,2,2,2,2,2,1
11,250600800100040077,1,2,2,2,2,2,2,2,2,2,2,2,1
11,250600800100050105,1,2,2,2,2,1,2,2,2,2,1,2,1
11,250600800100060134,1,2,2,2,1,1,2,2,2,2,2,2,2
11,250600800100070156,1,2,2,2,2,2,2,2,2,2,1,2,1
11,250600800100080183,1,2,2,1,2,1,2,2,1,2,2,2,2
11,250600800100090209,1,2,2,2,2,1,2,2,2,2,1,2,1
11,250600800100100235,1,2,2,1,1,1,1,2,1,2,2,2,1
11,250600800100120284,1,2,2,1,2,2,2,2,1,2,2,2,1
11,250600800100130311,1,2,2,2,2,2,2,2,2,2,2,2,1
11,250600800100140338,1,2,2,1,2,1,1,2,1,2,1,2,1
11,250600800100158001,1,2,2,2,2,1,1,2,1,2,2,2,1
11,250600800100160393,1,2,2,2,2,2,2,2,2,2,2,2,2
11,250600800100170421,1,2,2,2,1,1,2,2,2,2,2,2,1
11,250600800100180447,1,2,2,1,1,1,1,2,1,2,1,1,1
11,250600800100190476,1,2,2,2,1,2,2,2,2,2,2,2,1
11,250600800100200504,1,2,2,1,1,1,1,2,1,2,2,2,2
11,250600800100210531,1,2,2,2,2,1,1,2,2,2,2,2,1
11,250600800200018001,1,2,2,2,2,2,2,2,2,2,2,2,2
11,250601100000020031,1,2,2,2,1,2,2,2,2,2,2,2,1
11,250601100000038004,1,2,2,2,1,2,2,2,2,2,2,2,1
11,250601100000040074,1,2,1,1,1,1,1,1,1,2,1,1,1
11,250601100000050097,1,2,2,2,1,2,1,2,2,2,2,2,2
11,250601100000060121,1,2,2,2,2,2,2,2,2,2,2,2,2
11,250601100000070145,1,2,2,1,2,2,1,2,2,2,2,2,2
11,250601100000080169,1,2,2,2,2,2,2,2,2,2,2,2,1
11,250601100000090193,1,2,2,2,2,2,2,2,2,2,2,2,1
11,250601100000120265,1,2,2,2,2,1,2,2,2,2,2,2,1
11,250601100000148002,1,2,1,1,2,2,1,2,1,2,2,2,1
11,250601100000158005,1,2,2,2,2,2,2,2,2,2,2,2,2
11,250700600200010002,1,2,2,2,1,1,2,2,2,2,1,2,1
11,250700600200020024,1,2,2,2,1,2,2,2,2,2,2,2,2
11,250700600200040060,1,2,2,1,1,1,1,2,2,2,2,2,2
11,250700600200050079,1,2,2,2,2,1,2,2,2,2,2,2,2
11,250700600200060098,1,2,2,2,1,1,1,2,2,2,2,2,1
11,250700600200098003,1,2,2,2,1,1,1,2,2,2,1,2,1
11,250700600200100163,1,2,2,2,2,1,1,2,1,2,2,2,2
11,250700600200110180,1,2,2,2,2,1,1,2,2,2,1,2,1
11,250700600200128005,1,2,1,1,1,1,1,2,2,2,2,2,1
11,250700600200138001,1,1,2,1,1,1,1,2,1,2,1,1,1
11,250700600200140231,1,2,1,2,2,1,2,2,2,2,2,2,1
11,250700600200158002,1,2,2,2,1,1,2,2,2,2,2,2,1
11,250700600200160262,1,2,2,2,2,1,2,2,1,2,2,2,1
11,250701600000040068,1,2,2,2,2,2,2,2,2,2,2,2,2
11,250701600000050086,1,2,2,2,1,1,2,2,2,2,2,2,1
11,250701600000068002,1,2,2,2,2,1,2,2,2,2,2,2,1
11,250701600000070121,1,2,2,2,1,1,2,2,2,2,2,2,1
11,250701600000080138,1,2,1,2,2,1,2,2,1,2,2,2,1
11,250701600000090153,1,2,2,2,1,1,2,2,2,2,2,2,1
11,250701600000110189,1,2,2,2,2,2,2,2,2,2,2,2,2
11,250701600000128004,1,2,2,2,2,1,2,2,1,1,2,2,2
11,250701600000148003,1,2,2,2,1,1,1,2,1,2,2,2,1
11,250701600000170283,1,2,2,2,1,2,2,2,2,2,2,2,2
11,250701600000180302,1,2,2,1,1,1,2,2,2,2,2,2,1
11,250900500800010029,1,2,2,2,1,1,1,2,2,2,2,2,1
11,250900500800020114,1,1,1,1,2,1,1,1,1,2,1,1,1
11,250900500800038003,1,2,1,2,2,1,2,2,2,2,2,2,1
11,250900500800040287,1,2,2,2,2,2,2,2,2,2,2,2,1
11,250900500800048004,1,2,1,2,2,1,1,2,1,2,2,2,1
11,250900500800058002,1,2,2,1,2,1,2,2,1,2,2,2,1
11,250900600000030045,1,2,2,2,2,1,2,2,2,2,2,2,1
11,250900600000040060,1,2,2,2,2,1,2,2,2,2,2,2,2
11,250900600000050073,1,2,2,2,1,2,2,2,2,2,2,2,2
11,250900600000098001,1,2,2,2,2,2,2,2,2,2,2,2,1
11,250900600000100146,1,2,2,2,2,2,2,2,2,2,2,2,1
11,250900600000120176,1,2,2,2,1,2,2,2,2,2,2,2,1
11,250900600000130190,1,2,2,2,2,2,2,2,2,2,2,2,2
11,251101000000010015,1,2,2,2,2,1,2,2,2,2,2,2,2
11,251101000000028008,1,2,2,2,1,2,2,2,2,2,2,2,2
11,251101000000100216,1,2,2,2,2,2,2,2,2,2,2,2,1
11,251101000000108006,1,2,2,2,2,2,2,2,2,2,2,2,2
11,251101000000110241,1,2,2,2,2,2,2,2,2,2,2,2,2
11,251101000000120266,1,2,2,2,2,2,2,2,2,2,2,2,2
11,251101000000130290,1,2,2,2,2,2,2,2,2,2,2,2,2
11,251101000000148005,1,2,2,2,2,2,2,2,2,2,2,2,2
11,251101000000150339,1,2,2,2,1,1,2,2,2,2,2,2,2
11,251101000000180410,1,2,2,2,2,2,2,2,2,2,2,2,2
11,820100200200010003,1,2,2,2,1,1,1,2,2,2,2,2,1
11,820100200200020031,1,2,2,2,1,2,1,2,2,2,2,2,1
11,820100200200030054,1,2,2,2,1,1,2,2,1,2,2,2,1
11,820100200200040076,1,2,2,2,2,1,2,2,1,2,2,2,1
11,820100200200050099,1,2,2,2,2,1,2,2,2,2,2,2,1
11,820100200200068001,1,2,2,2,1,1,2,2,2,2,2,2,2
11,820100200200078002,1,2,2,2,2,1,2,2,2,2,2,2,1
11,820100200200080169,1,2,2,1,1,1,1,2,1,2,2,2,1
11,820100200200098003,1,2,2,1,1,1,1,2,1,2,2,2,1
11,820100200200100215,1,2,2,2,1,1,1,2,2,2,2,2,2
11,820100200200118004,1,2,2,2,1,1,1,2,1,2,1,2,1
11,820100200200130283,1,2,2,2,1,1,1,2,2,2,2,2,1
11,820100200200140308,1,2,2,2,1,1,1,2,1,2,2,2,1
11,820100200200150331,1,2,1,1,1,1,1,2,1,2,1,1,1
11,820101100300010033,1,2,2,1,1,1,1,2,1,2,2,2,1
11,820101100300020116,1,2,2,2,2,2,2,2,2,2,2,2,2
11,820101100300038002,1,2,2,2,2,2,2,2,2,2,2,2,1
11,820101100300040284,1,2,2,2,2,1,2,2,2,2,2,2,1
11,820101100300050367,1,2,2,2,2,1,1,2,2,2,2,2,1
11,820101100300060452,1,2,2,2,2,1,2,2,1,2,2,2,1
11,820403200000060020,1,2,2,2,2,1,2,2,1,2,2,2,1
11,820403200000210047,1,2,2,2,2,1,2,2,1,2,2,2,1
11,820403200000220049,1,2,2,2,2,1,2,2,1,2,2,2,1
11,820403200000248019,1,2,2,2,2,1,2,2,1,2,2,2,1
11,820403200000258012,1,2,2,2,2,1,2,2,2,2,2,2,2
11,820403200000268015,1,2,2,2,2,1,1,2,1,2,2,2,1
11,820403200000290074,1,2,2,2,2,1,2,2,2,2,2,2,1
11,820500300400010024,1,2,2,2,2,1,1,2,2,2,2,2,1
11,820500300400028001,1,2,1,1,1,1,2,2,2,2,2,2,1
11,820500300400030095,1,2,2,1,2,1,2,2,2,2,2,2,1
11,820500300400040133,1,2,2,1,2,1,1,2,2,2,2,2,1
11,820500300400058002,1,2,2,2,2,2,2,2,2,2,2,2,1
11,820500300400068007,1,2,1,2,2,2,2,2,2,2,2,2,1
11,820500300400068008,1,2,2,2,2,2,2,2,2,2,2,2,1
11,820500300400070243,1,2,1,1,1,1,1,2,2,2,2,2,1
11,820500300400088004,1,2,2,2,2,1,2,2,2,2,2,2,1
11,820500300400100353,1,2,2,2,1,2,2,2,2,2,2,2,2
11,820500300400120428,1,2,2,2,1,2,2,2,2,2,2,2,1
11,820500300400130462,1,2,2,2,1,1,2,2,2,2,2,2,2
11,820500300400148006,1,2,1,1,2,1,1,2,2,2,1,2,1
11,820500300400160570,1,2,2,2,2,1,1,2,2,2,2,2,1
11,820500300400170603,1,2,2,1,1,1,2,2,2,2,2,2,1
11,820701000200010014,1,2,1,2,1,1,1,2,1,2,2,2,2
11,820701000200090186,1,2,2,2,2,1,2,2,2,2,2,2,2
11,820701000200100006,1,2,2,1,1,1,1,1,1,1,2,2,2
11,820701000200110028,1,2,2,2,2,2,2,2,2,2,2,2,2
11,820701000200120051,1,2,2,1,1,1,2,2,1,2,2,2,2
11,820701000200130074,1,2,2,2,2,2,2,2,2,2,2,2,2
11,820701000200140097,1,2,2,2,2,1,2,2,1,2,2,2,2
11,820701000200150119,1,2,2,2,1,1,1,2,1,2,2,2,2
11,820701700100030059,1,2,2,1,1,1,1,2,1,2,2,2,1
11,820701700100050104,1,2,2,1,1,1,1,2,1,2,2,2,1
11,820701700100060124,1,2,2,1,1,1,2,2,1,2,2,2,1
11,820701700100070145,1,2,1,1,1,1,1,2,1,2,1,2,1
11,820701700100080166,1,2,2,2,2,2,2,2,2,2,2,2,2
11,820701700100098002,1,2,2,2,2,2,2,2,2,2,2,2,2
11,820701700100100207,1,2,2,2,2,2,2,2,2,2,2,2,2
11,820701700100110228,1,2,2,2,2,2,2,2,2,2,2,2,2
11,820701700100120249,1,2,2,2,2,2,2,2,2,2,2,2,2
11,820701700100130270,1,2,2,2,1,1,1,2,1,2,2,2,1
11,820701700100140291,1,2,2,2,1,1,1,2,1,2,2,2,1
11,820701700100180375,1,2,2,2,2,2,2,2,2,2,2,2,2
11,820702200400028002,1,2,1,2,1,1,1,2,2,2,1,2,1
11,820702200400028003,1,2,1,2,2,1,2,2,2,2,2,2,1
11,820702200400028007,1,2,1,2,1,1,2,2,2,2,1,2,1
11,820702200400030196,1,2,2,2,2,2,2,2,2,2,2,2,2
11,820702200400038008,1,2,1,2,2,1,2,2,2,2,2,2,1
11,820702200400038009,1,2,1,2,2,1,2,2,2,2,2,2,1
11,820702200400040276,1,1,1,2,2,1,2,2,2,2,2,2,1
11,820702200400058010,1,2,2,2,2,2,2,2,2,2,2,2,1
11,820702200400058011,1,2,1,2,1,1,2,2,2,2,2,2,1
11,820702200400058012,1,2,2,2,2,1,2,2,2,2,2,2,1
11,820702200400060444,1,2,2,2,2,2,2,2,2,2,2,2,1
11,820702200400068017,1,2,2,2,2,2,2,2,2,2,2,2,2
11,820702200400068018,1,2,2,2,2,2,2,2,2,2,2,2,1
11,820702200400070521,1,2,1,1,2,1,1,2,2,2,1,2,1
11,820901100100010002,1,2,2,2,2,1,1,2,1,2,2,2,2
11,820901100100020015,1,2,1,1,2,1,1,2,1,2,2,1,1
11,820901100100030029,1,2,2,2,2,2,2,2,2,2,2,2,1
11,820901100100048004,1,2,1,1,1,1,1,2,1,2,2,2,1
11,820901100100058005,1,2,2,1,1,1,1,1,1,2,2,2,1
11,820901100100060073,1,2,2,1,2,1,1,2,1,2,2,2,2
11,820901100100078006,1,1,1,1,1,1,1,1,1,2,1,1,1
11,820901100100078007,1,2,2,2,2,1,1,2,1,2,1,2,1
11,820901100100088002,1,2,2,2,1,1,2,2,1,2,2,2,2
11,820901100100098001,1,2,2,1,2,1,2,2,1,2,2,2,1
11,820901100100100136,1,2,2,1,1,1,1,2,1,2,2,2,1
11,820901100100110152,1,2,2,2,2,1,1,2,1,2,1,2,1
11,821000800000020029,1,2,2,2,1,1,2,2,2,2,2,2,1
11,821000800000038003,1,1,2,2,1,1,1,2,1,2,2,2,1
11,821000800000040061,1,2,2,2,2,1,1,2,1,2,2,2,1
11,821000800000060092,1,2,2,2,2,2,2,2,2,2,2,2,1
11,821000800000070108,1,2,2,1,1,1,1,2,1,2,2,2,1
11,821000800000100156,1,2,2,2,2,1,2,2,1,2,2,2,1
11,821100400400038001,1,1,2,1,1,1,1,2,1,2,2,2,2
11,821100400400040174,1,2,2,2,2,1,2,2,1,2,1,2,2
11,821100400400050227,1,2,2,2,2,1,2,2,2,2,2,2,1
11,821100400400060288,1,2,2,1,2,1,1,2,1,2,1,2,1
11,821100400400070350,1,2,1,1,1,1,1,2,1,2,1,2,1
11,821100500200010002,1,2,2,1,1,1,2,2,1,2,2,2,1
11,821100500200020037,1,2,2,2,1,1,2,2,2,2,2,2,2
11,821100500200058001,1,2,2,2,2,1,2,2,2,2,2,2,2
11,821100500200060141,1,2,2,2,2,1,2,2,2,2,2,2,2
11,821100500200098002,1,2,2,2,1,2,2,2,2,2,2,2,2
11,821100500200100245,1,2,2,2,2,2,2,2,2,2,2,2,2
11,821100500200110271,1,2,2,2,2,2,2,2,2,2,2,2,2
11,821100500200128003,1,2,2,2,2,2,2,2,2,2,2,2,2
11,821100700900018009,1,2,2,2,2,2,2,2,2,2,2,2,2
11,821100700900020028,1,2,2,2,1,1,1,2,2,2,2,2,2
11,821100700900030042,1,2,2,2,2,1,2,2,2,2,2,2,2
11,821100700900040060,1,2,2,2,1,1,2,2,2,2,2,2,2
11,821100700900050078,1,2,2,2,2,2,2,2,2,2,2,2,2
11,821100700900060091,1,2,2,2,1,1,2,2,2,2,2,2,1
11,821100700900078002,1,2,2,2,2,2,2,2,2,2,2,2,2
11,821100700900090145,1,2,2,2,2,1,2,2,2,2,2,2,2
11,821100700900118010,1,2,2,2,2,2,2,2,2,2,2,2,2
11,821100700900128006,1,2,2,2,2,1,2,2,2,2,2,2,2
11,821100700900138005,1,2,2,2,2,1,2,2,2,2,2,2,2
11,821100700900148007,1,2,2,2,2,1,2,2,2,2,2,2,2
11,821101100100010011,1,2,2,2,2,2,1,2,1,2,2,2,1
11,821101100100020033,1,2,2,2,2,1,2,2,2,2,2,2,2
11,821101100100038003,1,2,2,2,2,2,2,2,1,2,2,2,2
11,821101100100040078,1,2,2,2,1,1,2,2,1,2,2,2,2
11,821101100100060122,1,2,2,2,1,1,2,2,1,2,2,2,1
11,821101100100070143,1,2,2,2,2,1,2,2,2,2,2,2,2
11,821101100100108001,1,2,2,2,1,1,2,2,2,2,2,2,1
12,470100100100038002,1,2,2,2,1,2,2,2,2,2,2,2,2
12,470100100100040057,1,2,2,1,1,1,1,2,1,2,2,2,1
12,470100100100060089,1,2,2,2,2,1,2,2,2,2,2,2,2
12,470100100100070105,1,2,2,2,2,1,1,2,1,2,2,2,1
12,470100100100110167,1,2,2,1,2,1,1,2,2,2,2,2,2
12,470100100100128003,1,2,2,2,2,2,2,2,2,2,2,2,2
12,470300800200050100,1,2,2,2,1,2,2,2,2,2,2,2,2
12,470300800200060118,1,2,2,1,2,1,1,1,1,2,1,2,2
12,470300800200080155,1,2,2,1,1,1,1,2,1,2,2,2,2
12,470300800200090173,1,2,2,2,2,2,2,2,1,2,2,2,2
12,470300800200100192,1,2,2,2,1,1,1,2,1,2,2,2,2
12,470300800200120228,1,2,2,2,2,1,2,2,2,2,2,2,2
12,470300800200130246,1,2,2,2,2,1,2,2,1,2,1,2,2
12,470300800200140264,1,2,2,2,2,1,2,2,1,2,2,2,2
12,470300800200158002,1,2,2,2,1,1,2,2,2,2,2,2,2
12,470300800200160301,1,2,2,2,1,1,1,2,1,2,2,2,2
12,470300800200170320,1,2,2,2,1,1,2,2,2,2,2,2,2
12,470300800200180337,1,2,2,2,1,1,2,2,2,2,2,2,2
12,470300800200190356,1,2,2,2,1,1,2,2,2,2,2,2,2
12,470300800200210391,1,2,2,1,1,1,1,2,1,2,2,2,2
12,470300800200238001,1,2,2,2,2,2,1,2,2,2,2,2,2
12,470300800200240445,2,2,2,2,1,2,2,2,2,2,2,2,1
12,470300800200270508,1,2,2,2,2,1,2,2,2,2,2,2,2
12,470300800200290546,1,2,2,2,2,1,2,2,2,2,2,2,2
12,470300800200300566,1,2,2,2,2,2,2,2,2,2,2,2,1
12,470301900300010062,1,2,1,1,1,1,1,2,1,2,2,2,1
12,470403200300010004,1,2,1,1,1,1,1,2,1,2,1,1,2
12,470403200300030104,1,2,2,2,2,1,1,2,2,2,2,1,2
12,470403200300068003,1,1,1,1,1,1,2,2,1,2,1,1,1
12,470403800100010019,1,2,2,1,1,1,1,2,2,2,2,2,1
12,470403800100020042,1,2,2,2,1,2,2,2,2,2,2,2,1
12,470403800100040088,1,2,1,1,1,1,1,2,1,2,1,2,1
12,470403800100050111,1,2,2,2,1,2,1,2,1,2,2,2,1
12,470403800100060134,1,2,2,2,1,1,1,2,1,2,2,2,1
12,470403800100080180,1,2,2,1,1,1,1,2,1,2,2,2,1
12,470403800100090203,1,2,2,2,2,1,2,2,2,2,2,2,1
12,470403800100100226,1,2,2,2,1,1,1,2,1,2,2,2,1
12,470403800100110249,1,2,2,2,2,1,1,2,2,2,2,2,1
12,470502900200030076,1,2,2,2,2,1,2,1,1,2,2,2,2
12,470502900200040105,1,2,1,1,2,1,1,2,1,2,1,1,1
12,470502900200050134,1,2,1,1,1,1,1,2,1,2,1,2,1
12,470502900200060161,1,2,2,1,1,1,2,2,1,2,2,2,1
12,470502900200078001,1,2,2,2,1,1,2,2,2,2,2,2,1
12,470502900200080218,1,1,1,1,1,1,2,2,1,2,2,2,1
12,470502900200090252,1,2,2,2,2,1,2,2,1,2,2,2,2
12,470502900200100286,1,2,2,2,2,2,2,2,2,2,2,2,2
12,470602400000010008,1,2,2,1,1,1,1,2,1,2,1,2,1
12,470602400000020022,1,2,2,1,1,1,1,2,1,2,2,2,1
12,470602400000040049,1,2,2,2,2,2,2,2,2,2,2,2,2
12,470602400000080099,1,2,2,2,1,2,2,2,2,2,2,2,2
12,470602400000090110,1,2,2,1,1,1,1,2,1,2,2,2,1
12,470602400000110134,1,2,2,2,1,1,1,2,2,2,2,2,1
12,470602400000120149,1,2,1,1,1,1,1,2,1,2,2,1,1
12,470602400000130163,1,1,2,1,1,1,1,2,2,2,2,2,1
12,470602400000180229,1,2,2,2,1,1,2,2,2,2,2,2,1
12,470602400000200255,1,2,1,1,1,1,2,2,2,2,2,2,1
12,470800800000010006,1,2,2,1,1,1,1,2,1,2,2,2,1
12,470800800000030049,1,2,2,2,1,1,2,2,2,2,2,2,2
12,470800800000078002,1,2,2,2,2,2,2,2,2,2,2,2,1
12,470800800000080139,1,2,2,2,1,2,2,2,1,2,2,2,2
12,470800800000090157,1,2,2,1,1,1,1,2,1,2,2,2,1
12,470800800000120211,1,2,2,2,2,1,2,2,2,2,2,2,1
12,470800800000130229,1,2,2,2,2,1,2,2,2,2,2,2,2
12,470800800000140248,1,2,2,2,2,1,1,2,1,2,2,2,1
12,470800800000150266,1,2,1,1,1,1,1,1,1,2,1,2,1
12,470800800000170302,1,2,2,2,1,1,2,2,2,2,2,2,1
12,470900800000010029,1,2,2,1,1,1,1,2,2,1,2,2,2
12,470900800000020046,1,2,2,2,1,2,2,2,1,2,2,2,2
12,470900800000030063,1,2,2,2,2,1,2,2,1,2,2,2,2
12,470900800000050097,1,2,2,2,2,2,2,2,2,2,2,2,2
12,470900800000060114,1,2,2,1,1,1,2,2,2,2,2,2,2
12,470900800000090165,1,2,2,1,2,1,1,2,1,2,2,2,2
12,470900800000138004,1,2,2,1,2,1,1,2,1,2,2,2,2
12,470900800000148006,1,2,2,2,2,1,1,2,2,2,2,2,2
12,470900800000150267,1,2,2,1,2,1,2,2,1,2,2,2,2
12,470900800000160284,1,2,2,1,2,1,2,2,1,2,2,2,2
12,470900800000168002,1,2,2,1,2,1,2,2,1,2,2,2,2
12,470900800000168003,1,2,2,1,2,1,2,2,1,2,2,2,2
12,470903200000020029,1,2,2,1,1,1,2,2,2,2,2,2,2
12,470903200000030043,1,1,2,2,2,1,2,2,1,2,2,2,2
12,470903200000048001,1,2,2,2,1,1,2,2,1,2,2,2,2
12,470903200000050071,1,2,2,2,1,1,2,2,2,2,2,2,2
12,470903200000060085,1,2,2,2,2,1,2,2,2,2,2,2,2
12,470903200000070099,1,2,1,2,1,1,2,2,1,2,2,2,2
12,470903200000080113,1,2,2,2,2,1,2,2,2,2,2,2,2
12,470903200000090127,1,2,2,1,2,1,1,2,1,2,1,2,2
12,470903200000100141,1,2,2,2,2,1,2,2,1,2,2,2,2
12,470903200000110155,1,2,2,2,1,1,1,2,1,2,2,2,2
12,470903200000120169,1,2,2,1,1,2,2,2,2,2,2,2,2
12,470903200000150211,1,2,2,2,2,2,2,2,2,2,2,2,2
12,470905700000010027,1,2,2,1,2,1,2,2,1,2,2,2,1
12,470905700000020050,1,2,2,1,1,1,2,2,2,2,2,2,1
12,470905700000040096,1,2,2,2,2,2,2,2,2,2,2,2,1
12,470905700000050119,1,2,2,2,1,1,2,2,1,2,2,2,1
12,470905700000060142,1,2,2,1,2,1,2,2,1,1,2,2,1
12,470905700000070165,1,2,1,2,1,1,1,2,1,2,2,2,1
12,470905700000090211,1,2,2,2,2,2,2,2,2,2,2,2,2
12,470905700000100234,1,2,2,2,2,1,2,2,2,2,2,2,1
12,470905700000110257,1,2,2,2,1,1,2,2,1,2,2,2,2
12,470905700000130303,1,2,2,2,1,1,1,2,1,2,2,2,2
12,470905700000150349,1,2,2,2,1,1,1,2,2,2,2,2,1
12,471001400000020043,1,2,2,2,2,1,1,2,2,2,2,2,1
12,471001400000040081,1,2,2,2,2,2,2,2,2,2,2,2,1
12,471001400000050100,1,2,2,2,1,2,2,2,2,2,2,2,2
12,471001400000060119,1,2,2,2,1,1,1,2,1,1,1,2,1
12,471001400000080157,1,2,2,2,2,1,2,2,2,2,2,2,1
12,471001400000090176,1,2,2,1,1,1,1,2,1,1,2,2,1
12,471001400000100195,1,2,2,2,2,1,2,2,1,2,2,2,1
12,471001400000110214,1,2,2,2,2,1,2,2,2,2,2,2,1
12,471001400000170328,1,2,2,2,2,1,2,2,2,2,2,2,1
12,471001400000190366,1,2,2,2,2,2,2,2,2,2,2,2,1
12,471001400000210404,1,2,2,2,2,1,2,2,2,2,2,2,1
12,471002000100018001,1,2,2,2,1,1,1,2,2,2,2,2,1
12,471002000100020046,1,2,2,2,2,2,2,2,2,2,2,2,2
12,471002000100030069,1,2,2,1,1,1,1,2,1,2,2,2,1
12,471002000100040092,1,2,2,1,2,2,2,2,2,2,2,2,2
12,471002000100058002,1,2,1,2,2,1,2,1,1,1,1,2,2
12,471002000100068003,1,2,1,1,1,1,1,2,1,2,2,2,2
12,471002000100070163,1,1,2,2,2,1,1,2,1,2,1,2,1
12,471002000100080185,1,2,2,1,2,1,1,2,1,2,2,2,2
12,471002000100090210,1,2,1,2,2,1,2,2,2,2,1,2,2
12,471002000100110258,1,1,1,1,1,1,2,2,1,2,1,2,1
12,471002000100150351,1,2,2,2,2,2,2,2,2,2,2,2,2
12,471100700200030050,1,2,1,1,1,1,2,2,1,2,2,2,1
12,471100700200040070,1,2,2,1,1,1,2,2,2,2,1,2,1
12,471100700200050089,1,2,2,2,2,1,2,2,1,2,2,2,1
12,471203100000060100,1,2,2,2,2,2,2,2,2,2,2,2,1
12,471203100000070119,1,2,2,2,2,2,2,2,2,2,2,2,2
12,471203100000090158,1,2,2,2,1,2,2,2,2,2,2,2,2
12,471203100000100175,1,2,2,2,2,2,2,2,2,2,2,2,2
12,471203100000150263,1,2,2,2,1,1,2,2,2,2,2,2,2
12,471300800000020023,1,2,2,1,1,1,1,2,1,2,2,2,1
12,471300800000040050,1,2,2,1,1,1,1,2,1,2,2,2,1
12,471300800000060075,1,2,2,1,1,1,1,2,1,2,2,2,1
12,471300800000070089,1,2,2,1,2,1,1,2,2,2,2,2,1
12,471300800000080101,1,2,2,1,1,1,1,2,1,2,2,1,1
12,471300800000118001,1,2,2,2,1,2,2,2,1,2,2,2,2
12,471300800000128002,1,2,2,2,2,2,2,2,1,2,2,2,2
12,471300800000130166,1,2,1,2,1,1,2,2,1,2,2,2,1
12,471300800000140179,1,2,1,1,1,1,1,2,1,2,1,2,1
12,471300800000150193,1,1,1,1,1,1,1,1,1,2,1,1,1
12,471300800000170220,1,2,2,2,2,2,2,2,2,2,2,2,2
12,471300800000180235,1,2,1,1,1,1,1,2,1,2,1,2,1
12,471300800000240321,1,1,1,2,1,1,1,1,1,2,2,2,1
12,471300800000250335,1,2,2,2,1,1,2,2,2,2,2,2,2
12,471301600000010097,1,2,2,2,2,2,2,2,2,2,2,2,2
12,471400500100010006,1,2,2,1,2,1,2,2,2,2,2,2,2
12,471400500100040086,1,2,2,2,2,2,2,2,2,2,2,2,2
12,471400500100100229,1,2,1,1,1,1,2,2,1,2,1,2,2
12,471400500100110255,1,2,2,1,2,1,1,1,1,1,1,1,1
12,471400500100120280,1,2,2,2,2,1,1,2,2,2,2,2,2
12,471400500100130306,1,2,2,2,2,1,2,2,2,2,2,2,2
12,471400500100170404,1,2,2,2,2,2,2,2,2,2,2,2,2
12,471400500100180430,1,2,2,1,2,1,1,2,2,2,2,2,1
12,471400500100190455,1,2,2,1,2,1,1,2,1,2,2,2,1
12,471400500100220529,1,2,2,2,1,2,2,2,2,2,2,2,1
12,471701500100010021,1,2,2,2,2,1,2,2,1,2,2,2,1
12,471701500100040088,1,2,2,1,1,1,1,2,1,2,1,2,2
12,471701500100050110,1,2,2,1,1,1,1,2,1,2,2,2,1
12,471701500100060132,1,2,2,2,1,1,1,2,2,2,2,2,2
12,471701500100130290,1,2,2,2,2,1,2,2,2,2,2,2,2
12,471801100200080172,1,2,2,2,1,2,2,2,2,2,2,2,2
12,471801100200110235,1,2,2,1,1,1,1,2,1,2,1,2,1
12,471801100200120256,1,2,2,2,2,1,2,2,1,2,2,2,1
12,471801100200130278,1,2,2,1,1,1,1,2,2,2,1,2,1
12,471801100200140300,1,2,2,1,2,1,1,2,1,2,1,2,1
12,471801100200160342,1,2,2,2,2,1,2,2,2,2,2,2,1
12,471801100200170364,1,2,2,1,1,1,1,2,1,2,2,2,1
12,471801100200180385,1,2,1,1,2,1,2,2,1,2,2,1,1
12,630202100200010021,1,2,2,2,1,2,2,2,2,2,2,2,2
12,630202100200030063,1,2,2,2,2,2,2,2,2,2,2,2,2
12,630202100200048001,1,2,2,2,1,1,1,2,1,2,2,2,1
12,630202100200050107,1,2,2,2,2,1,2,2,2,2,2,2,1
12,630202100200050108,1,2,2,2,1,2,2,2,2,2,2,2,2
12,630202100200060131,1,2,1,1,1,1,1,2,1,2,1,1,1
12,630202100200070152,1,2,2,2,2,1,2,2,2,2,2,2,2
12,630202100200080173,1,2,2,2,2,1,2,2,2,2,2,2,2
12,630202100200090196,1,2,2,2,2,1,2,2,2,2,2,2,1
12,630202100200100218,1,2,1,2,1,1,1,2,1,1,1,2,1
12,630202100200110241,1,2,2,1,1,1,1,2,1,2,2,2,1
12,630202100200120262,1,2,2,2,1,1,1,2,1,2,2,2,1
12,630202100200130284,1,2,2,1,2,2,2,2,1,2,2,2,2
12,630202100200150326,1,2,2,2,1,1,2,2,2,2,2,2,1
12,630202100200168005,1,2,1,2,2,1,2,2,2,2,2,2,1
12,630202100200178003,1,2,2,2,1,1,2,2,2,2,2,2,1
12,630202100200188006,1,2,2,2,1,1,2,2,2,2,2,2,1
12,630202100200190411,1,2,2,2,1,1,2,2,2,2,2,2,2
12,630300501700018007,1,2,1,1,1,1,2,2,2,2,2,2,1
12,630300501700020068,1,2,1,1,2,1,1,2,1,2,1,1,1
12,630300501700038006,1,2,2,2,2,1,2,2,1,2,2,2,1
12,630300501700040136,1,2,1,2,1,1,2,2,2,2,2,2,1
12,630300501700058008,1,2,1,1,2,1,2,2,1,2,1,2,1
12,630300501700060206,1,2,2,1,1,1,2,2,1,2,2,2,1
12,630300501700070237,1,2,2,2,2,1,2,2,2,2,2,2,2
12,630300501700088009,1,2,2,1,2,1,2,2,1,2,2,2,1
12,630300501700098002,1,2,1,1,2,1,1,2,1,2,2,2,1
12,630300501700100342,1,2,1,2,1,1,2,2,1,2,1,2,1
12,630300501700110376,1,2,2,2,2,1,1,2,1,2,1,2,1
12,630300501700118010,1,2,2,2,1,1,2,2,1,2,1,2,2
12,630300501700130441,1,2,2,2,2,1,1,2,2,2,2,2,2
12,630301101800010019,1,2,2,1,1,1,1,2,1,2,1,1,1
12,630301101800028006,1,2,2,1,2,1,2,2,1,2,1,2,1
12,630301101800028010,1,2,2,2,2,2,2,2,2,2,2,2,2
12,630301101800030051,1,1,1,1,1,1,1,1,1,1,1,1,1
12,630301101800050082,1,2,2,2,1,2,2,2,2,2,2,2,2
12,630301101800068007,1,2,1,1,1,1,1,2,1,2,2,2,2
12,630301101800080127,1,1,1,1,1,1,1,2,1,1,1,1,2
12,630301101800100157,1,2,2,2,1,1,1,2,2,2,2,2,2
12,630301101800128002,1,2,1,1,1,1,1,2,1,2,2,2,1
12,630301101800130199,1,2,1,1,1,1,1,2,1,2,1,1,1
12,630301101800148005,1,2,2,2,1,1,1,2,1,2,1,2,1
12,630301101800150228,1,2,2,2,2,1,2,2,2,2,2,2,2
12,630301101800168004,1,2,1,1,1,1,1,1,1,1,1,1,1
12,630301101800170259,1,2,1,2,1,1,1,2,1,2,1,2,2
12,630301101800198009,1,1,1,1,1,1,1,1,1,2,1,1,1
12,630301202400010021,1,2,2,1,2,1,1,2,1,2,2,1,2
12,630301202400040059,1,2,2,2,1,1,1,2,1,2,2,2,1
12,630301202400060087,1,2,2,2,2,1,2,2,2,2,2,2,1
12,630301202400070100,1,2,2,1,1,1,1,2,1,2,2,2,1
12,630301202400090129,1,2,1,2,1,1,2,2,1,2,1,2,2
12,630301202400130183,1,2,2,2,2,1,2,2,2,2,2,2,2
12,630301202400150210,1,2,2,1,1,1,2,2,1,2,2,2,1
12,630301202400160224,1,2,2,1,1,1,2,2,1,2,1,2,1
12,630301202400170238,1,2,2,2,2,1,2,2,2,2,2,2,2
12,630302301300018001,1,2,2,2,2,1,2,2,1,2,2,2,1
12,630302301300020054,1,2,2,2,2,1,2,2,2,2,2,2,2
12,630302301300030081,1,2,2,1,1,1,1,2,1,2,1,1,1
12,630302301300040108,1,2,2,2,2,1,2,2,1,2,2,2,1
12,630302301300050136,1,2,1,1,2,1,1,2,1,2,2,2,1
12,630302301300060163,1,2,2,2,1,1,2,2,2,2,2,2,1
12,630302301300070190,1,2,2,2,1,1,1,2,2,2,1,2,1
12,630302301300080216,1,2,2,1,1,1,1,2,1,2,1,1,1
12,630302301300098002,1,2,1,2,2,1,1,2,2,2,2,2,1
12,630302301300100269,1,2,2,2,1,2,2,2,2,2,2,2,1
12,630302800200010028,1,2,2,1,1,1,1,2,1,1,2,2,1
12,630302800200048007,1,2,2,2,2,1,2,2,1,2,2,2,1
12,630302800200050118,1,2,2,1,2,1,2,2,2,2,1,2,1
12,630302800200070162,1,1,2,1,2,1,1,2,1,2,2,1,1
12,630302800200080185,1,2,1,1,2,1,1,2,1,1,2,2,1
12,630302800200090209,1,2,2,1,2,1,1,2,1,2,2,1,1
12,630302800200108002,1,2,2,1,1,1,2,2,1,2,2,2,1
12,630302800200110256,1,2,2,2,2,2,2,2,1,2,2,2,2
12,630302800200138001,1,2,2,2,2,1,1,2,1,2,2,2,1
12,630302800200140321,1,2,2,2,2,1,1,2,1,2,2,2,1
12,630302800200168003,1,2,2,2,2,1,2,2,2,2,2,2,1
12,630302800200170390,1,2,2,1,2,1,2,2,2,2,1,2,1
12,630302800200180413,1,2,2,2,2,1,2,2,1,2,2,2,1
12,630302800200208005,1,2,2,2,2,2,2,2,2,2,2,2,2
12,630302900900018001,1,2,1,1,1,1,1,2,1,2,1,1,1
12,630302900900020088,1,2,1,1,2,1,1,2,1,2,1,1,1
12,630302900900038002,1,2,2,2,2,2,2,2,1,2,2,2,1
12,630302900900048005,1,2,2,2,1,1,2,2,2,2,2,2,1
12,630302900900058004,1,2,2,2,1,1,2,2,1,2,2,2,1
12,630302900900060286,1,2,2,2,1,1,2,2,1,2,2,2,1
12,630302900900070330,1,2,2,1,2,1,2,2,1,2,2,2,2
12,630302900900080380,1,2,2,2,1,1,2,2,1,2,2,2,1
12,630302900900090430,1,2,2,1,2,1,2,2,1,2,2,2,1
12,630302900900100480,1,2,2,1,1,1,1,2,1,2,2,2,1
12,630303000100030085,1,2,2,2,2,1,2,2,2,2,2,2,1
12,630303000100050128,1,2,2,1,2,2,2,2,2,2,1,2,1
12,630303000100088001,1,2,2,2,1,1,2,2,2,2,2,2,1
12,630303000100090221,1,2,2,2,2,2,2,2,2,2,2,2,2
12,630303000100100247,1,2,2,2,1,2,2,2,2,2,2,2,1
12,630303000100110272,1,1,1,1,1,1,1,2,1,2,1,1,1
12,630303000100130312,1,2,2,1,2,1,1,2,2,2,2,2,1
12,630303000100160380,1,2,2,2,1,1,2,2,2,2,2,2,2
12,630303000100170403,1,2,2,2,2,1,1,2,2,2,2,2,1
12,630303000100180428,1,2,2,2,2,1,2,2,2,2,2,2,1
12,630303000100208004,1,2,2,1,2,1,2,2,1,2,2,2,1
12,630303000100220539,1,2,2,1,2,1,1,2,1,2,1,1,1
12,630303000100230567,1,2,1,1,2,1,1,1,1,2,2,2,1
12,630303000100240589,1,2,2,2,1,1,1,2,2,2,2,2,2
12,630303000100258002,1,2,1,1,1,1,2,2,2,2,2,2,1
12,630303000100260643,1,2,2,1,2,1,2,2,1,2,2,2,1
12,630303000100270671,1,2,2,2,2,2,2,2,2,2,2,2,2
12,630303000100288003,1,2,2,2,2,1,2,2,2,2,2,2,2
12,630303300100010017,1,2,1,1,1,1,1,2,1,2,2,2,1
12,630303300100020038,1,2,2,1,2,1,1,2,1,2,2,1,1
12,630303300100030058,1,2,2,2,1,1,2,2,1,2,1,2,1
12,630303300100050101,1,2,2,1,2,1,2,2,2,2,2,2,1
12,630303300100060122,1,2,2,2,2,1,2,2,2,2,2,2,2
12,630303300100070143,1,2,2,2,2,2,2,2,2,2,2,2,2
12,630303300100088001,1,2,2,2,1,2,2,2,1,2,2,2,1
12,630303300100090184,1,2,2,2,1,1,2,2,1,2,2,2,1
12,630303300100100204,1,2,1,1,1,1,2,2,2,2,2,2,1
12,630303300100110223,1,2,2,2,2,1,2,2,1,2,2,2,1
12,630303300100120243,1,2,2,2,2,2,2,2,2,2,2,2,2
12,630303300100138002,1,2,2,2,2,1,2,2,2,2,2,2,2
12,630303300100140283,1,2,2,2,1,1,1,1,1,2,2,2,1
12,630303300100150305,1,2,2,2,1,1,2,2,1,2,2,2,1
12,630303300100160321,1,2,2,2,1,2,2,2,2,2,2,2,2
12,630303303000010195,1,2,2,2,2,2,2,2,1,2,2,2,1
12,630303400100040179,1,2,2,2,2,1,1,2,1,2,2,2,1
12,630303400100050239,1,2,2,2,2,1,2,2,1,2,2,2,2
12,630303400100060295,1,2,2,2,2,1,2,2,1,2,2,2,1
12,630303400100078001,1,2,2,2,2,1,1,2,1,2,2,2,1
12,630303500300010001,1,2,1,1,1,1,1,2,1,2,1,2,1
12,630303500300028008,1,1,2,1,1,1,1,2,1,2,1,1,1
12,630303500300048014,1,2,2,2,1,2,2,2,1,2,2,2,1
12,630303500300058013,1,2,2,1,2,1,2,2,1,2,2,2,1
12,630303500300070102,1,2,2,1,2,1,2,2,2,2,2,2,1
12,630303500300110174,1,2,2,1,2,1,2,2,1,2,2,2,1
12,630303500300128018,1,1,1,1,2,1,2,2,1,2,2,2,1
12,630303500300138011,1,2,2,2,2,2,2,2,2,2,2,2,2
12,630303500300140230,1,2,2,2,2,1,2,2,1,2,2,2,1
12,630303500300150256,1,1,1,1,1,1,1,1,1,1,1,2,2
12,630303500300168015,1,2,2,2,2,1,1,2,2,2,2,1,1
12,630303500300178006,1,2,2,1,1,1,1,1,1,1,1,1,1
12,630303500300208005,1,2,1,1,1,1,1,2,1,2,1,1,1
12,630303500300210385,1,2,2,2,2,1,2,2,1,2,2,2,1
12,630303500300228017,1,2,1,1,2,1,2,2,1,2,2,2,1
12,630303500300248003,1,2,2,1,2,1,1,2,1,2,1,1,1
12,630303500300268016,1,2,2,1,2,1,2,2,1,2,2,2,1
12,630303600200010017,1,2,2,2,1,1,2,2,1,2,2,2,1
12,630303600200028004,1,2,2,2,2,2,2,2,1,2,2,2,1
12,630303600200030061,1,2,2,1,1,1,2,2,1,2,2,2,2
12,630303600200050104,1,2,2,2,2,1,2,2,1,2,2,2,1
12,630303600200068003,1,2,2,1,1,1,1,2,1,2,1,1,1
12,630303600200078005,1,2,2,1,2,1,2,2,1,2,1,2,1
12,630303600200098001,1,2,2,2,2,2,2,2,1,2,2,2,1
12,630303701300010008,1,2,2,2,2,1,2,2,1,2,2,2,1
12,630303701300028001,1,1,1,2,1,1,2,2,1,2,2,2,1
12,630303701300030045,1,2,2,1,2,1,2,2,1,2,1,2,1
12,630303701300048005,1,2,2,1,2,1,2,2,1,2,2,2,1
12,630303701300050080,1,2,2,2,2,2,2,2,1,2,2,2,1
12,630303701300068002,1,2,2,2,2,2,2,2,2,2,2,2,2
12,630303701300078004,1,2,1,2,2,1,1,2,1,2,2,2,1
12,630303701300080130,1,2,2,2,2,1,1,2,1,2,2,2,1
12,630303701300098003,1,2,1,2,2,1,2,2,1,2,1,2,1
12,630303701300100163,1,2,1,2,1,1,1,2,1,2,2,1,1
12,630303800100010008,1,2,1,1,1,1,1,2,1,2,1,2,1
12,630303800100020026,1,1,2,1,1,1,1,2,1,2,1,1,1
12,630303800100038005,1,2,2,1,1,1,1,2,2,2,1,2,1
12,630303800100050079,1,2,2,2,1,1,2,2,1,2,2,2,1
12,630303800100078004,1,2,1,1,1,1,1,2,1,2,1,2,1
12,630303800100108011,1,2,2,2,2,2,2,2,2,2,2,2,1
12,630303800100118001,1,1,1,1,2,1,2,2,1,2,1,2,1
12,630303800100128007,1,2,2,2,1,1,1,2,2,2,2,2,1
12,630303800100138009,1,2,1,1,1,1,2,2,1,2,2,2,1
12,630303800100140257,1,1,1,2,1,1,1,2,1,2,2,2,1
12,630303800100160292,1,2,2,1,1,1,1,2,1,2,2,2,1
12,630303800100170310,1,2,2,2,1,1,2,2,2,2,2,2,2
12,630303800100188010,1,2,2,2,1,1,2,2,2,2,2,2,1
12,630303800100200369,1,2,1,1,1,1,1,1,1,2,1,1,1
12,630303800100210391,1,2,2,2,2,1,2,2,1,2,2,2,1
12,630303800100240444,1,2,2,2,2,2,2,2,2,2,2,2,2
12,630600800800010031,1,2,2,2,2,1,2,2,2,2,2,2,1
12,630600800800020088,1,2,2,2,2,1,1,2,2,1,2,2,1
12,630600800800030141,1,2,2,2,2,1,2,2,1,2,2,2,1
12,630600800800050262,1,2,2,1,1,1,1,2,1,2,1,2,1
12,630600800800060324,1,2,2,2,1,1,2,2,2,2,2,2,1
12,630600800800070383,1,2,2,2,1,1,1,2,1,2,2,2,1
12,630600800800070384,1,2,2,2,1,1,2,2,1,2,2,2,1
12,630601500200010019,1,2,2,2,2,1,2,2,2,2,2,2,1
12,630601500200040095,1,2,2,2,1,1,2,2,2,2,2,2,2
12,630601500200050120,1,2,2,2,2,1,2,2,2,2,2,2,2
12,630601500200060144,1,2,2,1,1,1,1,2,1,1,1,2,1
12,630601500200070168,1,2,2,1,2,1,2,2,1,2,1,2,1
12,630601500200080192,1,2,2,2,1,1,2,2,1,2,2,2,1
12,630601500200100239,1,2,2,2,2,1,2,2,2,2,2,2,2
12,630601500200110259,1,2,2,1,1,1,1,1,1,2,1,1,1
12,630601500200120278,1,2,2,2,2,2,2,2,2,2,2,2,2
12,630601500200140314,1,2,2,1,2,1,1,2,1,2,2,2,1
12,630601500200160362,1,2,2,1,2,1,2,2,1,2,1,2,1
12,630601500200170387,1,2,2,1,1,2,2,2,1,2,1,2,1
12,630601500200180410,1,2,1,2,2,1,2,2,1,2,2,2,1
12,630601500200200460,1,2,1,1,2,1,1,2,1,1,2,1,1
12,630601500200210484,1,2,2,2,2,1,2,2,1,1,2,2,1
12,630601500200220507,1,2,2,1,2,1,2,2,1,2,2,2,2
12,630601500200230532,1,2,2,2,2,2,2,2,2,2,2,2,2
12,630601500200240557,1,2,2,2,1,1,2,2,2,2,2,2,2
12,630601500200260607,1,2,2,1,2,2,2,2,2,2,2,2,2
12,630601700300010013,1,2,2,2,1,1,2,2,2,2,2,2,1
12,630601700300028003,1,2,2,1,2,1,1,2,1,2,2,2,1
12,630601700300030037,1,2,2,1,1,1,1,2,1,2,2,2,1
12,630601700300040049,1,2,2,1,2,2,2,2,2,2,2,2,1
12,630601700300060072,1,2,2,1,2,1,1,2,1,2,1,1,1
12,630601700300070083,1,2,1,1,1,2,1,2,1,2,2,2,1
12,630601700300080095,1,2,1,1,1,1,1,2,1,2,1,2,2
12,630601700300090108,1,2,1,1,1,1,1,2,1,2,1,1,1
12,630601700300110129,1,2,1,1,1,1,1,2,1,2,1,2,1
12,630601700300128001,1,2,2,2,2,1,2,2,1,2,2,2,1
12,630601700300130152,1,2,1,2,2,1,1,2,1,1,2,2,1
12,630601700300140162,1,2,1,1,2,1,1,2,1,2,2,2,1
12,630601700300160184,1,2,1,1,2,1,1,1,2,2,2,1,1
12,630601700300170196,1,2,1,1,1,1,1,1,1,2,1,1,1
12,630602400400020083,1,2,2,2,1,1,2,2,2,2,2,2,1
12,630602400400040173,1,2,2,1,1,1,1,2,1,2,1,2,1
12,630602400400050218,1,2,2,2,1,1,2,2,1,2,2,2,1
12,630602400400060238,1,2,1,1,1,1,1,1,1,2,2,1,1
12,630602400400110405,1,2,2,1,1,1,1,2,1,2,1,2,1
12,630602400400120440,1,2,1,1,1,2,1,1,1,2,2,1,1
12,630602400400150554,1,2,2,2,2,1,2,2,1,2,2,1,1
12,630602400400160594,1,2,2,1,1,1,1,2,1,2,1,2,1
12,630602400400180679,1,2,2,2,1,1,1,2,1,2,2,2,1
12,630602400400190723,1,2,1,1,1,1,1,1,1,2,1,1,1
12,630602400400210798,1,2,2,1,1,1,1,1,1,2,1,1,1
12,630602400400238003,1,2,1,1,1,1,1,1,1,2,2,1,1
12,630602400400248008,1,2,1,1,2,1,1,1,1,2,1,2,1
12,630602400400250966,1,2,1,1,1,1,1,1,1,2,1,2,1
12,630602400400288001,1,2,2,2,1,1,2,2,1,2,2,2,1
12,630602400400298007,1,2,2,2,1,2,2,2,2,2,2,2,2
12,630602400400301158,1,2,2,1,2,1,1,2,1,2,1,2,1
12,631201400600010030,1,2,1,1,1,1,1,2,1,2,2,2,1
12,631201400600030091,1,2,2,2,2,1,2,2,2,2,2,2,2
12,631201400600060186,1,2,1,1,1,1,1,2,1,2,1,1,1
12,631201400600070218,1,2,1,1,1,1,1,1,1,2,1,1,1
12,631201400600090279,1,2,2,1,1,1,1,2,1,2,2,1,1
12,631201600300010026,1,2,1,2,2,1,1,2,2,2,1,2,1
12,631201600300028006,1,2,2,2,1,1,2,2,1,2,2,2,1
12,631201600300030082,1,2,2,1,1,1,1,2,1,2,1,1,1
12,631201600300048001,1,2,1,1,1,1,2,2,1,2,2,2,1
12,631201600300058002,1,2,2,1,1,1,1,2,2,2,1,2,1
12,631201600300060168,1,2,2,1,2,1,1,2,1,2,1,2,2
12,631201600300080228,1,2,2,2,1,1,1,2,2,2,2,2,1
12,631201600300090253,1,2,2,1,1,1,1,2,2,2,1,2,1
12,631201600300100283,1,2,1,2,2,1,2,2,2,2,1,2,1
12,631201600300110307,1,1,2,2,2,1,2,2,1,2,2,2,1
12,631201600300120333,1,2,1,1,2,1,1,2,1,2,1,2,2
12,631201600300148005,1,2,2,2,2,2,2,2,2,2,2,2,2
12,631201600300150423,1,2,2,2,1,2,2,2,2,2,2,2,1
12,631201600300160452,1,2,2,2,1,1,2,2,1,2,2,2,1
12,631201600300180510,1,2,2,2,1,1,2,2,2,2,2,2,1
12,631201600300198004,1,2,1,1,1,1,1,2,2,2,1,2,1
12,631201600300200569,1,2,2,2,1,2,1,2,2,2,2,2,2
12,631202400200020109,1,2,2,2,2,1,1,2,2,2,1,2,1
12,631202400200030184,1,2,1,1,1,1,1,2,1,2,1,1,1
12,631202400200040263,1,2,2,2,2,1,1,2,2,2,2,2,2
12,631202400200050337,1,2,1,1,1,1,1,2,1,2,2,2,1
12,631202400200060412,1,2,2,1,1,1,1,2,1,2,1,2,1
12,631202400200070487,1,2,1,1,1,1,1,2,2,2,1,2,1
12,631300800100020034,1,2,2,2,2,2,2,2,2,2,2,2,2
12,631300800100180350,1,2,2,2,2,1,2,2,2,2,2,2,1
12,631300800100230446,1,2,2,2,2,1,2,2,2,2,2,2,1
12,631300800100240466,1,2,2,2,2,1,2,2,1,2,1,2,1
12,631300800100250486,1,2,1,1,1,1,1,2,1,2,2,2,1
12,631300800100260506,1,2,1,1,2,1,1,2,1,2,2,1,1
12,631300800100270525,1,2,2,2,2,1,1,2,1,2,2,1,1
12,631400600300020033,1,2,1,1,2,1,1,2,2,2,1,2,1
12,631400600300030058,1,2,2,2,1,1,1,2,1,2,2,2,1
12,631400600300040082,1,2,2,1,2,1,2,2,2,2,2,2,1
12,631400600300050106,1,2,2,2,2,1,2,2,1,2,2,2,1
12,631400600300060132,1,2,2,2,1,1,2,2,1,2,2,2,1
12,631400600300070155,1,2,2,2,1,1,1,2,1,2,2,2,1
12,631400600300090206,1,2,2,2,2,2,2,2,2,2,2,2,1
12,631400600300100232,1,2,2,2,2,1,2,2,2,2,2,2,2
12,631400600300110257,1,2,2,1,1,1,1,2,1,2,1,1,1
12,631400600300130308,1,2,2,1,2,1,1,2,1,2,2,2,1
12,631400600300140333,1,2,2,2,2,1,2,2,1,1,1,2,1
12,631400600300158002,1,2,2,2,1,1,1,2,1,2,2,2,1
12,631400600300160376,1,2,1,1,1,1,1,2,1,1,2,2,1
12,631400600300170401,1,2,1,2,1,2,2,2,1,2,2,2,1
12,631500900000030047,1,2,2,2,1,1,2,2,1,2,2,2,2
12,631500900000060108,1,2,2,1,1,1,2,2,1,2,2,2,1
12,631500900000080149,1,2,2,2,2,1,2,2,1,2,2,2,2
12,631500900000100189,1,2,2,2,2,2,1,2,1,2,2,2,2
12,631500900000110210,1,2,2,2,2,1,2,2,2,2,2,2,2
12,631500900000120230,1,2,2,2,1,1,1,2,1,1,2,2,1
12,631500900000140270,1,2,2,2,1,1,2,2,2,2,2,2,2
12,631500900000150291,1,2,2,2,1,1,2,2,2,2,2,2,2
12,631500900000180353,1,2,2,2,1,1,1,2,1,2,2,2,2
12,631601100100010013,1,2,2,2,2,2,2,2,2,2,2,2,2
12,631601100100038006,1,1,1,1,1,1,2,2,1,2,1,2,1
12,631601100100048002,1,1,2,2,2,1,2,2,2,2,2,2,1
12,631601100100060105,1,2,2,2,2,2,2,2,2,2,2,2,2
12,631601100100070123,1,2,2,1,2,1,2,2,2,2,2,2,1
12,631601100100090162,1,2,2,2,2,1,2,2,2,1,2,2,1
12,631601100100100181,1,2,2,2,2,1,2,2,2,2,2,2,2
12,631601100100118004,1,2,1,1,2,1,2,2,2,2,2,2,1
12,631601100100118005,1,2,2,1,1,1,2,2,1,2,2,2,1
12,631601100100120220,1,2,2,2,2,1,1,2,2,2,2,2,1
12,631601100100130235,1,2,1,1,1,1,1,2,1,2,2,2,1
12,631601100100140255,1,2,2,1,2,2,2,2,2,2,2,2,1
12,631601100100168001,1,2,1,1,2,1,1,2,2,2,2,2,1
12,631601100100170306,1,2,2,2,2,1,2,2,2,2,2,2,1
12,631601100100188003,1,2,2,2,2,1,2,2,2,2,2,2,1
12,631601100100218007,1,2,2,2,1,2,2,2,2,2,2,2,1
12,631601100100220408,1,2,2,2,2,1,2,2,2,2,2,2,2
12,631601700000010015,1,2,2,1,2,1,1,2,2,2,2,2,1
12,631601700000030041,1,2,2,2,2,1,2,2,2,2,2,2,2
12,631601700000048001,1,2,2,2,2,2,2,2,2,2,2,2,2
12,631601700000050068,1,2,2,2,2,1,1,2,2,2,2,2,2
12,631601700000060082,1,2,2,2,2,2,2,2,2,2,2,2,2
12,631601700000070095,1,2,1,1,1,1,1,2,1,2,1,2,1
12,631601700000080105,1,2,2,1,2,1,1,2,2,2,2,2,1
12,631601700000100130,1,2,1,2,1,1,1,2,2,2,2,2,1
12,631601700000130169,1,2,2,2,1,1,2,2,2,2,2,2,2
12,631601700000140181,1,2,2,2,2,2,2,2,2,2,2,2,2
12,631601700000150195,1,2,2,2,2,2,2,2,2,2,2,2,2
12,631601700000170222,1,2,2,2,2,1,1,2,2,2,2,2,2
12,631601700000180232,1,2,2,2,1,1,1,2,2,2,2,2,1
12,631701200200010016,1,2,2,2,1,1,2,2,2,2,2,2,1
12,631701200200020029,1,2,2,2,1,1,2,2,2,2,2,2,2
12,631701200200060091,1,2,2,2,2,1,1,2,2,2,2,2,1
12,631701200200080121,1,2,2,2,2,1,2,2,2,2,2,2,2
12,631701200200100148,1,2,1,2,2,1,1,2,1,2,2,2,1
12,631701200200150228,1,2,2,2,2,1,2,2,2,2,2,2,2
12,631701200200160245,1,2,2,2,2,2,2,2,2,2,2,2,2
12,631800200200020033,1,2,2,2,2,2,2,2,2,2,2,2,2
12,631800200200040070,1,2,2,1,2,1,2,2,1,2,2,2,2
12,631800200200050087,1,2,2,2,2,1,2,2,1,2,2,2,2
12,631800200200070123,1,2,1,1,2,1,2,2,1,2,2,2,1
12,631800200200090156,1,2,2,1,2,1,1,2,1,1,2,2,1
12,631800200200100174,1,2,1,2,2,1,1,2,1,2,2,2,1
12,631800200200110191,1,2,2,2,2,1,2,2,2,2,2,2,2
12,631800200200120209,1,2,2,2,2,2,2,2,2,2,2,2,2
12,631800200200130227,1,1,1,1,1,1,1,2,1,1,2,1,1
12,631800200200140245,1,2,2,2,2,1,1,2,1,2,2,2,2
12,631800200200158001,1,2,2,2,2,1,2,2,2,2,2,2,2
12,631800200200160278,1,2,2,1,1,1,1,2,2,1,2,2,2
12,631800200200170295,1,2,2,2,2,1,2,2,2,2,2,2,1
12,631800200200180314,1,2,2,1,1,1,2,2,1,2,2,2,1
12,631901000100010017,1,2,2,2,2,2,2,2,2,2,2,2,2
12,631901000100028004,1,2,2,2,2,1,2,2,2,2,2,2,2
12,631901000100030055,1,2,2,2,2,1,2,2,2,2,2,2,2
12,631901000100048002,1,2,2,2,1,1,2,2,1,2,2,2,1
12,631901000100050093,1,2,2,2,2,1,2,2,2,2,2,2,2
12,631901000100068003,1,2,2,2,2,2,2,2,2,2,2,2,1
12,631901000100070131,1,2,2,2,2,1,2,2,2,2,2,2,2
12,631901000100230434,1,2,2,2,2,2,2,2,2,2,2,2,1
12,631901800000020048,1,2,2,2,2,2,2,2,2,2,2,2,2
12,631901800000080180,1,2,2,2,2,2,2,2,2,2,2,2,2
12,631901800000150334,1,2,2,1,1,1,1,2,2,2,2,2,1
12,631901800000170378,1,2,2,2,2,2,2,2,2,2,2,2,2
12,631901800000180400,1,2,2,2,2,1,1,2,2,2,2,2,1
12,650100300100020045,1,2,2,2,2,1,1,2,1,2,1,2,1
12,650100300100030062,1,2,2,2,1,2,2,2,2,2,2,2,2
12,650100300100040079,1,2,1,1,1,1,1,2,1,1,2,2,2
12,650100300100050097,1,2,2,2,2,1,2,2,2,2,2,2,2
12,650100300100060115,1,2,2,2,2,1,2,2,2,2,2,2,2
12,650100300100070133,1,2,2,1,2,1,1,2,2,2,2,2,1
12,650100300100080151,1,2,1,1,1,1,2,2,1,2,2,2,2
12,650100300100098001,1,2,2,2,2,1,2,2,2,2,2,2,2
12,650100300100110205,1,2,2,2,2,1,2,2,1,2,2,2,1
12,650100300100120223,1,2,2,1,2,1,2,2,1,2,2,2,1
12,650100300100150276,1,2,2,1,2,1,2,2,2,2,2,2,2
12,650100300100160294,1,2,2,2,2,1,1,2,1,2,2,2,1
12,650400900100018003,1,2,2,2,2,1,2,2,2,2,2,2,2
12,650400900100028004,1,2,2,1,2,1,2,2,1,2,2,2,1
12,650400900100030056,1,2,2,2,1,1,2,2,2,2,2,2,1
12,650400900100040082,1,2,2,1,1,1,1,2,1,2,2,2,1
12,650400900100050106,1,2,2,1,2,1,2,2,2,2,2,2,2
12,650400900100060132,1,2,2,2,2,1,2,2,1,2,2,2,2
12,650400900100070158,1,2,2,1,2,1,2,2,1,2,1,2,1
12,650400900100080184,1,2,2,2,2,1,2,2,2,2,2,2,2
12,650400900100090210,1,2,2,2,2,1,2,2,2,2,2,2,2
12,650400900100110262,1,2,2,1,2,1,2,2,1,2,2,2,1
12,650400900100120288,1,2,1,1,2,1,1,2,1,1,1,2,2
12,650400900100130314,1,2,2,1,2,2,1,2,1,2,2,2,1
12,650400900100140339,1,2,2,2,2,1,1,2,1,1,2,2,1
12,650400900100150365,1,2,2,1,2,1,2,2,2,2,2,2,2
12,650400900100168005,1,2,2,2,1,2,2,2,1,2,2,2,1
12,650400900100170415,1,2,2,2,2,1,2,2,2,1,2,2,2
12,650400900100210518,1,2,1,1,2,1,2,2,1,2,1,2,1
12,650500700200030055,1,2,2,2,2,1,2,2,2,2,2,2,2
12,650501100200030055,1,2,2,2,1,1,2,2,2,2,2,2,2
12,650501100200040074,1,2,1,2,1,1,2,2,1,2,2,2,2
12,650602000100038002,1,2,2,2,2,2,2,2,2,2,2,2,2
12,650602000100048003,1,2,2,2,1,2,2,2,2,2,2,2,1
12,650602000100060112,1,2,2,2,2,1,2,2,1,2,2,2,2
12,650602000100110209,1,2,2,2,2,2,2,2,2,2,2,2,1
12,650602000100120228,1,2,2,2,2,2,2,2,2,2,2,2,2
12,650602000100130258,1,2,2,2,1,1,2,2,1,2,2,2,1
12,650602000100180370,1,2,2,2,2,2,2,2,2,2,2,2,2
12,650602000100190390,1,2,2,1,2,1,2,2,2,2,2,2,2
12,650602000100200409,1,2,2,2,2,1,2,2,1,2,2,2,1
12,650602800200018001,1,2,2,1,2,1,2,2,1,2,2,2,1
12,650602800200020032,1,1,1,1,1,1,2,2,1,2,2,1,1
12,650602800200038002,1,2,2,1,2,1,1,2,1,2,2,2,1
12,650602800200048003,1,2,2,2,2,2,2,2,2,2,2,2,2
12,650602800200050081,1,2,2,1,2,1,2,2,2,2,2,2,1
12,650602800200060096,1,2,1,1,2,1,1,2,1,1,1,2,1
12,650602800200080131,1,2,2,1,2,1,1,2,1,2,2,1,1
12,650602800200090146,1,2,2,2,2,1,1,1,1,2,2,2,1
12,650602800200100161,1,2,2,1,1,1,2,2,1,2,2,2,1
12,650602800200110177,1,2,2,1,2,1,2,2,1,2,2,2,1
12,650602800200128004,1,2,2,2,2,1,1,2,1,2,2,2,1
12,650602800200148005,1,2,1,1,2,1,2,2,1,2,1,2,1
12,650904200100050068,1,2,2,2,2,2,2,2,2,2,2,2,2
12,650904200100078004,1,2,2,2,2,1,2,2,2,2,2,2,2
12,650904200100078005,1,2,2,2,2,2,2,2,2,2,2,2,2
12,650904200100110157,1,2,2,2,1,1,1,2,2,2,2,2,1
12,650904200100128007,1,2,2,2,2,1,2,2,2,2,2,2,2
12,650904200100188001,1,2,2,2,2,2,2,2,2,2,2,2,2
12,650904200100198008,1,2,2,2,2,1,2,2,2,2,2,2,2
12,651001800000010013,1,2,1,2,2,1,2,2,2,2,2,2,1
12,651001800000020027,1,2,2,2,1,1,2,2,2,2,2,2,2
12,651001800000050069,1,2,2,2,2,2,2,2,2,2,2,2,2
12,651001800000060084,1,2,2,2,2,1,2,2,2,2,2,2,2
12,651001800000070099,1,2,2,2,2,2,1,2,2,2,2,2,2
12,651001800000090129,1,2,2,2,1,1,2,2,2,2,2,2,2
12,651001800000110159,1,2,2,2,2,1,2,2,2,2,2,2,2
12,651001800000130188,1,2,2,2,2,1,2,2,1,2,2,2,2
12,651001800000140204,1,2,2,2,2,1,2,2,2,2,2,2,2
12,651001800000170249,1,2,2,2,2,2,2,2,2,2,2,2,2
12,651001800000190279,1,2,2,2,1,1,2,2,1,2,2,2,2
12,651101300400018001,1,2,1,2,1,1,2,2,1,2,1,2,1
12,651101300400020134,1,2,2,1,2,1,2,2,1,2,2,1,2
12,651101300400038002,1,2,1,1,2,1,2,2,1,2,2,2,2
12,651101400200010014,1,2,2,2,2,1,2,2,1,2,2,2,1
12,651101400200020035,1,2,2,2,2,1,2,2,1,2,2,2,1
12,651101400200030055,1,2,2,2,2,2,2,2,2,2,2,2,2
12,651101400200040075,1,2,2,2,2,2,2,2,2,2,2,2,2
12,651101400200050096,1,2,2,2,2,1,2,2,2,2,2,2,1
12,651101400200060117,1,2,2,1,2,1,1,2,1,2,2,2,1
12,651101400200070137,1,2,2,2,2,1,1,2,2,2,2,2,1
12,651101400200080158,1,2,2,2,2,1,1,1,1,2,2,2,2
12,651101400200110221,1,2,2,2,2,2,2,2,2,2,2,2,1
12,651101400200120242,1,2,2,2,2,2,2,2,1,2,2,2,1
12,651101400200130263,1,2,2,2,2,2,2,2,2,2,2,2,2
12,651101400200140284,1,2,1,2,1,1,2,2,1,2,2,2,1
12,651101400200150305,1,2,2,2,2,1,2,2,1,2,2,2,1
12,651101400200180367,1,2,2,2,2,1,2,2,2,2,2,2,2
12,651101900300028001,1,2,1,2,2,2,2,2,2,2,2,2,2
12,651101900300030079,1,2,2,1,1,1,1,1,1,1,1,2,2
12,651101900300040110,1,2,2,2,2,1,1,2,1,2,2,2,1
12,651101900300080231,1,2,2,2,2,2,2,2,2,2,2,2,2
12,651101900300090260,1,2,2,2,2,1,1,2,1,2,2,2,2
12,651101900300100289,1,2,1,1,1,1,1,2,1,2,2,2,1
12,651101900300120348,1,2,2,1,2,1,2,1,2,2,2,2,1
12,651101900300130377,1,2,2,2,2,1,2,2,1,2,2,2,2
12,651101900300148002,1,2,2,2,2,2,2,2,2,2,2,2,2
12,651101900300150441,1,2,2,2,1,1,1,2,2,2,2,2,2
12,651101900300160470,1,2,2,2,2,1,1,2,1,2,1,2,2
12,651101900300170499,1,2,1,2,1,1,1,2,1,2,2,2,2
12,651101900300180528,1,2,2,1,1,1,1,2,1,2,2,2,1
12,651101900300190554,1,2,2,2,1,1,1,2,1,2,2,2,1
12,651101900300200582,1,2,1,1,1,1,1,1,1,2,1,2,1
12,651101900300210615,1,2,2,2,2,1,1,2,2,2,2,2,1
12,651101900300220645,1,2,2,2,2,1,2,2,1,2,2,2,1
12,651101900300230674,1,2,2,1,2,1,1,2,1,2,2,1,1
12,651101900300240698,1,2,2,1,2,1,1,2,1,2,2,2,2
12,651101900300250729,1,2,1,2,2,1,1,2,1,2,1,2,2
12,651101900300260758,1,2,2,2,2,1,2,2,1,2,2,2,2
12,651200400100010027,1,2,2,2,2,2,2,2,2,2,2,2,2
12,651200400100020044,1,2,2,2,2,1,2,2,2,2,2,2,2
12,651200400100030062,1,2,2,2,2,1,2,2,2,2,2,2,2
12,651201100200030040,1,2,2,2,2,1,2,2,2,2,2,2,1
12,651201100200050078,1,2,2,2,2,1,2,2,2,2,2,2,2
12,651201100200060097,1,2,2,2,2,1,2,2,2,2,2,2,2
12,651201100200080134,1,2,2,1,1,1,2,2,2,2,2,2,1
12,651201100200100171,1,2,2,2,2,1,2,2,2,2,2,2,2
12,651201100200110189,1,2,1,1,2,1,1,2,2,2,1,2,1
12,651201100200120205,1,2,2,1,2,1,1,2,2,2,1,2,1
12,651201100200140241,1,2,2,2,2,1,2,2,2,2,2,2,1
12,651201100200150257,1,2,1,1,2,1,2,2,1,2,1,2,1
12,651201100200160272,1,2,2,1,2,1,2,1,2,2,1,2,1
12,651201100200170284,1,2,1,1,2,1,1,2,2,2,1,2,1
12,651201100200180299,1,2,1,1,2,1,1,2,2,2,1,2,1
12,800101000700010045,1,2,2,2,2,1,2,2,1,2,2,2,2
12,800101000700020107,1,2,2,2,1,2,2,2,2,2,2,2,1
12,800101000700030171,1,2,2,2,1,1,2,2,2,2,2,2,2
12,800101000700040231,1,2,2,2,2,2,2,2,2,2,2,2,2
12,800101000700050294,1,2,2,1,1,1,2,2,1,2,1,2,1
12,800101000700060352,1,2,1,1,2,1,1,2,1,2,2,2,1
12,800101000700088003,1,2,2,1,2,1,2,2,2,2,2,2,2
12,800101000700098004,1,2,2,2,2,2,1,2,2,2,2,2,2
12,800101000700100608,1,2,2,1,2,1,1,2,1,2,2,2,1
12,800101000700110671,1,2,2,2,2,1,1,2,1,2,1,2,1
12,800101200100050131,1,2,2,2,1,1,2,2,2,2,2,2,1
12,800101200100088003,1,2,2,2,2,2,2,2,2,2,2,2,1
12,800101200100098004,1,2,2,2,1,2,2,2,2,2,2,2,2
12,800101200100108001,1,2,2,2,2,1,2,2,1,2,2,2,1
12,800101200100110293,1,2,2,2,2,1,2,2,2,2,2,2,1
12,800101200100130351,1,2,2,2,2,1,1,2,1,2,2,2,1
12,800101200100140380,1,2,2,2,1,1,1,2,1,2,2,2,1
12,800101200100158005,1,2,2,2,1,1,2,2,2,2,2,2,1
12,800202700000020044,1,2,2,1,2,2,1,2,1,2,2,2,1
12,800202700000040092,1,2,2,2,1,1,2,2,2,2,2,2,1
12,800202700000068001,1,2,2,2,2,1,2,2,2,2,2,2,2
12,800202700000070164,1,2,1,1,1,1,1,2,1,2,2,2,1
12,800202700000090212,1,2,2,2,2,1,1,2,1,2,2,2,1
12,800202700000100236,1,2,2,2,1,2,2,2,2,2,2,2,1
12,800202700000110262,1,2,2,2,2,2,2,2,2,2,2,2,2
12,800202700000120284,1,2,2,2,2,2,2,2,2,2,2,2,1
12,800202700000138004,1,2,2,2,1,2,2,2,2,2,2,2,2
12,800202700000140337,1,2,2,2,1,2,2,2,2,2,2,2,2
12,800202900100020041,1,2,2,1,1,1,1,2,2,2,1,2,1
12,800202900100038001,1,2,2,2,2,1,2,2,1,2,2,2,1
12,800202900100040090,1,2,2,2,2,1,1,2,1,2,2,2,1
12,800202900100050114,1,2,1,1,1,1,2,2,1,2,2,2,1
12,800202900100060138,1,2,2,1,1,1,2,2,1,2,2,2,1
12,800202900100080187,1,2,2,2,2,1,2,2,2,2,2,2,1
12,800202900100090211,1,2,2,1,1,1,2,2,1,2,2,2,1
12,800202900100100236,1,2,1,1,2,1,2,2,1,2,2,2,2
12,800202900100110258,1,2,1,1,1,1,1,2,1,1,1,1,1
12,800202900100120282,1,2,2,2,2,1,2,2,2,2,2,2,1
12,800202900100140330,1,2,2,2,2,1,2,2,1,2,2,2,1
12,800202900100170405,1,2,2,2,1,1,2,2,2,2,1,2,1
12,800300100000040081,1,2,2,2,1,1,2,2,2,2,2,2,2
12,800300100000070151,1,2,2,2,1,1,1,2,2,2,2,2,1
12,800300100000080173,1,2,2,1,2,2,1,2,1,2,2,2,2
12,800300100000100217,1,2,2,2,2,2,2,2,2,2,2,2,2
12,800300100000110240,1,2,2,2,1,1,2,2,2,2,2,2,2
12,800300100000120265,1,1,1,2,1,1,1,2,1,2,1,2,2
12,800300100000130288,1,2,2,2,2,1,2,2,2,2,2,2,2
12,800300100000150336,1,2,2,2,1,2,2,2,2,2,2,2,1
12,800300100000160355,1,2,2,2,2,2,2,2,2,2,2,2,1
12,800300100000170378,1,2,2,2,1,1,2,2,2,2,2,2,1
12,800300100000190427,1,2,2,2,2,2,2,2,2,2,2,2,1
12,800300100000200451,1,2,2,2,2,1,2,2,2,2,2,2,2
12,800300500100020032,1,2,2,2,2,2,2,2,2,2,2,2,1
12,800300500100060094,1,2,2,2,2,1,2,2,2,2,2,2,2
12,800300500100080127,1,2,2,2,2,1,2,2,2,2,2,2,2
12,800300500100100159,1,2,2,2,2,2,2,2,2,2,2,2,1
12,800300500100120193,1,2,2,2,2,1,2,2,1,2,2,2,1
12,800300500100140223,1,2,2,2,1,2,2,2,2,2,2,2,1
12,800300500100170275,1,2,2,2,2,2,2,2,2,2,2,2,2
12,800300500100180292,1,2,2,2,2,2,2,2,2,2,2,2,2
12,800300500100180293,1,2,2,2,2,2,2,2,2,2,2,2,2
12,800300500100200325,1,2,2,2,2,2,2,2,2,2,2,2,2
12,800600100100048003,1,2,2,2,2,1,1,2,1,2,2,2,1
12,800600100100058001,1,2,1,2,2,1,2,2,1,2,2,2,1
12,800600100100080118,1,2,2,2,2,1,2,2,2,2,2,2,2
12,800600100100090135,1,1,2,2,2,1,2,2,2,2,2,2,1
12,800600600400010016,1,2,1,1,2,1,2,2,1,2,2,2,1
12,800600600400028008,1,2,2,1,2,1,2,2,1,2,2,2,1
12,800600600400038005,1,2,1,2,1,1,2,2,1,2,2,2,1
12,800600600400040059,1,2,2,2,2,1,2,2,2,2,2,2,1
12,800600600400050076,1,2,2,2,2,1,1,2,1,2,2,2,1
12,800600600400080125,1,2,2,1,1,1,1,2,1,1,1,2,1
12,800600600400090139,1,2,2,2,1,1,2,2,2,2,2,2,2
12,800600600400148007,1,2,2,1,2,1,1,2,2,2,2,2,1
12,800600600400148010,1,2,2,2,2,2,2,2,2,2,2,2,1
12,800600600400158011,1,2,1,2,1,1,2,2,1,2,2,2,2
12,800600600400158012,1,2,1,1,1,1,2,2,1,2,2,2,1
12,800600600400170265,1,2,2,2,1,1,1,2,1,2,2,2,1
12,800600600400180278,1,2,2,1,2,1,1,2,1,2,2,2,1
12,800600600400190296,1,2,2,2,2,2,2,2,2,2,2,2,1
12,800600600400200312,1,2,2,2,1,1,2,2,1,2,2,2,1
12,800600600400210329,1,2,2,2,1,1,2,2,2,2,2,2,2
12,800600600400228001,1,2,2,2,1,1,1,2,2,2,2,2,1
12,800600600400230360,1,2,1,1,1,1,1,2,1,1,1,1,1
12,800600600400250389,1,2,2,2,1,1,1,2,1,2,1,1,1
12,800701300200018002,1,2,2,2,1,2,2,2,2,2,2,2,2
12,800701300200030054,1,2,2,2,1,1,1,2,2,2,1,2,2
12,800701300200040071,1,2,2,1,2,1,1,2,2,2,2,2,2
12,800701300200058001,1,2,2,2,1,1,2,2,2,2,2,2,1
12,800701300200158009,1,2,2,1,2,1,2,2,2,2,2,2,1
12,800701300200170292,1,2,2,2,2,2,2,2,2,2,2,2,1
12,800701300200188007,1,2,2,2,1,1,2,2,2,2,2,2,1
12,800701300200250428,1,2,2,2,2,2,2,2,2,2,2,2,2
12,980400100500028001,1,2,1,2,2,1,1,2,1,2,2,2,1
12,980400100500038005,1,2,2,2,2,1,2,2,1,2,2,2,1
12,980400100500040089,1,2,2,2,2,1,2,2,1,2,2,2,1
12,980400100500058006,1,2,2,2,2,2,2,2,1,2,2,2,1
12,980400100500060148,1,2,2,2,2,2,2,2,1,2,2,2,1
12,980400100500090225,1,2,2,2,2,2,2,2,2,2,2,2,1
12,980400100500100254,1,2,2,2,2,1,2,2,1,2,2,2,1
12,980400100500110281,1,2,2,2,2,2,2,2,1,2,2,2,1
12,980400100500128004,1,2,1,1,2,1,2,2,1,2,1,2,1
12,980400100500130340,1,2,2,2,2,1,2,2,1,2,2,2,1
12,980400100500150398,1,2,2,2,2,1,2,2,1,2,2,2,1
12,980400100500160427,1,2,1,1,2,1,1,2,1,2,2,2,1
12,980400100500170457,1,2,2,2,2,1,2,2,1,2,2,2,1
12,980400300200028001,1,2,2,2,1,1,2,2,1,2,2,1,1
12,980400300200038002,1,2,2,2,2,1,2,2,1,2,2,2,1
12,980400300200070151,1,2,2,2,1,1,2,2,1,2,2,2,2
12,980400300200088003,1,2,2,2,2,1,2,2,1,2,1,1,1
12,980402300100010022,1,2,2,2,2,1,2,2,2,2,2,2,1
12,980402300100028001,1,2,1,2,1,1,1,2,1,2,2,2,1
12,980402300100030083,1,2,1,1,2,1,2,2,1,2,2,2,1
12,980402300100048010,1,2,1,1,1,1,1,1,1,2,2,2,1
12,980402300100080245,1,2,2,1,2,1,1,2,1,2,2,2,1
12,980402300100090286,1,2,1,1,2,1,1,1,1,2,2,2,1
12,980402300100100321,1,2,2,2,2,2,2,2,2,2,2,2,2
12,980402300100108012,1,2,2,2,2,1,1,2,1,2,2,2,1
12,980402300100110361,1,2,1,1,1,1,1,1,1,2,1,2,1
12,980402300100120396,1,2,1,1,2,1,1,2,1,2,1,2,1
12,980402300100138006,1,2,2,2,2,1,2,2,1,2,2,2,1
12,980402300100148011,1,2,2,2,1,1,2,2,1,2,2,2,1
12,980402300100168003,1,2,2,2,2,2,2,2,2,2,2,2,1
12,980402300100178009,1,2,1,1,2,1,2,2,1,2,1,2,1
12,980402300100188002,1,2,1,1,2,1,2,2,1,2,2,1,1
12,980403500000010020,1,2,2,2,1,2,2,2,1,2,2,2,1
12,980403500000028001,1,2,2,2,1,1,2,2,1,2,2,2,1
12,980403500000038002,1,2,2,2,2,2,2,2,2,2,2,2,1
12,980403500000050123,1,2,2,1,1,1,1,2,1,2,2,2,1
13,390102001500018002,1,2,1,1,1,1,1,2,1,2,1,2,1
13,390102001500020081,1,2,1,1,1,1,1,1,1,2,1,2,1
13,390102001500038001,1,2,1,2,2,1,2,2,1,2,2,2,2
13,390103100000010031,1,2,2,1,1,1,1,2,1,2,2,2,1
13,390103100000020080,1,2,2,1,1,1,1,2,1,2,1,1,1
13,390103100000030137,1,2,2,1,2,1,1,2,1,2,2,2,1
13,390103100000030138,1,2,2,1,2,1,2,2,1,2,2,2,1
13,390103100000040187,1,2,2,2,1,1,2,2,1,2,2,2,1
13,390103100000048005,1,2,2,1,1,1,1,2,1,2,2,2,1
13,390103100000058008,1,2,2,1,1,1,1,2,1,2,1,2,1
13,390103100000068002,1,2,2,1,2,1,1,2,1,2,2,2,1
13,390103100000080391,1,2,2,2,2,1,1,2,1,2,2,2,1
13,390103100000090443,1,2,2,1,1,1,1,2,1,2,1,2,1
13,390103100000098007,1,2,1,2,2,1,1,2,1,2,2,2,1
13,390103100000100504,1,2,1,1,1,1,1,1,1,2,1,1,1
13,390103100000110559,1,2,2,1,1,1,1,2,1,2,1,2,1
13,390107700000010017,1,2,2,1,2,1,2,2,1,2,2,2,1
13,390107700000038002,1,2,2,2,2,1,2,2,1,2,2,2,1
13,390107700000040076,1,2,2,2,1,1,2,2,1,2,2,2,2
13,390107700000050096,1,2,2,1,1,1,1,2,1,2,2,2,1
13,390107700000068003,1,2,2,1,2,1,2,2,1,2,1,2,2
13,390107700000070135,1,2,2,1,1,1,1,2,1,2,2,2,1
13,390107700000088001,1,2,2,1,1,1,1,2,1,2,1,2,1
13,390107700000090172,1,2,2,1,1,1,1,1,1,2,1,2,1
13,390107700000108004,1,2,2,2,2,1,1,2,1,2,1,2,2
13,390107700000110210,1,2,2,1,1,1,2,2,1,2,2,2,1
13,390107700000128005,1,2,2,2,1,1,1,2,1,2,1,2,1
13,390108200000010034,1,2,2,2,2,1,2,2,1,2,2,2,2
13,390108200000038003,1,2,2,1,1,1,1,1,1,2,1,1,1
13,390108200000040155,1,2,2,2,2,1,2,2,1,2,2,1,2
13,390108200000050201,1,2,2,2,2,1,2,2,1,2,2,2,2
13,390108200000068004,1,2,2,2,2,2,2,2,1,2,2,2,2
13,390108200000070273,1,2,2,2,2,1,2,2,1,2,2,2,2
13,390108200000098002,1,1,1,1,2,1,2,2,1,2,2,2,1
13,390108200000108007,1,1,1,1,1,1,1,1,1,1,2,1,1
13,390108200000110442,1,2,1,1,1,1,1,2,1,2,2,2,2
13,390108200000128006,1,1,1,1,2,1,1,1,1,2,1,2,1
13,390110500700018003,1,2,2,2,2,1,2,2,1,2,2,2,1
13,390110500700028001,1,2,2,1,1,1,2,2,1,2,1,2,1
13,390110500700038002,1,2,2,1,2,1,2,2,1,2,2,2,1
13,390111900200010003,1,2,1,1,1,1,1,2,1,2,1,1,1
13,390111900200020021,1,2,2,2,2,1,1,2,1,2,2,1,1
13,390111900200048001,1,2,2,2,2,1,2,2,1,2,1,2,2
13,390111900200058003,1,2,2,1,1,1,2,2,1,2,1,2,2
13,390111900200060085,1,2,2,1,1,1,1,2,1,2,1,2,1
13,390111900200078007,1,2,2,1,2,1,2,2,1,2,1,1,1
13,390111900200098008,1,2,2,2,2,1,2,2,1,2,2,2,1
13,390111900200100149,1,2,2,1,2,1,2,2,1,2,1,2,1
13,390114700000028006,1,2,1,1,2,1,1,1,1,2,2,1,1
13,390114700000038002,1,1,1,1,1,1,1,1,1,2,1,1,1
13,390114700000040048,1,2,1,1,1,1,1,1,1,2,1,1,1
13,390114700000060085,1,2,2,2,2,1,2,2,1,2,2,2,1
13,390114700000060086,1,2,2,2,2,1,2,2,1,2,2,2,1
13,390114700000060087,1,2,2,2,2,1,2,2,1,2,2,2,1
13,390114700000078005,1,2,2,2,2,1,2,2,1,2,2,2,1
13,390114700000080148,1,2,2,2,2,2,2,2,1,2,2,2,2
13,390114700000098003,1,2,2,2,1,1,1,2,1,2,2,2,1
13,390114700000100208,1,2,2,1,1,1,1,2,1,2,1,2,1
13,390114700000100209,1,2,2,1,1,1,2,2,1,2,2,2,1
13,390114700000120262,1,2,1,1,1,1,1,1,1,2,1,1,1
13,390114700000180323,1,2,2,2,2,1,2,2,1,2,2,2,1
13,390115100000018004,1,1,1,1,1,1,1,1,1,2,1,1,1
13,390115100000030084,1,1,1,1,2,1,1,1,2,2,1,1,1
13,390115100000060167,1,1,1,1,1,1,1,1,1,2,1,1,1
13,390115100000070198,1,1,2,1,1,1,1,1,1,2,2,1,1
13,390115100000090267,1,2,2,2,2,1,2,2,1,2,1,2,1
13,390115100000100316,1,2,2,1,1,1,1,2,1,2,1,1,1
13,390115100000108005,1,2,2,1,1,1,1,2,1,2,2,1,1
13,390115100000110413,1,2,2,2,2,1,2,2,1,2,2,2,2
13,390119500000010031,1,2,1,2,1,1,1,1,1,2,1,2,1
13,390119500000028003,1,2,2,1,2,1,1,2,1,2,1,2,1
13,390119500000030073,1,2,1,1,1,1,1,2,1,2,1,2,1
13,390119500000040093,1,2,2,1,1,1,1,2,1,2,1,2,1
13,390119500000050118,1,2,2,1,2,1,1,2,1,2,2,2,2
13,390119500000060147,1,2,2,2,2,1,1,2,1,2,2,2,1
13,390119500000078002,1,2,2,2,1,1,1,2,1,2,1,2,1
13,390119500000080215,1,2,1,1,2,1,1,2,1,2,2,2,1
13,390119500000098001,1,2,2,1,2,1,2,2,1,2,1,2,1
13,390119500000100258,1,2,1,1,2,1,1,2,1,2,1,2,1
13,390119900200010033,1,2,2,1,2,1,2,2,1,2,1,2,1
13,390119900200020070,1,2,2,1,2,1,2,2,1,2,2,2,2
13,390119900200080274,1,2,1,1,2,1,1,2,1,2,1,2,1
13,390119900200098001,1,2,1,1,2,1,1,2,1,2,1,2,1
13,390119900200100334,1,2,2,1,1,1,2,2,1,2,2,2,1
13,390119900200110362,1,2,1,1,1,1,1,1,1,2,1,2,1
13,390119900200120390,1,2,2,1,2,1,1,2,1,2,2,1,1
13,390119900200130423,1,2,1,2,2,1,2,2,1,2,2,2,1
13,390119900200150481,1,2,2,1,1,1,1,2,1,2,2,2,1
13,390119900200160517,1,2,1,1,1,1,1,2,1,2,2,2,1
13,390119900200170550,1,2,2,1,2,1,1,2,1,2,1,2,1
13,390119900200190617,1,2,2,1,2,1,2,2,1,2,2,2,2
13,390119900200190618,1,2,2,1,1,1,2,2,1,2,2,2,1
13,390119900200190620,1,2,2,2,2,1,2,2,1,2,1,2,2
13,390122400000018003,1,2,2,1,2,1,1,2,1,2,2,2,1
13,390122400000030200,1,2,1,1,2,1,2,2,1,2,2,2,1
13,390122400000030201,1,2,2,2,2,1,1,2,1,2,2,2,1
13,390122400000030202,1,2,1,1,2,1,2,2,1,2,2,2,1
13,390122400000048004,1,2,1,1,2,1,1,1,1,2,1,1,1
13,390124600000010005,1,2,1,2,2,1,1,2,1,2,2,2,1
13,390124600000020013,1,2,1,1,1,1,1,2,1,2,1,2,1
13,390124600000050039,1,2,2,2,1,2,2,2,1,2,2,2,2
13,390124600000068002,1,2,1,2,1,1,1,1,1,2,2,2,1
13,390124600000070055,1,2,1,1,2,1,1,2,1,2,1,2,1
13,390125400000010002,1,2,2,1,2,1,1,2,1,2,2,2,1
13,390125400000020044,1,2,2,1,2,1,2,2,1,2,1,2,1
13,390125400000038007,1,2,1,2,2,1,1,2,1,2,2,2,1
13,390125400000040107,1,2,1,1,1,1,1,1,1,2,1,1,1
13,390125400000050140,1,2,1,1,1,1,1,2,1,2,2,2,1
13,390125400000070204,1,2,2,1,1,1,2,2,1,2,2,2,1
13,390125400000070205,1,2,2,1,1,1,1,2,1,2,2,2,1
13,390125400000070207,1,2,2,2,1,1,2,2,1,2,2,2,2
13,390125400000098002,1,2,2,1,2,1,2,1,1,2,1,2,1
13,390125400000108006,1,2,2,1,2,1,2,2,1,2,2,2,1
13,390125400000128008,1,2,1,1,2,2,2,2,1,2,2,2,1
13,390200200000038002,1,2,1,1,2,1,1,2,1,2,1,1,1
13,390200200000040081,1,2,2,1,2,1,1,2,1,2,1,1,1
13,390200200000050275,1,2,2,2,1,1,1,1,1,2,2,1,1
13,390200200000060122,1,2,1,1,1,1,1,1,1,2,1,2,1
13,390200200000070145,1,2,1,1,1,1,1,2,1,2,1,1,1
13,390200200000100222,1,2,1,1,1,1,1,1,1,2,1,1,1
13,390200200000118003,1,2,1,2,2,1,1,2,1,2,2,2,1
13,390400800900010005,1,2,2,1,2,1,2,2,1,2,1,2,1
13,390400800900010006,1,1,2,1,1,1,2,2,1,2,1,2,1
13,390400800900010007,1,2,2,1,2,1,1,2,1,2,1,1,2
13,390400800900020173,1,2,2,2,2,2,2,2,1,2,2,2,2
13,390400800900038002,1,2,2,2,2,1,1,2,1,2,2,2,1
13,390501400100010035,1,2,2,2,1,1,2,2,1,2,2,2,1
13,390501400100020071,1,2,2,2,1,1,2,2,1,2,2,2,1
13,390501400100038002,1,2,2,2,1,1,2,2,1,2,2,2,2
13,390501400100048012,1,2,2,2,2,1,2,2,1,2,2,2,1
13,390501400100058011,1,2,2,2,2,2,2,2,1,2,2,2,1
13,390501400100068013,1,2,2,1,1,1,2,2,1,2,2,2,1
13,390501400100080258,1,2,2,1,1,1,2,2,1,2,2,2,1
13,390501400100098014,1,2,2,2,2,1,2,2,1,2,2,2,1
13,390501400100108015,1,2,2,1,2,1,2,2,1,2,2,2,1
13,390501400100118009,1,2,2,2,2,1,2,2,1,2,2,2,1
13,390501400100120394,1,2,2,1,2,1,2,2,1,2,2,2,1
13,390501400100130433,1,2,2,2,1,1,2,2,1,2,2,2,2
13,390501400100140473,1,2,2,2,2,2,2,2,2,2,2,2,2
13,390501400100168016,1,2,2,2,2,2,2,2,1,2,2,2,1
13,390610600000010018,1,2,2,1,2,1,2,2,1,2,2,2,1
13,390610600000018003,1,2,2,2,2,1,2,2,1,2,2,2,2
13,390610600000028006,1,2,1,1,2,1,1,1,1,2,1,1,1
13,390610600000038004,1,2,2,1,2,1,1,1,1,1,1,1,1
13,390610600000048008,1,2,2,1,2,1,2,2,1,2,1,2,1
13,390610600000058009,1,2,2,2,2,1,2,2,1,2,2,2,1
13,390610600000058010,1,2,2,2,2,2,2,2,1,2,2,2,2
13,390610600000068011,1,2,2,1,2,1,2,2,1,2,1,2,1
13,390610600000070243,1,2,2,1,2,1,1,2,1,2,1,2,1
13,390610600000080278,1,2,2,1,2,1,2,2,1,2,1,2,1
13,390610600000098007,1,2,1,1,1,1,1,1,1,2,1,1,1
13,390610600000100352,1,2,2,1,1,1,1,2,1,2,1,1,1
13,390610600000118001,1,2,2,1,1,2,1,2,1,2,1,2,1
13,390610700000058006,1,2,1,1,2,1,1,2,1,2,1,2,1
13,390610700000068007,1,2,2,2,2,1,2,2,1,2,2,2,1
13,390610700000098008,1,2,2,1,2,2,1,2,1,2,2,2,1
13,390610700000110190,1,2,2,1,2,1,1,2,1,2,1,2,1
13,390612000000010018,1,2,2,1,1,1,2,2,1,2,1,2,1
13,390612000000030074,1,2,1,1,2,1,1,1,1,2,2,2,1
13,390612000000048008,1,2,2,1,2,1,1,2,1,2,2,2,1
13,390612000000050128,1,2,1,1,1,1,1,1,1,2,1,1,1
13,390612000000068002,1,2,1,1,1,1,1,2,1,2,1,2,1
13,390612000000078001,1,2,2,1,2,1,1,2,1,2,2,2,1
13,390612000000088009,1,2,1,1,2,1,1,1,1,2,1,1,1
13,390612000000108010,1,2,2,1,2,1,1,2,1,2,2,2,1
13,390612000000108011,1,2,2,1,2,1,2,2,1,2,2,2,1
13,390612000000118012,1,2,1,1,2,1,1,1,1,2,1,1,1
13,390612000000120314,1,2,2,2,2,1,2,2,1,2,2,2,2
13,390612500000038008,1,2,1,1,1,1,1,1,1,2,1,1,1
13,390612500000058010,1,2,1,1,1,1,1,2,1,2,2,2,1
13,390612500000060122,1,2,1,1,2,2,2,2,1,2,1,2,2
13,390612500000070147,1,2,2,1,2,1,1,1,1,1,1,2,1
13,390612500000088011,1,2,2,1,1,1,1,1,1,2,2,1,1
13,390612500000090190,1,2,2,1,2,1,1,2,1,2,1,2,1
13,390612500000100213,1,2,2,1,1,2,2,2,1,2,1,2,1
13,390612500000118002,1,2,2,2,2,1,2,2,1,2,2,2,1
13,390612500000118003,1,2,2,1,2,1,1,1,1,2,2,1,1
13,390612500000128012,1,2,2,1,2,1,2,2,1,2,2,2,1
13,390612500000138013,1,2,1,1,1,1,1,1,1,2,1,1,1
13,390612500000140284,1,2,2,1,2,1,1,2,1,2,2,2,1
13,390612500000168006,1,2,2,1,1,1,1,1,1,2,1,1,1
13,390612500000178004,1,2,2,1,1,1,1,2,1,2,1,1,1
13,390612500000188014,1,2,2,2,2,2,2,1,1,2,2,2,2
13,390622500000028008,1,2,2,2,1,1,2,2,1,2,1,2,1
13,390622500000030030,1,2,1,1,2,1,1,2,1,2,2,1,1
13,390622500000040042,1,2,1,1,2,1,1,1,1,2,1,1,1
13,390622500000050055,1,2,1,1,1,1,1,1,1,2,1,1,1
13,390622500000068006,1,2,2,1,1,1,1,2,1,2,2,2,1
13,390622500000070085,1,2,1,1,1,1,1,2,1,2,1,1,1
13,390622500000080103,1,2,2,2,1,1,1,1,1,2,1,1,1
13,390622500000090120,1,2,2,2,2,1,1,2,1,2,1,2,1
13,390622500000100132,1,2,2,1,1,1,1,1,1,2,1,1,1
13,390622500000118004,1,2,2,1,2,1,1,2,1,2,1,2,1
13,390622500000128009,1,2,2,1,1,2,1,1,1,2,1,1,1
13,390622500000138010,1,2,1,1,2,1,1,1,1,2,1,1,1
13,390622500000148002,1,2,2,1,1,1,1,1,1,2,1,1,1
13,390622500000158001,1,2,2,1,2,1,1,1,1,2,1,1,1
13,390701200200018009,1,2,2,2,1,2,1,2,1,2,2,2,2
13,390701200200018012,1,2,2,2,2,1,2,2,1,2,2,2,1
13,390701200200028005,1,2,2,2,2,1,2,2,1,1,2,2,2
13,390701200200048007,1,2,1,2,2,1,1,2,1,2,1,1,1
13,391004700000010033,1,2,2,2,2,1,1,2,1,2,2,2,2
13,391004700000010034,1,2,2,1,2,1,1,2,1,2,1,1,1
13,391004700000020083,1,2,1,1,2,1,1,1,1,2,1,2,1
13,391004700000030130,1,2,2,1,2,1,2,2,1,2,1,2,1
13,391004700000030131,1,2,2,1,1,1,2,2,1,2,2,2,1
13,391004700000048001,1,2,2,2,2,1,2,2,1,2,2,2,1
13,391004700000068003,1,2,1,1,1,1,2,2,1,2,2,1,1
13,391004700000070317,1,2,2,2,2,2,2,2,1,2,2,2,2
13,391004700000080361,1,2,2,1,1,1,1,2,1,2,2,1,1
13,391004700000090403,1,2,1,1,1,1,1,2,1,2,1,1,1
13,391004700000100451,1,2,2,1,2,1,1,2,1,2,1,2,1
13,391004700000110508,1,2,2,1,2,1,2,2,1,2,2,2,1
13,391004700000110509,1,2,2,1,1,1,2,2,1,2,2,2,1
13,391006000000010043,1,2,2,1,2,1,1,2,1,2,2,1,1
13,391006000000020088,1,2,2,1,1,1,1,2,1,2,1,1,1
13,391006000000038002,1,2,1,1,1,2,1,1,1,2,1,1,1
13,391006000000070346,1,2,2,1,2,1,2,2,1,2,2,1,1
13,391006000000088001,1,2,2,1,1,1,1,2,1,2,1,1,1
13,391006000000090449,1,2,2,1,2,1,2,2,1,2,1,2,1
13,391103200000010001,1,2,2,2,2,2,2,2,1,2,2,2,1
13,391103200000030033,1,2,2,1,2,1,2,2,1,2,1,2,1
13,391103200000040050,1,2,2,1,2,1,1,2,1,2,1,1,1
13,391103200000058001,1,2,1,1,1,1,1,2,1,2,1,2,1
13,391103200000060082,1,2,2,2,1,1,2,2,1,2,1,2,1
13,391103200000070099,1,2,2,1,2,1,2,2,1,2,1,2,2
13,391103200000090132,1,1,1,1,2,1,1,1,1,2,1,1,2
13,391103200000108002,1,2,2,1,2,1,1,2,1,2,1,1,1
13,391103200000110167,1,2,2,1,1,1,1,2,1,2,1,1,1
13,391103200000120189,1,2,2,1,1,1,1,2,1,2,1,2,1
13,391103200000140225,1,2,2,1,2,1,1,2,1,2,1,1,1
13,391103200000150241,1,2,2,2,2,1,1,2,1,2,1,2,1
13,391103200000160261,1,2,1,1,2,1,1,2,1,2,1,1,1
13,391103200000170277,1,2,2,1,2,1,1,1,1,2,1,2,1
13,391103200000188003,1,2,1,1,2,1,1,2,1,2,1,2,1
13,391103200000200336,1,1,1,1,1,1,1,1,1,2,1,1,1
13,391103200000218004,1,2,2,2,2,1,2,2,1,2,1,2,1
13,391103200000220370,1,2,2,1,1,1,1,2,1,2,1,2,1
13,391103200000230385,1,2,1,1,2,1,1,1,1,2,1,1,1
13,391203000000020051,1,2,2,1,2,1,1,1,1,2,1,1,1
13,391203000000030107,1,2,1,2,1,1,1,2,1,2,2,2,1
13,391203000000050184,1,2,2,1,2,1,1,2,1,2,1,1,1
13,391203000000060231,1,2,2,1,2,1,2,2,1,2,2,2,1
13,391203000000070280,1,2,1,1,2,1,1,1,1,1,1,1,1
13,391203000000080315,1,2,1,1,1,1,1,2,1,2,2,1,1
13,391203000000080316,1,2,1,1,1,1,1,2,1,2,1,1,1
13,391203000000098001,1,2,1,1,2,1,1,1,1,2,1,1,1
13,391203000000100385,1,2,2,2,2,1,1,2,1,2,1,2,1
13,391203000000100386,1,2,2,1,1,1,1,1,1,2,2,1,1
13,391203000000100388,1,2,2,1,2,1,1,2,1,2,1,2,1
13,391203500000018003,1,2,1,1,2,1,2,2,1,2,1,2,1
13,391203500000020104,1,2,2,1,2,1,1,2,1,2,1,2,1
13,391203500000028004,1,2,2,1,2,1,2,2,1,2,2,2,1
13,391203500000028005,1,2,2,1,2,1,2,2,1,2,2,2,1
13,391203500000030157,1,1,1,1,2,1,1,2,1,2,2,1,1
13,391203500000050269,1,2,2,1,2,1,2,2,1,2,1,2,1
13,391203500000060331,1,2,1,1,2,1,1,2,1,2,1,2,1
13,391203500000070384,1,2,2,1,2,1,2,2,1,2,2,2,1
13,391203500000098002,1,2,1,1,1,1,1,1,1,2,1,1,1
13,391203500000100548,1,2,1,2,1,1,2,2,1,2,2,2,2
13,391300100500018001,1,2,2,2,2,1,2,2,1,2,2,2,1
13,391300100500028002,1,2,2,1,2,1,1,2,1,2,1,2,1
13,391300300000018001,1,2,2,2,2,1,2,2,1,2,2,2,1
13,391300300000020123,1,2,2,1,2,1,2,2,1,2,2,2,1
13,391300300000028002,1,2,2,2,2,1,1,2,1,2,1,2,1
13,391300300000030216,1,2,2,2,2,2,2,2,1,2,2,2,1
13,391300300000038003,1,2,2,2,2,2,2,2,1,2,2,2,1
13,391300300000038004,1,2,2,2,2,1,2,2,1,2,2,2,1
13,391300300000040302,1,2,2,2,2,2,2,2,1,2,2,2,1
13,391300300000040304,1,2,2,2,2,1,2,2,1,2,2,2,1
13,391300300000050375,1,2,2,2,2,1,2,2,1,2,2,2,1
13,391300300000050376,1,2,2,2,2,2,2,2,1,2,2,2,1
13,391300300000050377,1,2,2,2,1,1,2,2,1,2,2,2,1
13,391300300000060454,1,2,2,1,1,1,2,2,1,2,1,2,1
13,391300300000060455,1,2,2,2,2,1,2,2,1,2,2,2,1
13,391403500000018005,1,2,1,1,1,1,1,1,1,2,1,1,1
13,391403500000030129,1,2,2,2,1,1,1,2,1,2,1,2,1
13,391403500000040175,1,2,2,2,1,1,1,2,1,2,2,2,1
13,391403500000050232,1,2,2,1,2,1,2,2,1,2,1,2,2
13,391403500000068001,1,2,1,1,2,1,1,2,1,2,1,1,1
13,391403500000070313,1,2,1,1,2,1,1,2,1,2,2,2,2
13,391403500000088002,1,2,2,1,1,1,1,2,1,2,2,2,2
13,391403500000090413,1,2,1,1,1,1,1,2,1,2,1,2,1
13,391403500000108007,1,2,2,1,2,1,2,2,1,2,2,2,1
13,391403500000108008,1,2,2,1,1,1,2,2,1,2,2,1,2
13,391403500000110504,1,2,2,1,1,1,2,2,1,2,1,1,1
13,391403500000128006,1,2,2,1,2,1,1,1,1,2,1,1,1
13,391403500000130590,1,2,2,2,1,1,1,2,1,2,2,1,1
13,391403500000140638,1,2,1,1,2,1,1,1,1,2,1,1,1
13,391403800000018001,1,2,2,1,1,1,1,2,1,2,2,1,2
13,391403800000030066,1,2,2,1,2,1,1,2,1,2,1,2,1
13,391403800000040091,1,2,2,1,2,1,1,1,1,2,2,1,1
13,391403800000050117,1,2,2,1,1,1,1,1,1,2,1,1,1
13,391403800000088004,1,2,1,2,1,1,1,2,1,2,2,2,1
13,391403800000098005,1,1,1,1,2,1,1,1,1,2,1,1,1
13,391403800000108006,1,2,2,1,2,1,1,2,1,2,2,2,1
13,391403800000128009,1,2,1,1,2,1,1,1,1,2,1,1,1
13,391403800000128010,1,2,2,1,2,1,1,1,1,2,1,1,1
13,391403800000138008,1,2,2,1,1,1,1,2,1,2,1,1,1
13,391406100000010018,1,2,1,1,1,1,1,1,1,2,1,1,1
13,391406100000028001,1,2,2,2,1,2,2,2,1,2,2,1,1
13,391406100000030047,1,2,1,1,2,1,1,1,1,2,1,2,1
13,391406100000048002,1,1,1,1,1,1,1,1,1,2,1,1,1
13,391406100000058003,1,2,2,2,2,1,1,2,1,2,2,2,2
13,391406100000060097,1,2,2,1,2,1,1,1,1,2,1,1,2
13,391406100000078007,1,2,1,1,2,1,1,2,1,2,2,1,1
13,391406100000080131,1,2,1,1,1,1,1,2,1,2,1,2,1
13,391406100000098008,1,1,1,1,1,1,1,2,1,2,1,1,1
13,391406100000100172,1,2,2,1,1,1,1,2,1,2,1,2,1
13,391406100000130206,1,2,1,1,1,1,1,1,1,2,1,1,2
13,391406100000140226,1,2,1,1,1,1,1,1,1,2,1,1,1
13,391406100000150238,1,2,2,1,1,1,2,2,1,2,1,1,1
13,391406100000160252,1,2,2,1,2,1,1,2,1,2,2,2,1
13,391406100000170269,1,2,2,2,1,1,1,2,1,2,1,1,2
13,391406100000188005,1,2,2,2,1,1,1,2,1,2,1,2,1
13,740100103300010020,1,1,2,1,1,1,1,2,1,2,2,2,1
13,740100103300028001,1,2,2,1,2,1,2,2,1,2,1,2,2
13,740100103300038002,1,2,2,1,2,1,1,2,1,2,1,2,1
13,740100103300048004,1,2,2,1,1,1,2,2,1,2,2,2,1
13,740100103300050122,1,2,2,1,2,2,2,2,2,2,1,2,2
13,740100103300050123,1,2,2,2,2,1,2,2,1,2,2,2,1
13,740100103300060147,1,2,2,1,1,1,2,2,1,2,1,1,1
13,740100103300078005,1,2,2,2,2,1,2,2,1,2,2,2,2
13,740100103300080210,1,2,2,1,1,1,2,2,1,2,2,2,1
13,740100103300090239,1,2,2,1,2,1,2,2,1,2,2,2,2
13,740100700100020066,1,2,2,1,1,1,2,2,1,2,2,2,1
13,740100700100020067,1,2,2,1,1,1,1,2,1,2,1,2,1
13,740100700100030133,1,2,1,1,2,1,1,2,1,2,1,1,1
13,740100700100040176,1,2,2,1,2,1,2,2,1,2,1,2,1
13,740100700100058005,1,2,1,1,1,1,1,2,1,2,1,2,1
13,740100700100068002,1,2,2,1,2,1,1,2,1,2,1,2,1
13,740100700100070325,1,2,2,1,2,1,1,2,1,2,1,2,1
13,740100700100080368,1,2,2,1,1,1,2,2,1,2,1,2,1
13,740100700100098003,1,2,2,1,2,1,1,2,1,2,1,2,1
13,740100700100108004,1,2,1,1,2,1,1,1,1,2,1,1,1
13,740100700100118001,1,2,2,1,1,1,1,2,1,2,1,1,1
13,740101400100010032,1,2,2,1,1,1,1,2,1,2,1,2,1
13,740101400100020219,1,2,2,1,1,1,1,2,1,2,1,2,1
13,740101400100030267,1,2,1,1,1,1,1,1,1,2,1,1,1
13,740101400100040411,1,2,2,1,1,1,1,2,1,2,2,2,2
13,740101700500018003,1,2,2,1,2,1,2,2,1,2,1,2,2
13,740101700500020259,1,2,2,2,2,2,2,2,1,2,2,2,2
13,740101700500030409,1,2,1,1,1,1,1,2,1,2,1,1,1
13,740101700500048001,1,2,1,1,2,1,1,2,1,2,1,2,1
13,740101700500050657,1,2,2,2,2,1,2,2,1,2,1,2,2
13,740101700500050658,1,2,2,2,2,1,2,2,1,2,1,2,2
13,740101700500068002,1,2,2,2,2,2,2,2,2,2,2,2,2
13,740101700500070119,1,2,2,1,2,1,1,2,1,2,1,2,1
13,740101700500080250,1,2,2,2,1,1,1,2,1,2,2,2,1
13,740101700500080251,1,2,2,2,2,1,1,2,1,2,1,2,1
13,740101700500088008,1,2,2,2,2,1,2,2,1,2,2,2,2
13,740101700500098004,1,2,2,2,2,1,2,2,1,2,2,1,1
13,740101700500108005,1,2,2,2,1,1,1,2,1,2,1,1,1
13,740101700500118006,1,2,2,1,1,1,2,2,1,2,1,2,1
13,740101700500128009,1,2,2,1,2,1,2,2,1,2,1,2,1
13,740101700500130953,1,2,2,1,2,1,1,2,1,2,1,2,1
13,740102200400018003,1,2,2,1,2,1,1,2,1,2,1,2,1
13,740102200400038006,1,2,2,1,2,1,1,1,1,2,1,1,1
13,740102200400048004,1,2,2,1,2,1,1,2,1,2,1,1,1
13,740102200400050322,1,2,2,1,1,1,2,2,1,2,2,2,1
13,740102200400068002,1,2,2,1,2,1,2,2,1,2,2,2,1
13,740102300200018009,1,2,2,1,2,1,2,2,1,2,2,2,1
13,740102300200028002,1,2,2,1,2,1,1,2,1,2,1,2,1
13,740102300200038003,1,2,1,1,2,1,2,2,1,2,1,2,1
13,740102300200040222,1,2,1,1,2,1,2,2,1,2,1,2,1
13,740102300200050281,1,2,1,1,1,1,1,2,1,2,1,1,1
13,740102300200080450,1,2,2,1,2,1,2,2,1,2,1,2,1
13,740102300200090514,1,2,2,1,2,1,1,2,1,2,1,2,1
13,740102300200118005,1,2,1,1,1,1,1,1,1,2,1,1,1
13,740102300200120669,1,2,2,1,2,1,1,2,1,2,1,2,1
13,740102300200138010,1,1,2,1,2,1,1,1,1,2,1,1,1
13,740102400300018001,1,2,2,2,2,1,2,2,1,2,2,2,2
13,740102400300020206,1,2,2,1,1,1,1,2,1,2,1,1,1
13,740102400300030303,1,2,1,1,1,1,2,2,1,2,1,2,2
13,740200100700018001,1,2,2,1,2,1,1,2,1,2,1,1,1
13,740200100700028002,1,2,2,1,1,1,1,2,1,2,1,1,2
13,740200100700030210,1,2,2,1,2,1,1,1,1,2,1,2,2
13,740200100700048007,1,2,2,1,2,1,1,2,1,2,1,2,2
13,740200100700058003,1,2,2,1,2,1,2,2,1,2,2,2,2
13,740200100700068006,1,2,1,1,1,1,1,2,1,2,1,2,1
13,740200100700070487,1,1,2,2,1,2,1,2,1,2,2,2,1
13,740200200100010116,1,2,2,1,1,1,2,2,1,2,2,2,1
13,740200200100030404,1,2,2,1,1,1,1,2,1,2,1,1,1
13,740200200100048001,1,2,2,1,1,1,2,2,1,2,2,1,1
13,740200301200010049,1,2,2,2,1,1,1,2,1,2,1,2,1
13,740200301200020090,1,2,1,2,2,1,2,2,1,2,2,2,1
13,740200301200038008,1,2,2,1,1,1,2,2,1,2,1,2,1
13,740200301200040171,1,2,1,2,1,1,1,2,1,2,1,2,2
13,740200301200078002,1,2,2,1,1,1,1,1,1,2,2,2,1
13,740200301200088011,1,2,1,1,2,1,1,1,1,2,1,1,1
13,740200301200098004,1,2,1,1,2,1,1,1,1,2,1,1,1
13,740200301200128006,1,2,1,1,2,1,1,1,1,2,1,2,1
13,740200301200138012,1,2,1,1,1,1,1,1,1,2,1,1,1
13,740200302400018013,1,2,2,2,2,2,2,2,1,2,2,2,1
13,740200302400020059,1,2,2,1,2,1,1,2,1,2,1,2,1
13,740200302400030095,1,2,2,1,2,1,1,2,1,2,1,2,2
13,740200302400048011,1,2,2,1,2,1,2,2,1,2,1,2,1
13,740200302400058002,1,2,2,2,1,1,1,1,1,2,1,2,1
13,740200302400068003,1,2,2,2,2,2,1,2,1,2,2,2,1
13,740200302400078012,1,2,2,1,2,1,1,1,1,2,2,2,1
13,740200302400088010,1,2,1,1,2,1,2,2,1,2,1,2,1
13,740200302400108005,1,2,2,1,1,1,2,2,1,2,2,2,1
13,740200302400118006,1,2,2,2,2,1,2,2,1,2,2,2,2
13,740200302400128007,1,2,2,2,2,1,2,2,1,2,2,2,1
13,740200302400130482,1,2,2,1,2,1,2,2,1,2,2,2,1
13,740200302400148008,1,2,2,1,2,1,2,2,1,2,1,2,1
13,740200501200018001,1,2,2,1,2,1,2,2,1,2,2,2,1
13,740200501200028004,1,2,2,1,2,1,1,2,1,2,2,2,1
13,740200501200030091,1,2,2,2,2,1,2,2,1,2,2,2,1
13,740200501200040128,1,2,2,2,2,1,2,2,1,2,1,2,1
13,740200501200050165,1,2,2,1,2,1,1,1,1,2,1,2,1
13,740200501200068006,1,2,2,1,2,1,2,2,1,2,2,2,1
13,740200501200070238,1,2,2,1,2,1,2,2,1,2,2,2,1
13,740200501200088003,1,2,2,1,2,1,1,2,1,2,2,2,1
13,740200501200090308,1,2,2,1,1,1,1,2,1,2,2,1,1
13,740200501200100339,1,2,1,2,2,1,2,2,1,2,2,1,1
13,740200600500018005,1,2,1,1,1,1,1,1,1,2,1,1,1
13,740200600500020118,1,2,2,2,1,1,2,2,1,2,1,2,2
13,740200600500038004,1,2,1,1,1,1,1,1,1,2,1,1,1
13,740200600500048001,1,2,2,2,1,1,2,2,1,2,2,2,1
13,740200600500060434,1,2,1,1,1,1,1,1,1,2,1,1,1
13,740200600500078003,1,2,1,1,2,1,1,2,1,2,1,2,1
13,740200701100010020,1,2,1,1,1,1,1,2,1,2,1,1,1
13,740200701100028008,1,2,1,1,1,1,1,2,1,2,1,1,2
13,740200701100030070,1,2,1,1,2,1,1,2,1,2,2,1,1
13,740200701100040094,1,2,2,1,2,1,1,1,1,2,1,1,1
13,740200701100088008,1,2,2,2,1,1,2,2,1,2,2,2,1
13,740200701100098008,1,2,2,1,1,1,1,2,1,2,1,2,1
13,740200701100100247,1,1,1,1,2,1,2,1,1,2,1,1,1
13,740200701100118004,1,2,1,1,1,1,1,2,1,2,1,1,1
13,740200701100128005,1,2,2,2,2,1,2,2,1,2,2,2,1
13,740200701100148006,1,2,1,1,2,1,1,1,1,2,1,1,1
13,740200800300010034,1,2,1,1,1,1,1,1,1,2,1,2,2
13,740200800300028001,1,2,2,1,1,1,1,2,1,2,1,2,1
13,740200800300038005,1,2,2,1,1,1,1,2,1,2,1,1,1
13,740200800300050248,1,1,2,1,1,1,1,2,1,2,1,2,1
13,740200800300068004,1,2,2,1,2,1,2,2,1,2,2,2,1
13,740201001200028003,1,2,2,1,1,1,1,1,1,2,1,1,1
13,740201001200040135,1,2,1,1,1,1,1,2,1,2,1,1,1
13,740201001200068005,1,2,2,1,1,1,1,1,1,2,1,1,1
13,740201001200088001,1,2,1,1,1,1,1,1,1,2,1,1,1
13,740201001200108004,1,2,1,1,2,1,1,2,1,2,2,2,1
13,740201301000020082,1,2,2,2,2,1,2,2,1,2,2,2,1
13,740201301000030159,1,2,2,1,2,1,2,2,1,2,1,2,2
13,740201301000048002,1,2,2,1,2,1,2,2,1,2,2,2,2
13,740201301000050305,1,2,1,1,2,1,1,1,1,2,1,1,1
13,740201301000078003,1,2,1,1,2,1,2,2,1,2,2,1,1
13,740300100900018001,1,2,2,1,2,1,1,1,1,2,2,2,1
13,740300100900020063,1,2,2,1,1,1,1,2,1,2,1,2,1
13,740300100900038002,1,2,2,1,2,1,1,1,1,2,1,1,1
13,740300100900048003,1,2,2,1,2,1,1,2,1,2,2,2,1
13,740300100900050211,1,2,2,1,2,1,1,2,1,2,1,2,1
13,740300100900068004,1,2,2,1,2,1,2,2,1,2,2,2,1
13,740300100900078006,1,2,1,2,2,1,1,2,1,2,2,2,1
13,740300300800018002,1,2,2,2,2,1,1,2,1,2,1,2,1
13,740300300800038001,1,2,2,1,2,1,1,2,1,2,2,2,1
13,740300500400018004,1,2,2,1,2,1,2,2,1,2,1,2,1
13,740300500400020153,1,2,2,1,2,1,1,2,1,2,1,2,1
13,740300500400040429,1,2,2,1,2,1,1,2,1,2,1,1,1
13,740300500400050560,1,2,2,1,2,1,2,2,1,2,1,2,1
13,740300500400060694,1,2,1,1,2,1,1,2,1,2,1,1,1
13,740300500400078003,1,2,2,1,2,1,2,2,1,2,1,2,1
13,740300600200018010,1,2,2,1,2,1,2,2,1,2,1,2,1
13,740300600200028013,1,2,1,1,1,1,1,1,1,2,1,1,2
13,740300600200038002,1,1,1,1,1,1,1,1,1,2,1,1,1
13,740300600200038003,1,2,1,1,1,1,1,1,1,2,1,1,1
13,740300600200038004,1,1,1,1,1,1,1,1,1,2,1,1,2
13,740300600200058005,1,2,2,2,2,1,2,2,1,2,2,2,1
13,740300600200068006,1,2,2,1,1,1,2,2,1,2,2,2,1
13,740300600200070253,1,2,2,1,1,1,1,2,1,2,1,2,1
13,740300600200088012,1,2,2,1,2,1,1,2,1,2,1,1,1
13,740300600200098007,1,2,1,1,2,1,1,1,1,2,1,1,1
13,740300600200108011,1,2,1,1,1,1,1,2,1,2,2,2,1
13,740300600200110444,1,2,1,1,2,1,1,1,1,2,1,1,1
13,740300600200128009,1,2,2,1,2,1,1,2,1,2,1,2,1
13,740300600200130512,1,2,1,1,2,1,2,1,1,2,1,1,1
13,740300701000018001,1,2,2,1,2,1,1,2,1,2,2,2,1
13,740300701000020191,1,2,2,1,2,1,1,2,1,2,1,2,1
13,740300701000030337,1,2,2,1,2,1,1,2,1,2,2,2,1
13,740300701000030338,1,2,2,2,2,1,2,2,1,2,1,2,2
13,740300701000040462,1,2,2,1,2,1,2,2,1,2,2,2,2
13,740300701000050586,1,2,2,1,1,1,1,2,1,2,1,2,1
13,740300701000068002,1,2,2,2,2,2,2,2,1,2,2,2,2
13,740301100500010038,1,2,1,1,2,1,1,2,1,2,1,1,1
13,740301100500028007,1,2,2,1,1,1,1,2,1,2,1,2,2
13,740301100500038008,1,2,1,1,1,1,1,1,1,2,1,1,1
13,740301100500048012,1,2,2,1,2,1,2,2,1,2,1,2,2
13,740301100500058004,1,2,1,1,1,1,1,1,1,2,1,1,1
13,740301100500060320,1,2,1,1,1,1,1,2,1,2,1,1,1
13,740301100500078005,1,2,2,1,2,1,1,2,1,2,2,2,1
13,740301100500088013,1,2,2,1,1,1,1,2,1,2,2,1,1
13,740301100500098014,1,2,2,2,2,1,1,2,1,2,1,1,1
13,740301100500108010,1,2,2,1,1,1,2,2,1,2,2,2,1
13,740301100500118011,1,2,1,1,2,1,1,2,1,2,1,2,1
13,740301100500120658,1,2,1,1,1,1,1,2,1,2,1,2,1
13,740301100500130713,1,2,2,1,1,1,1,1,1,2,1,2,1
13,740301200300018001,1,2,1,1,2,1,2,2,1,2,1,2,2
13,740301200300020129,1,2,2,1,2,1,2,2,1,2,2,2,1
13,740301200300038002,1,2,1,1,2,1,1,1,1,2,2,2,1
13,740301200300040291,1,2,2,2,1,1,2,2,1,2,2,2,2
13,740301200300050368,1,2,1,1,2,1,1,2,1,2,1,2,1
13,740301200300060440,1,2,2,2,2,1,2,2,1,2,1,2,2
13,740301400100018003,1,2,2,1,2,1,2,2,1,2,1,2,2
13,740301400100020216,1,2,2,1,2,1,1,2,1,2,1,2,2
13,740301400100038004,1,2,2,1,2,1,1,2,1,2,1,2,1
13,740301501900010023,1,2,2,2,2,1,2,2,1,2,2,2,2
13,740301501900020044,1,2,2,1,2,1,2,2,1,2,1,2,1
13,740301501900030062,1,2,2,1,2,1,1,2,1,2,1,2,2
13,740301501900040081,1,2,1,1,2,1,1,1,1,2,1,1,1
13,740301501900050098,1,2,2,1,2,2,1,2,1,2,1,1,1
13,740301501900080154,1,2,2,2,2,1,2,2,1,2,2,2,2
13,740301501900100191,1,2,2,2,2,1,2,2,1,2,2,2,2
13,740301501900118005,1,2,2,2,2,2,2,2,1,2,2,2,2
13,740301501900128004,1,2,2,2,2,1,1,2,2,2,2,2,2
13,740301501900130251,1,2,2,1,2,1,1,2,1,2,1,2,2
13,740301501900140270,1,2,1,1,2,1,1,2,1,2,1,2,1
13,740301501900150289,1,2,2,1,2,1,2,2,1,2,1,1,1
13,740301501900160308,1,2,2,2,1,1,1,2,1,2,2,2,2
13,740301601100028001,1,2,2,1,1,1,2,2,1,2,1,2,1
13,740301601100030164,1,2,2,1,1,1,1,2,1,2,1,1,1
13,740301702400010001,1,2,2,1,2,1,1,1,1,2,1,1,1
13,740301702400020022,1,2,2,1,2,1,1,2,1,2,1,2,1
13,740301702400030045,1,2,1,1,2,1,1,1,1,2,2,1,1
13,740301702400048001,1,2,2,1,2,1,1,2,1,2,2,2,1
13,740301702400050081,1,2,2,1,2,1,2,2,1,2,2,2,1
13,740301702400068003,1,2,2,1,2,1,1,1,1,2,1,1,1
13,740302000200018001,1,2,1,1,2,1,1,1,1,2,1,1,1
13,740302000200018002,1,2,2,2,1,1,2,2,1,2,2,2,1
13,740302000200020094,1,2,2,1,2,1,1,2,1,2,2,2,1
13,740302000200030144,1,2,2,1,2,1,2,2,1,2,1,2,1
13,740302000200040204,1,2,2,1,2,1,2,2,1,2,1,2,1
13,740302000200058003,1,2,2,1,2,1,1,1,1,2,1,1,1
13,740302000200060310,1,2,2,2,2,1,2,2,1,2,1,2,2
13,740302000200078004,1,2,2,1,2,1,2,2,1,2,2,2,2
13,740302201400010062,1,2,2,1,2,1,1,2,1,2,1,2,2
13,740302201400028006,1,2,2,2,1,1,1,2,1,2,2,2,2
13,740302201400038003,1,2,2,1,1,1,1,2,1,2,1,2,1
13,740302702100010049,1,2,1,2,1,1,2,2,1,2,2,2,1
13,740302702100028001,1,2,2,2,2,1,2,2,1,2,2,2,1
13,740302702100038002,1,2,2,1,2,1,2,2,1,2,2,2,1
13,740302702100040223,1,2,2,1,2,1,1,2,1,2,1,2,1
13,740302702100050281,1,2,1,1,2,1,2,2,1,2,1,1,1
13,740302702100060339,1,2,2,1,1,1,2,2,1,2,2,2,1
13,740302702100070401,1,2,2,1,1,1,1,2,1,2,1,1,1
13,740302702100080460,1,2,2,1,1,1,1,2,1,2,2,1,1
13,740302702100090519,1,2,2,2,2,2,2,2,1,2,2,2,2
13,740302900900010063,1,2,1,1,2,1,1,2,1,2,1,1,1
13,740302900900020153,1,2,2,2,2,1,2,2,1,2,2,2,2
13,740302900900038001,1,2,2,1,1,1,1,2,1,2,1,1,1
13,740303001600010031,1,1,1,1,2,1,1,1,1,2,1,2,1
13,740303001600020115,1,2,2,2,2,1,1,1,1,2,2,1,2
13,740303001600038001,1,2,1,1,1,1,2,2,1,2,1,1,1
13,740303001600058002,1,2,1,1,1,1,1,1,1,2,1,1,1
13,740303001600060456,1,2,2,1,2,1,2,2,1,2,2,2,1
13,740303101600018001,1,2,2,2,2,1,1,2,1,2,1,1,1
13,740303101600028002,1,2,2,1,1,1,2,2,1,2,2,2,1
13,740303101600038005,1,2,2,1,1,1,1,2,1,2,2,2,1
13,740400301000018002,1,2,1,1,2,1,2,2,1,2,1,2,1
13,740400301000020123,1,2,2,2,2,1,2,2,1,2,2,2,2
13,740400301000038003,1,2,2,2,2,1,2,2,1,2,2,2,1
13,740400301000040340,1,2,1,1,2,1,1,2,1,2,1,1,1
13,740400301000050438,1,2,1,1,2,1,1,2,1,2,1,2,1
13,740400400100028001,1,1,1,1,2,1,1,1,1,2,1,2,1
13,740400400100038002,1,2,2,1,2,1,1,2,1,2,1,1,1
13,740400400100040104,1,2,1,1,1,1,1,1,1,2,1,1,1
13,740400400100060171,1,1,1,1,1,1,1,2,1,2,2,2,1
13,740400400100078003,1,1,1,1,1,1,1,2,1,2,1,1,1
13,740400400100080286,1,2,2,1,2,1,1,2,1,2,1,1,1
13,740400500700010076,1,2,2,2,2,1,1,2,1,2,2,2,2
13,740400500700020007,1,2,2,1,1,1,1,2,1,2,1,2,1
13,740400500700030201,1,2,1,1,2,1,2,2,1,2,1,2,1
13,740400500700048004,1,2,1,2,2,1,2,2,1,2,2,2,1
13,740400500700058005,1,2,2,2,2,1,2,2,1,2,2,2,1
13,740400500700060008,1,2,2,2,1,1,2,2,1,2,1,2,1
13,740400500700078006,1,2,2,2,2,1,2,2,1,2,2,2,1
13,740400601100010021,1,2,2,2,2,1,2,2,1,2,2,2,1
13,740400601100028007,1,2,1,1,1,1,1,1,1,2,2,1,2
13,740400601100038001,1,1,2,1,2,1,2,2,1,2,2,2,1
13,740400601100058006,1,2,1,1,1,1,1,2,1,2,2,2,1
13,740400601100068003,1,2,1,2,2,1,1,2,1,2,1,1,1
13,740400601100070308,1,2,2,1,1,1,1,2,1,2,1,2,1
13,740400601100088005,1,2,2,2,2,1,1,2,1,2,1,2,2
13,740400601100090404,1,2,2,1,2,1,2,2,1,2,2,2,1
13,740400601100098004,1,2,2,1,1,1,2,2,1,2,2,2,1
13,740400901900028006,1,2,1,1,1,1,1,1,1,2,1,1,1
13,740400901900038005,1,2,2,1,1,1,1,2,1,2,1,2,1
13,740400901900040063,1,2,2,1,1,1,1,1,1,2,1,1,1
13,740400901900058001,1,2,2,1,2,1,2,2,1,2,1,2,1
13,740400901900058004,1,2,2,1,2,1,2,2,1,2,2,2,1
13,740400901900078003,1,2,2,1,1,1,1,1,1,2,1,1,1
13,740401001400010014,1,2,2,2,2,1,2,2,1,2,2,2,2
13,740401001400018001,1,2,2,1,2,1,2,2,1,2,1,2,2
13,740401001400018005,1,2,2,2,2,1,2,2,2,2,2,2,2
13,740401001400028007,1,2,2,2,1,1,2,2,1,2,2,2,2
13,740401001400030083,1,2,2,2,2,2,2,2,1,2,2,2,2
13,740401001400038006,1,2,2,2,2,2,2,2,2,2,2,2,2
13,740401001400038008,1,2,2,2,2,1,2,2,1,2,2,2,2
13,740401001400048004,1,2,2,2,1,1,2,2,1,2,2,2,2
13,740401001400048009,1,2,2,2,1,1,2,2,1,2,2,2,2
13,740401001400058010,1,2,2,2,2,1,2,2,1,2,2,2,2
13,740401001400060154,1,2,1,1,2,1,1,2,1,2,2,2,2
13,740401001400070186,1,2,1,1,1,1,1,2,1,2,1,1,1
13,740401001400088011,1,2,2,2,2,1,1,2,1,2,2,2,2
13,740401001400100264,1,2,2,1,2,1,2,2,1,2,2,2,2
13,740401001400110292,1,2,2,1,2,1,2,2,1,2,2,2,2
13,740401001400118012,1,2,2,2,1,1,1,2,1,2,1,2,2
13,740401201900018003,1,2,2,2,2,1,2,2,1,2,2,2,2
13,740401201900018005,1,2,2,1,2,1,1,2,1,2,2,1,1
13,740401201900028004,1,2,2,1,2,1,2,2,1,2,2,2,2
13,740401201900038001,1,1,1,1,1,1,1,2,1,2,2,2,2
13,740401201900050478,1,2,1,1,2,1,1,2,1,2,1,1,1
13,740401201900060596,1,2,2,2,2,1,2,2,1,2,2,2,2
13,740401201900078006,1,2,1,1,1,1,1,2,1,2,1,2,1
13,740401201900080820,1,1,1,1,2,1,1,1,1,2,1,1,1
13,740401300800018002,1,2,1,2,2,1,1,2,1,2,2,2,1
13,740401300800028004,1,2,1,1,2,1,2,2,1,2,2,2,1
13,740401300800038001,1,2,1,1,2,1,1,1,1,2,1,1,1
13,740401800100028001,1,1,1,1,2,1,1,2,1,2,1,2,1
13,740401800100030093,1,2,1,1,1,1,1,1,1,2,1,1,1
13,740401800100048005,1,2,1,1,2,1,2,2,1,2,2,2,1
13,740401800100058003,1,2,1,1,2,1,1,1,1,1,2,2,1
13,740401800100060215,1,2,2,1,1,1,2,2,1,2,2,2,1
13,740401800100070250,1,2,2,2,1,1,2,2,1,2,2,2,2
13,740401800100080284,1,2,2,2,1,1,2,2,1,2,1,2,2
13,740401800100090319,1,2,2,1,2,1,1,1,1,2,1,1,1
13,740401800100098007,1,2,1,1,2,1,1,1,1,2,1,1,1
13,740401800100100356,1,2,2,1,1,1,1,2,1,2,1,1,1
13,740401800100100357,1,2,2,2,1,1,1,2,1,2,1,2,1
13,740401800100118006,1,2,2,1,1,1,1,1,1,2,1,2,1
13,740401800100120434,1,2,1,1,1,1,1,1,1,2,1,1,1
13,740401800100148002,1,2,1,1,1,1,1,2,1,2,1,1,1
13,740402000600018001,1,2,2,1,2,1,1,1,1,2,1,2,1
13,740402000600028006,1,2,2,1,2,1,2,2,1,2,1,2,2
13,740402000600030347,1,1,2,2,1,1,1,2,1,2,1,2,2
13,740402000600030348,1,2,2,1,2,1,2,2,1,2,1,2,2
13,740402000600048007,1,2,1,1,2,1,2,2,1,2,2,2,2
13,740402000600050506,1,2,2,2,2,1,2,2,1,2,2,2,2
13,740402201200010023,1,2,1,2,2,1,2,2,1,2,1,2,1
13,740402201200028004,1,2,1,1,2,1,1,2,1,2,2,2,1
13,740402201200030160,1,2,2,1,2,1,1,2,1,2,1,2,1
13,740402201200030161,1,2,2,1,2,1,1,2,1,2,1,2,1
13,740402201200030162,1,2,2,1,2,1,2,2,1,2,1,2,2
13,740402201200040225,1,2,2,2,2,1,2,2,1,2,2,2,2
13,740402201200048006,1,2,2,2,2,1,2,2,1,2,2,2,2
13,740402201200048007,1,2,2,2,2,1,2,2,1,2,1,2,2
13,740402201200058008,1,2,2,1,2,1,1,2,1,2,1,1,2
13,740402201200068005,1,2,1,1,1,1,1,1,1,2,1,1,1
13,740402201200070417,1,2,1,2,2,1,1,2,1,2,1,2,1
13,740402201200080480,1,2,2,2,2,1,2,2,1,2,1,2,2
13,740402201200098009,1,2,1,1,1,1,1,1,1,2,1,2,1
13,740402201200100617,1,2,2,1,2,2,2,2,1,2,2,2,2
13,740402201200100618,1,2,2,1,2,1,1,2,1,2,2,2,2
13,740402201200110686,1,2,1,1,2,1,1,2,1,2,1,2,2
13,740402201200120754,1,2,2,1,2,1,2,2,1,2,2,2,2
13,740402202400010019,1,2,2,2,2,1,1,2,1,2,2,2,2
13,740402202400028004,1,2,2,2,2,1,2,2,1,2,2,2,2
13,740402202400030105,1,2,1,1,2,1,1,1,1,2,2,2,1
13,740402202400038001,1,2,1,1,2,1,1,1,1,2,1,2,2
13,740402202400040149,1,2,2,2,2,1,2,2,1,2,2,2,2
13,740402202400050193,1,2,2,2,2,1,2,2,1,2,2,2,2
13,740402202400060236,1,2,2,2,2,2,2,2,1,2,2,2,2
13,740402202400060237,1,2,2,2,2,1,2,2,1,2,2,2,2
13,740402202400078002,1,2,2,1,2,1,2,2,1,2,2,2,2
13,740402204900018001,1,2,2,2,2,1,1,2,1,2,2,2,2
13,740402204900018005,1,2,2,2,2,1,2,2,1,2,2,2,2
13,740402204900018006,1,2,2,1,2,2,2,2,1,2,2,2,2
13,740402204900020104,1,2,1,1,2,1,1,2,1,2,1,2,1
13,740402204900038003,1,2,2,1,1,1,2,2,1,2,2,2,1
13,740402204900048004,1,2,2,2,2,1,2,2,1,2,2,2,2
13,740402204900050236,1,2,2,2,2,1,2,2,1,2,1,2,2
13,740402204900050237,1,2,2,1,2,1,2,2,1,2,2,2,2
13,740402204900068002,1,2,2,1,2,1,1,2,1,2,2,2,2
13,740402204900070341,1,2,2,2,2,1,2,2,1,2,2,2,2
13,740402204900080383,1,2,1,1,1,1,1,1,1,2,1,2,2
13,740402204900088007,1,2,1,1,2,1,2,2,1,2,2,2,1
13,740402204900088008,1,2,2,2,2,1,2,2,1,2,2,2,2
13,740402204900098009,1,2,1,1,2,1,1,2,1,2,1,2,2
13,740402204900100455,1,2,2,1,2,1,1,2,1,2,2,2,1
13,740402204900110494,1,2,2,2,2,1,2,2,1,2,2,2,2
13,740402204900118010,1,2,2,2,2,1,2,2,1,2,2,2,2
13,740402204900118011,1,2,2,2,2,2,2,2,1,2,2,2,2
13,740402502400010003,1,2,2,2,2,1,2,1,1,2,2,2,1
13,740402502400020015,1,2,2,1,1,1,2,2,1,2,1,2,2
13,740402502400038015,1,2,1,1,2,1,2,2,1,2,2,2,1
13,740402502400048004,1,2,1,2,2,1,2,2,1,2,1,2,1
13,740402502400050053,1,1,2,1,2,1,1,2,1,2,1,2,1
13,740402502400060066,1,2,2,2,2,1,2,2,1,2,1,2,1
13,740402502400070077,1,2,2,2,1,1,2,2,1,2,2,2,1
13,740402502400080089,1,2,1,1,1,1,2,2,1,2,1,2,1
13,740402502400088016,1,2,2,2,2,2,2,2,2,2,2,2,1
13,740402502400090100,1,2,2,1,2,1,1,2,1,2,1,1,1
13,740402502400108020,1,2,2,1,1,2,2,2,1,2,2,1,1
13,740402502400110123,1,2,2,1,1,1,1,2,1,2,1,2,1
13,740402502400120135,1,2,2,1,1,1,1,2,1,2,1,2,1
13,740402502400138012,1,2,1,1,2,1,1,2,1,2,1,2,1
13,740402502400148018,1,2,2,1,1,1,1,2,1,2,2,2,1
13,740402502400158019,1,2,2,1,2,1,2,2,1,2,2,2,1
13,740402502400160183,1,2,2,2,2,1,2,2,1,2,1,2,1
13,740402502400170195,1,2,1,1,1,1,2,2,1,2,1,2,1
13,740402502400180207,1,2,2,1,1,1,1,2,1,2,1,2,1
13,740402502400190218,1,2,1,1,1,1,1,2,1,2,2,2,1
13,740402502400200231,1,2,1,1,1,1,1,2,1,2,1,1,2
13,740402502400218017,1,2,2,1,1,1,1,1,1,2,1,1,1
13,740402502400220251,1,2,2,1,2,1,2,2,1,2,1,2,1
13,740402502400230263,1,2,2,1,2,1,1,1,1,2,1,2,1
13,740402502400240274,1,2,2,2,1,1,1,2,1,2,1,2,1
13,740402502400258007,1,2,2,1,2,1,1,1,1,2,1,1,1
13,740402502400260295,1,2,1,1,2,1,1,1,1,2,1,2,1
13,740402502400270304,1,2,2,1,1,1,2,2,1,2,1,2,1
13,740402502400280316,1,2,2,2,2,2,2,2,1,2,2,2,2
13,740402502400288009,1,2,1,2,2,1,2,2,1,1,2,2,1
13,740402502400288010,1,2,2,1,2,1,1,2,1,2,1,2,1
13,740402502400290327,1,2,2,1,1,1,2,2,1,2,1,2,1
13,740402502400298005,1,2,2,1,2,1,2,2,1,2,2,2,1
13,740402502400300036,1,2,2,1,2,1,1,2,1,2,1,2,1
13,740402900400010021,1,2,2,2,2,1,2,2,1,2,2,2,1
13,740402900400030057,1,2,2,1,2,2,2,2,1,2,2,2,1
13,740402900400040075,1,2,1,2,2,1,2,2,1,2,1,2,1
13,740402900400058008,1,2,1,1,2,1,1,2,1,2,1,2,2
13,740402900400068009,1,2,2,2,2,2,2,2,1,2,2,2,2
13,740402900400070127,1,2,1,1,2,1,1,2,1,2,1,2,1
13,740402900400088006,1,2,2,2,2,1,2,2,1,2,2,2,2
13,740402900400098005,1,2,2,1,1,1,2,2,1,2,2,2,1
13,740402900400108007,1,2,1,1,2,1,2,2,1,2,1,2,1
13,740402900400128010,1,2,2,1,1,1,2,2,1,2,1,2,1
13,740402900400140228,1,2,2,2,2,1,2,2,1,2,2,2,2
13,740403100200010031,1,2,2,2,1,1,2,2,1,2,2,2,1
13,740403100200028001,1,2,2,1,1,1,1,2,1,2,1,1,1
13,740403100200038002,1,2,1,2,2,2,2,2,1,2,2,2,1
13,740403100200040118,1,2,2,2,2,1,2,2,1,2,2,2,2
13,740403100200050144,1,2,1,1,1,1,1,2,1,2,1,2,1
13,740403100200060179,1,2,1,2,2,1,2,2,1,2,2,2,1
13,740403100200070204,1,2,2,2,2,1,2,2,1,2,2,2,2
13,740403500300010112,1,2,2,1,2,1,1,1,1,2,2,1,1
13,740403500300020205,1,2,1,1,1,1,1,1,1,2,1,2,1
13,740403500300038001,1,2,2,1,2,1,1,1,1,2,1,2,1
13,740404000000020043,1,2,2,1,1,1,1,2,1,2,2,1,1
13,740404000000030073,1,2,2,1,1,1,1,2,1,2,1,2,1
13,740404000000040102,1,2,1,1,1,1,1,1,1,2,1,1,1
13,740404000000050129,1,2,2,1,1,1,1,1,1,2,1,1,2
13,740404000000060162,1,2,2,1,2,1,2,2,1,2,1,2,2
13,740404000000070196,1,2,2,1,1,1,1,2,1,2,1,2,1
13,740404000000080229,1,2,2,2,1,1,2,2,1,2,2,2,1
13,740404000000088001,1,2,2,1,2,2,1,2,1,2,2,1,1
13,740404000000088002,1,1,1,1,1,1,1,2,1,2,1,2,1
13,740404000000090258,1,2,2,1,1,1,1,2,1,2,1,1,1
13,740404000000108003,1,2,1,1,1,1,1,2,1,2,1,2,1
13,740404000000110324,1,2,2,1,2,1,2,2,1,2,2,2,1
13,740404100800020238,1,2,2,1,1,1,1,2,1,2,2,2,2
13,740404100800038001,1,2,1,1,2,1,1,2,1,2,2,1,2
13,740404100800040539,1,2,1,2,2,1,1,2,1,2,2,2,2
13,740404100800058005,1,2,2,1,2,1,2,2,1,2,1,2,2
13,740404100800060826,1,2,2,2,2,2,2,2,1,2,2,2,2
13,740404100800068006,1,2,2,2,1,2,2,2,1,2,2,2,2
13,740404100800088009,1,2,2,1,1,1,1,2,1,2,1,2,2
13,740404100800098007,1,2,2,2,1,1,2,2,1,2,1,2,2
13,740404100800100448,1,2,2,1,1,1,2,2,1,2,2,2,2
13,740404301200030122,1,2,2,1,1,2,2,2,1,2,2,2,2
13,740404301200048001,1,2,1,1,2,1,1,1,1,2,1,1,1
13,740404301200068002,1,1,2,2,2,1,1,2,1,2,1,2,1
13,740404301200078005,1,2,2,1,2,1,1,2,1,2,1,2,1
13,740404301200088003,1,2,1,1,1,1,1,1,1,2,1,2,1
13,740404301200090367,1,2,2,1,2,1,1,2,1,2,1,2,1
13,740404301200110449,1,2,2,1,1,1,2,2,1,2,1,2,1
13,740404301200120490,1,2,2,2,2,1,2,2,1,2,2,2,2
13,740404301200130531,1,2,2,1,2,1,2,2,1,2,2,2,1
13,740404301200148004,1,2,2,2,1,2,2,2,1,2,2,2,2
13,740404600700018006,1,2,1,1,1,1,1,2,1,2,1,2,1
13,740404600700048002,1,2,2,2,2,2,2,2,2,2,2,2,2
13,740404600700060293,1,2,2,2,2,1,2,2,1,2,2,2,1
13,740404600700068011,1,2,2,1,2,1,2,2,1,2,2,2,2
13,740404600700070347,1,2,2,2,2,1,2,2,1,2,2,2,2
13,740404600700088007,1,1,1,1,1,1,1,1,1,2,1,1,1
13,740404600700090453,1,2,2,1,1,1,1,2,1,2,1,2,2
13,740404600700098012,1,2,2,1,1,1,1,2,1,2,1,2,2
13,740404600700100496,1,2,1,1,1,1,1,2,1,2,1,1,2
13,740404600700118008,1,2,1,1,1,1,2,2,1,2,1,2,1
13,740404600700138003,1,2,2,1,1,1,2,2,1,2,2,2,2
13,740404600700148009,1,2,1,1,1,1,1,2,1,2,1,1,2
13,740404600700158010,1,2,2,1,1,1,1,2,1,2,1,2,2
13,740404800100010017,1,2,2,1,1,1,1,1,1,2,1,1,1
13,740404800100028004,1,2,1,1,1,1,1,1,1,2,1,1,1
13,740404800100030059,1,2,2,2,1,1,1,2,1,2,2,2,1
13,740404800100040079,1,2,2,1,1,1,1,2,1,2,2,2,1
13,740404800100060129,1,2,2,1,1,1,2,2,1,2,1,2,1
13,740404800100078005,1,2,2,1,1,1,1,1,1,2,1,1,1
13,740404800100080272,1,2,1,1,1,1,1,1,1,2,1,1,1
13,740404800100090207,1,2,2,1,1,1,1,2,1,2,2,2,1
13,740404800100118002,1,2,1,1,1,1,1,1,1,2,1,1,1
13,740404900100018001,1,2,1,1,1,1,1,2,1,2,1,1,1
13,740404900100028002,1,2,2,2,2,1,2,2,1,2,2,2,1
13,740404900100040202,1,2,1,1,2,1,2,2,1,2,1,2,1
13,740404900100050252,1,2,1,1,2,1,1,2,1,2,1,2,1
13,740404900100050253,1,2,1,1,2,1,2,2,1,2,1,2,1
13,740404900100060301,1,2,1,1,2,1,2,2,1,2,1,2,1
13,740404900100070405,1,2,1,1,2,1,2,2,1,2,1,1,1
13,740404900100078006,1,2,1,1,1,1,2,2,1,2,1,2,1
13,740405100500018001,1,2,2,2,1,1,1,2,1,2,2,2,2
13,740405100500020426,1,2,1,1,1,1,1,2,1,2,1,1,1
13,740405100500030291,1,1,1,1,1,1,1,2,1,2,1,1,2
13,740405500100018001,1,2,2,1,2,1,1,2,1,2,1,1,2
13,740405500100020392,1,1,1,1,1,1,2,2,1,2,1,2,1
13,740405500100038002,1,1,1,1,1,1,2,2,1,2,1,2,2
13,740405800400010102,1,2,1,1,1,1,1,2,1,2,1,1,2
13,740405800400018003,1,2,1,1,1,1,1,2,1,2,1,1,1
13,740405800400018004,1,2,1,1,2,1,1,2,1,2,1,2,1
13,740405800400028001,1,2,1,1,1,1,1,1,1,2,1,2,1
13,740406400600038004,1,2,1,1,2,1,1,2,1,2,2,2,1
13,740406400600058005,1,1,1,1,1,1,1,1,1,2,1,1,1
13,740406400600060177,1,2,1,2,2,1,1,2,1,2,1,2,2
13,740406400600070209,1,2,1,1,2,1,1,1,1,2,1,1,1
13,740406400600098007,1,2,2,1,2,1,2,2,1,2,2,2,1
13,740406500500030248,1,2,2,2,2,1,2,2,1,2,2,2,1
13,740406601600010032,1,2,2,2,2,1,2,2,1,2,2,2,1
13,740406601600020075,1,2,2,1,1,1,1,2,1,2,1,2,1
13,740406601600028003,1,2,2,1,1,1,2,2,1,2,1,2,1
13,740406601600040154,1,2,2,2,2,1,2,2,1,2,2,2,1
13,740406601600050197,1,2,2,1,1,1,2,2,1,2,2,2,1
13,740406601600068001,1,2,2,1,2,1,1,2,1,2,1,1,1
13,740406601600070281,1,2,2,1,2,1,1,2,1,2,2,2,1
13,740406601600088004,1,2,2,2,1,1,2,2,1,2,2,2,1
13,740406601600108002,1,2,2,2,2,1,2,2,1,2,2,2,1
13,740406800700018002,1,2,1,1,1,1,1,2,1,2,1,2,1
13,740406800700048001,1,2,2,1,2,1,1,2,1,2,2,2,1
13,740406800700050329,1,2,1,1,1,1,2,2,1,2,2,2,2
13,740406800700060413,1,2,2,2,2,1,2,2,1,2,2,2,2
13,740406800700070494,1,2,2,1,2,1,1,2,1,2,1,2,2
13,740406800700090636,1,2,2,1,2,1,1,2,1,2,1,2,1
13,740407100200010010,1,1,1,1,2,1,1,1,1,2,1,1,1
13,740407100200020033,1,2,2,1,2,1,1,2,1,2,2,2,1
13,740407100200030057,1,1,1,1,1,1,1,2,1,2,1,1,1
13,740407100200058004,1,1,1,2,1,1,1,2,1,2,1,1,1
13,740407100200070130,1,1,1,1,2,1,1,1,1,2,1,1,1
13,740407100200090166,1,1,1,1,2,1,1,2,1,2,1,1,1
13,740407600200010090,1,2,1,1,2,1,1,1,1,2,1,1,1
13,740407600200018005,1,2,2,1,2,1,2,2,1,2,1,2,2
13,740407600200028002,1,2,2,1,2,1,2,2,1,2,2,2,1
13,740407600200028003,1,2,1,1,2,1,1,1,1,2,1,2,1
13,740407600200028004,1,2,2,1,1,2,2,2,1,2,1,2,1
13,740407700600010017,1,2,2,1,1,1,2,1,1,2,2,2,1
13,740407700600020111,1,2,1,1,2,1,1,2,1,2,1,1,1
13,740407700600038001,1,2,2,2,2,1,2,2,1,2,2,2,1
13,740407700600038002,1,2,2,2,2,1,2,2,1,2,2,2,1
13,740407700600038003,1,2,1,2,2,1,2,2,1,2,2,2,1
13,740407900600018001,1,2,1,1,1,1,2,2,1,2,1,2,1
13,740407900600020107,1,2,2,1,2,1,1,2,1,2,1,1,1
13,740407900600030180,1,2,1,1,2,2,2,2,1,2,2,2,1
13,740407900600040256,1,2,2,1,2,1,2,2,1,2,2,2,1
13,740407900600058002,1,2,2,1,2,1,2,2,1,2,2,2,1
13,740407900600060409,1,2,2,1,1,1,2,2,1,2,2,2,1
13,740407900600070497,1,2,2,1,2,1,1,2,1,2,2,2,1
13,740407900600080577,1,2,2,1,2,1,1,2,1,2,2,2,1
13,740408000600010039,1,2,1,2,2,1,2,2,1,2,2,2,1
13,740408000600028003,1,2,1,2,2,1,2,2,1,2,2,2,1
13,740408000600030253,1,2,1,1,1,1,1,2,1,2,1,1,1
13,740408000600040033,1,2,1,1,1,1,2,2,1,2,1,2,1
13,740408000600050143,1,2,2,2,2,1,2,2,1,2,2,2,2
13,740408000600068001,1,2,1,2,2,1,2,2,1,2,2,2,1
13,740408000600078002,1,2,1,2,2,1,2,2,1,2,2,2,1
13,740408200800010055,1,2,2,1,1,1,2,2,1,2,2,2,2
13,740408200800028002,1,2,1,1,1,1,1,1,1,2,1,1,1
13,740408200800038005,1,1,1,1,2,1,2,2,1,2,1,2,2
13,740408200800048001,1,1,1,1,2,1,1,1,1,2,1,2,2
13,740408200800058006,1,2,1,1,2,1,1,1,1,2,1,2,2
13,740408400500010002,1,2,2,1,1,1,1,1,1,2,1,1,1
13,740408400500020028,1,2,2,1,1,1,1,1,1,2,1,1,1
13,740408400500030052,1,2,2,1,2,1,1,2,1,2,1,2,1
13,740408400500040076,1,2,1,1,1,1,1,2,1,2,1,1,1
13,740408400500058004,1,2,2,1,1,1,1,1,1,2,1,1,1
13,740408400500060123,1,2,2,1,1,1,1,1,1,2,1,1,1
13,740408400500078001,1,2,2,1,2,1,1,2,1,2,1,1,1
13,740408400500088003,1,2,2,1,1,1,1,2,1,2,1,2,1
13,740408400500090197,1,1,1,1,2,1,1,1,1,2,1,2,1
13,740408400500100229,1,2,2,1,2,1,1,1,1,2,1,1,1
13,740408400500118005,1,2,1,1,1,1,1,1,1,2,1,1,1
13,740408400500128002,1,2,2,1,2,1,1,2,1,2,1,1,1
13,740408400500130303,1,2,2,1,1,1,1,1,1,2,1,1,1
13,740408400500140326,1,2,2,1,2,1,1,2,1,2,1,2,1
13,740408900800018001,1,2,1,1,2,1,2,2,1,2,2,2,2
13,740408900800038002,1,2,2,1,1,1,2,2,1,2,2,2,1
13,740409000700018002,1,2,1,2,1,2,2,2,1,2,2,2,2
13,740409000700020158,1,2,2,1,1,1,1,1,1,2,1,2,1
13,740409000700038001,1,2,2,2,1,1,1,1,1,2,2,2,1
13,740409100200018004,1,2,1,1,1,1,1,1,1,2,1,2,1
13,740409100200028005,1,2,1,1,2,1,2,2,1,2,2,2,1
13,740409100200038010,1,2,2,1,2,1,1,1,1,2,2,2,1
13,740409100200040080,1,2,2,2,2,1,1,2,1,2,2,2,1
13,740409100200048013,1,2,2,1,2,1,1,2,1,2,1,2,1
13,740409100200070137,1,2,1,1,1,1,1,1,1,2,1,2,1
13,740409100200088001,1,2,2,1,2,1,1,2,1,2,2,2,1
13,740409100200108002,1,2,2,1,2,1,2,2,1,2,1,2,1
13,740409100200118003,1,2,1,1,2,2,2,2,1,2,2,1,1
13,740409100200118012,1,2,2,1,2,1,1,2,1,2,1,2,1
13,740409100200128009,1,2,2,2,2,1,1,1,1,2,2,1,2
13,740409100200138011,1,2,1,1,2,1,1,1,1,2,1,2,1
13,740409300300028001,1,2,2,1,2,1,2,2,1,2,1,2,1
13,740409300300068002,1,2,1,1,1,1,1,1,1,2,1,1,1
13,740409300300078003,1,2,2,1,1,1,2,2,1,2,2,2,1
13,740409300300088004,1,2,1,1,1,1,1,1,1,2,1,2,1
13,740409501000018001,1,2,2,1,2,1,1,2,1,2,2,2,1
13,740409501000028002,1,2,1,1,2,1,1,2,1,2,1,2,1
13,740409501000028004,1,2,2,2,1,1,2,2,1,2,1,2,1
13,740409600400018002,1,2,1,1,2,1,2,1,1,2,2,2,1
13,740409600400020172,1,2,2,1,2,1,2,2,1,2,2,2,1
13,740409600400028001,1,2,1,1,2,1,1,1,1,2,1,2,1
13,740409600400030294,1,2,2,1,2,1,2,2,1,2,1,2,1
13,740409701300010034,1,2,1,1,1,1,1,2,1,2,1,1,1
13,740409701300020072,1,2,2,1,2,1,1,1,1,2,1,1,1
13,740409701300030108,1,2,1,1,2,1,2,2,1,2,2,2,1
13,740409701300048006,1,2,2,1,2,1,1,1,1,2,1,2,1
13,740409701300060224,1,2,1,2,2,1,1,2,1,2,1,2,1
13,740409701300078001,1,2,1,1,2,1,2,2,1,2,1,2,1
13,740409701300080301,1,2,2,1,2,1,2,2,1,2,1,2,1
13,740409701300090331,1,2,1,1,1,1,1,2,1,1,1,1,2
13,740409701300118005,1,2,1,2,2,1,2,2,1,2,2,2,1
13,740409701300120434,1,2,1,1,1,1,1,1,1,2,1,1,1
13,740409701300138002,1,2,1,1,2,1,1,2,1,2,1,2,1
13,740409701300148004,1,2,2,1,2,1,1,2,1,2,1,1,1
13,740409701300150519,1,1,2,1,1,1,1,2,1,2,1,2,1
13,740409701300160547,1,2,2,1,1,1,1,2,1,2,2,1,1
13,740410100600010121,1,2,2,2,2,2,2,2,2,2,2,2,2
13,740410100600028009,1,2,1,1,2,1,2,2,1,2,1,1,1
13,740410100600038002,1,2,2,1,2,1,2,2,1,2,1,2,1
13,740410100600040153,1,2,2,2,2,2,2,2,1,2,2,2,2
13,740410100600048004,1,2,1,1,1,1,1,2,1,2,2,2,1
13,740410100600048007,1,1,2,1,1,1,2,2,1,2,2,2,1
13,740410100600058006,1,2,2,1,1,2,1,2,1,2,1,1,1
13,740410100600060459,1,2,1,1,2,1,1,2,1,2,1,2,1
13,740410100600068010,1,2,2,1,2,1,2,2,1,2,1,2,1
13,740410100600070617,1,2,2,2,2,1,2,2,1,2,1,2,2
13,740410100600070618,1,2,1,2,2,1,2,2,1,2,2,2,1
13,740410500300018001,1,2,2,1,2,1,2,2,1,2,2,1,1
13,740410500300020480,1,2,2,1,1,1,2,2,1,2,2,2,1
13,740410500300038002,1,2,2,2,2,1,1,2,1,2,2,2,1
13,740410500300040306,1,2,2,1,1,1,1,2,1,2,1,1,1
13,740410500300060499,1,2,2,1,2,1,1,2,1,2,1,2,1
13,740410601200028001,1,2,2,1,1,1,2,2,1,2,1,1,1
13,740410601200038005,1,2,2,2,2,1,1,2,1,2,1,2,1
13,740410601200040475,1,2,2,2,2,1,2,2,1,2,1,2,1
13,740410601200040476,1,2,2,1,2,1,2,2,1,2,1,2,2
13,740410601200040477,1,2,2,1,2,1,2,2,1,2,2,2,2
13,740410601200058003,1,2,2,2,2,1,2,2,1,2,2,2,2
13,740410601200068004,1,2,2,1,2,1,1,2,1,2,1,2,1
13,740410900200018008,1,2,1,1,2,1,1,2,1,2,1,1,1
13,740410900200030028,1,2,2,2,2,1,2,2,1,2,2,2,2
13,740410900200040054,1,2,2,1,1,1,1,2,1,2,1,2,1
13,740410900200058002,1,2,2,2,2,1,1,2,1,2,2,2,2
13,740410900200068001,1,2,2,1,2,1,1,2,1,2,1,1,1
13,740410900200070123,1,2,2,1,2,1,1,2,1,2,1,2,1
13,740410900200098006,1,2,2,1,2,1,1,2,1,2,1,1,1
13,740410900200098007,1,2,2,1,2,1,2,2,1,2,1,1,1
13,740410900200108004,1,2,1,1,2,1,1,1,1,2,1,1,2
13,740411100300048001,1,2,2,2,2,1,2,2,1,2,2,2,1
13,740411100300048004,1,2,2,2,2,1,2,2,1,2,2,2,1
13,740411200300010084,1,2,1,1,2,1,1,1,1,2,1,1,1
13,740411200300010115,1,1,1,1,1,1,1,1,1,1,1,1,1
13,740411200300030180,1,2,1,1,2,1,1,1,1,1,1,1,1
13,740411200300040211,1,2,1,1,2,1,1,1,1,2,1,1,1
13,740411200300058001,1,2,2,1,2,1,1,2,1,2,2,1,1
13,740411400200030090,1,2,2,1,1,1,1,2,1,2,1,1,1
13,740411400200048004,1,2,2,1,2,1,1,2,1,2,1,2,1
13,740411400200050144,1,2,2,1,2,1,1,2,1,2,1,1,1
13,740411400200078001,1,2,1,1,2,1,1,2,1,2,1,1,1
13,740411400200088002,1,2,2,1,2,1,1,1,1,2,1,2,1
13,740411400200098006,1,1,1,1,1,1,1,2,1,2,2,1,1
13,740411500800028001,1,2,1,1,1,1,1,1,1,2,1,1,1
13,740411900600018005,1,2,2,2,2,1,1,2,1,2,1,2,1
13,740411900600028002,1,2,2,1,2,1,1,1,1,2,1,1,1
13,740411900600038004,1,2,2,1,2,1,1,2,1,2,1,2,1
13,740411900600040251,1,2,1,1,1,1,1,1,1,2,1,1,1
13,740411900600058001,1,1,2,2,2,1,1,2,1,2,1,2,1
13,740412002100018001,1,2,2,1,1,1,2,2,1,2,1,1,1
13,740412002100020042,1,2,1,1,1,1,1,2,1,2,1,1,1
13,740412002100030067,1,2,2,2,2,2,2,2,2,2,2,2,2
13,740412002100048002,1,2,2,1,1,1,1,2,1,2,1,2,1
13,740412002100058006,1,2,1,2,2,1,2,2,1,2,2,1,1
13,740412002100068003,1,2,2,2,1,1,2,2,2,2,2,2,2
13,740412002100068004,1,2,2,2,2,2,2,2,2,2,2,2,2
13,740412002100078007,1,2,1,1,1,1,2,2,1,2,1,2,1
13,740412002100088008,1,2,2,2,2,2,2,2,1,2,2,2,1
13,740412100300028008,1,2,2,1,1,1,2,2,1,2,1,2,1
13,740412100300038002,1,1,1,1,1,1,1,1,1,2,1,2,1
13,740412100300050184,1,1,2,1,2,1,2,2,1,2,1,2,1
13,740412100300060234,1,2,2,2,1,1,1,1,1,2,1,1,1
13,740412100300078004,1,2,2,1,2,1,2,2,1,2,2,1,1
13,740412100300078006,1,2,2,2,2,2,1,2,1,2,2,2,1
13,740412100300078007,1,2,1,1,2,1,1,2,1,2,1,2,1
13,740412100300088005,1,2,1,1,2,1,1,2,1,2,2,2,1
13,740412100300090453,1,2,2,1,2,1,1,2,1,2,1,1,1
13,740412400700020206,1,2,1,1,2,1,2,2,1,2,1,1,1
13,740412400700030286,1,1,2,1,1,1,1,2,1,2,2,2,1
13,740412400700030287,1,2,2,1,1,1,1,2,1,2,1,2,1
13,740412400700040020,1,2,2,2,1,1,1,2,1,2,1,2,2
13,740412400700050099,1,2,2,1,1,1,1,2,1,2,1,1,2
13,740412400700078001,1,2,1,1,2,1,1,1,1,2,1,1,2
13,740412500200028001,1,1,1,1,2,1,1,1,1,2,1,1,2
13,740412500200030056,1,2,2,1,2,1,1,2,1,2,1,1,2
13,740412500200038002,1,2,2,1,1,1,2,2,1,2,2,1,2
13,740412500200058004,1,1,2,1,1,1,2,2,1,2,2,2,2
13,740412500200060140,1,1,2,1,1,1,1,2,1,2,1,2,2
13,740412500200078010,1,2,2,1,1,1,1,1,1,2,1,1,2
13,740412500200088005,1,1,1,1,2,1,1,1,1,2,1,1,2
13,740412500200118009,1,2,1,1,2,1,1,1,1,2,1,1,2
13,740412500200128008,1,2,1,1,1,1,1,1,1,2,1,1,1
13,740412500200138006,1,2,1,1,2,1,1,1,1,2,1,1,2
13,740413200300028005,1,2,2,1,2,1,1,1,1,2,1,2,1
13,740413200300050138,1,2,1,1,1,1,1,1,1,2,1,2,1
13,740413200300060168,1,2,1,1,1,1,2,2,1,2,2,2,1
13,740413200300070213,1,2,1,1,2,1,1,1,1,2,1,2,1
13,740413200300080253,1,2,2,1,1,1,1,2,1,2,1,2,1
13,740413200300088006,1,2,2,2,2,2,2,2,1,2,2,2,2
13,740413200300088007,1,2,2,2,2,2,2,2,1,2,2,2,2
13,740413400200010021,1,1,1,1,1,1,1,1,1,2,1,1,1
13,740413400200020050,1,1,1,1,1,1,1,1,1,2,1,1,1
13,740413400200050126,1,1,1,1,1,1,1,1,1,2,1,1,1
13,740413400200068005,1,2,1,1,1,1,1,2,1,2,2,2,1
13,740413400200078002,1,1,1,1,1,1,1,1,1,2,1,1,1
13,740413400200098007,1,1,1,1,2,1,1,1,1,2,1,1,1
13,740413400200108008,1,1,1,2,1,1,1,1,1,2,1,1,1
13,740413400200110285,1,2,1,1,1,1,1,1,1,2,1,1,1
13,740413400200128003,1,1,1,1,1,1,1,1,1,2,1,1,1
13,740413400200138004,1,1,1,1,1,1,1,1,1,2,1,1,1
13,740413700200018002,1,2,2,2,2,1,1,2,1,2,1,2,1
13,740413700200040200,1,2,2,2,2,1,1,2,1,2,2,2,2
13,740413700200058006,1,2,2,2,2,1,2,2,1,2,2,2,2
13,740413700200060329,1,2,2,1,1,1,1,2,1,2,2,2,1
13,740413800100010028,1,2,2,1,1,1,1,2,1,2,2,2,1
13,740413800100020151,1,2,2,1,2,1,2,2,1,2,2,2,1
13,740413800100030271,1,2,2,1,2,1,1,2,1,2,1,2,1
13,740413800100058001,1,2,2,1,1,1,1,2,1,2,1,1,1
13,740413803500018002,1,2,1,1,1,1,1,2,1,2,1,1,1
13,740413803500028003,1,2,2,1,1,1,2,2,1,2,2,2,1
13,740413803500030551,1,2,2,1,1,1,2,2,1,2,2,2,2
13,740413803500040027,1,2,2,2,1,1,2,2,1,2,2,2,1
13,740413803500050286,1,2,2,1,2,1,1,2,1,2,1,1,2
13,740413803500060535,1,2,1,1,1,1,1,2,1,2,1,2,1
13,740413901700010035,1,1,1,2,1,1,1,2,1,2,1,2,1
13,740413901700020078,1,1,1,1,1,1,1,2,1,2,1,2,1
13,740413901700030119,1,2,2,1,2,1,2,2,1,2,2,2,1
13,740413901700040161,1,2,2,1,2,1,1,2,1,2,1,2,1
13,740413901700058003,1,2,2,2,2,1,2,2,1,2,2,2,1
13,740413901700078004,1,2,1,1,1,1,1,2,1,2,1,1,1
13,740413901700090360,1,2,1,1,2,1,1,2,1,2,1,2,1
13,740413901700100402,1,1,1,1,1,1,1,2,1,2,1,1,1
13,740413901700128002,1,2,2,1,2,1,2,2,1,2,2,2,1
13,740413901700130524,1,2,1,1,2,1,1,2,1,2,2,2,1
13,740413901700148005,1,2,2,1,1,1,1,2,1,2,1,1,1
13,740413902700018002,1,2,2,1,2,1,1,2,1,2,1,2,1
13,740413902700018003,1,2,2,1,2,1,2,2,1,2,2,2,1
13,740413902700020129,1,2,2,1,2,1,1,2,1,2,1,1,1
13,740413902700030001,1,2,2,1,2,1,1,2,1,2,1,2,1
13,740413902700040115,1,2,2,1,2,1,2,2,1,2,1,2,1
13,740414002000050115,1,2,1,1,1,1,1,1,1,2,1,2,1
13,740414002000068004,1,2,2,1,2,1,1,2,1,2,2,2,1
13,740414002000080191,1,2,1,1,1,1,1,2,1,2,1,1,1
13,740414002000090210,1,2,1,1,1,1,1,1,1,2,1,1,1
13,740414002000100237,1,2,1,1,2,1,1,1,1,2,1,1,1
13,740414002000110257,1,2,1,2,2,1,1,2,1,2,2,1,1
13,740414002000128007,1,2,2,1,1,1,1,2,1,2,1,2,1
13,740414002000130307,1,2,1,1,1,1,1,1,1,2,1,1,1
13,740414100100018002,1,2,1,1,1,1,1,1,1,2,1,1,1
13,740414100100018003,1,2,1,1,2,1,1,2,1,2,1,2,1
13,740414100100038001,1,2,1,1,1,1,1,1,1,2,1,2,1
13,740414200100018020,1,1,1,1,2,1,1,1,1,2,1,1,1
13,740414200100020053,1,1,1,1,1,1,1,1,1,2,1,1,1
13,740414200100050120,1,1,1,1,2,1,1,1,1,2,1,1,2
13,740414200100068001,1,2,2,1,2,1,2,2,1,2,1,2,1
13,740414200100078002,1,2,2,1,2,1,2,2,1,2,2,2,1
13,740414200100080199,1,2,2,1,2,1,2,2,1,2,1,2,1
13,740414200100098016,1,2,2,1,2,1,2,2,1,2,2,2,2
13,740414200100100250,1,2,2,1,1,1,1,2,1,2,1,2,2
13,740414200100118004,1,2,2,1,2,1,2,2,1,2,1,2,1
13,740414200100118011,1,2,2,2,2,1,1,2,1,2,2,1,1
13,740414200100130333,1,2,2,1,2,1,1,2,1,2,1,1,1
13,740414200100148021,1,2,2,1,2,1,1,2,1,2,1,1,1
13,740414200100150383,1,2,2,1,2,1,2,2,1,2,1,2,1
13,740414200100158018,1,2,2,2,1,1,2,2,1,2,2,2,1
13,740414200100168022,1,2,2,2,2,2,2,2,1,2,2,2,1
13,740414200100178010,1,2,1,1,1,1,2,2,1,2,2,2,1
13,740414200100198019,1,2,1,1,2,2,2,2,2,2,2,2,2
13,740414200100220567,1,2,2,1,1,1,2,2,1,2,1,2,1
13,740414200100248009,1,2,1,1,2,1,1,2,1,2,1,2,1
13,740414200100258007,1,2,2,1,1,1,2,2,1,2,1,2,1
13,740414200100270697,1,2,2,1,1,1,2,2,1,2,2,2,1
13,740414200100288012,1,2,2,1,1,1,2,2,1,2,1,1,1
13,740414200100300765,1,2,2,1,1,1,2,2,1,2,1,2,1
13,740501100200018005,1,1,1,1,1,1,1,1,1,2,1,1,2
13,740501100200020066,1,2,2,1,2,1,1,2,1,2,2,2,2
13,740501100200038001,1,2,1,2,1,1,2,2,1,2,2,2,2
13,740501100200048002,1,2,2,2,2,1,1,2,2,2,2,1,2
13,740501100200058006,1,2,2,1,2,1,2,2,1,2,2,2,2
13,740501100200068008,1,2,1,2,2,1,1,2,1,2,2,2,1
13,740501100200068009,1,2,1,1,1,1,2,2,1,2,2,1,1
13,740501100200080334,1,2,2,2,1,1,2,2,1,2,1,2,2
13,740501600400018004,1,2,2,1,2,1,2,2,1,2,1,1,2
13,740501600400028005,1,2,1,1,1,1,1,2,1,2,1,1,2
13,740501600400038009,1,2,2,1,2,1,2,2,1,2,2,2,1
13,740501600400048001,1,2,2,2,2,1,2,2,1,2,1,2,2
13,740501600400068002,1,1,1,1,1,1,1,1,1,2,1,1,2
13,740501600400070270,1,2,2,2,2,1,2,2,1,2,1,2,1
13,740501600400088007,1,2,2,2,1,1,2,2,1,2,2,2,1
13,740501600400098008,1,2,1,2,2,1,1,2,1,2,2,2,1
13,740501600400100378,1,2,2,1,2,1,1,2,1,2,1,1,1
13,740501600400108003,1,2,2,1,1,1,1,2,1,2,1,1,1
13,740501600400110414,1,2,1,2,1,1,1,1,1,2,1,1,2
13,740502000100018004,1,2,1,1,1,1,1,1,1,2,1,1,2
13,740502000100028003,1,2,1,1,1,1,1,2,1,2,1,2,2
13,740502000100038005,1,2,2,2,2,1,2,2,1,2,1,2,2
13,740502000100040310,1,2,2,2,2,1,2,2,1,2,1,2,2
13,740502000100048002,1,2,2,2,2,1,1,2,1,2,2,2,2
13,750100801000010036,1,2,2,1,1,1,1,2,1,2,1,1,1
13,750100801000038005,1,2,2,2,2,1,2,2,1,2,2,2,1
13,750100801000048006,1,2,1,1,2,1,1,2,1,2,1,2,1
13,750100801000058002,1,2,2,2,1,1,2,2,1,2,2,2,1
13,750100801000060300,1,2,2,1,1,1,1,2,1,2,1,2,2
13,750101200300010084,1,2,2,1,1,1,1,2,1,2,1,1,1
13,750101200300020193,1,1,1,1,1,1,1,2,1,2,2,2,1
13,750101200300038004,1,2,1,1,1,1,1,2,1,2,2,1,1
13,750101200300040071,1,2,1,1,1,1,1,1,1,2,1,1,1
13,750101200300058004,1,2,2,2,2,1,2,2,1,2,2,2,2
13,750101400200010035,1,1,2,1,1,1,1,2,1,2,1,2,1
13,750101400200020073,1,2,2,1,1,1,2,2,1,2,2,2,2
13,750101800100020071,1,2,1,1,1,1,1,2,1,2,1,1,1
13,750101800100038001,1,2,2,2,2,2,2,2,2,2,2,2,2
13,750101800100048009,1,2,2,2,2,1,2,2,1,2,2,2,1
13,750101800100050202,1,2,2,1,2,1,2,2,1,2,2,2,1
13,750101800100070284,1,2,2,2,2,1,2,2,1,2,2,2,1
13,750101800100080325,1,2,2,2,1,1,1,2,1,2,1,1,1
13,750101800100088002,1,2,2,2,1,1,2,2,1,2,2,2,2
13,750101800100088003,1,2,2,1,2,1,2,2,1,2,2,2,1
13,750101800100090370,1,2,2,2,1,1,2,2,1,2,2,2,1
13,750101800100100411,1,2,2,1,2,1,2,2,1,2,2,2,1
13,750101800100108010,1,2,2,1,2,1,2,2,1,2,2,2,1
13,750101800100110453,1,2,2,1,1,1,2,2,1,2,2,2,1
13,750101800100128004,1,2,2,1,1,1,2,2,1,2,2,2,1
13,750101800100128007,1,2,2,1,1,1,2,2,1,2,2,2,1
13,750101800100128008,1,2,2,1,1,1,1,2,1,2,2,2,1
13,750102801800010078,1,2,2,1,2,1,2,2,1,2,2,2,2
13,750102801800028001,1,2,2,1,1,1,2,2,1,2,2,2,1
13,750102801800030253,1,2,2,2,2,1,2,2,1,2,2,2,1
13,750102801800038002,1,2,2,1,2,1,2,2,1,2,2,2,1
13,750102801800038003,1,2,2,2,2,1,2,2,1,2,2,2,1
13,750102801800040351,1,2,2,2,2,1,2,2,1,2,2,2,1
13,750103501000010105,1,2,1,1,2,1,2,2,1,2,1,2,1
13,750103501000018002,1,2,2,1,2,1,2,2,1,2,1,2,1
13,750103501000020252,1,1,1,1,2,1,1,1,1,2,1,1,1
13,750103501000038003,1,2,2,2,2,1,2,2,1,2,2,2,1
13,750107300600010113,1,2,2,1,1,1,1,2,1,2,2,2,1
13,750107300600020275,1,2,1,1,1,1,1,2,1,2,1,1,1
13,750107300600038002,1,2,1,1,1,1,1,2,1,2,1,1,1
13,750109300300018003,1,2,2,1,1,1,2,2,1,2,1,2,1
13,750109300300038004,1,2,1,2,1,1,1,2,1,2,1,2,1
13,750109300300040146,1,2,2,2,2,1,2,2,1,2,2,2,1
13,750109300300058002,1,2,2,1,2,1,1,2,1,2,1,2,1
13,750109300300060219,1,2,2,1,2,2,2,2,1,2,2,2,1
13,750109300300088005,1,2,1,1,2,1,1,2,1,2,1,1,1
13,750109300300090329,1,2,1,2,1,1,2,2,1,2,1,2,1
13,750109300300100369,1,2,1,2,1,1,2,2,1,2,2,2,1
13,750114000000018003,1,2,2,1,2,1,1,2,1,2,1,2,1
13,750114000000020028,1,2,2,2,2,1,2,2,1,2,2,2,1
13,750114000000030043,1,2,2,1,1,1,2,2,1,2,1,2,1
13,750114000000048007,1,2,2,1,2,1,2,2,1,2,1,2,1
13,750114000000068004,1,1,2,2,2,1,2,2,1,2,1,2,1
13,750114000000078009,1,2,1,1,1,1,2,2,1,2,1,2,1
13,750114000000080121,1,2,2,1,1,1,1,2,1,2,1,2,1
13,750114000000090135,1,2,2,1,2,1,1,2,1,2,1,2,1
13,750114000000108010,1,2,2,1,2,1,1,2,1,2,1,1,1
13,750114000000118002,1,2,2,2,2,1,2,2,1,2,2,2,1
13,750114000000118006,1,2,2,2,2,1,2,2,1,2,2,2,1
13,750115200200010022,1,2,2,2,2,1,1,2,1,2,2,2,1
13,750115200200028001,1,2,1,1,1,1,1,2,1,2,1,2,1
13,750115200200030075,1,2,2,1,2,1,1,2,1,2,2,1,1
13,750115200200040103,1,2,2,2,2,1,2,2,1,2,2,2,1
13,750115200200058009,1,2,2,1,2,1,2,2,1,2,2,2,1
13,750115200200060153,1,2,2,1,2,1,2,2,1,2,2,2,1
13,750115200200078010,1,2,1,2,2,1,2,2,1,2,2,2,1
13,750115200200098005,1,2,1,1,2,1,1,2,1,2,1,1,1
13,750115200200108011,1,2,2,2,2,1,2,2,1,2,2,2,1
13,750115200200118012,1,2,1,1,1,1,1,2,1,2,1,2,1
13,750115200200128013,1,2,2,2,2,1,2,2,1,2,2,2,1
13,750115400100028009,1,2,2,1,2,1,2,2,1,2,1,2,1
13,750115400100048006,1,2,1,1,1,1,1,1,1,2,1,1,1
13,750115400100050141,1,2,1,2,2,1,2,2,1,2,2,2,1
13,750115400100060171,1,2,2,1,2,1,1,2,1,2,1,2,1
13,750115400100070199,1,2,2,1,2,1,2,2,1,2,1,2,1
13,750115400100088010,1,2,2,2,1,1,2,2,1,2,1,2,1
13,750115400100090261,1,2,2,1,2,1,2,2,1,2,1,2,1
13,750115400100108011,1,2,1,1,1,1,1,2,1,2,1,2,1
13,750115400100118012,1,2,1,1,1,1,1,2,1,2,1,2,1
13,750115400100120354,1,2,1,1,1,1,2,2,1,2,1,2,1
13,750115400100130385,1,2,1,1,2,1,1,2,1,2,1,2,1
13,750115400100140413,1,2,2,1,1,1,2,2,1,2,1,2,1
13,750115400100150444,1,2,2,2,1,1,2,2,1,2,2,2,1
13,750115600300010021,1,2,2,1,2,1,2,2,1,2,2,2,1
13,750115600300020044,1,2,2,1,1,1,2,2,1,2,1,2,1
13,750115600300030066,1,2,1,1,2,1,2,2,1,2,2,2,1
13,750115600300048001,1,1,1,1,2,1,1,2,1,2,1,2,1
13,750115600300058002,1,2,2,2,1,1,2,2,1,2,2,2,1
13,750115600300070156,1,2,1,1,1,1,2,2,1,2,2,2,1
13,750115600300080177,1,2,2,2,1,1,2,2,1,2,2,2,1
13,750115600300098003,1,2,2,1,1,1,2,2,1,2,1,2,1
13,750115600300100221,1,2,2,1,1,1,2,2,1,2,2,2,1
13,750115600300110244,1,2,2,1,2,1,2,2,1,2,2,2,1
13,750115600300120266,1,2,2,2,1,1,1,2,1,2,2,2,1
13,750115600300138010,1,2,1,1,1,1,1,2,1,2,1,2,1
13,750115600300140310,1,2,2,2,2,1,2,2,1,2,2,2,1
13,750115600300168011,1,2,1,1,1,1,2,2,1,2,1,2,1
13,750115600300170377,1,2,2,1,2,1,2,2,1,2,2,2,1
13,750115600300180398,1,2,2,2,1,1,2,2,1,2,1,2,1
13,750116000500010072,1,2,2,1,2,1,2,2,1,2,2,2,1
13,750116000500010073,1,2,2,2,2,1,2,2,1,2,2,2,1
13,750116000500028001,1,2,2,2,2,1,2,2,1,2,2,2,1
13,750116000500030310,1,2,2,1,2,2,2,2,1,2,1,2,2
13,750116000500030311,1,2,2,1,1,1,2,2,1,2,1,2,2
13,750116000500038002,1,2,2,2,2,2,2,2,1,2,2,2,1
13,750116000500060095,1,2,1,1,2,1,1,2,1,2,2,2,1
13,750116000500070217,1,2,2,1,2,1,2,2,1,2,1,2,1
13,750116000500080334,1,2,1,2,1,1,2,2,1,2,1,2,1
13,750116200100018007,1,2,1,1,2,1,1,2,1,2,2,1,2
13,750116200100028001,1,2,1,1,1,1,1,2,1,2,1,1,1
13,750116200100040139,1,2,1,1,1,1,1,1,1,2,1,1,1
13,750116200100050182,1,2,2,1,1,1,2,2,1,2,1,2,1
13,750116200100078008,1,2,2,1,1,1,2,2,1,2,2,2,1
13,750116200100080312,1,2,2,1,1,1,2,2,1,2,1,2,1
13,750116200100108010,1,2,1,1,2,1,1,1,1,2,1,1,2
13,750116200100110073,1,2,1,1,2,1,1,2,1,2,2,1,1
13,750116200100128004,1,2,2,1,1,1,2,2,1,2,1,2,1
13,750116200100138011,1,2,2,1,1,1,2,2,1,2,1,2,1
13,750116200100148012,1,2,1,1,2,1,1,2,1,2,1,2,1
13,750116300400018011,1,2,2,2,1,1,2,2,1,2,1,2,1
13,750116300400020109,1,2,1,1,1,1,1,2,1,2,1,2,1
13,750116300400048007,1,2,2,1,1,1,1,2,1,2,1,2,1
13,750116300400058005,1,2,1,1,1,1,2,2,1,2,2,2,1
13,750116300400068012,1,2,1,2,1,1,2,2,1,2,2,2,1
13,750116300400070049,1,2,2,2,2,2,2,2,2,2,2,2,1
13,750116300400088013,1,2,1,2,2,1,1,2,1,2,1,2,1
13,750116300400090174,1,2,2,1,1,1,1,2,1,2,1,1,1
13,750116300400100041,1,2,1,1,1,1,1,2,1,2,1,1,1
13,750116300400118014,1,2,2,1,2,1,1,2,1,2,1,2,1
13,750116300400128001,1,2,2,2,1,1,1,2,1,2,1,2,1
13,750116300400148010,1,2,1,2,2,1,2,2,1,2,2,2,1
13,750116300400150352,1,1,1,1,1,1,1,1,1,2,1,1,1
13,750116500200018002,1,2,2,1,2,1,1,2,1,2,1,1,1
13,750116500200028004,1,2,2,1,2,2,2,2,1,2,2,2,1
13,750116500200038005,1,2,2,2,2,1,2,2,1,2,2,2,1
13,750116500200040363,1,2,2,1,1,1,1,1,1,2,1,1,1
13,750116600800018002,1,2,2,1,2,1,1,2,1,2,1,2,1
13,750116600800020253,1,2,2,2,2,1,2,2,1,2,2,2,2
13,750116600800038001,1,2,2,1,1,1,1,2,1,2,1,2,1
13,750116700100020161,1,1,1,1,1,1,1,2,1,2,1,1,1
13,750116700100038001,1,2,1,1,2,1,1,1,1,2,1,1,1
13,750116700100040343,1,2,1,1,2,1,1,1,1,2,1,1,1
13,750116800400010069,1,1,1,1,2,1,1,1,1,2,1,2,1
13,750116800400038004,1,2,2,2,1,2,2,2,1,2,2,2,1
13,750117100200018005,1,2,1,1,1,1,1,2,1,1,2,1,1
13,750117100200020208,1,2,1,1,2,1,1,2,1,2,1,2,1
13,750117100200038002,1,2,2,2,2,1,2,2,1,2,2,2,2
13,750117100200048001,1,2,2,1,2,1,1,1,1,2,1,1,1
13,750117100200068006,1,2,1,1,1,1,1,2,1,2,1,1,1
13,750117100200070793,1,1,1,1,2,1,2,2,1,2,2,2,1
13,750117200400018002,1,2,2,1,2,1,1,2,1,2,1,1,1
13,750117200400020187,1,2,1,1,2,1,1,1,1,2,1,1,2
13,750117200400038001,1,1,1,1,2,1,1,1,1,2,1,1,1
13,750117400300010042,1,1,2,1,2,1,1,2,1,2,1,1,1
13,750117400300028002,1,2,2,1,2,1,2,2,1,2,1,2,1
13,750117400300038001,1,2,2,1,2,1,2,2,1,2,1,2,1
13,750117501700010025,1,2,2,1,2,1,1,2,1,2,1,2,1
13,750117501700020095,1,2,1,1,2,1,1,2,1,2,1,1,1
13,750117501700038003,1,2,2,1,2,1,2,2,1,2,1,2,2
13,750117501700050340,1,2,2,1,1,1,1,2,1,2,1,2,1
13,750117501700060421,1,2,2,2,2,2,2,2,1,2,2,2,2
13,750117501700070501,1,2,1,1,1,1,1,2,1,2,2,2,1
13,750117604300028004,1,2,1,1,2,1,2,2,1,2,2,2,2
13,750117604300038001,1,2,2,2,2,1,2,2,2,2,2,2,1
13,750117604300038005,1,2,2,2,2,1,2,2,1,2,2,2,1
13,750117604300058006,1,1,1,1,2,1,1,2,1,2,1,1,1
13,750117604300068007,1,2,2,1,2,1,2,2,1,2,2,2,1
13,750117604300078007,1,2,1,1,2,1,2,2,1,2,1,2,1
13,750117604300088012,1,2,2,1,1,1,2,2,1,2,1,2,1
13,750117604300090333,1,2,2,1,2,1,2,2,1,2,2,2,1
13,750117604300108013,1,1,1,2,2,1,2,2,1,2,2,2,1
13,750117604300118011,1,2,2,1,2,1,2,2,1,2,2,2,1
13,750117605700018009,1,2,1,1,1,1,1,2,1,2,1,1,1
13,750117605700028002,1,2,2,1,2,1,2,2,1,2,1,2,1
13,750117605700038004,1,2,2,1,2,1,2,2,1,2,2,1,1
13,750117605700048001,1,2,1,2,2,1,2,2,1,2,2,2,1
13,750117605700050385,1,2,1,2,2,1,2,2,1,2,1,2,1
13,750117605700060466,1,2,2,1,2,1,1,2,1,2,1,1,1
13,750117605700070543,1,2,1,1,1,1,1,2,1,2,2,2,1
13,750117605700088005,1,2,2,1,1,1,1,2,1,2,1,2,1
13,750117605700098008,1,2,2,2,1,1,2,2,1,2,2,2,1
13,750117605700100788,1,2,2,1,1,1,1,2,1,2,2,2,1
13,750117605700118010,1,2,2,1,1,1,2,2,1,2,1,2,1
13,750117606700010088,1,2,2,2,1,1,2,2,1,2,2,2,1
13,750117606700028001,1,2,2,2,1,1,2,2,1,2,2,2,1
13,750117606700028006,1,2,2,2,2,1,2,2,1,2,2,2,1
13,750117606700038005,1,2,2,2,1,1,2,2,1,2,1,2,1
13,750117606700048003,1,2,2,1,2,1,2,2,1,2,2,2,1
13,750117608400018003,1,2,2,1,1,1,2,2,1,2,1,2,1
13,750117608400020067,1,2,2,1,1,1,2,2,1,2,1,2,1
13,750117608400030098,1,2,2,2,2,1,2,2,1,2,2,2,1
13,750117608400040133,1,2,2,1,1,1,2,2,1,2,2,2,1
13,750117608400050164,1,2,2,1,1,1,2,2,1,2,2,2,1
13,750117608400068005,1,2,1,1,2,1,1,2,1,2,1,1,1
13,750117608400078001,1,2,1,2,1,1,2,2,1,2,2,2,1
13,750117608400088002,1,2,2,2,2,1,2,2,1,2,2,2,1
13,750117608400090289,1,2,2,1,2,1,2,2,1,2,2,1,1
13,750117608400100318,1,2,2,2,2,1,1,2,1,2,2,2,1
13,750117608400100319,1,2,2,1,1,1,2,2,1,2,2,2,1
13,750117608400110351,1,2,2,1,1,1,2,2,1,2,1,2,1
13,750117608400120381,1,2,2,2,2,1,2,2,1,2,2,2,1
13,750117608400128006,1,2,2,2,2,1,2,2,1,2,2,2,1
13,750117700200010030,1,1,1,1,1,1,1,1,1,2,1,1,2
13,750117700200020062,1,2,2,2,1,2,2,2,1,2,2,2,2
13,750117700200038003,1,2,1,2,1,1,1,1,1,2,1,1,1
13,750117700200040133,1,2,1,1,1,1,1,1,1,2,1,1,1
13,750117700200050170,1,2,1,1,2,1,1,2,1,2,1,1,1
13,750117700200068004,1,2,1,1,2,1,1,2,1,2,1,2,1
13,750117700200070241,1,2,2,2,1,1,1,2,1,2,2,2,1
13,750117700200078005,1,2,2,2,2,1,2,2,1,2,2,2,1
13,750117700200088007,1,2,1,1,2,1,1,1,1,2,1,1,1
13,750117700200088008,1,2,1,1,2,1,1,2,1,2,1,1,1
13,750117700200090306,1,2,1,1,1,1,1,1,1,2,1,1,2
13,750117700200100345,1,2,1,2,1,1,1,1,1,2,1,1,1
13,750117700200110381,1,2,1,1,1,1,1,2,1,2,1,2,1
13,750117700200128009,1,2,1,1,1,1,1,2,1,2,1,1,1
13,750117800500010035,1,2,2,1,1,1,2,2,1,2,1,1,2
13,750117800500038003,1,2,1,1,1,1,1,2,1,2,1,1,2
13,750117800500048001,1,2,2,1,1,1,1,2,1,2,1,1,1
13,750117800500050176,1,2,2,1,1,1,2,2,1,2,2,2,1
13,750117800500060212,1,2,2,2,2,1,2,2,1,2,2,2,1
13,750117800500070251,1,2,2,1,1,1,1,2,1,2,1,1,1
13,750117800500080286,1,2,1,1,1,1,1,2,1,2,1,1,1
13,750117800500098006,1,2,2,1,1,1,1,2,1,2,2,1,2
13,750117800500100357,1,2,2,1,2,1,2,2,1,2,2,2,1
13,750117800500110396,1,2,1,1,1,1,2,2,1,2,2,2,1
13,750117800500120431,1,2,2,1,2,1,1,2,1,2,1,2,1
13,750117800500130468,1,2,2,1,2,1,2,2,1,2,2,2,1
13,750117800500130469,1,2,2,2,2,1,2,2,1,2,2,2,2
13,750117800500150537,1,2,2,1,2,1,2,2,1,2,2,2,1
13,750117800500158004,1,2,2,1,2,2,2,2,1,2,2,2,2
13,750117900600018007,1,2,2,1,1,1,2,2,1,2,1,2,1
13,750117900600028002,1,2,1,1,2,1,1,2,1,2,1,2,1
13,750117900600038008,1,2,2,1,2,1,2,2,1,2,2,2,1
13,750117900600048005,1,2,2,2,2,1,1,2,2,2,2,2,2
13,750117900600058006,1,2,1,1,2,1,1,2,1,2,1,2,1
13,750118000500018003,1,2,2,1,1,1,2,2,1,2,2,2,1
13,750118000500020026,1,2,1,1,2,1,1,1,1,2,1,1,1
13,750118000500030049,1,2,2,1,1,1,2,2,1,2,1,1,1
13,750118000500048004,1,2,2,1,1,1,1,2,1,2,1,1,1
13,750118000500058005,1,2,1,1,2,1,2,2,1,2,2,2,1
13,750118000500060113,1,2,2,1,1,1,1,2,1,2,1,1,1
13,750118000500070136,1,2,2,1,1,1,1,2,1,2,2,2,1
13,750118100600010049,1,2,2,2,2,2,2,2,1,2,2,2,1
13,750118100600020111,1,2,2,1,1,1,1,2,1,2,1,1,1
13,750118100600030175,1,2,2,1,2,1,1,2,1,2,1,2,1
13,750118500600010075,1,2,1,2,2,1,2,2,1,2,2,2,1
13,750118500600018001,1,2,1,2,1,1,2,2,1,2,2,2,1
13,750118500600020170,1,2,2,1,1,1,1,2,1,2,1,2,1
13,750118700100010050,1,2,2,1,2,1,2,2,1,2,2,2,1
13,750118700100020113,1,2,2,1,2,1,1,2,1,2,1,2,1
13,750118700100030176,1,2,2,1,1,1,2,2,1,2,2,2,1
13,750118800400010002,1,2,2,1,1,1,1,1,1,2,1,2,1
13,750118800400030076,1,2,1,1,1,1,1,2,1,2,1,1,1
13,750118800400040113,1,2,1,1,1,1,1,2,1,2,1,2,1
13,750118800400050151,1,2,2,2,1,1,1,2,1,2,2,2,1
13,750118800400060188,1,2,2,2,2,1,2,2,1,2,2,2,2
13,750118800400078005,1,2,2,1,1,1,2,2,1,2,2,2,1
13,750118800400090300,1,1,1,1,1,1,1,2,1,1,1,1,1
13,750118800400108001,1,2,2,1,2,1,2,2,1,2,2,2,1
13,750118800400118002,1,2,2,1,2,1,2,2,1,2,2,2,1
13,750118800400128003,1,2,2,2,1,1,2,2,1,2,2,2,1
13,750200401000010028,1,2,2,2,2,1,2,2,1,2,2,2,1
13,750200401000048002,1,2,2,2,2,1,2,2,2,2,2,2,1
13,750200401000050255,1,2,2,2,2,2,2,2,1,2,2,2,2
13,750200401000060311,1,2,2,2,1,1,2,2,1,2,2,2,1
13,750200500300018001,1,2,2,2,1,1,1,2,1,2,1,2,1
13,750200800300020039,1,2,2,1,2,1,2,2,1,2,2,1,1
13,750200800300030059,1,2,2,2,2,1,1,2,1,2,2,2,2
13,750200800300048001,1,2,2,2,2,1,1,2,1,2,1,2,1
13,750200800300050099,1,2,1,1,2,1,1,2,1,2,1,2,1
13,750200800300060119,1,2,2,1,1,1,1,2,1,2,1,2,1
13,750200800300078007,1,2,2,2,1,1,2,2,1,2,2,2,1
13,750200800300098003,1,1,1,1,1,1,1,1,1,1,1,1,2
13,750200800300100195,1,2,2,2,2,2,2,2,1,2,2,2,2
13,750200800300110214,1,2,1,1,1,1,1,2,1,2,1,2,1
13,750200800300128005,1,2,2,2,2,1,2,2,1,2,2,2,2
13,750200800300138006,1,2,1,1,2,1,2,2,1,2,2,2,1
13,750201000200010020,1,2,2,1,1,1,1,2,1,2,2,2,1
13,750201000200028005,1,1,1,1,2,1,1,2,1,2,1,2,1
13,750201000200038006,1,2,2,1,1,1,1,2,1,2,2,2,1
13,750201000200040127,1,1,2,1,1,1,1,2,1,2,1,2,1
13,750201000200068003,1,2,2,2,1,1,2,2,1,2,2,2,2
13,750201100300020058,1,2,1,1,1,1,2,2,1,2,2,2,1
13,750201100300040126,1,2,1,1,1,1,1,2,1,1,1,2,1
13,750201100300050160,1,2,2,2,1,1,2,2,1,2,1,2,1
13,750201100300060194,1,2,1,1,2,1,1,2,1,2,1,1,1
13,750201100300070228,1,2,2,2,2,1,2,2,1,2,2,2,1
13,750201100300088001,1,1,2,1,1,1,1,2,1,2,1,1,1
13,750201100300090296,1,2,2,1,1,1,1,2,1,2,2,1,1
13,750201100300100330,1,2,2,1,1,1,1,2,1,2,2,2,1
13,750201100300110364,1,2,1,1,2,1,2,2,1,2,2,2,1
13,750201100300128002,1,2,2,2,2,1,2,2,1,2,2,2,1
13,750201100300130432,1,2,2,1,1,1,1,1,1,2,1,2,1
13,750201100300140466,1,2,2,1,1,1,2,2,1,2,1,2,1
13,750201100300150500,1,2,1,2,2,1,2,2,1,2,2,2,1
13,750201100300160534,1,2,2,2,2,1,2,2,1,2,2,2,1
13,750201100300170568,1,2,2,2,2,1,2,2,1,2,2,2,1
13,750201100300190635,1,2,2,1,1,2,2,2,2,2,2,2,1
13,750201100300198003,1,2,2,2,2,1,2,2,1,2,2,2,1
13,750201100300200669,1,2,1,1,1,1,2,2,1,2,2,2,1
13,750201500500020148,1,2,1,1,2,1,2,2,1,2,1,2,1
13,750201500500038003,1,2,1,1,1,1,2,2,1,2,2,2,1
13,750201500500040376,1,2,1,1,1,1,2,2,1,2,2,2,2
13,750201500500050484,1,2,2,1,1,1,2,2,1,2,1,2,1
13,750201800100018002,1,2,1,2,2,1,2,2,1,2,1,2,1
13,750201800100020136,1,2,2,2,2,1,2,2,1,2,2,2,2
13,750201900800018005,1,2,1,1,1,1,1,2,1,1,1,1,1
13,750201900800028004,1,2,1,2,2,1,2,2,1,2,1,2,1
13,750201900800030094,1,2,1,1,1,1,1,1,1,2,1,2,1
13,750201900800040126,1,2,1,2,1,1,1,2,1,2,2,1,1
13,750201900800058001,1,2,2,1,2,1,2,2,1,2,1,1,1
13,750201900800068002,1,1,2,2,2,1,2,2,1,2,2,2,1
13,750201900800080259,1,2,2,1,2,1,1,1,1,2,2,2,1
13,750201900800090291,1,2,2,1,2,1,2,2,1,2,1,2,1
13,750202001900010092,1,2,2,1,2,1,2,2,1,2,2,2,1
13,750202001900020211,1,2,2,2,1,1,2,2,1,2,2,2,1
13,750202001900028002,1,2,2,2,2,1,2,2,1,2,2,2,2
13,750202001900038003,1,2,2,2,2,1,2,2,1,2,2,2,1
13,750202001900040437,1,2,2,2,2,1,2,2,2,2,2,2,1
13,750202001900068001,1,2,2,1,1,1,2,2,1,2,2,2,1
13,750202100200018001,1,2,2,2,2,1,2,2,1,2,2,2,2
13,750202100200020079,1,2,1,1,1,1,1,2,1,2,1,2,1
13,750300500300010187,1,2,2,2,1,1,2,2,1,2,2,2,2
13,750300500300018002,1,2,2,2,2,1,2,2,1,2,2,2,1
13,750300500300018003,1,2,2,2,1,1,1,2,1,2,2,2,1
13,750300600200010027,1,2,1,1,2,1,1,2,1,2,1,2,1
13,750300600200020047,1,2,2,1,1,1,2,2,1,2,1,2,1
13,750300600200038002,1,2,2,1,2,1,1,2,1,2,1,2,2
13,750300600200040087,1,2,2,1,2,1,1,2,1,2,1,2,2
13,750300600200058003,1,2,2,1,2,1,2,2,1,2,1,2,1
13,750300600200068004,1,2,1,1,2,1,1,2,1,2,1,2,1
13,750300600200070147,1,1,1,1,1,1,1,1,1,2,1,1,1
13,750300600200080167,1,2,1,1,1,1,1,2,1,2,1,1,1
13,750300600200098001,1,2,1,1,2,1,2,2,1,2,1,2,2
13,750300700300038003,1,2,2,1,2,1,2,2,1,2,1,2,1
13,750300700300038004,1,2,2,1,2,1,2,2,1,2,1,2,1
13,750300700300080554,1,2,2,1,2,1,2,2,1,2,2,2,2
13,750300700300080555,1,2,2,1,2,1,2,2,1,2,2,2,1
13,750300700300088005,1,2,2,1,2,1,2,2,1,2,2,2,1
13,750300700300090072,1,2,2,1,2,1,2,2,1,2,2,2,1
13,750300800100010012,1,2,2,1,2,1,1,2,1,2,1,1,1
13,750300800100018001,1,2,2,1,2,1,1,2,1,2,1,1,1
13,750300900200090333,1,2,2,1,2,1,2,2,1,2,1,2,1
13,750300900200098001,1,2,2,1,2,1,2,2,1,2,1,2,1
13,750301001400010010,1,2,2,1,2,2,2,2,1,2,1,2,1
13,750301001400018002,1,2,2,1,2,1,2,2,1,2,1,2,1
13,750301001400018004,1,2,2,1,2,1,2,2,1,2,1,2,1
13,750301001400048001,1,2,2,1,2,1,1,2,1,2,1,2,1
13,750301001400058003,1,2,1,1,2,1,2,2,1,2,2,2,1
13,750301001400060283,1,2,1,1,1,1,1,2,1,2,1,2,1
13,750301200200010009,1,2,2,1,1,1,2,2,1,2,2,2,2
13,750301200200028001,1,2,2,1,1,1,1,2,1,2,1,2,1
13,750301200200030091,1,2,2,1,2,1,2,2,1,2,2,2,1
13,750301300500010083,1,2,2,1,2,1,2,2,1,2,2,2,1
13,750301300500020196,1,2,2,1,2,1,1,2,1,2,1,2,1
13,750301300500030309,1,2,2,2,2,1,2,2,1,2,2,2,2
13,750301300500040424,1,2,2,1,1,1,2,2,1,2,2,2,1
13,750301401400010002,1,2,2,2,2,1,2,2,1,2,2,2,2
13,750301401400030062,1,2,2,2,2,1,2,2,1,2,2,2,1
13,750400200100018001,1,2,2,1,2,1,1,2,1,2,1,2,1
13,750400200100020432,1,2,2,1,2,1,1,2,1,2,1,2,1
13,750400400200028013,1,2,2,1,1,1,1,2,1,2,1,2,1
13,750400400200030087,1,2,2,1,2,1,1,1,1,2,1,2,1
13,750400400200048002,1,2,1,1,2,1,1,2,1,2,1,1,1
13,750400400200060159,1,2,1,1,1,1,1,1,1,2,1,1,1
13,750400400200078003,1,2,1,1,1,1,1,2,1,2,2,2,1
13,750400400200080225,1,2,1,1,1,1,1,1,1,2,1,1,1
13,750400400200088004,1,2,1,1,1,1,1,2,1,2,1,2,1
13,750400400200098005,1,2,1,1,2,1,2,2,1,2,2,2,1
13,750400400200110316,1,2,2,1,1,1,1,2,1,2,1,1,1
13,750400400200128010,1,2,1,1,2,1,1,2,1,2,1,2,1
13,750400400200128011,1,2,1,1,1,1,2,2,1,2,2,2,1
13,750400400200138007,1,2,2,1,1,1,2,2,1,2,1,2,2
13,750400400200148009,1,2,1,1,1,1,1,1,1,2,1,2,1
13,750400700100018001,1,2,2,1,1,1,1,2,1,2,1,2,1
13,750400700100028002,1,2,2,2,2,2,2,2,1,2,2,2,1
13,750400700100040479,1,2,1,1,2,1,1,1,1,2,1,1,1
13,750400800600028003,1,2,1,2,2,1,2,2,1,2,1,2,1
13,750400800600038002,1,2,1,1,1,1,1,1,1,2,2,1,1
13,750400900300010037,1,2,2,1,2,1,2,2,1,2,1,2,1
13,750400900300020066,1,2,2,2,2,2,2,2,1,2,2,2,2
13,750400900300030093,1,2,2,1,2,1,1,2,1,2,1,2,1
13,750400900300040121,1,2,2,1,1,1,1,2,1,2,1,2,1
13,750400900300050147,1,2,2,1,2,1,2,2,1,2,2,2,1
13,750400900300060174,1,2,2,1,2,1,1,2,1,2,1,2,1
13,750400900300070202,1,2,2,2,2,1,2,2,1,2,1,2,1
13,750400900300088001,1,2,2,1,2,1,1,2,1,2,2,2,1
13,750400900300098002,1,2,2,1,2,1,1,2,1,2,1,2,1
13,750400900300100284,1,2,2,1,2,1,1,2,1,2,1,1,1
13,750400900300118003,1,2,2,1,2,1,1,2,1,2,1,2,1
13,750400900300120337,1,2,2,1,2,1,1,2,1,2,2,2,1
13,750401000800010001,1,2,2,1,2,1,1,2,1,2,1,2,1
13,750401000800020068,1,2,1,1,2,1,1,2,1,2,1,2,1
13,750401000800030135,1,2,2,1,2,1,1,2,1,2,1,2,1
13,750401101300018010,1,1,2,1,1,1,1,1,1,2,1,2,1
13,750401101300020034,1,2,1,1,1,1,1,1,1,2,1,2,1
13,750401101300030051,1,2,2,1,2,1,1,2,1,2,1,1,1
13,750401101300040069,1,2,2,2,2,1,2,2,1,2,2,2,2
13,750401101300058008,1,2,1,1,1,1,1,2,1,2,1,1,1
13,750401101300060105,1,2,1,1,1,1,1,2,1,2,1,1,1
13,750401101300080145,1,2,1,2,1,1,1,2,1,2,2,2,1
13,750401101300090163,1,2,1,2,1,1,1,2,1,2,1,2,1
13,750401101300118002,1,2,2,2,2,1,2,2,1,2,2,2,1
13,750401101300128014,1,2,1,1,2,1,1,2,1,2,1,2,1
13,750401101300138013,1,2,2,1,2,1,1,1,1,2,2,1,1
13,750401101300148015,1,2,1,1,2,1,1,2,1,2,2,2,1
13,750401101300150275,1,2,2,1,1,1,1,2,1,2,2,2,1
13,750401101300168012,1,2,1,2,2,2,2,2,1,2,2,2,1
13,750401101300170313,1,1,1,1,1,1,1,1,1,2,1,1,1
13,750401101300188011,1,2,2,1,2,1,1,2,1,2,2,2,1
13,750401101300190343,1,2,2,2,1,1,1,2,1,2,1,2,1
13,750401101300200364,1,2,1,1,2,1,1,2,1,2,1,2,1
13,750401101300210382,1,2,2,1,1,1,1,2,1,2,1,1,1
13,750401101300220399,1,2,2,1,1,1,1,2,1,2,1,1,1
13,750401101300240436,1,2,1,1,1,1,1,1,1,2,1,1,1
13,750401101300250454,1,2,1,1,1,1,1,2,1,2,1,2,1
13,750401101300270492,1,2,2,1,1,1,1,2,1,2,1,2,1
13,750401200200010023,1,2,1,1,2,1,1,2,1,2,2,2,1
13,750401200200030083,1,2,1,1,2,1,1,2,1,2,1,2,1
13,750401200200040129,1,2,2,1,1,2,2,2,1,2,2,2,1
13,750401200200070235,1,2,2,2,2,1,2,2,1,2,2,2,1
13,750401200200080270,1,2,2,2,2,1,2,2,1,2,2,2,1
13,750401200200090306,1,2,1,1,2,1,2,2,1,2,1,2,1
13,750401200200100345,1,2,2,1,2,1,2,2,1,2,1,2,1
13,750401200200110381,1,2,2,2,2,1,2,2,1,2,2,2,2
13,750401200200110382,1,2,2,2,2,1,2,2,1,2,1,2,1
13,750401200200130454,1,2,2,1,1,1,1,2,1,2,1,2,1
13,750401300100010042,1,2,2,2,2,2,2,2,1,2,2,2,1
13,750401300100028002,1,2,2,1,2,1,2,2,1,2,2,2,1
13,750401300100038003,1,2,2,1,2,1,2,2,1,2,2,2,1
13,750401600200018001,1,2,2,1,1,1,2,2,1,2,2,2,1
13,750401600200030319,1,1,1,1,2,1,1,1,1,2,1,1,1
13,750401700400098003,1,2,2,1,1,1,2,2,1,2,2,2,1
13,750401700400100758,1,2,2,1,2,1,1,2,1,2,2,2,1
13,750401800800010073,1,2,2,1,2,1,1,2,1,2,1,2,1
13,750401800800028004,1,2,2,1,2,1,2,2,1,2,2,2,1
13,750401800800038002,1,2,2,1,2,1,1,2,1,2,1,2,1
13,750401900300020047,1,2,2,1,2,1,2,2,1,2,2,2,2
13,750401900300028003,1,2,2,1,1,1,1,2,1,2,2,1,1
13,750401900300030086,1,2,2,2,1,1,2,2,1,2,1,2,2
13,750401900300040122,1,2,2,1,2,1,2,2,1,2,1,2,1
13,750401900300050161,1,2,2,1,1,1,1,2,1,2,2,2,1
13,750401900300058006,1,2,2,1,2,1,2,2,1,2,1,2,1
13,750401900300060196,1,2,2,2,2,1,2,2,1,2,2,2,1
13,750401900300080275,1,2,1,1,1,1,1,1,1,2,1,1,1
13,750401900300090312,1,1,1,1,1,1,1,2,1,2,1,2,1
13,750401900300108007,1,2,2,1,2,1,1,2,1,2,1,2,1
13,750401900300110388,1,1,1,1,1,1,1,1,1,2,1,1,1
13,750401900300120422,1,2,2,1,2,1,1,2,1,2,2,2,1
13,750401900300130458,1,2,2,2,1,1,2,2,1,2,2,2,1
13,750402000100010001,1,2,2,2,1,1,2,2,1,2,2,2,2
13,750402000100020054,1,2,1,1,2,1,1,1,1,2,1,1,2
13,750402300800020035,1,2,2,1,2,1,2,2,1,2,2,2,1
13,750402300800040080,1,2,2,1,2,1,1,2,1,2,1,2,1
13,750402300800058005,1,2,2,1,2,1,2,2,1,2,2,2,1
13,750402300800060129,1,2,2,1,2,1,1,2,1,2,1,1,1
13,750402300800078006,1,2,2,1,2,1,2,2,1,2,2,2,1
13,750402300800080199,1,2,2,1,2,1,1,2,1,2,1,2,1
13,750402300800128003,1,2,2,1,2,1,1,2,1,2,1,2,1
13,750402300800138004,1,2,2,1,2,1,2,2,1,2,2,2,1
13,750403001300010007,1,2,2,1,2,1,2,2,1,2,2,2,1
13,750403001300028001,1,2,2,2,2,1,1,2,1,2,2,2,1
13,750403001300038002,1,2,2,1,1,1,2,2,1,2,2,2,1
13,750403001300048003,1,2,2,1,1,1,1,2,1,2,2,2,1
13,750403001300058004,1,2,2,1,2,1,2,2,1,2,1,2,1
13,750403100300010270,1,2,2,1,2,1,2,2,1,2,2,2,1
13,750403100300020556,1,2,2,1,2,1,1,2,1,2,1,2,1
13,750403100300038001,1,2,2,1,2,1,1,2,1,2,1,2,1
13,760100100400010031,1,2,1,1,2,1,1,2,1,1,2,2,2
13,760100100400028001,1,2,2,2,2,1,2,2,1,2,2,2,1
13,760100100400030176,1,2,2,2,2,1,1,2,1,2,2,2,1
13,760100100400040251,1,2,2,2,2,1,2,2,1,2,2,2,1
13,760100100400058002,1,2,2,1,2,1,2,2,1,2,2,2,1
13,760100100400070467,1,2,2,2,2,1,2,2,1,2,1,2,1
13,760100400100018001,1,2,2,1,2,1,1,1,1,2,1,1,1
13,760100400100020053,1,2,2,1,1,1,1,1,1,1,1,1,1
13,760100400100038002,1,2,2,1,1,1,1,2,1,2,1,2,1
13,760100400100040135,1,2,2,1,1,1,2,1,1,2,1,2,1
13,760100400100050179,1,2,1,1,2,1,1,2,1,1,1,1,2
13,760100400100060225,1,2,2,2,2,2,2,2,1,2,2,2,1
13,760100400100070264,1,2,2,1,2,1,1,2,1,2,2,2,2
13,760100400100080306,1,2,2,2,2,1,2,2,1,2,1,2,2
13,760100400100090030,1,2,2,2,2,1,2,2,1,2,2,2,2
13,760100400100100072,1,2,1,1,2,1,1,2,1,2,1,1,1
13,760100400100110114,1,2,2,2,2,1,2,2,1,2,2,2,2
13,760100400100120164,1,2,1,1,1,1,1,1,1,2,1,1,1
13,760100400100130201,1,2,2,2,2,1,2,2,1,2,2,2,2
13,760100400100140255,1,2,1,1,2,1,1,2,1,2,1,1,1
13,760100400100150299,1,2,2,1,2,1,1,2,1,2,1,1,2
13,760100400100160341,1,2,2,2,2,1,1,2,1,2,1,2,2
13,760100600800010077,1,2,2,1,2,1,2,2,1,2,2,2,2
13,760100600800020243,1,2,1,1,1,1,1,2,1,2,1,1,2
13,760100600800038001,1,2,1,1,1,1,1,2,1,2,2,2,1
13,760100600800040564,1,2,2,1,2,1,1,2,1,2,1,2,2
13,760100700300018002,1,2,2,1,2,1,2,2,1,2,2,2,2
13,760100700300018003,1,2,2,2,2,1,2,2,1,2,2,2,1
13,760100700300020154,1,1,2,1,2,1,2,2,1,2,2,2,2
13,760100700300030257,1,2,2,1,1,1,2,2,1,2,2,2,2
13,760100700300040362,1,2,2,1,2,1,2,2,1,2,2,2,1
13,760100700300050470,1,2,2,1,2,1,2,2,1,2,2,2,2
13,760100700300068001,1,2,2,1,2,1,1,2,1,2,2,2,2
13,760100700300078004,1,2,2,2,2,2,2,2,2,2,2,2,2
13,760100800200018001,1,2,2,1,2,1,1,2,1,2,1,1,1
13,760100800200020091,1,2,2,1,2,1,1,1,1,2,1,1,1
13,760100800200038002,1,2,2,1,2,1,2,2,1,2,1,2,1
13,760100900500028001,1,1,1,1,1,1,1,1,1,1,1,1,1
13,760100900500030114,1,1,1,1,1,1,1,1,1,1,1,1,1
13,760101000600018001,1,2,2,1,2,1,1,2,1,2,1,2,1
13,760101000600020164,1,2,2,1,2,1,2,2,1,2,2,2,1
13,760101000600030340,1,2,2,1,1,1,1,1,1,1,1,1,1
13,760101000600040493,1,2,2,2,2,1,2,2,1,2,2,2,1
13,760101000600050657,1,2,1,1,2,1,2,2,1,2,1,2,1
13,760101101700018001,1,2,1,1,1,1,1,2,1,2,1,2,1
13,760101101700020043,1,2,2,2,2,1,2,2,1,2,2,2,1
13,760101101700030080,1,2,2,1,2,1,2,2,1,2,2,2,1
13,760101101700040114,1,1,2,1,2,1,2,2,1,2,2,2,1
13,760101101700050146,1,2,2,1,2,1,2,2,1,2,2,2,1
13,760101101700060179,1,2,2,2,2,2,2,2,2,2,2,2,1
13,760101200500018005,1,2,1,1,2,1,1,2,1,2,1,2,1
13,760101200500020042,1,2,1,1,2,1,1,2,1,2,2,1,1
13,760101200500058003,1,1,1,1,1,1,1,1,1,1,1,1,1
13,760101200500060175,1,2,1,1,2,1,1,1,1,2,1,1,1
13,760101200500078004,1,2,2,1,2,1,1,2,1,2,1,1,1
13,760101200500090283,1,2,2,1,2,1,1,2,1,2,2,2,1
13,760101200500100318,1,2,2,1,1,1,1,2,1,2,2,1,1
13,760101200500110355,1,2,2,1,2,1,1,2,1,2,2,1,1
13,760101200500120398,1,2,2,1,2,1,1,2,1,2,2,2,1
13,760101400500018005,1,2,2,2,1,1,1,2,1,2,1,1,1
13,760101400500028002,1,2,1,1,1,1,1,1,1,2,1,1,2
13,760101400500038006,1,2,1,1,1,1,1,1,1,1,1,1,1
13,760101400500048007,1,2,1,1,1,1,1,1,1,2,1,1,1
13,760101400500058003,1,2,1,1,1,1,1,1,1,1,1,1,1
13,760101400500068004,1,2,1,2,1,1,1,2,1,1,2,2,1
13,760101400500078008,1,2,2,2,1,1,1,2,1,2,2,2,1
13,760101500400018004,1,2,1,1,1,1,1,2,1,2,1,1,1
13,760101500400038002,1,2,2,1,1,1,1,1,1,1,2,2,1
13,760101500400048003,1,2,2,1,2,1,1,1,1,1,2,1,1
13,760101500400050436,1,2,1,1,1,1,1,2,1,2,2,1,1
13,760101600200028001,1,2,2,2,2,1,1,2,1,2,2,2,1
13,760101600200030279,1,2,1,1,1,1,1,1,1,1,1,1,1
13,760101600200048003,1,2,1,1,1,1,1,1,1,2,1,1,1
13,760101600200050501,1,2,1,1,1,1,1,1,1,2,1,1,1
13,760101600200060614,1,2,2,1,2,1,2,2,1,2,2,1,1
13,760101701500018001,1,1,1,1,1,1,1,1,1,1,2,1,1
13,760101800600010058,1,2,2,1,2,1,2,2,1,2,2,2,1
13,760101800600030249,1,2,1,1,1,1,2,1,1,2,1,1,1
13,760101800600048002,1,2,1,1,1,1,1,1,1,2,1,1,1
13,760101900300028002,1,2,1,1,2,1,1,1,1,2,1,1,1
13,760101900300038003,1,2,1,2,2,1,2,2,1,2,2,2,1
13,760102000700010073,1,2,1,1,1,1,1,1,1,1,1,1,1
13,760102000700020196,1,2,2,1,2,1,1,2,1,1,1,1,1
13,760102000700030335,1,2,2,1,1,1,1,2,1,2,1,1,1
13,760200100600018002,1,2,1,1,2,1,1,1,1,2,1,2,1
13,760200100600028001,1,2,2,2,2,1,1,1,1,2,1,2,1
13,760200100600030159,1,2,1,1,1,1,1,1,1,2,2,1,1
13,760200300900010019,1,2,2,1,2,1,1,2,1,2,1,2,2
13,760200300900020059,1,2,1,1,1,1,1,1,1,2,2,1,2
13,760200300900030093,1,2,1,1,1,1,1,1,1,2,1,2,2
13,760200300900048002,1,2,2,2,1,1,1,2,1,2,2,2,2
13,760200300900050168,1,2,1,1,2,1,1,1,1,2,2,1,1
13,760200300900068001,1,2,2,1,1,1,1,2,1,2,1,1,1
13,760200400700010049,1,2,2,2,2,1,1,1,1,2,1,1,1
13,760200400700028003,1,2,2,1,2,1,1,2,1,2,1,1,1
13,760200701000018001,1,2,2,2,2,1,2,2,1,2,2,2,2
13,760200701000028004,1,2,2,1,2,1,1,2,1,2,1,1,2
13,760200701000038002,1,2,2,1,1,1,1,2,1,2,2,1,2
13,760200701000040228,1,2,2,1,1,1,1,1,1,2,2,1,2
13,760200701000050295,1,2,2,1,1,1,1,2,1,2,1,1,2
13,760200701000068006,1,2,1,1,2,1,2,2,1,2,2,2,2
13,760200900500028001,1,2,2,2,2,1,2,2,1,2,2,2,2
13,760200900500030096,1,2,1,1,2,1,1,1,1,2,1,1,2
13,760200900500040139,1,2,2,1,1,1,1,1,1,2,1,1,2
13,760201000200010210,1,2,2,2,2,1,1,1,1,2,1,2,2
13,760201000200020541,1,2,2,1,2,1,1,2,1,2,1,1,1
13,760201000200038001,1,2,2,2,2,1,1,2,1,2,2,2,1
13,760201401000010140,1,2,2,1,2,1,1,2,1,2,1,2,1
13,760201401000030450,1,2,2,2,1,1,1,2,1,2,1,2,2
13,760201401000048001,1,2,2,2,2,1,1,2,1,2,1,2,1
13,760201500200010075,1,2,2,2,2,1,2,2,1,2,2,2,2
13,760201500200028001,1,2,2,1,2,1,1,1,1,2,1,1,1
13,760201500200030302,1,2,1,1,2,1,1,1,1,2,1,1,1
13,760201500200048002,1,2,1,1,2,1,2,1,1,2,2,2,1
13,760201500200050537,1,2,2,1,2,1,1,1,1,2,2,2,1
13,760201500200060658,1,2,2,2,2,1,1,2,1,2,2,2,1
13,760201500200068003,1,2,2,1,1,1,2,2,1,2,2,2,1
13,760201600600010074,1,2,2,1,2,1,2,2,1,2,2,1,2
13,760201600600020158,1,2,1,1,1,1,1,2,1,2,1,1,2
13,760201600600030234,1,2,1,1,2,1,1,2,1,2,1,2,2
13,760201600600030235,1,2,1,1,2,1,1,2,1,2,2,2,2
13,760201600600040318,1,2,1,1,1,1,1,1,1,2,1,1,2
13,760201600600050395,1,2,1,1,1,1,1,2,1,2,1,1,2
13,760201600600068001,1,2,2,1,1,1,1,2,1,2,1,1,1
13,760201700100018001,1,2,1,1,1,1,1,2,1,2,2,2,2
13,760201700100020042,1,2,2,1,1,1,1,2,1,2,1,2,2
13,760201700100038006,1,2,2,1,2,1,2,2,1,2,2,2,2
13,760201700100040122,1,2,1,1,1,1,1,1,1,2,1,1,2
13,760201700100050178,1,2,2,1,2,1,1,2,1,2,1,1,2
13,760201700100068003,1,2,2,1,2,1,1,2,1,2,1,1,2
13,760201700100070250,1,2,2,1,2,1,1,2,1,2,2,2,2
13,760201700100080276,1,2,1,1,1,1,2,2,1,2,1,2,2
13,760201700100090318,1,2,2,1,2,1,2,2,1,2,2,1,2
13,760201700100108002,1,2,2,1,1,1,1,2,1,2,1,2,2
13,760201700100118004,1,2,2,1,2,1,2,2,1,2,1,2,2
13,760201700100120516,1,2,2,1,1,1,1,1,1,2,1,1,1
13,760201700100120517,1,2,2,2,2,2,1,2,1,2,2,1,2
13,760201800300018002,1,2,2,1,2,1,1,1,1,2,2,1,1
13,760201800300018006,1,2,2,1,2,1,1,1,1,2,2,2,1
13,760201800300018007,1,2,2,2,2,1,2,2,1,2,2,1,2
13,760201800300038003,1,2,2,2,2,1,1,1,1,2,2,1,1
13,760201800300048004,1,2,2,1,2,1,2,2,1,2,2,2,1
13,760201900700028001,1,2,2,1,1,1,1,2,1,2,1,1,2
13,760201900700038002,1,2,2,1,2,1,2,2,1,2,1,2,2
13,760202000200010033,1,2,2,2,2,1,1,2,1,2,1,1,1
13,760202000200038002,1,2,2,1,2,1,1,1,1,2,2,1,1
13,760202000200048003,1,1,1,2,1,1,1,1,1,2,1,2,2
13,760202200200018001,1,2,1,1,1,1,1,2,1,2,1,2,1
13,760202200200020120,1,2,2,1,1,1,1,2,1,2,1,2,1
13,760202200200030195,1,2,2,1,2,1,2,2,1,2,2,2,1
13,760202200200098003,1,2,2,1,2,1,2,2,1,2,1,1,1
13,760202200200100724,1,2,2,2,1,1,1,2,1,2,2,2,1
13,760202200200120878,1,2,2,1,2,1,2,2,1,2,1,2,2
13,760202600100028001,1,2,1,2,1,1,2,1,1,2,1,1,2
13,760202600100030048,1,1,2,2,2,1,1,2,1,2,2,2,1
13,760202600100050121,1,2,2,1,2,1,2,2,1,2,2,2,1
13,760202600100058005,1,2,2,1,2,1,2,2,1,2,2,2,2
13,760202600100060157,1,2,2,1,2,1,2,2,1,2,2,2,2
13,760202600100070196,1,2,2,1,2,1,1,2,1,2,1,2,1
13,760202600100080219,1,2,2,2,2,1,1,2,1,2,2,2,2
13,760202600100098003,1,2,2,1,2,1,1,2,1,2,1,2,1
13,760202600100100315,1,2,1,2,1,1,1,2,1,2,1,1,1
13,760202600100110353,1,2,2,2,2,1,1,2,1,2,2,2,2
13,760202600100128002,1,2,1,2,1,1,1,1,1,2,2,1,2
13,760202600100140504,1,2,2,1,1,1,1,1,1,2,1,1,1
13,760202600100158010,1,2,2,2,2,2,1,2,1,2,2,2,2
13,760202600100160575,1,2,2,1,2,1,1,2,1,2,1,2,1
13,760202600100188011,1,2,2,1,2,1,2,2,1,2,2,2,1
13,760202800300010172,1,2,2,1,1,1,2,2,1,2,2,2,2
13,760202800300020352,1,2,1,1,1,1,1,1,1,2,1,1,2
13,760202800300030533,1,1,1,1,1,1,1,1,1,2,1,1,2
13,760202900700010004,1,2,1,1,1,1,1,1,1,2,1,1,1
13,760202900700030172,1,2,1,1,2,1,1,1,1,2,1,1,2
13,760202900700058004,1,2,2,2,2,2,2,2,1,2,2,2,2
13,760202900700060396,1,2,2,2,2,1,1,2,1,2,2,1,1
13,760203200200018004,1,1,1,1,2,1,1,1,1,2,1,1,2
13,760203200200020085,1,2,1,1,1,1,1,2,1,2,1,1,2
13,760203200200030152,1,2,1,1,2,1,1,1,1,2,1,1,1
13,760203200200040218,1,2,2,1,1,1,1,2,1,2,1,2,2
13,760203200200050280,1,2,2,1,1,1,1,2,1,2,1,1,2
13,760203200200060351,1,2,2,1,1,1,2,2,1,2,1,1,2
13,760203301200018001,1,2,2,1,1,1,1,2,1,2,1,1,2
13,760203301200018003,1,2,2,2,2,1,2,2,1,2,2,2,2
13,760203301200020171,1,2,1,1,1,1,1,2,1,2,1,1,2
13,760203301200030314,1,2,1,1,1,1,1,2,1,2,1,1,1
13,760203301200048002,1,2,2,1,1,1,1,2,1,2,1,2,2
13,760300101300010034,1,2,2,2,1,1,2,2,1,2,2,2,2
13,760300101300020065,1,2,2,2,2,1,2,2,1,2,2,2,2
13,760300101300030093,1,2,2,1,2,1,1,2,1,2,2,2,2
13,760300101300040123,1,2,2,1,2,1,1,2,1,2,1,1,2
13,760300101300058005,1,2,1,1,2,2,2,2,1,2,2,2,2
13,760300101300070207,1,2,1,1,1,1,1,2,1,2,1,2,2
13,760300101300080234,1,2,2,1,2,1,2,2,1,2,2,2,2
13,760300101300098006,1,2,2,1,1,1,2,2,1,2,1,2,2
13,760300101300108007,1,2,2,1,2,1,2,2,1,2,1,2,2
13,760300101300110323,1,2,1,1,2,1,1,2,1,2,2,1,2
13,760300101300120351,1,2,2,2,1,1,2,2,1,2,1,2,2
13,760300101300130378,1,2,2,1,2,1,1,2,1,2,1,2,2
13,760300101300140408,1,2,2,1,2,1,1,2,1,2,2,2,2
13,760300201000010035,1,2,2,1,1,1,2,2,1,2,1,2,2
13,760300201000020081,1,2,1,1,1,1,2,2,1,1,1,2,2
13,760300201000030121,1,2,1,1,2,1,2,2,1,2,1,2,2
13,760300201000048003,1,2,1,1,1,1,2,2,1,2,1,2,2
13,760300201000058001,1,1,1,1,2,1,2,2,1,2,1,1,2
13,760300201000068004,1,1,1,1,1,1,1,2,1,2,1,1,1
13,760300201000078002,1,2,2,1,2,1,1,2,1,2,1,1,2
13,760300401200010022,1,2,2,1,2,1,1,2,1,2,1,2,2
13,760300401200028001,1,2,2,2,2,1,1,2,1,2,1,2,2
13,760300401200028002,1,2,2,1,1,1,1,1,1,2,1,1,2
13,760300401200030110,1,2,2,1,2,1,2,2,1,2,2,2,2
13,760300401200038006,1,2,2,2,2,1,2,2,1,2,2,2,2
13,760300401200040149,1,2,2,1,2,1,2,2,1,2,2,2,2
13,760300401200058007,1,2,2,2,2,1,1,2,1,2,1,1,2
13,760300401200060241,1,2,2,1,2,1,1,2,1,2,2,2,2
13,760300401200070296,1,2,2,1,2,1,2,2,1,2,2,2,2
13,760300401200070297,1,2,2,2,2,1,2,2,1,2,2,2,2
13,760300401200078005,1,2,2,2,2,1,2,2,1,2,2,2,2
13,760300401200080347,1,2,2,1,1,1,1,2,1,2,2,2,2
13,760300401200090394,1,2,2,1,2,1,1,2,1,2,1,2,2
13,760300401200100435,1,2,1,2,2,1,2,2,1,2,1,2,2
13,760300401200118009,1,2,2,1,2,1,2,2,1,2,1,2,2
13,760300500400018001,1,2,2,1,2,1,1,1,1,2,1,1,2
13,760300500400028002,1,2,1,1,2,1,1,2,1,2,1,2,2
13,760300500400030080,1,2,2,2,2,1,2,2,1,2,2,2,2
13,760300500400040112,1,2,2,1,1,1,1,1,1,2,1,1,2
13,760300500400058003,1,2,2,1,2,1,2,2,1,2,1,2,2
13,760300500400068008,1,2,2,1,2,1,2,2,1,2,2,2,2
13,760300500400070212,1,2,2,2,2,1,2,2,1,2,2,2,2
13,760300500400088011,1,2,2,1,2,1,2,2,1,2,2,2,2
13,760300500400098005,1,2,2,1,2,1,1,2,1,2,1,2,2
13,760300500400108012,1,2,2,1,2,1,1,2,1,2,1,2,2
13,760300500400110349,1,2,2,2,2,1,2,2,1,2,2,2,2
13,760300500400128013,1,2,2,1,1,1,1,2,1,2,1,2,2
13,760300500400138010,1,2,2,2,2,1,2,2,1,2,2,2,2
13,760300602200018001,1,2,2,1,1,1,1,2,1,2,2,2,2
13,760300602200020053,1,2,1,1,2,1,1,1,1,1,1,2,1
13,760300602200048006,1,2,2,2,2,1,2,2,1,2,1,2,2
13,760300602200058002,1,2,2,1,1,1,1,1,1,2,1,1,2
13,760300602200070149,1,2,2,1,2,1,1,2,1,2,1,1,2
13,760300602200080174,1,2,1,1,1,1,1,2,1,2,1,2,2
13,760300602200090198,1,2,2,2,2,1,1,2,1,2,1,2,2
13,760300602200100223,1,2,2,2,1,1,1,2,1,2,1,2,2
13,760300602200110246,1,2,2,2,2,1,2,2,1,2,2,2,2
13,760300602200120271,1,2,2,1,1,1,2,2,1,2,2,2,2
13,760300602200138007,1,2,1,1,1,1,1,2,1,2,1,2,2
13,760300602200138008,1,2,2,1,2,1,1,2,1,2,2,2,2
13,760300604100010019,1,2,2,1,2,1,1,1,1,2,1,1,1
13,760300604100028004,1,2,1,1,1,1,1,2,1,2,1,1,1
13,760300604100038005,1,2,1,1,1,1,1,2,1,2,1,2,1
13,760300604100048001,1,2,1,1,2,1,1,2,1,2,1,2,2
13,760300604100050142,1,2,2,1,1,1,1,2,1,2,1,2,1
13,760300604100078002,1,2,1,1,1,1,1,1,1,2,1,1,1
13,760300604100090271,1,2,2,1,1,1,1,1,1,2,1,2,1
13,760300604100100307,1,2,1,1,1,1,1,1,1,2,1,1,1
13,760300604100110341,1,2,1,1,2,1,1,1,1,2,1,1,1
13,760300604100128006,1,2,1,1,2,1,1,1,1,2,1,1,2
13,760300604100138007,1,2,2,1,2,1,2,2,1,2,2,2,2
13,760300700200018009,1,2,1,1,1,1,1,2,1,2,1,2,2
13,760300700200020067,1,2,2,1,2,1,2,2,1,2,2,2,2
13,760300700200038001,1,2,2,1,2,1,2,2,1,2,2,2,2
13,760300700200050161,1,2,2,2,2,1,1,2,1,1,1,2,2
13,760300700200050162,1,2,2,1,2,1,1,2,1,2,1,2,2
13,760300700200060199,1,2,2,1,1,1,1,2,1,2,1,2,2
13,760300700200078005,1,2,2,1,2,1,2,2,1,2,2,2,2
13,760300700200080271,1,2,2,2,2,1,2,2,1,2,2,2,2
13,760300700200090304,1,2,2,1,1,1,1,2,1,2,1,2,2
13,760300700200100341,1,2,2,1,2,1,2,2,1,2,2,2,2
13,760300700200118006,1,2,2,1,2,1,2,2,1,2,2,2,2
13,760300700200120417,1,2,1,1,1,1,1,1,1,2,1,1,2
13,760300700200148003,1,2,2,1,2,2,2,2,1,2,2,2,2
13,760300700200148009,1,2,2,1,2,1,2,2,1,2,2,2,2
13,760300801100020022,1,2,2,2,1,1,1,2,1,2,1,2,2
13,760300801100038002,1,2,1,2,2,1,1,1,1,2,1,1,2
13,760300801100040055,1,2,2,2,2,1,2,2,1,2,2,2,2
13,760300801100058003,1,2,1,1,2,1,1,2,1,2,2,2,2
13,760300801100060087,1,2,1,1,2,1,1,1,1,2,1,2,2
13,760300801100080121,1,2,1,1,2,1,2,2,1,2,2,2,2
13,760300801100090138,1,2,2,1,1,1,2,2,1,2,1,2,2
13,760300801100108004,1,2,2,2,2,1,1,1,1,2,2,1,2
13,760300801100110171,1,2,2,2,2,1,1,1,1,2,2,1,2
13,760300801100120188,1,2,2,1,1,1,2,2,1,2,2,2,1
13,760300801100138005,1,2,1,1,2,1,1,2,1,2,1,1,2
13,760300801100140222,1,2,1,1,2,1,1,1,1,2,1,1,2
13,760400101100018001,1,2,2,1,2,1,2,2,1,2,2,2,2
13,760400101100028002,1,2,1,1,2,1,1,1,1,2,2,1,2
13,760400101100030196,1,2,2,2,2,1,2,2,1,2,2,2,2
13,760400101100048006,1,2,1,2,2,1,1,2,1,2,1,2,2
13,760400101100058003,1,2,1,1,1,1,1,2,1,2,1,1,2
13,760400101100058004,1,2,2,2,2,1,2,2,1,2,2,2,2
13,760400101100058005,1,2,2,1,2,1,2,2,1,2,2,2,2
13,760400400300028001,1,2,2,2,2,1,2,2,1,2,1,2,2
13,760400400300038002,1,2,2,1,2,1,2,2,1,2,2,2,2
13,760400400300040186,1,2,2,1,1,1,1,2,1,2,1,2,2
13,760400400300068003,1,2,2,2,2,1,2,2,1,2,1,2,2
13,760400400300078004,1,2,2,2,2,1,2,2,1,2,2,2,2
13,760400400300088005,1,2,2,2,1,1,2,2,1,2,2,2,2
13,760400400300098006,1,2,2,1,2,1,2,2,1,2,1,1,2
13,760400400300108007,1,2,1,1,1,1,1,2,1,2,1,1,2
13,760400501100018009,1,2,2,2,2,1,2,2,1,2,2,2,2
13,760400501100038010,1,2,2,2,2,1,2,2,1,2,2,2,2
13,760400501100048002,1,2,2,2,2,1,2,2,1,2,2,2,2
13,760400501100058011,1,2,2,2,2,1,2,2,1,2,2,2,2
13,760400501100068008,1,2,2,2,2,1,2,2,1,2,2,2,2
13,760400501100088005,1,2,2,2,2,1,2,2,1,2,2,2,2
13,760400501100090430,1,2,2,2,2,1,2,2,1,2,2,2,2
13,760400501100100489,1,2,2,2,2,1,2,2,1,2,2,2,1
13,760400501100118006,1,2,2,1,2,1,2,2,1,2,2,2,2
13,760400501100120599,1,2,1,1,1,1,1,2,1,2,1,2,1
13,760400600200018001,1,2,2,1,2,1,2,2,1,2,2,1,2
13,760400600200028002,1,2,2,2,2,1,2,2,1,2,2,2,2
13,760400600200028011,1,2,2,1,2,1,2,2,1,2,2,2,2
13,760400600200038010,1,2,2,1,1,1,2,2,1,2,1,2,2
13,760400600200048004,1,2,1,2,2,1,1,2,1,2,1,2,2
13,760400600200050289,1,2,2,1,1,1,2,2,1,2,2,2,2
13,760400600200058011,1,2,2,1,1,1,2,2,1,2,2,2,2
13,760400600200068006,1,2,2,1,2,1,2,2,1,2,1,2,2
13,760400600200078008,1,2,2,2,1,1,2,2,1,2,2,1,2
13,760400600200080459,1,2,1,1,2,1,1,2,1,2,2,2,1
13,760400600200098007,1,2,2,1,2,1,1,2,1,2,1,2,1
13,760400600200100579,1,2,1,1,2,1,2,2,1,2,2,2,1
13,760400700900018001,1,2,1,1,1,1,1,1,1,2,1,1,1
13,760400700900020037,1,2,2,2,2,1,1,1,1,2,1,1,2
13,760400700900030052,1,2,2,1,2,1,2,2,1,2,1,2,2
13,760400700900040105,1,2,1,1,1,1,1,1,1,1,1,1,1
13,760400700900048002,1,2,1,1,1,1,1,1,1,2,1,1,2
13,760400700900090150,1,2,1,1,2,1,1,1,1,2,1,2,2
13,760400700900108008,1,2,1,1,2,1,1,1,1,2,1,1,2
13,760400700900110192,1,2,1,1,1,1,1,1,1,2,2,1,1
13,760400700900120212,1,2,1,1,2,1,1,1,1,2,2,1,1
13,760400700900130233,1,1,1,1,1,1,1,1,1,2,1,1,1
13,760400700900148006,1,2,1,1,2,1,1,1,1,1,1,1,2
13,760400700900158010,1,2,2,2,2,2,2,2,1,2,2,2,2
13,760400700900168007,1,2,1,1,1,1,1,1,1,2,1,1,1
13,760400700900188011,1,1,2,2,2,1,1,1,1,2,2,1,2
13,760400700900190353,1,2,2,2,2,1,1,1,1,1,1,2,1
13,760400802400028011,1,2,1,1,1,1,1,1,1,2,1,1,1
13,760400802400038001,1,2,1,1,1,1,1,1,1,1,1,1,2
13,760400802400040143,1,2,1,1,1,1,1,2,1,2,2,1,2
13,760400802400058019,1,2,1,1,1,1,1,2,1,2,2,1,2
13,760400802400068002,1,2,1,1,1,1,1,1,1,2,1,1,1
13,760400802400078012,1,2,1,1,1,1,1,1,1,2,1,1,1
13,760400802400088013,1,2,1,1,2,1,1,1,1,1,1,1,1
13,760400802400098014,1,2,1,1,1,1,1,2,1,2,1,1,2
13,760400802400108004,1,2,1,1,1,1,1,1,1,2,1,1,1
13,760400802400120430,1,2,2,1,2,1,2,2,1,2,2,2,2
13,760400802400138020,1,2,2,2,2,1,2,2,1,2,2,2,2
13,760400802400138021,1,2,2,2,2,1,2,2,1,2,2,2,2
13,760400802400138022,1,2,2,1,1,1,2,2,1,2,2,2,2
13,760400802400148015,1,2,2,1,2,1,2,2,1,2,1,2,2
13,760400802400148023,1,2,2,2,1,1,2,2,1,2,2,2,2
13,760400802400158016,1,2,2,2,2,1,1,2,1,2,2,2,1
13,760400802400168017,1,2,1,1,2,1,1,1,1,2,1,1,2
13,760400802400168018,1,2,2,1,1,1,1,2,1,2,1,1,1
13,760400802400178008,1,2,2,2,2,1,2,2,1,2,1,2,2
13,760400802400188009,1,2,2,2,2,1,2,2,1,2,2,2,2
13,760400802400198010,1,2,2,2,1,1,2,2,1,2,2,2,2
13,760401000900010013,1,1,1,2,1,1,1,1,1,2,1,1,1
13,760401000900030082,1,2,1,1,1,1,1,1,1,1,1,1,2
13,760401000900048001,1,2,1,1,1,1,1,1,1,2,1,1,2
13,760401000900050166,1,2,2,1,1,1,1,1,1,2,2,1,2
13,760401000900068002,1,2,1,1,1,1,1,1,1,1,1,1,1
13,760401000900078003,1,2,1,1,2,1,1,1,1,2,1,1,1
13,760401000900088004,1,2,2,1,1,1,1,1,1,2,1,1,2
13,760401000900108006,1,2,1,1,1,1,1,1,1,1,1,1,1
13,760401000900118007,1,2,1,1,2,1,1,1,1,2,1,1,1
13,760401000900130533,1,1,1,1,1,1,1,1,1,1,1,1,2
13,760401000900140578,1,2,1,1,1,1,1,1,1,2,1,2,2
13,760401000900158008,1,2,1,1,2,1,1,1,1,2,1,1,1
13,760401000900168005,1,2,1,1,1,1,1,1,1,1,2,1,2
13,760401100600010014,1,2,1,1,1,1,1,2,1,2,1,2,1
13,760401100600028004,1,2,2,2,2,1,2,2,1,2,2,2,2
13,760401100600038001,1,2,2,2,2,1,2,2,1,2,2,2,2
13,760401100600040107,1,2,2,1,1,1,2,2,1,2,2,2,2
13,760401100600050148,1,2,2,1,2,1,2,2,1,2,1,2,2
13,760401100600050149,1,2,2,2,1,1,2,2,1,2,1,2,2
13,760401100600050150,1,2,2,1,2,1,2,2,1,2,2,2,1
13,760401100600068008,1,2,1,1,2,1,1,2,1,2,2,2,2
13,760401100600078005,1,2,1,2,1,1,1,2,1,2,1,1,2
13,760401100600080256,1,2,2,1,2,1,2,2,1,2,1,1,2
13,760401100600098002,1,2,2,2,2,2,2,2,1,2,2,2,2
13,760401100600108003,1,2,2,1,2,1,1,2,1,2,1,2,1
13,760401100600108006,1,2,2,1,1,1,2,2,1,2,1,1,1
13,760401201000040177,1,2,2,2,2,2,2,2,1,2,2,2,2
13,760401201000048004,1,2,2,2,2,1,2,2,1,2,2,2,1
13,760401201000048005,1,2,2,2,2,1,2,2,1,2,2,1,2
13,760401201000050236,1,2,2,2,2,1,2,2,1,2,1,2,2
13,760401201000060290,1,2,2,2,2,1,2,2,1,2,1,2,2
13,760401201000088001,1,2,2,1,1,1,1,2,1,2,1,2,2
13,760401201000098006,1,2,2,2,2,1,2,2,1,2,2,2,2
13,760401201000108007,1,2,2,1,2,1,2,2,1,2,2,2,2
13,760401302500010021,1,2,2,1,1,1,1,2,1,2,2,1,2
13,760401302500028001,1,2,1,1,2,1,1,1,1,2,2,1,2
13,760401302500038015,1,2,1,2,2,1,1,2,1,2,1,2,2
13,760401302500048002,1,2,2,1,2,1,2,2,1,2,2,2,2
13,760401302500060142,1,2,2,2,2,1,2,2,1,2,2,2,2
13,760401302500080190,1,2,2,1,1,1,2,2,1,2,1,2,2
13,760401302500090209,1,2,2,1,1,1,1,2,1,2,2,2,2
13,760401302500120275,1,2,1,1,2,1,1,2,1,2,1,1,2
13,760401302500130300,1,2,2,2,2,1,2,2,1,2,2,2,1
13,760401302500140324,1,2,1,1,2,1,1,1,1,2,2,1,2
13,760401302500158003,1,2,1,2,2,1,1,1,1,2,2,1,2
13,760401302500160374,1,2,2,2,1,1,2,2,1,2,2,2,2
13,760401302500178011,1,2,1,1,2,1,1,1,1,2,1,1,1
13,760401302500180420,1,2,2,1,1,1,2,2,1,2,1,2,2
13,760401302500188012,1,2,2,1,1,1,2,2,1,2,2,2,2
13,760401302500198004,1,2,1,2,2,1,1,2,1,2,1,2,2
13,760401302500208005,1,2,2,2,2,1,2,2,1,2,2,2,2
13,760401302500218013,1,2,2,1,2,1,1,2,1,2,1,2,2
13,760401302500228006,1,2,2,2,2,1,1,1,1,2,1,2,2
13,760401302500230551,1,2,2,1,2,1,2,2,1,2,1,2,2
13,760401302500248007,1,2,2,2,2,1,2,2,1,2,2,2,2
13,760401302500258008,1,2,2,2,2,1,2,2,1,2,2,2,2
13,760401302500260633,1,2,2,2,2,1,2,2,1,2,2,2,2
13,760401302500270662,1,2,2,1,2,1,2,2,1,2,2,2,2
13,760401302500288014,1,2,2,2,2,1,2,2,1,2,2,2,2
13,760401302500290716,1,2,2,2,2,1,2,2,1,2,2,2,2
13,760401302500308017,1,2,2,1,1,1,2,2,1,2,2,2,2
13,760401500100010035,1,2,2,1,1,1,2,2,1,2,2,2,1
13,760401500100028001,1,2,2,1,2,1,2,2,1,2,2,2,2
13,760401500100038003,1,2,1,1,2,1,2,2,1,2,2,2,2
13,760401500100038007,1,2,1,1,2,1,1,2,1,2,1,2,2
13,760401500100040189,1,2,2,1,2,1,1,2,1,2,1,1,1
13,760401500100050239,1,2,2,1,2,1,2,2,1,2,1,2,2
13,760401500100060290,1,2,2,1,1,1,1,2,1,2,2,1,1
13,760401500100078004,1,2,2,1,2,1,2,2,1,2,2,2,2
13,760401500100080392,1,2,2,2,2,1,2,2,1,2,2,2,2
13,760401500100098008,1,2,2,2,1,1,2,2,1,2,2,2,2
13,760401500100110555,1,2,2,1,1,1,2,2,1,2,2,2,1
13,760401500100120615,1,2,2,2,1,1,2,2,1,2,2,2,2
13,760401500100130659,1,2,1,2,2,1,1,2,1,2,2,2,2
13,760401500100140708,1,2,2,2,2,1,2,2,1,2,2,2,2
13,760401500100148009,1,2,2,2,2,1,2,2,1,2,2,2,2
13,760401500100150760,1,2,1,2,1,1,1,1,1,2,1,1,2
13,760401500100168010,1,2,1,1,1,1,1,2,1,2,2,2,2
13,760500200000018008,1,2,2,2,2,1,2,2,1,2,2,2,2
13,760500200000030065,1,2,2,1,2,1,1,1,1,2,2,1,2
13,760500200000048001,1,2,1,1,2,1,2,2,1,2,2,2,1
13,760500200000058009,1,2,2,1,1,1,2,2,1,2,2,2,1
13,760500200000068003,1,2,2,2,2,1,2,2,1,2,2,2,2
13,760500200000078011,1,2,2,1,2,1,1,1,1,2,1,2,1
13,760500200000078014,1,2,1,2,1,2,1,2,1,2,2,2,1
13,760500200000088004,1,2,2,2,2,2,2,2,1,2,2,2,1
13,760500200000088005,1,2,1,1,2,1,1,2,1,2,1,2,1
13,760500200000098013,1,2,1,1,2,1,2,2,1,2,1,2,1
13,760500200000108007,1,2,1,1,2,1,1,2,1,2,1,2,1
13,760509900000018001,1,2,2,1,2,1,1,2,1,2,1,2,1
13,760509900000018012,1,2,1,1,2,1,1,2,1,2,1,1,1
13,760509900000028003,1,2,1,1,1,1,1,2,1,2,1,1,2
13,760509900000030036,1,2,2,1,2,1,2,2,1,2,2,2,2
13,760509900000040052,1,2,2,1,2,1,2,2,1,2,2,2,1
13,760509900000048013,1,2,2,2,2,1,2,2,1,2,1,2,1
13,760509900000068004,1,2,2,1,1,1,2,2,1,2,2,2,1
13,760509900000080121,1,2,2,1,2,1,2,2,1,2,2,2,2
13,760509900000108006,1,2,2,1,2,1,2,2,1,2,1,2,1
13,760509900000108016,1,2,2,2,1,1,2,2,1,2,2,2,2
13,760509900000108017,1,2,2,1,2,1,2,2,1,2,2,2,1
13,760509900000118007,1,1,1,1,2,1,1,1,1,2,2,1,1
13,760509900000128018,1,2,1,2,2,2,2,2,1,2,2,2,2
13,760509900000138009,1,2,2,1,1,1,2,2,1,2,2,2,1
13,760509900000148010,1,2,2,2,2,1,2,2,1,2,2,2,1
13,760509900000150228,1,2,2,1,1,1,2,2,1,2,2,2,2
13,760509900000160245,1,2,2,1,2,1,1,2,1,2,1,1,1
13,760511900000018001,1,2,2,1,1,1,2,2,1,2,2,2,1
13,760511900000028023,1,2,2,2,2,1,2,2,1,2,2,2,2
13,760511900000038024,1,2,2,1,2,1,2,2,1,2,2,2,1
13,760511900000038025,1,2,2,1,1,1,1,2,1,2,1,2,1
13,760511900000058016,1,2,1,1,1,1,1,1,1,2,1,2,1
13,760511900000060125,1,2,1,1,1,1,1,1,1,2,1,1,1
13,760511900000078006,1,2,1,1,2,1,1,2,1,2,2,2,1
13,760511900000088017,1,1,1,1,1,1,1,1,1,2,1,1,1
13,760511900000098018,1,2,2,2,1,1,2,2,1,2,2,2,1
13,760511900000100210,1,2,2,1,1,1,1,2,1,2,1,2,1
13,760511900000118019,1,2,2,1,2,1,1,2,1,2,2,2,1
13,760511900000118020,1,2,2,1,2,2,2,2,1,2,2,2,1
13,760511900000118026,1,2,2,1,1,1,1,2,1,2,2,2,1
13,760511900000120255,1,2,1,1,2,1,1,2,1,2,1,2,1
13,760511900000130273,1,2,2,1,1,1,2,2,1,1,1,1,1
13,760511900000148012,1,2,2,1,1,1,1,1,1,2,1,1,1
13,760511900000148022,1,2,2,2,1,2,2,2,1,2,2,2,1
13,760511900000148027,1,2,1,1,1,1,1,1,1,2,1,1,1
13,760512700000018001,1,2,1,1,2,1,1,2,1,2,2,2,1
13,760512700000018012,1,2,2,2,2,1,2,2,1,2,2,2,1
13,760512700000028008,1,1,1,1,1,1,2,2,1,2,1,2,1
13,760512700000030089,1,2,2,2,1,1,2,2,1,2,2,2,2
13,760512700000038003,1,2,2,2,2,1,2,2,1,2,2,2,1
13,760512700000040117,1,2,1,1,1,1,1,1,1,1,1,1,1
13,760512700000050145,1,2,2,2,1,1,2,2,1,2,2,2,1
13,760512700000058009,1,2,2,2,2,2,2,2,1,2,2,2,1
13,760512700000058010,1,1,1,1,2,1,2,2,1,2,2,2,1
13,760512700000060175,1,2,2,2,2,1,1,2,1,2,2,2,1
13,760512700000070207,1,2,2,2,1,1,2,2,1,2,1,2,1
13,760512700000080236,1,2,1,1,1,1,1,2,1,1,1,1,1
13,760512700000090269,1,2,1,1,2,1,1,1,1,1,1,2,1
13,760512700000108004,1,2,1,1,1,1,2,2,1,2,1,2,1
13,760512700000108013,1,2,1,1,1,1,1,1,1,2,1,1,1
13,760512700000118005,1,2,1,1,1,1,1,2,1,1,1,1,1
13,760512700000120378,1,2,1,1,1,1,1,2,1,2,1,1,1
13,760512700000130421,1,2,1,1,1,1,1,1,1,2,1,1,1
13,760512700000148011,1,2,2,1,1,1,1,2,1,2,2,2,1
13,760512700000158007,1,2,2,2,2,1,2,2,1,2,1,2,1
13,760514500300018001,1,2,2,1,2,1,1,2,1,2,1,1,1
13,760514500300020052,1,2,2,1,2,1,1,2,1,2,1,1,1
13,760514500300038002,1,2,2,1,1,1,1,2,1,2,1,1,1
13,760514500300038003,1,2,2,1,2,1,2,2,1,2,2,2,2
13,760514500300048024,1,2,2,1,2,1,2,2,1,2,1,1,1
13,760514500300058005,1,2,2,1,2,1,2,2,1,2,2,2,2
13,760514500300058018,1,2,1,1,2,1,2,2,1,2,2,2,1
13,760514500300058019,1,2,2,2,2,1,2,2,1,2,2,2,1
13,760514500300068006,1,2,2,1,1,1,2,2,1,2,1,2,2
13,760514500300078007,1,2,2,1,1,1,1,2,1,2,2,2,1
13,760514500300088025,1,2,2,2,2,2,2,2,2,2,2,2,2
13,760514500300088026,1,2,2,2,2,2,2,2,1,2,2,2,2
13,760514500300090228,1,2,2,1,1,1,1,2,1,2,1,1,1
13,760514500300108020,1,2,2,2,2,1,2,2,1,2,1,1,1
13,760514500300108027,1,2,2,1,2,1,2,2,1,2,1,2,2
13,760514500300118020,1,2,2,1,1,1,2,2,1,2,1,2,2
13,760514500300128011,1,2,2,1,2,1,1,2,1,2,1,2,1
13,760514500300138012,1,2,1,1,2,1,2,2,1,2,1,2,1
13,760514500300148013,1,2,1,1,1,1,2,2,1,2,1,1,1
13,760514500300158021,1,1,1,2,2,1,2,2,1,2,1,2,1
13,760514500300158022,1,2,2,2,2,1,2,2,1,2,2,2,1
13,760514500300158023,1,2,2,2,2,1,2,2,1,2,2,2,1
13,760514500300160403,1,2,2,1,2,1,2,2,1,2,1,2,1
13,760514500300160404,1,2,2,1,2,1,2,2,1,2,1,2,1
13,760514500300170432,1,2,2,1,2,1,2,2,1,2,2,2,1
13,760514500300180461,1,2,2,1,2,1,1,2,1,2,1,1,1
13,760514500300198016,1,2,2,2,2,1,1,2,1,2,1,2,1
13,760514500300198017,1,2,2,1,1,2,2,2,1,2,1,2,1
13,760514500300200513,1,2,2,1,2,1,2,2,1,2,1,2,1
13,760514500300210539,1,2,2,1,1,1,2,2,1,2,2,2,1
13,760514500300220565,1,2,2,2,2,1,2,2,1,2,2,2,1
13,760514500300230590,1,2,2,2,2,1,2,2,1,2,2,2,2
13,760514500300238028,1,2,1,2,2,1,2,2,1,2,2,2,2
13,760514500300238029,1,2,2,2,2,1,2,2,1,2,2,2,2
13,760516500000020101,1,1,1,1,1,1,2,2,1,2,1,1,1
13,760516500000038001,1,2,2,1,2,1,1,2,1,2,1,2,1
13,760516500000048002,1,2,2,2,2,1,2,2,1,2,1,2,1
13,760516500000048011,1,2,2,2,2,1,2,2,1,2,2,2,1
13,760516500000050275,1,2,2,2,2,2,2,2,1,2,2,1,1
13,760516500000060338,1,2,2,2,2,1,2,2,1,2,2,2,2
13,760516500000060339,1,2,2,1,2,1,1,2,1,2,1,2,1
13,760516500000060340,1,2,2,2,2,1,2,2,1,2,1,2,2
13,760516500000078012,1,2,2,1,1,2,2,2,1,2,2,2,1
13,760516500000088013,1,2,2,1,2,1,2,2,1,2,2,2,1
13,760516500000098004,1,2,2,2,2,2,2,2,2,2,2,2,2
13,760516500000108005,1,2,2,1,2,1,1,2,1,2,1,2,1
13,760516500000118006,1,2,1,2,2,1,2,2,1,2,2,2,2
13,760516500000128010,1,2,2,2,2,1,2,2,1,2,2,2,2
13,760516500000138008,1,2,2,2,2,2,2,2,1,2,2,2,2
13,760516500000140840,1,2,2,1,2,1,1,2,1,2,2,2,1
13,760518301700018003,1,2,1,1,2,1,1,2,1,2,1,2,1
13,760518301700028001,1,1,1,1,1,1,1,1,1,2,1,1,2
13,760518301700038002,1,2,2,1,2,1,1,2,1,2,1,2,2
13,760520100400010050,1,2,2,2,2,1,2,2,1,2,2,2,2
13,760520100400028001,1,2,2,1,1,1,1,2,1,2,1,2,1
13,760520100400038005,1,2,2,1,2,1,2,2,1,2,2,2,1
13,760520100400048007,1,2,2,2,2,1,2,2,1,2,2,2,1
13,760520100400051023,1,2,2,1,1,1,2,2,1,2,1,2,1
13,760520100400068006,1,2,2,1,2,1,1,2,1,2,1,2,1
13,760600200000010016,1,1,1,1,1,1,1,1,1,2,1,2,1
13,760600200000020045,1,2,1,1,2,1,1,2,1,2,2,2,1
13,760600200000038003,1,2,2,2,1,1,2,2,1,2,2,2,2
13,760600200000040103,1,2,1,1,2,1,1,2,1,2,1,1,1
13,760600200000060158,1,2,1,1,1,1,1,1,1,2,1,1,1
13,760600200000070187,1,2,2,2,2,2,2,2,1,2,2,2,2
13,760600200000080215,1,2,1,1,1,1,1,2,1,2,1,2,1
13,760600200000090243,1,2,1,1,1,1,1,1,1,2,1,1,1
13,760600200000108001,1,2,1,1,1,1,1,1,1,2,1,1,1
13,760600200000110300,1,2,2,1,2,1,2,2,1,2,2,2,1
13,760600200000128002,1,2,1,1,1,1,1,2,1,2,1,2,1
13,760600700400018004,1,2,2,2,2,1,1,1,1,2,1,2,2
13,760600700400038003,1,2,2,2,2,1,2,2,1,2,2,2,1
13,760600700400040224,1,2,2,2,2,1,2,2,1,2,2,2,2
13,760600700400058009,1,2,2,1,2,1,2,2,1,2,2,1,1
13,760600700400068005,1,2,2,2,2,1,1,2,1,2,1,2,1
13,760600700400078010,1,2,2,2,1,1,1,2,1,2,2,2,2
13,760600700400088007,1,2,2,1,2,1,1,2,1,2,1,1,1
13,760600700400098008,1,2,2,1,1,1,1,1,1,2,1,1,1
13,760600800300010018,1,2,2,1,1,1,1,1,1,2,1,1,1
13,760600800300020053,1,2,1,1,2,1,1,2,1,2,1,1,1
13,760600800300048002,1,2,1,1,2,1,1,1,1,2,1,2,1
13,760600800300050156,1,2,2,2,1,2,1,2,1,2,2,2,2
13,760600800300050157,1,2,1,1,1,1,1,2,1,2,1,1,1
13,760600800300078004,1,2,2,2,1,1,2,2,1,2,2,2,2
13,760600800300088003,1,2,2,1,1,1,1,1,1,2,1,1,1
13,760600800300108005,1,2,2,1,1,1,2,2,1,2,2,2,1
13,760700100500018005,1,2,1,1,1,1,1,2,1,2,2,2,1
13,760700100500030253,1,2,2,2,2,1,1,2,1,2,1,2,2
13,760700100500048006,1,2,2,1,1,1,1,2,1,2,1,2,2
13,760700100500058003,1,2,2,1,1,1,1,2,1,2,1,1,2
13,760700100500068007,1,2,1,2,2,2,2,2,1,2,2,2,2
13,760700201300010049,1,2,1,1,1,1,1,2,1,2,1,1,2
13,760700201300028008,1,2,2,1,1,1,1,2,1,2,2,1,2
13,760700201300038002,1,2,1,1,1,1,1,1,1,2,1,2,2
13,760700201300040260,1,2,2,1,1,1,2,2,1,2,2,2,2
13,760700201300058009,1,2,2,2,1,1,2,2,1,2,2,2,2
13,760700201300060061,1,2,2,1,1,1,1,2,1,2,2,2,2
13,760700201300078010,1,2,2,1,1,1,2,2,1,2,2,2,2
13,760700201300088005,1,2,2,1,2,1,1,2,1,2,2,2,2
13,760700201300098011,1,2,2,1,1,1,2,2,1,2,2,1,2
13,760700201300108007,1,2,1,1,2,1,1,1,1,2,2,1,2
13,760700802000010035,1,2,2,1,2,1,2,2,1,2,2,2,1
13,760700802000020066,1,2,2,1,2,1,2,2,1,2,1,2,1
13,760700802000038001,1,2,2,2,2,1,2,2,1,2,2,2,1
13,760700802000048002,1,2,1,1,1,1,2,2,1,2,2,1,1
13,760700802000050157,1,2,2,2,2,1,2,2,1,2,2,2,1
13,760700802000068003,1,2,2,2,1,1,1,1,1,2,1,1,1
13,760700802000078004,1,2,2,1,1,1,1,2,1,2,1,2,1
13,760700802000080250,1,2,2,1,1,1,1,1,1,2,1,1,1
13,760700802000090280,1,2,2,1,2,1,1,2,1,2,2,2,1
13,760700802000108005,1,2,2,1,2,1,1,2,1,2,2,2,1
13,760700802000118006,1,2,2,2,2,1,1,2,1,2,2,2,1
13,760700802000120373,1,2,2,1,2,1,2,2,1,2,2,2,1
13,760700802000130405,1,2,2,2,2,1,1,2,1,2,1,2,2
13,760700802000148010,1,2,2,1,2,1,2,2,1,2,2,2,1
13,760700802000158011,1,2,2,1,2,2,2,2,1,2,2,2,1
13,760700802000158012,1,2,2,1,2,2,2,2,1,2,2,2,1
13,760701000300010137,1,2,2,1,2,1,1,2,1,2,1,1,1
13,760701000300028003,1,2,2,1,2,1,2,2,1,2,2,2,2
13,760701000300038004,1,2,2,1,1,1,1,2,1,2,2,2,2
13,760701200400018004,1,2,2,1,2,1,2,2,2,2,2,2,2
13,760701200400028006,1,2,2,2,1,1,2,2,1,2,2,2,1
13,760701200400030090,1,2,2,1,1,1,1,2,1,2,1,2,1
13,760701200400040130,1,1,2,2,1,2,2,2,1,2,2,2,1
13,760701200400050027,1,2,2,1,2,1,1,2,1,2,2,2,1
13,760701200400068002,1,2,2,2,2,1,1,2,1,2,2,2,1
13,760701200400070112,1,2,2,1,1,1,1,2,1,2,1,1,1
13,760701200400088005,1,2,2,1,2,1,1,2,1,2,1,2,1
13,760701200400088007,1,2,2,1,1,1,2,2,1,2,2,2,1
13,760701200400090197,1,2,2,2,1,1,2,2,1,2,2,2,1
13,760701304200010027,1,2,1,1,1,1,1,2,1,2,1,2,1
13,760701304200020078,1,2,2,1,1,1,1,2,1,2,1,1,1
13,760701304200030129,1,2,2,1,1,1,1,2,1,2,1,2,1
13,760701304200048004,1,2,2,2,2,1,1,2,1,2,2,2,1
13,760701304200058001,1,2,1,1,1,1,1,2,1,2,1,2,1
13,760701304200060280,1,2,1,1,1,1,2,2,1,2,1,1,1
13,760701304200078002,1,2,2,1,1,1,1,2,1,2,1,1,1
13,760701304200088007,1,2,1,1,2,1,1,1,1,2,1,1,1
13,760701304200090433,1,2,1,1,1,1,2,2,1,2,1,2,1
13,760701304200100480,1,2,2,2,2,2,2,2,1,2,2,2,1
13,760701304200118003,1,2,1,1,2,1,1,1,1,2,1,1,1
13,760701304200138006,1,2,2,2,2,1,1,2,1,2,1,2,1
13,760701304200140655,1,2,1,1,1,1,1,2,1,2,1,2,1
13,760701501600010024,1,2,2,1,1,1,1,2,2,2,1,1,2
13,760701501600028001,1,2,2,1,1,1,2,2,1,2,2,2,2
13,760701501600028002,1,2,2,1,2,1,2,2,1,2,2,2,2
13,760701501600048003,1,2,1,1,2,1,1,2,1,2,1,2,2
13,760701501600058004,1,2,2,1,2,1,2,2,1,2,1,1,2
13,760701501600068005,1,2,2,1,2,1,2,2,1,2,1,2,2
13,760701501600070236,1,2,2,1,2,1,2,2,1,2,2,2,2
13,760701501600088006,1,2,2,2,2,2,2,2,2,2,2,2,2
13,760701501600098007,1,2,2,1,2,1,2,2,1,2,2,2,2
13,760701501600100336,1,2,1,1,2,1,2,2,1,2,2,2,2
13,760701501600118011,1,2,2,1,1,1,1,2,1,2,2,1,1
13,760701501600128012,1,2,1,1,2,1,1,2,1,2,1,2,2
13,760701501600130439,1,2,1,1,2,1,2,2,1,2,1,1,2
13,760701501600140474,1,2,2,2,1,1,2,2,1,2,2,2,2
13,760701501600150507,1,2,2,2,2,1,2,2,1,2,2,2,2
13,760701501600168010,1,2,1,2,2,1,1,2,1,2,2,1,2
13,760701600500018005,1,2,2,1,1,1,1,2,1,2,2,2,1
13,760701600500030083,1,1,1,1,1,1,1,1,1,1,1,1,1
13,760701600500048004,1,2,2,1,1,1,1,1,1,2,1,1,1
13,760701600500058010,1,2,2,1,2,1,1,2,1,2,2,2,1
13,760701600500068011,1,2,2,2,1,1,1,2,1,2,2,2,1
13,760701600500078012,1,2,2,1,2,1,2,2,1,2,2,2,1
13,760701600500088003,1,2,2,1,2,1,1,2,1,2,2,1,1
13,760701600500098008,1,2,2,1,2,1,2,2,1,2,2,2,1
13,760701600500108009,1,2,2,1,2,1,1,2,1,2,1,1,1
13,760701803600038002,1,2,2,1,1,1,2,2,1,2,2,2,1
13,760701803600048013,1,2,2,1,2,1,2,2,1,2,1,1,1
13,760701803600048014,1,2,2,1,2,1,2,2,1,2,2,2,1
13,760701803600050196,1,2,2,1,2,1,2,2,1,2,1,2,1
13,760701803600058012,1,2,2,2,1,2,2,2,1,2,2,2,2
13,760701803600068021,1,1,1,1,1,1,2,2,1,2,2,1,1
13,760701803600068022,1,2,1,1,1,1,2,2,1,2,1,2,1
13,760701803600078023,1,2,2,1,1,1,1,2,1,2,2,1,1
13,760701803600080327,1,2,1,1,2,1,1,2,1,2,2,2,1
13,760701803600100412,1,2,2,1,2,1,1,2,1,2,2,2,1
13,760701803600128007,1,2,2,1,2,1,1,2,1,2,1,2,2
13,760701803600138008,1,1,1,1,1,1,1,2,1,2,1,1,2
13,760701803600148009,1,2,1,1,1,1,2,2,1,2,2,1,2
13,760701803600158016,1,2,1,1,1,1,1,2,1,2,1,2,2
14,010100100000010006,1,2,2,2,1,1,2,2,2,2,2,2,1
14,010100100000020022,1,2,2,1,1,1,1,2,1,2,2,2,1
14,010100100000030038,1,2,2,2,1,1,2,2,1,2,2,2,2
14,010100100000040057,1,2,2,2,1,1,2,2,1,2,2,1,1
14,010100100000050075,1,2,2,2,1,1,2,2,1,2,2,2,1
14,010100100000070109,1,2,2,1,1,1,1,2,1,2,1,2,2
14,010100100000100160,1,2,2,1,1,1,2,2,1,2,2,2,1
14,010100100000110178,1,2,2,2,1,1,2,2,2,2,2,2,1
14,010100100000150239,1,2,2,2,1,1,2,2,1,2,2,2,2
14,010100100000160256,1,2,2,2,1,1,1,2,1,2,2,2,1
14,010100100000170274,1,2,2,1,1,1,1,2,1,2,1,1,1
14,010100100000180291,1,2,2,2,2,1,2,2,2,2,2,2,2
14,010100100000190308,1,2,2,2,1,1,2,2,1,2,2,2,2
14,010100100000200325,1,2,2,1,1,1,2,2,1,2,2,2,2
14,010100100000210339,1,2,2,2,1,1,1,2,1,2,2,2,1
14,010100100000220357,1,2,2,1,1,1,1,2,1,2,2,2,1
14,010100200000010022,1,2,2,1,1,1,1,2,1,2,2,2,1
14,010100200000020433,1,2,2,2,2,1,2,2,1,2,2,2,1
14,010100200000030063,1,2,2,1,2,1,1,2,1,2,2,2,1
14,010100200000050108,1,2,2,2,1,1,2,2,1,2,2,2,1
14,010100200000080181,1,2,2,1,1,1,2,2,1,2,2,2,2
14,010100200000090204,1,2,2,2,2,2,2,2,1,2,2,2,1
14,010100200000100228,1,2,2,1,2,1,2,2,1,2,2,2,1
14,010100200000110251,1,2,2,2,1,1,2,2,2,2,2,2,2
14,010100200000120276,1,2,2,2,2,1,2,2,1,2,2,2,1
14,010100200000140320,1,2,2,2,1,1,2,2,2,2,2,2,1
14,010100200000150344,1,2,2,2,2,1,1,2,1,2,2,2,1
14,010100200000160365,1,1,1,1,1,1,1,2,1,2,1,2,1
14,010100200000170391,1,2,1,1,2,1,1,1,1,2,2,2,1
14,010100200000178001,1,2,2,2,2,1,1,2,1,2,1,2,1
14,010100200000178002,1,2,1,1,2,1,1,1,1,2,1,1,1
14,011100400000010005,1,2,2,2,1,1,2,2,2,2,2,2,1
14,011100400000050046,1,2,2,2,1,1,2,2,2,2,2,2,1
14,011100400000060056,1,2,2,2,1,1,2,2,2,2,2,2,2
14,011100400000110102,1,2,2,2,1,1,2,2,2,2,2,2,1
14,011100400000120112,1,2,2,2,2,1,2,2,2,2,2,2,1
14,011100400000140132,1,2,2,2,2,1,2,2,2,2,2,2,2
14,011100400000150142,1,2,2,2,2,2,2,2,2,2,2,2,1
14,011100400000160152,1,2,2,2,2,1,2,2,2,2,1,2,1
14,011100400000170163,1,2,2,2,2,1,2,2,1,2,2,2,2
14,011100400000190183,1,2,2,2,2,2,2,2,2,2,2,2,1
14,011400200000010001,1,2,2,2,2,2,2,2,2,2,2,2,2
14,011400200000030012,1,2,2,2,1,1,2,2,2,2,2,2,2
14,011400200000100057,1,2,2,2,1,1,2,2,1,2,2,2,1
14,011400200000110064,1,2,2,2,2,1,2,2,1,2,2,2,1
14,011400200000120070,1,2,1,2,1,1,1,2,2,2,2,2,1
14,011400200000140084,1,2,2,2,1,1,2,2,1,2,2,2,1
14,011400200000160096,1,2,2,1,1,1,1,2,1,2,2,2,1
14,011400200000170101,1,2,2,2,2,1,2,2,1,2,2,2,1
14,011400200000180106,1,2,2,2,2,2,2,2,1,2,2,2,1
14,011500900000010003,1,2,2,2,2,1,2,2,2,2,2,2,2
14,011500900000020007,1,2,2,2,2,1,2,2,2,2,2,2,1
14,011500900000030010,1,2,2,2,2,1,2,2,2,2,2,2,2
14,011500900000040014,1,2,2,2,2,1,2,2,2,2,2,2,2
14,011500900000050018,1,2,2,2,2,2,2,2,2,2,2,2,2
14,011500900000060021,1,2,2,2,2,2,2,2,2,2,2,2,2
14,011500900000070025,1,2,2,2,2,2,2,2,2,2,2,2,2
14,011500900000090030,1,2,2,2,2,1,2,2,2,2,2,2,2
14,011500900000100034,1,2,2,2,2,2,2,2,2,2,2,2,2
14,011500900000110037,1,2,2,2,2,1,2,2,2,2,2,2,2
14,011500900000120041,1,2,2,2,2,2,2,2,2,2,2,2,2
14,011500900000130045,1,2,2,2,2,1,2,2,2,2,2,2,2
14,011500900000140048,1,2,2,2,2,2,2,2,2,2,2,2,2
14,011500900000170058,1,2,2,2,2,2,2,2,2,2,2,2,2
14,011500900000180062,1,2,2,2,2,2,2,2,2,2,2,2,2
14,011500900000190066,1,2,2,2,2,2,2,2,2,2,2,2,2
14,011500900000200069,1,2,2,2,2,1,2,2,2,2,2,2,2
14,011500900000210073,1,2,2,2,2,2,2,2,2,2,2,2,2
14,011500900000220077,1,2,2,2,2,2,2,2,2,2,2,2,2
14,011500900000230081,1,2,2,2,2,2,2,2,2,2,2,2,2
14,011500900000240085,1,2,2,2,2,1,2,2,2,2,2,2,2
14,011500900000250089,1,2,2,2,2,1,2,2,2,2,2,2,2
14,011500900000260093,1,2,2,2,1,1,2,2,2,2,2,2,2
14,011700600000010010,1,2,1,1,1,1,1,1,1,2,1,1,1
14,011700600000030031,1,2,2,2,1,2,2,2,1,2,2,2,1
14,011700600000040043,1,2,2,2,2,1,2,2,1,2,2,2,1
14,011700600000050054,1,2,2,1,2,1,2,2,1,2,2,2,1
14,011700600000060064,1,2,2,1,2,1,2,2,1,2,2,2,1
14,011700600000070075,1,2,1,1,2,1,1,1,1,2,1,1,1
14,011700600000080085,1,2,2,1,1,1,1,2,1,2,1,1,1
14,011700600000100104,1,2,2,1,1,1,1,2,1,2,2,2,1
14,011700600000110115,1,2,2,2,1,2,2,2,2,2,2,2,1
14,011700600000130136,1,2,2,1,2,1,1,2,1,2,2,2,1
14,011700600000140147,1,2,2,2,1,1,2,2,1,2,2,1,1
14,011700600000150159,1,2,2,1,1,1,1,2,1,2,2,2,1
14,011700600000160170,1,2,2,1,1,1,1,2,1,2,2,2,1
14,011901600000010004,1,2,2,2,1,1,1,2,1,2,2,2,1
14,011901600000030034,1,2,2,2,2,1,2,2,1,2,2,2,1
14,011901600000040050,1,2,2,1,2,2,1,2,1,2,2,2,1
14,011901600000050065,1,2,1,2,1,1,2,2,2,2,2,2,1
14,011901600000070096,1,2,2,2,2,1,2,2,1,2,1,2,1
14,011901600000080112,1,2,2,2,2,1,2,2,1,2,2,2,1
14,011901600000090128,1,2,2,2,2,1,2,2,1,2,2,2,2
14,011901600000130171,1,2,2,2,1,2,2,2,2,2,2,2,2
14,011901600000148001,1,2,1,1,2,1,1,1,1,1,1,1,1
14,011901600000150203,1,2,2,1,2,1,2,2,1,2,2,2,1
14,011901600000160217,1,2,2,2,2,1,2,2,1,2,2,2,1
14,011901600000170232,1,2,2,2,2,1,1,2,1,2,1,2,1
14,011901600000190260,1,2,2,2,2,2,2,2,1,2,2,2,2
14,012700300000010006,1,2,2,2,2,2,2,2,2,2,2,2,2
14,012700300000020012,1,2,2,2,2,2,2,2,2,2,2,2,1
14,012700300000030020,1,2,2,2,2,2,2,2,2,2,2,2,2
14,012700300000040029,1,2,2,2,2,1,1,2,1,2,2,2,1
14,012700300000090069,1,2,2,2,2,1,1,2,1,2,2,2,1
14,012700300000100077,1,2,2,2,2,1,2,2,2,2,2,2,2
14,012700300000110086,1,2,2,2,2,1,1,2,1,2,2,2,1
14,012700300000140108,1,2,2,2,2,1,2,2,2,2,2,2,2
14,012700300000150117,1,2,2,2,2,1,2,2,2,2,2,2,1
14,012700300000158001,1,2,2,2,2,2,2,2,2,2,2,2,1
14,012700300000160124,1,2,2,2,1,2,2,2,2,2,2,2,1
14,012700300000180139,1,2,2,2,1,1,2,2,2,2,2,2,2
14,012700300000190148,1,2,2,2,2,2,2,2,2,2,2,2,1
14,012700300000220172,1,2,2,2,2,1,1,2,1,2,2,2,1
14,012700300000230181,1,2,2,2,2,1,2,2,2,2,2,2,1
14,110100500100028001,1,2,2,2,2,2,2,2,2,2,2,2,1
14,110100500100030046,1,2,2,2,1,2,2,2,2,2,2,2,1
14,110100500100040056,1,1,1,1,1,1,2,2,2,2,1,2,1
14,110100500100078002,1,2,1,1,1,1,1,2,2,2,1,2,1
14,110100500100080116,1,2,2,2,1,1,2,2,2,2,2,2,1
14,110100500100098003,1,2,2,2,1,1,2,2,2,2,2,2,1
14,110100500100100144,1,2,2,1,2,1,1,2,2,2,1,2,1
14,110100500100130186,1,1,2,1,1,1,1,2,2,2,1,1,1
14,110100500100150218,1,2,2,1,2,1,2,2,2,2,1,2,1
14,110100500100160235,1,2,2,2,1,1,2,2,2,2,1,2,1
14,110100500100170255,1,1,1,1,1,1,1,2,2,2,1,1,1
14,110100500100180268,1,1,2,2,2,1,2,2,2,2,1,2,1
14,110100500100190284,1,2,2,1,1,1,1,2,2,2,1,2,1
14,110100500100200299,1,1,2,2,1,1,1,2,2,2,1,2,1
14,110100500100210321,1,2,2,2,2,1,2,2,2,2,2,2,2
14,110100500100220340,1,2,2,2,2,1,2,2,2,2,2,2,2
14,110100500100230358,1,2,2,2,1,1,2,2,2,2,2,2,1
14,110100500100240376,1,1,2,2,1,1,2,2,2,2,1,2,1
14,110200200100010015,1,2,2,1,1,1,1,2,2,2,2,2,1
14,110200200100028001,1,2,2,1,1,1,1,2,2,2,1,2,1
14,110200200100030066,1,2,2,2,1,1,2,2,2,2,1,2,1
14,110200200100050119,1,2,1,1,2,1,2,2,2,2,1,1,1
14,110200200100050120,1,2,2,2,2,1,1,2,2,2,1,2,1
14,110200200100060151,1,2,2,2,2,1,2,2,2,2,2,2,1
14,110200200100078006,1,2,2,2,2,2,2,2,2,2,2,2,1
14,110200200100080213,1,2,2,1,2,1,1,2,2,2,1,2,1
14,110200200100090238,1,2,2,2,2,1,1,2,2,2,2,2,1
14,110200200100100267,1,2,2,2,1,2,2,2,2,2,1,2,2
14,110200200100110297,1,2,2,1,1,1,2,2,2,2,2,2,1
14,110200200100128007,1,2,2,2,2,2,2,2,2,2,2,2,1
14,110200200100130363,1,2,2,2,1,2,2,2,2,2,2,2,1
14,110200200100140392,1,2,1,1,1,1,1,2,2,2,1,1,1
14,110200200100160451,1,2,2,2,2,2,2,2,2,2,1,2,1
14,110200200100178005,1,2,2,2,2,1,1,2,2,2,1,2,1
14,110200200100180014,1,2,2,2,2,1,2,2,2,2,2,2,2
14,110200200100190042,1,2,2,1,1,1,1,2,2,2,1,1,1
14,110200200100220130,1,2,2,2,2,1,2,2,2,2,2,2,1
14,110200200100230157,1,2,2,2,1,1,2,2,2,2,2,2,1
14,110200400100018001,1,1,1,1,1,1,1,2,2,2,1,2,1
14,110200400100028007,1,2,2,2,2,1,1,2,2,2,1,2,1
14,110200400100038002,1,2,2,2,1,1,1,2,2,2,1,2,1
14,110200400100058003,1,2,1,1,1,1,1,2,2,2,1,1,1
14,110200400100068004,1,1,1,1,1,1,1,2,2,2,1,1,1
14,110200400100118005,1,2,2,2,2,1,2,2,2,2,2,2,1
14,110200400100120223,1,1,2,1,1,2,2,2,2,2,2,2,1
14,110200400100130243,1,1,1,2,1,1,1,2,2,2,1,2,1
14,110200400100140262,1,1,1,1,1,1,1,2,2,2,1,2,1
14,110200400100160301,1,2,2,2,1,1,1,2,2,2,1,2,1
14,110200400100170321,1,2,1,1,2,1,2,2,2,2,2,2,1
14,110200400100180341,1,2,2,2,1,1,2,2,2,2,2,2,1
14,110200400100200380,1,2,1,2,1,1,2,2,2,2,2,2,1
14,110201000000010003,1,2,2,1,2,1,1,2,2,2,1,2,1
14,110201000000020011,1,2,2,1,1,1,1,2,2,2,1,2,1
14,110201000000038001,1,1,1,1,1,1,1,2,2,2,1,1,1
14,110201000000040025,1,2,1,1,2,1,1,2,2,2,1,1,1
14,110201000000058002,1,2,1,1,1,1,1,2,2,2,1,1,1
14,110201000000078004,1,2,2,1,1,1,1,2,2,2,1,1,1
14,110201000000088012,1,2,1,1,1,1,1,2,2,2,1,2,1
14,110201000000098013,1,2,1,1,2,1,1,2,2,2,2,2,1
14,110201000000108014,1,2,1,1,1,1,1,2,1,2,1,1,1
14,110201000000118006,1,1,1,1,1,1,1,2,1,2,1,1,1
14,110201000000128007,1,2,2,1,1,1,1,2,2,2,1,2,1
14,110201000000130093,1,1,1,1,1,1,1,2,2,2,1,1,1
14,110201000000148008,1,2,2,1,1,1,1,2,2,2,1,2,1
14,110201000000150110,1,2,2,2,1,1,1,2,2,2,1,2,1
14,110201000000160119,1,1,1,1,1,1,1,2,2,2,1,1,1
14,110201000000180137,1,1,1,1,1,1,1,2,2,2,1,1,1
14,110201000000190145,1,2,1,1,2,1,1,2,2,2,1,1,1
14,110201000000200153,1,2,2,1,1,1,1,2,2,2,2,1,1
14,110201000000210162,1,1,1,1,1,1,1,2,2,2,1,1,1
14,110201000000228009,1,1,1,1,1,1,1,2,2,2,1,1,1
14,110201000000230177,1,2,1,1,1,1,1,2,2,2,1,2,1
14,110201000000248016,1,2,2,1,1,1,1,2,2,2,1,1,1
14,110201000000258010,1,2,1,1,2,1,1,2,2,2,1,1,1
14,110201000000260202,1,2,2,2,1,2,2,2,2,2,2,2,1
14,110203000000018004,1,2,1,1,2,1,1,2,2,2,1,2,1
14,110203000000020038,1,2,1,1,1,1,1,2,1,2,1,1,1
14,110203000000030062,1,1,1,1,1,1,1,2,2,2,1,1,1
14,110203000000050104,1,2,1,2,1,1,1,2,2,2,1,2,1
14,110203000000060126,1,2,1,1,1,1,1,2,2,2,1,2,1
14,110203000000078001,1,2,1,1,1,1,1,2,2,2,1,2,1
14,110203000000088005,1,2,1,1,1,1,1,2,2,2,2,2,1
14,110203000000098002,1,1,1,1,2,1,1,2,2,2,1,1,1
14,110203000000100222,1,2,1,1,2,1,1,2,2,2,1,1,1
14,110203000000110246,1,2,1,1,1,1,1,2,1,2,1,1,1
14,110203000000140307,1,1,2,1,1,1,1,2,2,2,1,1,1
14,110204100000010004,1,1,2,1,1,1,1,2,1,2,1,1,1
14,110204100000028001,1,1,1,1,2,1,1,2,1,2,2,1,1
14,110204100000038002,1,1,1,1,2,1,1,2,1,2,1,1,1
14,110204100000040061,1,2,1,1,1,1,1,2,2,2,1,1,1
14,110204100000050078,1,2,1,2,2,1,1,2,2,2,1,2,1
14,110204100000070110,1,2,1,2,2,1,1,2,2,2,1,2,1
14,110204100000088004,1,2,2,2,1,1,1,2,1,2,2,2,1
14,110204100000090146,1,1,1,1,2,1,1,2,2,2,1,1,1
14,110204100000108005,1,2,1,1,1,1,1,2,2,2,1,1,1
14,110204100000110176,1,1,2,1,1,1,1,2,2,2,1,1,1
14,110204100000200245,1,1,1,2,1,1,1,2,2,2,1,1,1
14,110204100000210262,1,2,1,1,2,1,1,2,2,2,1,2,1
14,110204100000228003,1,1,1,1,1,1,1,2,1,2,1,1,1
14,110204700000018019,1,2,1,2,2,1,1,2,2,2,1,2,1
14,110204700000020019,1,2,1,2,2,1,2,2,2,2,1,2,1
14,110204700000030032,1,2,2,2,1,1,2,2,2,2,2,2,1
14,110204700000048020,1,2,1,1,1,1,1,2,2,2,1,1,1
14,110204700000058003,1,2,2,1,1,1,1,2,2,2,1,1,1
14,110204700000060064,1,1,1,1,2,1,1,2,2,2,1,1,1
14,110204700000078014,1,2,1,2,2,1,2,2,2,2,2,2,1
14,110204700000090093,1,2,2,1,1,1,1,2,2,2,2,1,1
14,110204700000100103,1,2,1,2,2,1,1,2,2,2,1,1,1
14,110204700000128005,1,2,2,2,1,1,1,2,2,2,1,2,1
14,110204700000138006,1,2,2,1,1,1,1,2,2,2,1,1,1
14,110204700000150165,1,2,1,1,1,1,1,2,2,2,2,2,1
14,110204700000160178,1,2,2,2,1,1,1,2,2,2,1,2,1
14,110204700000170193,1,2,2,2,1,1,1,2,2,2,1,2,1
14,110204700000188021,1,2,2,1,2,2,2,2,2,2,2,1,1
14,110204700000198016,1,2,1,2,2,2,2,2,2,2,2,2,1
14,110204700000208022,1,2,1,2,1,1,1,2,2,2,1,1,1
14,110204700000210241,1,2,2,1,1,1,1,2,2,2,1,1,1
14,110204700000228009,1,2,2,1,2,1,1,2,2,2,1,2,2
14,110204700000230270,1,2,1,1,1,1,1,2,2,2,1,1,1
14,110204700000240284,1,2,2,1,2,1,2,2,2,2,2,2,2
14,110204700000258018,1,1,2,2,2,1,1,2,2,2,1,2,1
14,110204700000260309,1,2,2,2,1,2,2,2,2,2,2,2,2
14,110204700000278023,1,1,2,1,1,1,1,2,2,2,1,1,1
14,110204700000288011,1,2,2,2,2,1,1,2,2,2,2,2,2
14,110204700000290347,1,2,1,1,1,1,1,2,2,2,1,1,1
14,110204700000308012,1,2,2,1,1,1,1,2,2,2,1,2,2
14,110205000500010012,1,2,2,2,2,1,2,2,2,2,1,1,1
14,110205000500028002,1,2,2,2,1,1,2,2,2,2,2,2,1
14,110205000500030120,1,2,2,1,1,1,1,2,2,2,2,2,1
14,110205000500048003,1,2,2,2,1,1,2,2,2,2,2,2,1
14,110205000500050216,1,2,2,2,1,1,2,2,2,2,2,2,1
14,110206200100010004,1,2,2,1,1,1,1,2,2,2,1,2,1
14,110206200100028001,1,2,1,1,1,1,1,2,2,2,1,1,1
14,110206200100048002,1,1,2,2,2,1,2,2,2,2,1,1,1
14,110206200100060142,1,2,1,2,2,1,1,2,2,2,1,2,2
14,110206200100078003,1,2,2,2,2,1,1,2,2,2,1,1,1
14,110206200100088008,1,2,1,1,1,1,1,2,2,2,1,2,1
14,110206200100108007,1,1,1,1,1,1,1,2,2,2,1,1,1
14,110206200100110284,1,2,2,1,1,1,2,2,2,2,1,2,1
14,110206200100128004,1,2,1,2,1,1,1,2,2,2,1,1,1
14,110206200100138005,1,2,2,1,2,1,1,2,2,2,1,2,1
14,110206600000028002,1,1,2,2,1,1,2,2,2,2,2,2,1
14,110206600000038006,1,1,2,1,2,1,1,2,2,2,1,1,1
14,110206600000048007,1,1,1,1,2,1,1,2,2,2,2,1,1
14,110206600000080185,1,2,2,2,2,1,2,2,2,2,2,2,1
14,110206600000098009,1,2,2,2,2,1,2,2,2,2,2,2,1
14,110208700100020034,1,2,1,2,1,1,2,2,2,2,2,2,1
14,110208700100030050,1,1,2,2,1,1,1,2,2,2,1,1,1
14,110208700100048010,1,2,2,2,2,1,1,2,2,2,2,2,1
14,110208700100058002,1,2,2,2,2,1,1,2,2,2,1,2,1
14,110208700100068003,1,2,1,2,2,1,1,2,2,2,1,2,1
14,110208700100070118,1,2,2,1,2,1,2,2,2,2,1,1,1
14,110208700100080135,1,1,2,1,1,1,1,2,2,2,1,1,1
14,110208700100098008,1,2,2,1,1,1,1,2,2,2,2,2,1
14,110208700100100169,1,2,1,1,1,1,1,2,2,2,1,1,1
14,110208700100118004,1,2,1,1,1,1,1,2,2,2,1,1,1
14,110208700100120203,1,2,2,2,2,1,2,2,2,2,1,2,1
14,110208700100130220,1,1,1,2,1,1,1,2,2,2,1,1,1
14,110208700100148005,1,2,2,2,1,1,1,2,2,2,1,2,1
14,110208700100150254,1,2,2,2,1,1,1,2,2,2,1,2,1
14,110208700100168011,1,2,2,2,2,1,1,2,2,2,1,2,1
14,110208700100170288,1,2,1,1,1,1,1,2,2,2,1,2,1
14,110208700100180305,1,1,2,2,1,1,1,2,2,2,2,2,1
14,110208700100198007,1,2,2,2,1,1,1,2,2,2,2,2,1
14,110210500000020030,1,2,2,2,2,1,2,2,2,2,2,2,1
14,110210500000020031,1,2,1,2,1,1,1,2,2,2,1,1,1
14,110210500000030051,1,2,2,2,1,1,1,2,2,2,1,1,1
14,110210500000040069,1,2,2,2,1,1,1,2,2,2,1,1,1
14,110210500000050087,1,2,1,2,2,1,1,2,2,2,1,1,1
14,110210500000070122,1,1,2,1,2,1,1,2,2,2,2,1,1
14,110210500000088002,1,2,2,2,2,2,2,2,2,2,2,2,1
14,110210500000090160,1,2,2,2,2,1,1,2,2,2,1,2,2
14,110210500000110199,1,2,2,2,2,1,2,2,2,2,2,2,1
14,110210500000110200,1,1,1,1,1,1,1,2,1,2,1,1,1
14,110210500000110201,1,1,1,1,1,1,1,2,2,2,2,2,2
14,110210500000120220,1,1,1,1,1,1,1,2,2,2,1,1,1
14,110210500000130239,1,2,1,2,2,1,1,2,2,2,1,1,1
14,110210500000140259,1,2,2,2,1,1,2,2,2,2,1,2,2
14,110210500000150277,1,2,2,2,1,1,1,2,2,2,1,1,1
14,110210500000160304,1,2,1,1,1,1,1,2,2,2,1,1,1
14,110211000000010002,1,1,1,1,2,1,1,2,1,2,1,1,1
14,110211000000020036,1,2,2,1,1,1,2,2,2,2,2,2,1
14,110211000000030068,1,1,1,1,1,1,1,2,1,2,1,1,1
14,110211000000070199,1,2,2,2,2,2,2,2,2,2,1,1,1
14,110211000000080235,1,1,2,1,2,1,1,2,2,2,2,2,1
14,110211000000090271,1,2,2,1,1,1,2,2,2,2,1,2,1
14,110211000000100304,1,2,2,2,1,1,2,2,2,2,1,2,1
14,110211000000118004,1,2,2,2,2,1,2,2,2,2,2,2,1
14,110211000000120377,1,2,2,2,2,1,2,2,2,2,2,2,2
14,110211000000130414,1,1,2,1,1,1,1,2,1,2,1,1,1
14,110211000000140451,1,2,2,2,2,1,2,2,2,2,2,1,1
14,110211000000150489,1,2,2,2,1,1,2,2,2,2,2,2,1
14,110211000000160526,1,2,2,1,2,1,2,2,2,2,2,2,1
14,110211000000178002,1,2,2,2,1,2,2,2,2,2,1,2,2
14,110211000000188003,1,2,2,1,2,1,2,2,2,2,1,2,1
14,110211000000198005,1,2,2,2,1,1,1,2,2,2,2,1,1
14,110211000000208006,1,2,2,1,1,1,2,2,2,2,2,2,1
14,110211000000220739,1,2,1,1,1,1,1,2,2,2,1,1,1
14,110211000000230767,1,2,2,2,1,1,2,2,2,2,1,2,1
14,110215400100018001,1,2,2,2,1,1,2,2,2,2,1,2,1
14,110215400100028005,1,2,2,2,1,1,2,2,2,2,2,2,1
14,110215400100030054,1,2,2,2,1,1,1,2,2,2,2,2,1
14,110215400100050090,1,2,2,1,1,1,1,2,2,2,1,1,1
14,110215400100060108,1,2,2,2,2,1,2,2,2,2,2,2,1
14,110215400100088002,1,2,1,2,1,1,1,2,2,2,1,2,1
14,110215400100098006,1,2,1,1,2,1,1,2,2,2,1,2,1
14,110215400100128003,1,2,1,2,1,1,2,2,2,2,2,2,1
14,110215400100140253,1,1,1,2,1,1,1,2,2,2,1,2,1
14,110215400100150271,1,2,2,1,2,1,1,2,2,2,1,1,1
14,110215400100170307,1,2,2,2,2,1,1,2,2,2,2,2,1
14,110215400100188004,1,1,2,1,1,1,1,2,2,2,1,1,1
14,110501000100018001,1,2,2,1,1,1,1,2,2,2,1,1,1
14,110501000100020036,1,2,2,1,1,1,1,2,2,2,1,1,1
14,110501000100030054,1,2,2,2,1,1,2,2,2,2,1,2,1
14,110501000100040070,1,2,2,2,2,1,1,2,2,2,1,1,1
14,110501000100060098,1,2,2,2,1,2,2,2,2,2,2,2,1
14,110501000100080133,1,2,2,2,1,1,2,2,2,2,2,2,1
14,110501000100080134,1,2,2,2,1,1,2,2,2,2,2,1,1
14,110501000100090150,1,2,1,2,2,1,2,2,2,2,1,2,1
14,110501000100130218,1,2,2,2,1,1,1,2,2,2,1,2,1
14,110501000100140238,1,2,2,2,2,2,1,2,2,2,1,2,1
14,110501300200010019,1,2,1,2,2,1,2,2,2,2,1,2,1
14,110501300200020036,1,2,2,1,1,1,2,2,2,2,1,2,1
14,110501300200030050,1,2,2,2,2,1,2,2,2,2,2,2,1
14,110501300200040066,1,2,2,2,2,2,2,2,2,2,2,2,1
14,110501300200050083,1,2,2,2,2,1,1,2,2,2,2,2,1
14,110501300200060100,1,2,2,2,2,1,1,2,2,2,2,2,1
14,110501300200070117,1,2,2,2,2,1,2,2,2,2,2,2,1
14,110501300200088001,1,2,2,2,1,1,1,2,2,2,2,2,1
14,110501300200090151,1,2,2,2,2,1,2,2,2,2,2,2,1
14,110501300200100168,1,2,2,2,1,2,1,2,2,2,2,2,1
14,110501300200110184,1,2,2,2,1,2,2,2,2,2,2,2,1
14,110501300200120199,1,2,2,2,2,1,1,2,2,2,2,2,1
14,110501300200140228,1,2,2,2,2,1,1,2,2,2,2,2,1
14,110501300200158002,1,2,2,2,1,2,2,2,2,2,2,2,1
14,110501500100010008,1,2,2,2,1,1,2,2,2,2,2,2,1
14,110501500100020017,1,2,1,2,2,1,2,2,2,2,1,2,1
14,110501500100030025,1,2,2,2,2,1,2,2,2,2,2,2,1
14,110501500100040036,1,2,2,2,2,2,2,2,2,2,2,2,1
14,110501500100050046,1,2,2,2,1,1,2,2,2,2,1,2,1
14,110501500100060054,1,1,2,2,1,1,2,2,2,2,2,1,1
14,110600100800018001,1,2,2,2,2,1,1,2,2,2,2,2,1
14,110600100800020087,1,2,2,1,1,1,2,2,2,2,2,2,1
14,110600100800030157,1,2,2,2,2,1,1,2,2,2,2,2,1
14,110600100800048002,1,2,2,2,2,1,1,2,2,1,1,2,1
14,110600800300010022,1,2,2,2,1,1,2,2,2,2,1,2,1
14,110600800300020040,1,2,2,2,2,1,1,2,2,2,1,2,1
14,110600800300030059,1,2,1,2,1,1,1,2,2,2,1,1,2
14,110600800300040079,1,2,2,2,1,1,1,2,2,2,1,1,1
14,110600800300050098,1,2,2,2,2,2,2,2,2,2,2,2,2
14,110600800300060116,1,2,1,2,1,1,1,2,2,1,2,2,1
14,110600800300070136,1,2,2,2,2,1,1,2,2,2,1,2,1
14,110600800300080154,1,2,2,2,2,1,1,2,2,2,2,2,1
14,110600800300090174,1,2,1,1,1,1,1,2,1,1,1,2,1
14,110600800300100196,1,2,2,2,2,1,1,2,2,2,1,2,1
14,110600800300110215,1,1,1,1,1,1,1,2,2,2,1,1,1
14,110600800300128002,1,2,2,2,2,2,2,2,2,2,2,2,1
14,110600800300130255,1,2,2,2,1,1,2,2,2,2,2,2,1
14,110600800300150296,1,2,2,2,2,1,1,2,2,2,2,2,2
14,110600800300168001,1,2,2,2,2,2,2,2,2,2,2,1,1
14,110801800000020039,1,2,2,2,1,2,2,2,2,2,2,2,1
14,110801800000030058,1,2,2,2,1,2,1,2,2,2,2,2,1
14,110801800000040075,1,2,2,2,1,2,2,2,2,2,2,2,2
14,110801800000050092,1,2,2,2,1,1,2,2,2,2,1,2,1
14,110801800000078001,1,2,2,2,1,2,2,2,2,2,2,2,2
14,110801800000088003,1,2,2,2,1,2,2,2,2,2,2,2,2
14,110801800000110206,1,2,2,2,1,2,2,2,2,2,2,2,2
14,110801800000120225,1,2,2,2,1,1,2,2,2,2,2,2,2
14,110801800000130240,1,2,2,2,1,1,2,2,2,2,2,2,1
14,110801800000140261,1,2,2,2,1,2,2,2,2,2,2,2,2
14,110801800000158002,1,2,2,2,1,2,2,2,2,2,2,2,2
14,110801800000160296,1,2,2,2,2,2,2,2,2,2,2,2,2
14,110801800000170314,1,2,2,2,1,1,2,2,2,2,2,2,2
14,110801800000180328,1,2,2,2,1,1,1,2,1,2,1,2,1
14,110900300200010012,1,2,2,2,1,1,2,2,2,2,2,2,1
14,110900300200040122,1,1,2,2,2,1,1,2,2,2,1,1,1
14,110900300200050158,1,2,2,2,1,1,1,2,2,2,1,2,1
14,110900300200078001,1,2,1,1,2,1,2,2,2,2,1,2,1
14,111000500500018022,1,2,2,2,2,1,1,2,2,2,2,2,2
14,111000500500028023,1,2,2,2,1,2,2,2,2,2,2,2,1
14,111000500500038015,1,2,2,1,1,2,2,2,2,2,2,2,1
14,111000500500048024,1,2,1,2,1,1,1,2,2,2,1,1,1
14,111000500500050176,1,2,2,2,1,1,2,2,1,2,2,2,1
14,111000500500068005,1,2,1,2,2,1,1,2,2,2,2,2,1
14,111000500500080290,1,2,2,2,1,1,2,2,2,2,2,2,2
14,111000500500098025,1,2,1,2,1,2,2,2,2,2,2,2,1
14,111000500500108026,1,2,2,1,2,2,2,2,2,2,2,2,1
14,111000500500118027,1,1,2,1,2,1,1,2,2,2,1,1,1
14,111000500500128019,1,2,2,2,1,1,1,2,2,2,2,2,1
14,111000500500138028,1,2,2,1,2,2,2,2,2,2,2,2,1
14,111000500500148010,1,2,1,2,1,1,1,2,2,2,2,1,1
14,111000500500150590,1,1,1,1,2,1,1,2,2,2,1,1,1
14,111000500500168011,1,2,1,1,2,1,2,2,2,2,2,1,1
14,111000500500178029,1,2,1,2,2,1,2,2,2,2,1,2,1
14,111000700000010023,1,2,2,2,1,1,2,2,2,2,2,2,1
14,111000700000020036,1,2,2,2,1,2,2,2,2,2,1,2,2
14,111000700000040062,1,2,2,2,1,1,1,2,2,2,2,2,1
14,111000700000050075,1,2,2,1,1,1,1,2,2,2,1,2,1
14,111000700000060088,1,2,2,2,1,1,2,2,2,2,2,2,2
14,111000700000080115,1,2,2,2,2,1,2,2,2,2,2,2,1
14,111000700000090128,1,2,2,2,1,1,1,2,2,2,2,2,1
14,111000700000100141,1,2,1,2,1,1,1,2,2,2,1,2,1
14,111000700000110153,1,1,1,2,2,2,1,2,2,2,2,1,1
14,111000700000120167,1,2,2,2,1,1,2,2,2,2,2,2,1
14,111000700000130180,1,2,2,2,2,2,2,2,2,2,2,2,1
14,111000700000140194,1,2,2,2,1,2,2,2,2,2,2,2,1
14,111000700000158001,1,2,2,2,1,2,2,2,2,2,2,2,1
14,111000700000168003,1,2,1,1,1,1,1,2,2,2,2,1,1
14,111001100400028001,1,2,1,2,1,1,2,2,2,2,1,2,1
14,111001100400038006,1,1,1,1,1,1,1,2,2,2,1,1,1
14,111001100400058007,1,2,1,1,1,1,1,2,2,2,1,2,1
14,111001100400078008,1,1,1,2,1,1,2,2,1,2,1,2,1
14,111100100200020013,1,2,2,2,2,1,2,2,2,2,1,2,1
14,111100100200030029,1,2,2,2,1,1,2,2,2,2,1,2,1
14,111100100200050057,1,2,2,2,2,2,2,2,2,2,2,2,2
14,111100100200068001,1,2,2,2,1,1,1,2,2,2,1,2,1
14,111100100200070082,1,2,2,2,1,2,2,2,2,2,2,2,1
14,111100100200080099,1,2,2,2,2,1,2,2,2,2,2,2,1
14,111101000100020062,1,1,2,1,2,1,1,2,1,2,1,2,1
14,111101000100028003,1,1,2,1,1,1,1,2,2,2,2,2,1
14,111101000100030093,1,2,2,2,2,2,2,2,2,2,2,2,2
14,111101000100040120,1,1,2,1,2,1,1,2,2,2,1,2,1
14,111101000100058001,1,2,2,2,2,1,1,2,2,2,1,2,1
14,111101000100070202,1,2,2,2,2,1,2,2,2,2,2,2,1
14,111101000100080225,1,2,2,2,2,1,1,2,2,2,1,2,1
14,111101000100090243,1,2,2,1,1,1,1,2,2,2,1,2,1
14,111101000100100261,1,2,2,2,2,1,2,2,2,2,2,2,1
14,111101000100110279,1,2,2,2,2,1,2,2,2,2,1,2,1
14,111101000100130315,1,2,2,2,1,1,1,2,2,2,1,2,1
14,111101200300010015,1,1,2,2,2,1,1,2,2,2,1,2,1
14,111101200300020030,1,2,2,2,2,2,2,2,2,2,2,2,2
14,111101200300030045,1,1,2,2,1,1,2,2,2,2,2,2,1
14,111101200300040060,1,1,2,2,2,1,2,2,2,2,2,2,1
14,111101200300050075,1,2,2,2,2,1,1,2,2,2,2,2,1
14,111101200300060090,1,2,1,1,2,1,2,2,2,2,2,2,1
14,111101200300070105,1,2,2,2,2,1,2,2,2,2,2,2,1
14,111101200300080120,1,1,1,2,2,1,1,2,2,2,1,2,1
14,111300300300010017,1,2,1,1,1,1,1,2,2,2,2,2,1
14,111300300300028001,1,2,2,1,1,1,1,2,2,2,2,2,1
14,111300700200010014,1,2,2,1,2,1,2,2,2,2,2,2,1
14,111300700200020034,1,2,2,2,1,1,2,2,2,2,2,2,1
14,111300700200050086,1,2,2,2,2,1,1,2,2,2,1,1,1
14,111300700200060105,1,2,2,2,2,1,2,2,2,2,2,2,1
14,111300700200070123,1,2,2,2,2,1,2,2,2,2,2,2,1
14,111300700200100178,1,2,2,1,2,1,2,2,2,2,2,2,1
14,111300700200110194,1,2,2,2,2,1,2,2,2,2,2,2,1
14,111300700200128002,1,2,2,2,1,1,2,2,2,2,2,2,1
14,111300700200130234,1,2,2,2,1,2,2,2,2,2,2,2,1
14,111300700200140252,1,2,2,2,1,1,2,2,2,2,2,2,1
14,111300700200158003,1,2,2,2,1,1,2,2,2,2,1,2,1
14,111300700200198004,1,2,1,1,1,1,1,2,2,2,1,1,1
14,111300700200208005,1,2,1,2,1,1,1,2,2,2,1,2,1
14,111300700200220376,1,2,2,1,2,1,1,2,2,2,1,1,1
14,111300700200230396,1,2,2,2,2,2,1,2,2,2,2,2,1
14,111400300100020023,1,1,1,2,1,1,2,2,2,2,1,2,2
14,111400300100030035,1,2,2,2,1,1,1,2,2,2,1,2,1
14,111400300100040047,1,2,2,2,2,1,2,2,2,2,2,2,1
14,111400300100050058,1,2,2,2,2,2,2,2,2,2,2,2,2
14,111400300100068001,1,2,2,2,1,1,1,2,2,2,2,2,1
14,111400300100070082,1,2,2,2,1,1,2,2,2,2,2,2,1
14,111400300100080094,1,2,2,2,1,1,2,2,2,2,2,2,1
14,111400300100110130,1,2,2,2,2,1,1,2,2,2,2,2,2
14,270100100000010002,1,2,2,2,2,1,2,2,2,2,2,2,2
14,270100100000028004,1,2,2,2,2,1,2,2,2,2,2,2,2
14,270100100000030048,1,2,2,2,2,1,2,2,2,2,2,2,2
14,270100100000048005,1,2,2,2,2,1,2,2,2,2,2,2,2
14,270100100000068002,1,2,2,2,2,1,2,2,2,2,2,2,2
14,270100100000070112,1,2,2,1,2,1,2,2,2,2,1,2,2
14,270100100000090150,1,2,2,2,2,1,2,2,2,2,1,2,2
14,270100100000100170,1,2,2,2,2,1,1,2,2,2,2,2,2
14,270100100000120206,1,2,2,1,2,1,2,2,2,2,2,2,2
14,270100100000178003,1,2,2,2,2,1,2,2,2,2,2,2,2
14,270100100000180316,1,2,2,2,2,2,2,2,2,2,2,2,2
14,270100100000190333,1,2,2,2,2,2,2,2,2,2,2,2,2
14,270402300000010004,1,2,2,2,2,1,2,2,2,2,2,2,2
14,270402300000020010,1,2,2,2,2,1,2,2,2,2,2,2,2
14,270402300000030018,1,2,2,1,1,1,1,2,1,2,1,1,2
14,270402300000040025,1,2,1,1,1,1,1,2,1,2,1,1,2
14,270402300000050030,1,2,2,1,2,1,1,2,1,2,2,2,2
14,270402300000060037,1,2,2,2,2,2,2,2,2,2,2,2,1
14,270402300000080052,1,2,2,1,2,1,1,2,1,2,2,1,1
14,270402300000090059,1,2,2,1,2,1,2,2,2,2,2,1,2
14,270402300000120077,1,2,2,2,2,1,2,2,1,2,2,2,2
14,270402300000140090,1,2,1,2,2,1,2,2,1,2,2,2,2
14,270402300000150098,1,2,2,2,2,2,2,2,2,2,2,2,1
14,270402300000160105,1,2,2,2,2,2,2,2,2,2,2,2,1
14,270402300000170113,1,2,2,2,1,2,2,2,2,2,2,2,1
14,270402300000190128,1,2,2,2,1,1,2,2,1,2,2,2,1
14,270402300000200134,1,2,2,1,2,1,2,2,2,2,2,2,2
14,270402300000210141,1,2,2,2,1,1,2,2,1,2,1,2,2
14,270402300000228001,1,2,2,2,2,1,1,2,1,2,2,2,2
14,270402300000238002,1,2,2,1,2,1,1,2,1,2,2,2,1
14,270402300000240162,1,2,2,2,2,1,2,2,1,2,2,2,2
14,270402600000010006,1,2,2,2,2,1,1,2,1,2,2,2,2
14,270402600000020030,1,2,2,2,1,1,2,2,2,2,2,2,1
14,270402600000030051,1,2,2,2,1,1,2,2,1,2,2,2,1
14,270402600000040071,1,2,2,2,2,1,2,2,1,2,2,2,1
14,270402600000058001,1,2,2,2,2,1,2,2,2,2,2,2,2
14,270402600000070136,1,2,2,1,2,1,1,2,1,2,1,2,1
14,270402600000080162,1,2,2,1,2,1,1,2,1,2,1,1,1
14,270402600000100209,1,2,2,1,2,1,1,2,1,2,2,2,2
14,270402600000110240,1,2,2,2,2,1,1,2,1,1,2,1,1
14,270402600000148002,1,2,1,1,2,1,1,2,1,2,1,1,1
14,270402600000150322,1,2,2,2,1,1,2,2,2,2,2,1,2
14,270402600000160346,1,2,2,2,2,1,2,2,2,2,2,2,2
14,270402600000170366,1,2,2,2,1,1,1,2,1,1,1,2,2
14,270701900000010002,1,2,2,2,2,1,2,2,2,2,2,2,1
14,270701900000020012,1,2,2,2,1,1,2,2,2,2,2,2,1
14,270701900000088002,1,2,2,2,2,1,2,2,2,2,2,2,1
14,270701900000090083,1,2,2,1,1,2,2,2,2,2,2,2,1
14,270701900000100093,1,2,2,2,2,1,2,2,1,2,2,2,1
14,270701900000118003,1,2,2,2,2,1,1,2,2,2,2,2,1
14,270701900000130122,1,2,2,2,2,1,2,2,2,2,2,2,2
14,270701900000140132,1,2,2,2,2,1,2,2,2,2,2,2,1
14,270701900000150142,1,2,2,2,1,1,1,2,2,2,2,2,2
14,270701900000180172,1,2,2,2,1,2,2,2,2,2,2,2,2
14,270800600000030032,1,2,2,2,2,1,2,2,2,2,2,2,2
14,270800600000050056,1,2,2,2,2,1,2,2,2,2,2,2,2
14,270800600000070079,1,2,2,2,2,1,2,2,2,2,2,2,2
14,270800600000080090,1,2,2,2,2,2,2,2,2,2,2,2,2
14,270800600000110124,1,2,2,2,2,2,2,2,2,2,2,2,1
14,270800600000120137,1,2,2,2,2,1,2,2,2,2,2,2,1
14,270800600000130151,1,2,2,2,1,2,2,2,2,2,2,2,2
14,270800600000150176,1,2,2,2,2,1,2,2,2,2,2,2,2
14,270800600000160189,1,2,2,1,2,1,2,2,2,2,2,2,2
14,270800600000170199,1,2,2,1,2,1,2,2,2,2,2,2,2
14,270800600000188001,1,2,2,1,2,1,2,2,2,2,2,2,2
14,271001200000040029,1,2,2,2,2,2,1,2,2,2,2,2,2
14,320902100000020029,1,2,2,2,1,1,2,2,1,2,1,2,1
14,320902100000030043,1,2,2,2,2,2,2,2,2,2,2,2,2
14,320902100000040055,1,2,2,2,2,1,2,2,2,2,2,2,2
14,320902100000058001,1,2,2,2,2,1,2,2,1,2,2,2,1
14,320902100000060081,1,2,2,2,2,2,2,2,2,2,2,2,1
14,320902100000070094,1,2,2,2,2,1,2,2,1,2,2,2,1
14,320902100000080108,1,2,2,2,2,1,2,2,1,2,2,2,2
14,320902100000090121,1,2,2,2,2,1,2,2,2,2,2,2,2
14,320902100000100135,1,2,1,2,1,2,1,2,1,1,1,2,1
14,320902100000120163,1,2,2,2,2,1,2,2,1,2,2,2,1
14,320902100000130176,1,2,2,2,2,1,1,2,1,1,2,2,1
14,320902100000140190,1,2,2,2,2,2,2,2,2,2,2,2,1
14,320902100000150204,1,2,2,1,2,1,1,2,1,2,2,2,1
14,320902100000160218,1,2,2,2,1,1,2,2,2,2,2,2,2
14,320902100000170231,1,2,2,2,2,2,2,2,2,2,2,2,2
14,321100600000010012,1,2,2,1,1,1,1,2,1,1,1,2,2
14,321100600000020026,1,2,2,2,2,1,2,2,1,2,2,2,2
14,321100600000038001,1,2,2,2,2,2,2,2,2,2,2,2,2
14,321100600000040054,1,2,2,1,2,1,2,2,1,2,2,1,2
14,321100600000050070,1,2,2,2,2,1,2,2,1,2,2,2,2
14,321100600000068002,1,2,2,2,2,1,2,2,2,2,2,2,2
14,321100600000070102,1,2,2,2,2,1,2,2,1,2,2,2,1
14,321100600000080118,1,2,2,2,2,1,2,2,2,2,2,2,1
14,321100600000100150,1,2,2,2,2,2,2,2,2,2,2,2,2
14,321100600000110166,1,2,2,2,1,1,2,2,1,2,1,2,2
14,321100600000120183,1,2,2,2,1,1,2,2,1,2,2,2,1
14,321100600000130199,1,2,2,2,1,1,1,2,1,2,2,2,2
14,321100600000140213,1,2,2,2,2,1,2,2,2,2,2,2,2
14,321100600000150229,1,2,2,2,1,1,2,2,1,1,1,2,2
14,321100600000160244,1,2,2,1,1,1,2,2,1,2,2,2,2
14,321300800600018001,1,2,2,2,2,2,2,2,1,2,2,2,2
14,321300800600030117,1,2,2,1,1,2,2,2,1,2,2,2,1
14,321300800600048002,1,2,2,1,2,2,1,2,2,2,2,2,1
14,321300800600050208,1,2,2,1,1,1,1,2,1,2,2,2,1
14,321300800600070293,1,2,2,1,1,1,1,2,1,1,2,2,1
14,321300800600098003,1,2,2,2,1,1,2,2,2,2,2,2,1
14,321302200100020025,1,2,2,2,1,1,2,2,1,2,2,1,1
14,321302200100038001,1,2,2,2,2,1,2,2,1,2,2,2,1
14,321302200100040060,1,2,2,2,1,1,2,2,1,2,2,2,1
14,321302200100060091,1,2,1,1,1,1,1,1,1,2,2,1,1
14,321302200100070109,1,2,2,1,1,1,1,2,1,2,2,1,1
14,321302200100080127,1,2,2,1,2,1,2,2,1,2,2,2,1
14,321302200100090143,1,2,2,1,1,1,2,2,1,2,1,2,1
14,321302200100100159,1,2,2,2,2,1,2,2,2,2,2,2,1
14,321302200100120194,1,2,2,1,1,1,1,2,1,2,1,1,1
14,321302200100130211,1,2,2,1,2,1,1,2,1,2,2,2,2
14,321302200100140228,1,2,2,2,2,2,2,2,1,2,2,2,1
14,321302900100018001,1,2,1,1,2,1,1,2,1,2,2,2,1
14,321302900100020040,1,2,2,1,2,1,1,2,1,2,1,1,1
14,321302900100030060,1,2,2,2,1,1,2,2,1,2,2,2,1
14,321302900100040079,1,2,2,2,2,1,2,2,2,2,2,2,2
14,321302900100050098,1,2,2,1,1,1,2,2,1,2,2,1,1
14,321302900100060119,1,2,2,1,1,1,1,2,1,2,1,1,1
14,321302900100070138,1,2,2,1,2,1,1,2,1,2,1,2,1
14,321302900100080157,1,2,2,2,2,1,1,2,2,2,1,2,1
14,321302900100090175,1,2,1,1,1,1,1,1,1,2,2,1,1
14,321302900100100195,1,2,2,2,2,1,2,2,2,2,2,2,2
14,321302900100118005,1,2,2,2,2,1,2,2,1,2,2,2,1
14,321302900100128006,1,2,2,2,2,1,2,2,2,2,2,2,1
14,321302900100130251,1,2,2,1,2,1,1,2,1,2,2,2,1
14,321302900100140271,1,2,1,1,2,1,1,2,1,2,1,1,1
14,321302900100160308,1,2,2,1,2,1,1,2,1,2,2,2,1
14,321302900100170327,1,2,2,1,2,1,2,2,1,2,2,1,1
14,321303800200030028,1,2,2,2,2,2,2,2,2,2,2,2,1
14,321303800200058001,1,2,2,2,2,2,2,2,2,2,2,2,2
14,321303800200070085,1,2,2,2,2,2,2,2,1,2,2,2,1
14,321303800200090115,1,2,2,2,2,1,2,2,2,2,2,2,2
14,321303800200108002,1,2,2,2,2,1,2,2,1,2,2,2,1
14,321303800200120159,1,2,2,2,2,1,2,2,1,2,2,2,1
14,321303800200130174,1,2,2,1,1,1,1,2,1,2,2,1,1
14,321303800200150204,1,2,2,2,2,1,2,2,2,2,2,2,1
14,321303800200160219,1,2,2,2,2,2,2,2,2,2,2,2,1
14,321303800200178003,1,2,1,1,1,1,1,2,1,2,2,2,1
14,321303800200180248,1,2,2,2,2,1,2,2,2,2,2,2,1
14,321303800200190263,1,2,2,2,2,2,2,2,2,2,2,2,2
14,321303800200200278,1,2,2,2,2,1,2,2,1,2,2,2,2
14,321303800200220308,1,2,2,2,2,2,2,2,1,2,2,2,1
14,321303800200240338,1,2,2,2,2,2,2,2,2,2,2,2,2
14,321303800200250353,1,2,2,2,2,1,2,2,1,2,2,2,1
14,321304000000010001,1,2,2,1,1,1,1,2,1,2,1,2,1
14,321501400000010007,1,1,2,1,1,1,1,2,1,2,2,1,1
14,321501400000020016,1,2,2,2,2,1,1,2,2,2,2,2,1
14,321501400000040029,1,2,2,2,2,2,2,2,2,2,2,2,2
14,321501400000050036,1,2,2,1,1,1,2,2,2,2,2,2,2
14,321501400000060045,1,2,1,2,2,1,1,2,1,2,1,2,1
14,321501400000070053,1,2,2,2,2,2,2,2,2,2,2,2,2
14,321501400000080063,1,2,2,2,2,1,2,2,2,2,2,2,2
14,321501400000090071,1,2,2,1,2,1,1,2,1,2,2,2,1
14,321501400000100079,1,2,2,2,2,1,2,2,2,2,2,2,1
14,321501400000120092,1,2,2,2,2,2,2,2,2,2,2,2,2
14,321501400000130099,1,2,2,2,2,2,2,2,2,2,2,2,1
14,321501400000140108,1,2,2,2,2,1,2,2,2,2,2,2,2
14,321501400000150116,1,2,2,2,2,1,2,2,2,2,2,2,1
14,321501400000160125,1,2,2,2,2,2,2,2,2,2,2,2,2
14,321501400000170134,1,2,2,2,2,1,2,2,2,2,2,2,1
14,321501400000180142,1,2,1,2,2,1,1,2,2,2,2,2,1
14,440200700000010007,1,2,2,2,2,2,2,2,2,2,2,2,2
14,440200700000020019,1,2,2,1,1,1,1,2,2,2,2,2,1
14,440200700000030031,1,2,2,2,2,1,2,2,2,2,2,2,2
14,440200700000040041,1,2,2,2,2,2,2,2,2,2,2,2,2
14,440200700000050052,1,2,2,2,2,2,2,2,2,2,2,2,2
14,440200700000080085,1,2,2,2,2,2,2,2,2,2,2,2,1
14,440200700000090097,1,2,2,2,2,1,2,2,2,2,2,2,2
14,440200700000108001,1,2,2,2,2,2,2,2,2,2,2,2,1
14,440200700000110120,1,2,1,1,2,1,2,2,2,2,2,2,1
14,440200700000120132,1,2,2,2,2,1,2,2,2,2,2,2,2
14,440200700000130144,1,2,2,1,2,1,2,2,2,2,2,2,1
14,440200700000140156,1,2,1,2,2,2,2,2,2,2,2,2,2
14,440200700000150168,1,2,2,1,2,1,1,2,2,2,1,2,1
14,440200700000160181,1,2,2,2,1,2,2,2,2,2,2,2,1
14,440200700000170193,1,2,2,1,1,1,2,2,2,2,2,2,1
14,440200700000180206,1,2,2,2,2,2,2,2,2,2,2,2,2
14,440200800000010192,1,2,1,2,2,1,2,2,2,2,2,2,1
14,440201200000020024,1,2,2,2,2,1,2,2,2,2,2,2,2
14,440201200000030037,1,2,2,2,2,1,2,2,2,2,2,2,2
14,440201200000040050,1,2,2,2,2,1,2,2,2,2,2,2,2
14,440201200000060076,1,2,2,2,2,2,2,2,2,2,2,2,2
14,440201200000070091,1,2,2,2,2,2,2,2,2,2,2,2,1
14,440201200000090120,1,2,2,2,2,1,2,2,2,2,2,2,2
14,440201200000100133,1,2,2,2,1,2,2,2,2,2,2,2,2
14,440201200000110148,1,2,2,2,2,2,2,2,2,2,2,2,1
14,440201200000120163,1,2,2,2,2,2,2,2,2,2,2,2,1
14,440201200000140191,1,2,1,2,2,1,2,2,2,2,1,2,2
14,440201200000150205,1,2,2,2,2,2,2,2,2,2,2,2,2
14,440201200000168001,1,2,2,2,2,1,2,2,2,2,1,2,2
14,440201200000170234,1,2,2,2,2,1,2,2,2,2,2,2,2
14,440201200000180247,1,2,2,2,2,1,2,2,2,2,2,2,2
14,440201500000010024,1,2,2,2,2,1,2,2,2,2,2,2,1
14,440201500000020058,1,2,2,2,2,1,2,2,2,2,2,2,1
14,440201500000030094,1,2,1,1,2,1,2,2,2,2,2,2,2
14,440201500000040128,1,2,2,1,1,1,1,2,2,2,1,1,1
14,440201500000070216,1,2,2,2,1,1,2,2,2,2,1,2,1
14,440201500000088001,1,2,2,2,2,2,2,2,2,2,2,2,2
14,440201500000110347,1,2,1,2,2,1,2,2,2,2,1,2,2
14,440201500000120382,1,2,2,2,2,2,2,2,2,2,2,2,2
14,440201500000130418,1,2,2,2,2,2,2,2,2,2,2,2,2
14,440201500000140451,1,2,2,2,1,1,2,2,2,2,2,2,1
14,440201500000150487,1,2,2,2,2,1,2,2,2,2,2,2,1
14,440201500000160523,1,2,2,1,1,1,2,2,2,2,1,2,2
14,440401400000010019,1,2,1,2,1,1,2,2,2,2,1,2,2
14,440401400000038001,1,2,2,2,2,2,2,2,2,2,2,2,2
14,440401400000040060,1,2,2,2,1,1,2,2,2,2,2,2,2
14,440401400000050076,1,2,2,2,2,2,2,2,2,2,2,2,2
14,440401400000088004,1,2,2,2,1,1,2,2,2,2,1,2,2
14,440401400000090138,1,2,2,2,2,1,1,2,2,2,1,2,2
14,440401400000100155,1,2,2,2,2,2,2,2,2,2,2,2,2
14,440401400000150227,1,2,2,2,2,2,2,2,2,2,2,2,2
14,440401400000178002,1,2,2,2,2,2,2,2,2,2,2,2,2
14,440401400000188003,1,2,1,2,2,1,2,2,2,2,1,2,2
14,440401400000200304,1,2,2,2,2,2,1,2,2,2,1,2,2
14,440401400000210318,1,2,2,2,2,2,2,2,2,2,2,2,2
14,440600600000010021,1,2,2,2,2,2,2,2,2,2,2,2,2
14,440600600000030055,1,2,2,2,2,1,1,2,2,2,2,2,2
14,440600600000050087,1,2,2,2,2,2,2,2,2,2,2,2,2
14,440600600000060104,1,2,2,2,2,1,2,2,2,2,2,2,2
14,440600600000070121,1,2,2,2,2,1,2,2,2,2,2,2,2
14,441001300000020038,1,2,2,2,1,2,2,2,2,2,2,2,2
14,441001300000040076,1,2,2,2,2,1,1,2,2,2,2,2,2
14,441001300000050097,1,2,1,2,2,1,1,2,2,2,2,2,2
14,441001300000060113,1,2,2,1,1,1,1,2,2,2,1,2,2
14,441001300000078001,1,2,2,2,2,2,2,2,2,2,2,2,2
14,441001300000090170,1,2,2,2,2,2,2,2,2,2,2,2,2
14,441001300000118003,1,2,2,2,2,1,2,2,2,2,2,2,2
14,441001300000138002,1,2,2,2,2,2,2,2,2,2,2,2,1
14,441001300000140270,1,2,2,1,1,1,1,2,2,2,1,2,1
14,441001300000150290,1,2,2,1,2,1,1,2,2,2,1,1,2
14,441001300000160309,1,2,2,2,2,2,2,2,2,2,2,2,2
14,441001300000170328,1,2,2,2,1,1,1,2,2,2,2,2,2
14,810101500000050045,1,2,2,2,2,1,2,2,2,2,2,2,1
14,810101500000070067,1,2,2,2,2,2,2,2,2,2,2,2,2
14,810101500000120121,1,2,2,2,2,2,2,2,2,2,2,2,2
14,810101500000130132,1,2,2,2,2,1,2,2,2,2,2,2,2
14,810401800000030024,1,2,2,2,1,2,2,2,2,2,2,2,1
14,810401800000110119,1,2,2,2,1,2,2,2,2,2,2,2,1
14,810501400000010001,1,2,2,2,2,2,2,2,2,2,2,2,2
14,810502100000020013,1,2,2,2,1,1,2,2,2,2,2,2,1
14,810502100000060055,1,2,2,1,1,1,1,2,1,1,1,1,1
14,810502100000070066,1,2,2,2,2,1,1,2,1,2,2,2,1
14,810502100000080078,1,2,2,1,2,1,1,2,1,2,1,2,1
14,810502100000090090,1,2,2,1,1,1,2,2,1,2,2,2,1
14,810502100000100102,1,2,2,2,2,2,2,2,2,2,2,2,1
14,810502100000148002,1,2,2,1,2,1,1,2,1,2,1,1,1
14,810502100000150155,1,2,2,1,1,1,1,2,1,1,1,1,1
14,810502100000160166,1,2,2,2,2,1,2,2,1,2,2,2,1
14,810502100000180190,1,2,2,1,1,1,1,2,1,2,1,1,1
14,810502100000190200,1,2,2,1,2,1,2,2,1,2,2,2,1
14,810502100000200210,1,2,2,2,2,1,1,2,1,2,1,2,1
14,810502100000210220,1,2,2,1,2,1,1,2,1,2,2,2,1
14,810502100000220231,1,2,2,2,2,1,1,2,2,2,2,2,1
14,810502100000230240,1,2,2,2,2,1,2,2,1,2,2,2,1
14,810602000000010006,1,2,2,2,2,1,2,2,2,2,1,2,1
14,810602000000030040,1,2,2,1,2,1,1,2,1,2,1,1,1
14,810602000000040057,1,2,2,1,2,2,2,2,1,2,2,2,1
14,810602000000060090,1,2,2,2,2,1,1,2,1,2,1,2,1
14,810602000000070107,1,2,2,2,2,1,2,2,2,2,2,2,1
14,810602000000080124,1,2,2,2,2,2,2,2,2,2,2,2,1
14,810602000000098002,1,2,2,2,2,2,2,2,2,2,2,2,1
14,810602000000110175,1,2,2,2,2,1,2,2,1,2,2,2,1
14,810602000000130209,1,2,2,2,2,1,1,2,1,2,1,2,1
15,070202000000010009,1,2,2,2,2,1,2,2,2,2,2,2,2
15,070202000000040080,1,2,2,2,2,1,2,2,2,2,2,2,2
15,070202000000050104,1,2,2,2,2,1,2,2,2,2,2,2,2
15,070202000000070149,1,2,2,1,1,1,1,2,1,2,2,2,2
15,070202000000080172,1,2,2,1,1,1,2,2,1,2,2,2,2
15,070202000000090195,1,2,2,2,2,1,2,2,2,2,2,2,2
15,070202000000110241,1,2,2,2,2,1,2,2,2,2,2,2,2
15,070202000000120265,1,2,2,2,1,1,2,2,1,2,2,2,2
15,070202000000130288,1,2,2,1,1,1,2,2,2,2,2,2,2
15,070202000000140312,1,2,2,2,2,1,2,2,2,2,2,2,2
15,070202000000150335,1,2,2,2,1,1,2,2,2,2,2,2,2
15,070202000000160360,1,2,2,2,2,1,2,2,2,2,2,2,2
15,070202000000170383,1,2,2,1,1,1,2,2,1,2,2,2,2
15,070202000000190432,1,2,2,2,2,1,2,2,2,2,2,2,2
15,070202000000200456,1,2,2,1,1,1,2,2,2,2,2,2,2
15,070202000000210480,1,2,2,1,2,1,1,2,1,2,2,2,2
15,070202000000220503,1,2,2,2,2,1,2,2,2,2,2,2,2
15,070202000000230525,1,2,2,2,2,1,2,2,2,2,2,2,2
15,070202400000010001,1,2,2,2,2,1,2,2,2,2,2,2,2
15,070202400000020009,1,2,2,1,2,1,2,2,2,2,2,2,2
15,070202400000030016,1,2,2,2,2,2,2,2,2,2,2,2,2
15,070202400000050032,1,2,2,2,2,1,2,2,2,2,2,2,2
15,070202400000060040,1,2,2,2,2,1,2,2,2,2,2,2,2
15,070202400000070048,1,2,2,2,2,2,2,2,2,2,2,2,2
15,070202400000080056,1,2,2,2,2,1,2,2,2,2,2,2,2
15,070202400000090064,1,2,2,2,2,2,2,2,2,2,2,2,2
15,070202400000100072,1,2,2,2,2,1,2,2,2,2,2,2,2
15,070202400000120087,1,2,2,2,2,2,2,2,2,2,2,2,2
15,070202400000130095,1,2,2,2,2,1,2,2,2,2,2,2,2
15,070202400000140103,1,2,2,2,2,1,2,2,2,2,2,2,2
15,070202400000160119,1,2,2,2,1,1,2,2,1,2,2,2,2
15,070202400000198001,1,2,2,2,2,2,2,2,2,2,2,2,2
15,070202400000200150,1,2,2,2,2,1,2,2,2,2,2,2,2
15,070202400000210158,1,2,2,2,2,1,2,2,2,2,2,2,2
15,070202400000220166,1,2,2,2,2,1,2,2,1,2,2,2,2
15,070303800000010003,1,2,2,2,2,1,2,2,1,2,2,2,2
15,070303800000040028,1,2,2,2,2,1,2,2,1,2,2,2,2
15,070303800000070054,1,2,2,2,1,1,2,2,2,2,2,2,2
15,070303800000100080,1,2,2,2,2,1,2,2,2,2,2,2,2
15,070303800000110088,1,2,2,2,2,1,2,2,2,2,2,2,2
15,070303800000120097,1,2,2,2,1,1,2,2,1,2,2,2,2
15,070303800000160131,1,2,2,2,2,1,2,2,2,2,2,2,2
15,070303800000170139,1,2,2,1,1,1,2,2,1,2,2,2,2
15,070303800000180148,1,2,2,2,2,1,2,2,2,2,2,2,2
15,070501000000030050,1,2,2,2,2,1,2,2,2,2,2,2,2
15,070501000000040073,1,2,2,2,2,2,2,2,2,2,2,2,2
15,070501000000060119,1,2,2,1,1,1,2,2,2,2,2,2,2
15,070501000000100211,1,2,2,2,2,1,2,2,2,2,2,2,2
15,070501000000120257,1,2,2,2,2,1,2,2,2,2,2,2,2
15,070501000000130279,1,2,2,1,2,1,2,2,2,2,2,2,2
15,070501000000140302,1,2,2,2,2,2,2,2,2,2,2,2,2
15,070501000000150325,1,2,2,2,2,1,2,2,2,2,2,2,2
15,070501000000160348,1,2,2,2,2,1,2,2,2,2,2,2,2
15,070501000000170371,1,2,2,2,2,2,2,2,2,2,2,2,2
15,360100100000010008,1,2,1,1,2,1,2,2,2,2,2,2,1
15,360100100000020017,1,2,1,1,2,1,1,2,1,2,2,2,1
15,360100100000030025,1,2,1,1,1,1,2,2,2,2,2,2,2
15,360100100000040034,1,2,1,1,2,2,2,2,2,2,2,2,2
15,360100100000050043,1,1,1,1,1,1,1,2,1,1,1,1,1
15,360100100000060052,1,2,2,1,2,1,2,2,2,2,2,2,1
15,360100100000070060,1,1,1,1,2,1,2,2,2,2,2,2,1
15,360100100000080069,1,2,1,1,1,1,2,2,2,2,2,2,1
15,360100100000090078,1,1,1,1,2,2,2,2,2,2,2,2,1
15,360100100000100087,1,2,1,1,1,1,1,2,1,1,1,2,1
15,360100100000110095,1,2,2,1,1,1,2,2,2,2,2,2,1
15,360100100000120104,1,2,1,2,1,1,2,2,2,2,2,2,1
15,360100100000130113,1,2,2,1,1,2,2,2,2,2,2,2,1
15,360100100000140122,1,2,1,1,2,1,1,2,2,2,1,2,2
15,360100100000150130,1,2,1,1,2,2,2,2,2,2,2,2,1
15,360100100000160139,1,2,2,2,2,2,2,2,2,2,2,2,2
15,360100100000170148,1,1,1,1,2,1,1,2,1,2,2,2,1
15,360100100000180156,1,2,1,1,2,1,2,2,2,2,2,2,1
15,360100100000190165,1,2,2,1,2,1,2,2,2,2,2,2,2
15,360305200000020020,1,2,2,2,1,2,2,2,2,2,2,2,1
15,360305200000030029,1,2,1,1,1,1,2,2,2,2,2,2,2
15,360305200000040037,1,2,2,2,1,1,1,2,2,2,2,2,1
15,360305200000050046,1,2,2,2,1,2,2,2,2,2,2,2,2
15,360305200000060055,1,2,2,2,1,1,2,2,2,2,2,2,2
15,360305200000070063,1,2,1,1,1,1,2,2,2,2,2,2,1
15,360305200000080072,1,2,2,2,1,2,2,2,2,2,2,2,2
15,360305200000090080,1,2,1,2,1,1,2,2,2,2,2,2,1
15,360305200000100089,1,2,2,1,1,1,2,2,2,2,2,2,2
15,360305200000110098,1,2,1,1,1,1,1,2,2,2,2,2,1
15,360305200000120106,1,2,2,2,1,1,2,2,2,2,2,2,2
15,360305200000130115,1,2,2,1,1,1,2,2,2,2,2,2,1
15,360305200000140124,1,2,1,1,1,1,1,2,2,2,2,2,1
15,360305500000010004,1,2,1,1,1,1,1,2,2,2,2,2,1
15,360901000000010003,1,2,2,2,2,2,2,2,2,2,2,2,1
15,360901000000010004,1,2,2,2,1,1,2,2,2,2,2,2,1
15,360901000000010005,1,2,2,2,1,2,2,2,2,2,2,2,1
15,360901600000018001,1,2,2,2,1,1,2,2,2,2,2,2,1
15,360901600000040033,1,2,2,2,1,2,2,2,2,2,2,2,1
15,360901600000050044,1,2,1,1,1,1,2,2,1,2,2,2,1
15,360901600000060056,1,2,2,1,1,1,2,2,1,2,2,2,1
15,360901600000070067,1,2,2,1,1,1,1,2,1,2,2,2,1
15,360901600000080079,1,2,2,2,2,1,2,2,2,2,2,2,2
15,361000800000010005,1,1,1,1,1,1,2,2,2,2,2,2,1
15,361000800000020019,1,2,1,1,1,2,2,2,2,2,2,2,1
15,361000800000040043,1,1,1,1,1,2,2,2,2,2,2,2,2
15,361000800000040044,1,1,1,1,1,1,2,2,2,2,2,2,2
15,361000800000050057,1,1,1,1,1,1,2,2,2,2,2,2,2
15,361000800000050058,1,1,1,1,1,1,2,2,1,2,2,2,2
15,361000800000050059,1,1,1,1,1,1,2,2,2,2,2,2,2
15,361000800000070089,1,2,1,1,2,1,2,2,1,2,2,2,2
15,361000800000080104,1,2,2,2,1,2,2,2,2,2,2,2,2
15,361000800000080105,1,2,1,1,2,1,2,2,2,2,2,2,2
15,361000800000090117,1,1,1,1,1,1,2,2,1,2,2,2,2
15,361000800000090118,1,1,1,2,2,2,2,2,2,2,2,2,2
15,361000800000090119,1,2,1,2,2,2,2,2,2,2,2,2,2
15,361000800000100131,1,2,1,2,2,2,2,2,2,2,2,2,2
15,361501700000010007,1,2,2,2,1,2,2,2,1,2,2,2,1
15,361501700000020026,1,2,2,2,1,1,2,2,1,2,2,2,1
15,361501700000020027,1,2,2,2,1,2,2,2,1,2,2,2,2
15,361501700000020028,1,2,2,2,1,2,2,2,1,2,2,2,1
15,361501700000030061,1,2,2,2,1,2,2,2,1,2,2,2,1
15,361501700000030062,1,2,2,2,2,2,2,2,2,2,2,2,1
15,361501700000030063,1,2,2,1,1,1,2,2,1,2,2,2,1
15,361501700000040092,1,2,2,2,2,2,2,2,1,2,2,2,1
15,361501700000040093,1,2,2,2,1,1,2,2,1,2,2,2,1
15,361501700000050123,1,2,2,2,1,1,2,2,2,2,2,2,1
15,361501700000060141,1,2,2,2,2,2,2,2,2,2,2,2,1
15,361501700000070158,1,2,2,2,1,1,2,2,1,2,2,2,1
15,361507200000018001,1,2,1,2,1,1,2,2,1,2,2,2,1
15,361507200000028005,1,2,2,1,1,1,1,2,1,2,2,2,1
15,361507200000030055,1,2,1,1,2,1,2,2,1,2,2,2,1
15,361507200000040082,1,1,1,2,1,1,1,2,1,2,2,2,2
15,361507200000050106,1,2,1,1,1,1,1,2,1,2,2,2,1
15,361507200000078002,1,2,2,1,2,1,2,2,2,2,2,2,1
15,361507200000080181,1,2,2,2,1,1,1,2,1,2,2,2,1
15,361507200000098003,1,2,1,1,2,1,2,2,1,2,2,2,1
15,361507200000120283,1,2,2,2,1,1,1,2,1,2,2,2,1
15,361507200000130310,1,2,1,2,2,1,2,2,2,2,2,2,1
15,361507200000148006,1,2,1,2,1,2,2,2,1,2,2,2,1
15,361507200000150361,1,2,2,1,2,1,2,2,2,2,2,2,1
15,361507200000160386,1,2,1,1,2,1,1,2,2,2,2,2,1
15,361507200000170412,1,2,1,1,2,1,1,2,1,2,2,2,1
15,361507200000180436,1,2,1,1,1,1,2,2,1,2,2,2,1
15,361507200000190462,1,2,2,2,2,2,2,2,2,2,2,2,2
15,361507200000200486,1,1,2,1,2,1,2,2,1,2,2,2,1
15,361702600000010008,1,1,1,1,1,1,1,2,1,2,1,2,1
15,361702600000030034,1,2,2,2,1,2,2,2,2,2,2,2,2
15,361702600000040049,1,2,2,2,1,2,2,2,2,2,2,2,2
15,361702600000050064,1,2,1,2,2,2,2,2,2,2,2,2,1
15,361702600000070094,1,2,2,1,1,1,2,2,2,2,2,2,2
15,361702600000080109,1,1,1,1,1,1,1,2,1,1,1,1,1
15,361702600000090124,1,2,2,2,2,2,2,2,2,2,2,2,2
15,361702600000100139,1,2,2,2,2,2,2,2,2,2,2,2,1
15,361702600000110154,1,2,2,2,1,1,2,2,2,2,2,2,1
15,361702600000138001,1,2,2,2,2,1,2,2,2,2,2,2,2
15,361702600000140199,1,1,1,1,1,1,1,2,2,2,2,2,1
15,361702600000158002,1,2,2,2,2,2,2,2,2,2,2,2,2
15,361702600000160229,1,2,2,2,1,1,1,2,2,2,2,2,2
15,361702600000178003,1,2,2,2,2,2,2,2,2,2,2,2,2
15,361702600000180258,1,1,1,1,1,1,1,2,1,2,1,2,1
15,361702600000190273,1,2,2,2,2,2,2,2,2,2,2,2,2
15,361702600000200288,1,2,2,2,2,2,2,2,2,2,2,2,1
15,361702600000210303,1,2,2,2,1,2,2,2,2,2,2,2,2
15,361702600000230333,1,2,2,2,2,2,2,2,2,2,2,2,2
15,361702600000240348,1,1,1,1,1,1,1,2,2,2,1,2,1
15,361702600000268004,1,2,1,1,1,1,1,2,2,2,2,2,1
15,361702600000280408,1,2,2,2,1,1,1,2,2,2,2,2,1
15,361702600000290423,1,2,2,2,2,2,2,2,2,2,2,2,2
15,361702600000308005,1,2,2,2,2,2,2,2,2,2,2,2,2
15,361707600000020043,1,2,2,2,2,1,2,2,2,2,2,2,1
15,361707600000038001,1,2,1,1,2,1,1,2,2,2,2,2,1
15,361707600000040098,1,2,2,1,2,1,2,2,1,2,1,2,1
15,361707600000040100,1,2,2,2,2,1,2,2,1,2,2,2,1
15,361707600000048002,1,2,2,2,2,1,2,2,2,2,2,2,1
15,361707600000058004,1,2,2,2,2,1,2,2,2,2,2,2,1
15,361707600000088005,1,2,1,1,2,1,1,2,1,2,1,2,1
15,361707600000098003,1,2,2,1,2,1,2,2,2,2,2,2,1
15,361707600000100280,1,2,1,1,2,1,1,2,1,2,1,2,1
15,361804400000010001,1,2,2,2,1,2,2,2,2,2,2,2,1
15,361806900000018003,1,2,1,1,1,1,2,2,2,2,2,2,1
15,361806900000028001,1,2,1,2,2,1,2,2,2,2,2,2,1
15,361806900000030057,1,2,1,2,2,1,2,2,2,2,2,2,1
15,361806900000040073,1,2,2,2,2,1,2,2,2,2,2,2,1
15,361806900000078002,1,2,1,1,2,2,1,2,2,2,2,2,1
15,361806900000080144,1,2,1,2,2,1,2,2,2,2,2,2,1
15,361806900000090160,1,2,2,2,2,1,2,2,2,2,2,2,1
15,361806900000100172,1,2,2,2,2,1,2,2,2,2,2,2,1
15,362000500000010018,1,2,1,1,1,1,2,2,1,2,2,2,1
15,362000500000010019,1,2,1,1,1,1,2,2,1,2,2,2,1
15,362000500000020041,1,2,2,2,2,2,2,2,2,2,2,2,1
15,362000500000020042,1,2,2,2,1,2,2,2,2,2,2,2,1
15,362000500000030062,1,2,2,2,1,1,2,2,1,2,2,2,1
15,362000500000030063,1,2,2,2,1,2,2,2,2,2,2,2,1
15,362000500000030064,1,2,2,2,1,2,2,2,2,2,2,2,1
15,362004600000018001,1,2,2,2,1,1,2,2,2,2,2,2,1
15,362500900000010003,1,2,2,2,1,1,2,2,2,2,2,2,1
15,362500900000020012,1,2,2,2,1,2,2,2,2,2,2,2,1
15,362500900000030018,1,2,2,2,2,2,2,2,2,2,2,2,2
15,362500900000030019,1,1,2,1,1,1,1,2,2,2,2,2,2
15,362500900000040032,1,2,2,2,1,2,2,2,2,2,2,2,2
15,362500900000040033,1,2,2,2,2,2,2,2,2,2,2,2,2
15,362500900000050042,1,2,2,2,1,2,2,2,2,2,2,2,1
15,362500900000050043,1,2,2,2,2,2,2,2,2,2,2,2,2
15,362500900000060055,1,2,2,2,2,2,2,2,2,2,2,2,2
15,362500900000070066,1,1,1,1,1,1,1,2,2,2,1,2,1
15,362800900000010004,1,1,1,2,2,1,2,2,2,2,2,2,1
15,362800900000020010,1,2,2,2,2,2,2,2,2,2,2,2,1
15,362800900000030016,1,2,1,1,1,1,1,2,2,2,2,2,1
15,362800900000040023,1,2,1,1,1,1,2,2,1,2,2,2,1
15,362800900000050029,1,2,1,2,1,2,2,2,2,2,2,2,2
15,362800900000060035,1,2,2,2,1,2,2,2,2,2,2,2,1
15,362800900000070041,1,2,1,2,1,2,2,2,2,2,2,2,1
15,362800900000080048,1,1,1,1,1,1,2,2,1,2,2,2,1
15,362800900000090054,1,1,2,2,1,2,2,2,2,2,2,2,1
15,362800900000100060,1,2,1,1,1,2,2,2,1,2,2,2,1
15,362800900000110067,1,2,2,2,1,1,2,2,2,2,2,2,1
15,362800900000120073,1,1,2,2,1,2,2,2,2,2,2,2,1
15,362800900000130080,1,1,2,2,1,1,2,2,2,2,2,2,1
15,362800900000130081,1,2,1,2,2,2,2,2,2,2,2,2,1
15,362800900000140087,1,1,1,2,1,2,2,2,2,2,2,2,1
15,362800900000150094,1,1,1,2,2,2,2,2,2,2,2,2,1
15,362800900000160100,1,2,2,2,1,2,2,2,2,2,2,2,1
15,362800900000170107,1,2,1,2,2,2,2,2,1,2,2,2,1
15,362800900000170108,1,1,1,2,1,1,2,2,2,2,2,2,2
15,362800900000180116,1,1,1,2,2,2,2,2,2,2,2,2,2
15,362800900000190122,1,1,1,2,1,1,2,2,2,2,2,2,2
15,362800900000190123,1,2,1,2,1,1,2,2,2,2,2,2,2
15,362800900000200129,1,1,1,1,1,1,2,2,1,2,2,2,1
15,362800900000210136,1,2,1,1,1,1,2,2,1,2,2,2,1
15,362800900000220142,1,2,1,2,1,2,2,2,2,2,2,2,1
15,362800900000230148,1,1,1,2,1,1,2,2,2,2,2,2,1
15,363002100000010046,1,2,2,1,1,1,1,2,1,2,2,2,2
15,363002100000020084,1,2,2,2,1,2,2,2,2,2,2,2,2
15,363002100000020086,1,2,2,2,2,2,2,2,2,2,2,2,2
15,363002100000030125,1,2,2,2,2,2,2,2,2,2,1,2,2
15,363002100000080356,1,2,2,2,1,1,1,2,2,2,2,2,2
15,363002100000080357,1,2,2,2,2,2,2,2,2,2,2,2,1
15,363002100000080358,1,2,2,2,1,1,2,2,2,2,2,2,2
15,363002100000090419,1,2,2,1,1,1,2,2,2,2,2,2,2
15,363402400000010003,1,2,2,1,1,2,2,2,2,2,2,2,2
15,363402400000010004,1,2,1,1,1,1,2,2,2,2,2,2,2
15,363402400000050027,1,2,2,1,1,1,2,2,2,2,2,2,1
15,363402400000060033,1,2,1,1,1,2,2,2,2,2,2,2,1
15,363402400000080044,1,2,1,1,2,1,2,2,2,2,2,2,1
15,363402400000090050,1,2,1,1,2,1,2,2,2,2,2,2,1
15,363402400000110061,1,2,2,2,1,2,2,2,2,2,2,2,2
15,363402400000130072,1,2,2,1,1,1,2,2,2,2,2,2,2
15,363402400000140077,1,2,2,2,1,2,2,2,2,2,2,2,1
15,363402400000150083,1,2,1,1,2,2,2,2,2,2,2,2,1
15,363402400000160088,1,2,2,2,1,1,2,2,2,2,2,2,2
15,363402400000170094,1,2,1,1,2,1,2,2,2,2,2,2,2
15,363403300000010001,1,1,1,1,2,1,1,2,2,2,2,2,1
15,363403300000028003,1,2,1,1,2,1,1,2,2,2,2,2,1
15,363403300000028004,1,1,1,2,1,2,2,2,2,2,2,2,1
15,363403300000028005,1,2,2,2,2,2,2,2,2,2,2,2,2
15,363403300000048001,1,2,1,1,1,2,2,2,2,2,2,2,1
15,363403300000058006,1,2,1,1,1,1,2,2,2,2,2,2,1
15,363403300000058007,1,2,2,2,2,2,2,2,2,2,2,2,1
15,363403300000060169,1,2,1,1,1,2,2,2,2,2,2,2,2
15,364000300000010023,1,2,2,2,2,2,2,2,2,2,2,2,2
15,364000300000020049,1,2,2,2,2,2,2,2,2,2,2,2,2
15,364000300000030071,1,2,2,2,2,2,2,2,2,2,2,2,2
15,364000300000040105,1,2,2,2,2,2,2,2,2,2,2,2,2
15,380100200000040113,1,2,2,2,2,1,1,2,1,2,2,2,1
15,380100200000080217,1,2,1,1,2,1,2,2,1,2,1,2,1
15,380100200000100269,1,2,2,2,2,1,1,2,2,2,2,2,1
15,380100200000130347,1,2,2,2,2,2,2,2,2,2,2,2,1
15,380201700000020038,1,2,2,2,2,1,2,2,2,2,2,2,1
15,380201700000058003,1,2,2,2,2,2,2,2,2,2,2,2,1
15,380201700000068001,1,2,2,2,2,2,2,2,2,2,2,2,2
15,380201700000078002,1,2,2,2,2,2,2,2,2,2,2,2,2
15,380201700000150415,1,2,2,2,2,2,2,2,2,2,2,2,2
15,380201700000160444,1,2,2,2,2,1,2,2,2,2,2,2,1
15,380303900400020052,1,2,2,2,2,2,2,2,2,2,2,2,2
15,380303900400030077,1,2,2,2,2,2,2,2,2,2,2,2,2
15,380303900400050122,1,2,2,2,2,1,2,2,2,2,2,2,1
15,380303900400060146,1,2,2,2,1,1,2,2,2,2,2,2,1
15,380303900400070169,1,2,2,1,1,1,1,2,1,2,2,2,1
15,380303900400080195,1,2,2,1,2,1,2,2,1,2,2,2,1
15,380303900400100243,1,2,2,2,2,2,2,2,2,2,2,2,1
15,380303900400138001,1,2,2,2,2,2,2,2,1,2,2,2,2
15,380303900400140332,1,2,2,2,2,1,2,2,2,2,2,2,1
15,380303900400150355,1,2,2,2,2,1,2,2,2,2,2,2,2
15,380500300000020033,1,2,2,2,1,1,2,2,2,2,2,2,2
15,380500300000030056,1,2,2,2,2,1,2,2,1,2,2,2,1
15,380500300000158001,1,2,2,2,1,1,1,2,1,2,2,2,1
15,380500300000170378,1,2,2,2,2,2,2,2,2,2,2,2,2
15,380500300000190424,1,2,2,2,2,2,2,2,2,2,2,2,1
15,380803400100020103,1,2,2,2,2,1,2,2,1,2,2,2,1
15,380803400100030162,1,2,2,2,2,1,2,2,1,2,2,2,1
15,380803400100040221,1,2,2,2,2,2,2,2,2,2,2,2,1
15,380803400100050280,1,2,2,2,2,1,2,2,1,2,2,2,1
15,380803400100078002,1,2,2,2,2,1,2,2,1,2,2,2,1
15,380803400100080161,1,2,2,2,1,1,2,2,1,2,2,2,1
15,380803400100090221,1,2,2,2,1,1,2,2,1,2,2,2,1
15,380803400100100281,1,2,2,2,2,1,2,2,1,2,2,2,1
15,380803400100118001,1,2,2,2,2,2,2,2,2,2,2,2,1
15,380803400100128004,1,2,2,2,2,2,2,2,2,2,2,2,1
15,380900400200010019,1,2,2,1,1,1,2,2,2,2,2,2,1
15,380900400200030063,1,2,2,2,2,1,2,2,2,2,2,2,1
15,380900400200040084,1,2,2,1,1,1,2,2,1,2,2,2,1
15,380900400200060129,1,2,2,2,2,2,2,2,2,2,2,2,2
15,380900400200088002,1,2,2,2,2,2,2,2,2,2,2,2,1
15,380900400200108003,1,2,2,1,1,1,2,2,2,2,2,2,1
15,380900400200130286,1,2,2,2,2,2,2,2,2,2,2,2,1
15,380900400200140310,1,2,2,1,2,1,2,2,2,2,2,2,1
15,381101000000030061,1,2,2,2,1,2,2,2,1,2,2,2,1
15,381101000000080160,1,2,2,1,1,1,1,2,1,2,2,2,1
15,381101000000098002,1,2,2,2,2,2,2,2,2,2,2,2,1
15,381101200600010008,1,2,2,2,2,2,2,2,2,2,2,2,2
15,381101200600038001,1,2,2,2,1,1,1,2,1,2,2,2,1
15,381101200600040138,1,2,2,2,2,2,1,2,1,2,2,2,1
15,381101200600050182,1,2,2,2,2,1,2,2,2,2,2,2,1
15,381101200600060227,1,2,2,2,2,1,2,2,1,2,2,2,1
15,381101200600070273,1,2,2,2,2,1,1,2,1,2,2,2,1
15,381101200600080318,1,2,2,2,2,1,1,2,1,2,2,2,1
15,381101600100010006,1,2,2,2,1,1,2,2,1,2,2,2,2
15,381101600100020048,1,2,2,2,1,2,2,2,2,2,2,2,2
15,381101600100030088,1,2,2,1,2,1,1,2,1,2,2,2,2
15,381101600100058001,1,2,2,1,1,1,2,2,1,2,2,2,2
15,381101600100068002,1,2,2,2,1,1,2,2,1,2,2,2,2
15,381101600100070243,1,2,2,2,1,2,2,2,2,2,2,2,2
15,381200900200020024,1,2,2,1,2,1,1,2,1,2,2,2,1
15,381200900200038004,1,2,2,2,1,1,2,2,1,2,2,2,1
15,381200900200040038,1,2,1,1,2,1,2,2,1,2,2,2,1
15,381200900200060063,1,2,2,2,2,1,2,2,2,2,2,2,1
15,381200900200078005,1,2,2,1,2,1,2,2,1,2,2,2,1
15,381200900200100123,1,2,2,2,2,1,2,2,2,2,2,2,1
15,381200900200110137,1,2,2,2,2,2,2,2,2,2,2,2,1
15,381200900200120148,1,2,2,2,2,2,2,2,2,2,2,2,1
15,381200900200148006,1,2,2,2,1,2,2,2,2,2,2,2,1
15,381201000100010002,1,2,2,2,1,1,2,2,1,2,2,2,1
15,381201000100020066,1,2,2,2,1,1,2,2,2,2,2,2,1
15,381201000100030122,1,2,2,2,2,2,2,2,2,2,2,2,1
15,381201000100090143,1,2,2,2,2,1,2,2,1,2,2,2,1
15,381201000100110241,1,2,2,2,1,1,1,2,1,2,2,2,1
15,381201000100128001,1,2,2,2,1,1,2,2,1,2,2,2,1
15,381300300000010022,1,2,2,2,2,2,2,2,2,2,2,2,1
15,381300300000048001,1,2,2,2,2,1,2,2,2,2,2,2,1
15,381300300000050144,1,2,2,2,2,2,2,2,2,2,2,2,1
15,381300300000078004,1,2,2,2,2,2,2,2,2,2,2,2,1
15,381300300000080231,1,2,2,2,2,1,2,2,2,2,2,2,1
15,381300300000108002,1,2,2,2,2,2,2,2,2,2,2,2,2
15,381300300000110317,1,2,2,2,2,1,2,2,2,2,2,2,1
15,381300300000130375,1,2,2,1,2,1,2,2,1,2,2,2,1
15,381300300000148003,1,2,2,2,2,2,2,2,2,2,2,2,1
15,381300300000160462,1,2,2,1,1,1,1,2,1,2,2,2,1
15,381300300000170491,1,2,2,2,2,2,2,2,2,2,2,2,1
15,381303100000030055,1,2,2,2,1,1,2,2,2,2,2,2,1
15,381303100000040075,1,2,2,2,1,1,2,2,1,2,2,2,1
15,381303100000050092,1,2,2,2,1,1,2,2,2,2,2,2,1
15,381303100000080157,1,2,2,2,1,2,2,2,2,2,2,2,1
15,381303100000090177,1,2,2,2,1,2,2,2,2,2,2,2,1
15,381303100000100198,1,2,2,2,1,1,2,2,2,2,2,2,1
15,381303100000118001,1,2,2,2,2,2,2,2,2,2,2,2,2
15,381303100000120242,1,2,2,2,1,2,2,2,2,2,2,2,1
15,381303100000140285,1,2,2,1,1,1,2,2,2,2,2,2,1
15,381303100000160329,1,2,2,1,1,1,2,2,2,2,2,2,1
15,381303100000170351,1,2,2,2,2,2,2,2,2,2,2,2,1
15,381402200000050043,2,2,2,2,1,2,2,2,2,2,2,2,2
15,381402400000010001,1,2,2,2,1,2,2,2,2,2,2,2,2
15,381600200000100152,1,2,2,2,1,2,2,2,2,2,2,2,2
15,381600200000160253,2,2,2,2,1,2,2,2,2,2,2,2,2
15,381600200000220365,1,2,2,2,1,2,2,2,2,2,2,2,2
15,381602000000060107,1,2,2,2,1,2,2,2,2,2,2,2,2
15,381701000200040115,1,2,1,1,1,1,1,2,1,2,2,2,1
15,381701000200060171,1,2,2,2,2,2,2,2,2,2,2,2,1
15,381701000200080227,1,2,1,1,1,1,1,2,1,2,2,2,1
15,381701000200090255,1,2,2,2,2,1,2,2,2,2,2,2,1
15,381701000200100283,1,2,1,2,2,1,2,2,2,2,2,2,1
15,381900300000038004,1,2,2,2,2,2,2,2,2,2,2,2,2
15,381900300000058001,1,2,2,2,2,2,2,2,2,2,2,2,2
15,381900300000120235,1,2,2,2,2,2,2,2,2,2,2,2,2
15,381901000000010003,1,2,2,2,2,2,2,2,2,2,2,2,2
15,381901000000020015,1,2,2,2,2,2,2,2,2,2,2,2,2
15,381901000000040040,1,2,2,2,2,2,2,2,2,2,2,2,2
15,381901000000050053,1,2,2,2,2,2,2,2,2,2,2,2,2
15,381901000000070078,1,2,2,2,2,2,2,2,2,2,2,2,2
15,382001000000010013,1,2,2,2,2,2,2,2,2,2,2,2,2
15,382001000000020055,1,2,2,2,1,1,2,2,1,2,2,2,1
15,382001000000038003,1,2,2,2,1,1,2,2,1,2,2,2,1
15,382001000000040141,1,2,2,2,2,2,2,2,1,2,2,2,2
15,382001000000050184,1,2,2,2,1,2,2,2,2,2,2,2,1
15,382001000000060227,1,2,2,2,1,1,2,2,1,2,2,2,2
15,382001000000078002,1,2,2,2,2,2,2,2,2,2,2,2,2
15,382001000000090350,1,2,2,2,2,2,2,2,1,2,2,2,2
15,382001000000100390,1,2,2,2,2,2,2,2,2,2,2,2,1
15,382001000000110432,1,2,2,2,1,1,1,2,1,2,2,2,1
15,382001000000138004,1,2,2,2,2,2,2,2,2,2,2,2,1
15,382001000000180719,1,2,2,2,2,1,1,2,1,2,2,2,1
15,660100300100010004,1,2,2,2,2,1,2,2,2,2,2,2,2
15,660100300100020023,1,2,2,2,1,1,2,2,2,2,2,2,2
15,660100300100030041,1,2,2,2,2,2,2,2,2,2,2,2,2
15,660100300100040060,1,2,2,2,2,1,2,2,2,2,2,2,2
15,660100300100060098,1,2,2,2,1,1,2,2,2,2,2,2,2
15,660100300100090154,1,2,2,2,2,1,2,2,2,2,2,2,2
15,660100300100120210,1,2,2,2,2,2,2,2,2,2,2,2,2
15,660100300100130229,1,2,2,2,2,2,2,2,2,2,2,2,2
15,660100300100140247,1,2,2,2,2,2,2,2,2,2,2,2,2
15,660100300100160285,1,2,2,2,2,1,2,2,2,2,2,2,2
15,660100300100190341,1,2,2,2,2,2,2,2,2,2,2,2,2
15,660100300100200360,1,2,2,2,2,2,2,2,2,2,2,2,2
15,660100300100210378,1,2,2,2,2,2,2,2,2,2,2,2,2
15,660100300100220397,1,2,2,2,2,1,2,2,2,2,2,2,2
15,660200300700010049,1,2,2,1,1,1,2,2,1,2,2,2,1
15,660200300700030227,1,2,2,2,2,1,2,2,2,2,2,2,2
15,660200300700040326,1,2,2,1,1,1,2,2,1,2,2,2,1
15,660200300700050430,1,2,2,1,2,1,2,2,1,2,2,2,1
15,660200300700060517,1,2,2,2,2,1,2,2,1,2,2,2,2
15,660401100000080193,1,2,2,2,2,2,2,2,2,2,2,2,2
15,660600200000010101,1,2,2,2,2,2,2,2,2,2,2,2,2
15,660703000000040034,1,2,2,2,2,2,2,2,2,2,2,2,1
15,660703000000060056,1,2,2,2,2,2,2,2,2,2,2,2,1
15,661100100200010016,1,2,2,1,1,1,2,2,1,2,1,1,1
15,661100100200020033,1,2,2,1,1,1,2,2,1,2,2,2,1
15,661100100200030050,1,2,2,1,1,1,1,1,1,2,2,1,1
15,661100100200040067,1,2,2,1,1,1,2,2,1,2,2,1,1
15,661100100200058002,1,2,2,2,1,1,2,2,2,2,2,2,2
15,661100100200070118,1,2,2,1,1,1,2,2,1,2,2,2,1
15,661100100200088003,1,2,2,1,1,1,2,2,1,2,2,2,2
15,661100100200098001,1,2,2,1,1,1,1,2,1,2,2,2,2
15,661100100200118004,1,2,2,1,1,1,1,2,1,2,2,2,2
15,661100100200130220,1,2,2,1,1,1,2,2,1,2,2,2,2
15,661100100200148005,1,2,2,1,2,1,1,2,1,2,2,2,2
15,661100100200150254,1,2,2,1,1,1,1,2,1,2,1,2,2
15,661100100200160271,1,1,2,1,1,1,1,2,1,2,2,2,2
15,661100100200170288,1,2,2,1,2,1,2,2,1,2,2,2,2
15,661201500000010003,1,2,2,2,2,1,2,2,1,2,2,2,1
15,661201500000040028,1,2,2,2,2,1,2,2,1,2,2,2,1
15,661201500000050036,1,2,2,2,2,1,2,2,1,2,2,2,1
15,661201500000070053,1,2,2,2,2,1,2,2,1,2,2,2,1
15,661201500000080061,1,2,2,2,2,1,2,2,1,2,2,2,1
15,661207600000010001,1,2,2,2,2,1,2,2,1,2,2,2,1
15,661207600000070114,1,2,2,2,2,1,2,2,1,2,2,2,1
15,661207600000100168,1,2,2,2,2,1,2,2,1,2,2,2,1
15,661207600000110186,1,2,2,2,2,1,2,2,1,2,2,2,1
15,661207600000120204,1,2,2,2,2,2,2,2,1,2,2,2,1
15,661207600000140240,1,2,2,2,2,2,2,2,1,2,2,2,1
15,661300100000020025,1,2,2,2,2,2,2,2,2,2,2,2,1
15,661300100000060105,1,2,2,2,1,1,2,2,1,2,2,2,1
15,661300100000100185,1,2,2,2,2,2,2,2,2,2,2,2,1
15,700100300000010004,1,2,2,2,2,1,2,2,1,2,2,2,2
15,700100300000020038,1,2,2,2,2,2,2,2,2,2,2,2,1
15,700100300000048001,1,2,2,2,2,2,2,2,2,2,2,2,2
15,700100300000060173,1,2,2,2,2,2,2,2,2,2,2,2,2
15,700100300000070205,1,2,2,2,2,1,1,2,2,2,2,2,2
15,700100300000088002,1,2,2,2,2,2,2,2,2,2,2,2,2
15,700100300000090270,1,2,2,2,2,2,2,2,2,2,2,2,2
15,700100300000138003,1,2,2,2,2,2,2,2,2,2,2,2,2
15,700204500000010015,1,2,2,2,2,1,1,2,1,2,2,2,2
15,700204500000030041,1,2,2,2,2,1,1,2,1,2,2,2,2
15,700204500000050068,1,2,2,2,2,1,2,2,1,2,2,2,2
15,700204500000060082,1,2,2,2,2,1,1,2,1,2,2,2,2
15,700204500000070096,1,2,2,2,2,1,2,2,1,2,2,2,2
15,700204500000080110,1,2,2,2,2,1,1,2,1,2,2,2,2
15,700204500000090123,1,2,2,2,2,1,2,2,1,2,2,2,2
15,700204500000110149,1,2,2,2,2,1,1,2,1,2,2,2,2
15,700204500000120162,1,2,2,2,1,1,1,2,1,2,2,2,2
15,700204500000138002,1,2,2,2,2,1,2,2,1,2,2,2,2
15,700204500000140190,1,2,2,2,2,1,2,2,1,2,2,2,2
15,700204500000160216,1,2,2,2,1,1,2,2,1,2,2,2,2
15,700204500000170229,1,2,2,2,2,1,1,2,1,2,2,2,2
15,700204500000180243,1,2,2,2,2,1,1,2,1,2,2,2,2
15,700204500000190258,1,2,2,2,2,1,1,2,1,2,2,2,2
15,700204500000200272,1,2,2,2,1,1,1,2,1,2,2,2,2
15,700500200000010021,1,2,2,2,2,2,2,2,2,2,2,2,2
15,700500200000020061,1,2,2,2,2,1,2,2,2,2,2,2,2
15,700500200000038001,1,2,2,2,2,2,2,2,2,2,2,2,2
15,700500200000040129,1,2,2,2,2,1,1,2,1,2,2,2,2
15,700500200000058001,1,2,2,2,2,2,2,2,2,2,2,2,2
15,700500200000090302,1,2,2,2,2,2,2,2,2,2,2,2,2
15,700500400200020042,1,2,2,2,2,1,2,2,1,2,2,2,2
15,700500400200050108,1,2,2,2,1,2,1,2,1,2,2,2,2
15,700500400200080196,1,2,2,2,1,1,2,2,1,2,2,2,2
15,700500400200090229,1,2,2,2,2,2,2,2,2,2,2,2,2
15,700500400200120313,1,2,2,2,2,2,2,2,2,2,2,2,2
15,700500700000010027,1,2,2,2,2,1,2,2,2,2,2,2,2
15,700500700000020067,1,2,2,2,2,1,2,2,2,2,2,2,2
15,700500700000030101,1,2,2,2,2,1,2,2,2,2,2,1,2
15,700500700000040134,1,2,2,2,2,1,1,2,1,2,2,2,2
15,700500700000050162,1,2,2,2,2,1,1,2,1,2,2,2,2
15,700500700000060195,1,2,2,2,2,2,2,2,2,2,2,2,2
15,700500700000080249,1,2,2,2,2,1,2,2,2,2,2,2,2
15,700500700000120374,1,2,2,2,2,1,2,2,1,2,2,2,2
16,020100800000010017,1,2,2,2,1,2,2,2,1,2,2,2,1
16,020100800000030045,1,2,2,2,1,2,2,2,2,2,2,2,2
16,020100800000058001,1,2,2,2,2,1,1,2,2,2,2,2,1
16,020100800000068004,1,2,2,2,1,2,2,2,2,2,2,2,1
16,020100800000070100,1,2,2,2,2,2,2,2,2,2,2,2,2
16,020100800000080114,1,2,2,2,1,2,2,2,2,2,2,2,2
16,020100800000090129,1,2,2,1,1,1,1,2,1,2,1,2,1
16,020100800000100144,1,2,2,1,2,1,2,2,1,2,2,2,1
16,020100800000118003,1,2,2,2,1,2,2,2,2,2,2,2,1
16,020100800000130189,1,2,2,2,1,2,2,2,2,2,2,2,2
16,020100800000150219,1,2,2,2,1,1,2,2,1,2,2,2,2
16,020100800000160234,1,2,2,2,1,1,1,2,2,2,2,2,2
16,020100900000010018,1,2,2,2,1,1,2,2,2,2,2,2,2
16,020100900000020030,1,2,2,2,2,2,2,2,1,2,2,2,1
16,020100900000030042,1,2,2,2,1,2,2,2,2,2,2,2,2
16,020100900000040056,1,2,2,2,2,1,2,2,2,2,2,2,1
16,020100900000050069,1,2,2,1,1,1,2,2,1,2,2,2,1
16,020100900000070097,1,2,2,2,2,2,2,2,2,2,2,2,1
16,020100900000080109,1,2,2,1,1,1,2,2,2,2,2,2,1
16,020100900000090121,1,2,2,2,1,1,2,2,2,2,2,2,1
16,020100900000120161,1,2,2,2,2,1,1,2,2,2,2,2,1
16,020100900000130175,1,2,2,2,2,1,2,2,2,2,2,2,1
16,020100900000140188,1,2,2,2,2,1,2,2,2,2,2,2,1
16,020100900000158001,1,2,2,1,2,1,2,2,1,2,2,2,1
16,020100900000160216,1,2,2,2,2,2,2,2,1,2,2,2,1
16,020200300100010025,1,2,1,1,2,1,1,1,1,2,1,1,1
16,020200300100020061,1,2,2,2,2,1,1,2,1,2,1,2,1
16,020200300100030093,1,2,2,1,1,1,1,2,1,2,2,2,1
16,020200300100040128,1,2,1,2,1,1,1,2,1,2,2,2,1
16,020200300100050165,1,2,2,2,1,1,1,2,1,2,2,2,1
16,020200300100060199,1,2,2,2,1,2,2,2,2,2,2,2,1
16,020200300100070235,1,2,2,2,2,2,2,2,1,2,2,2,1
16,020200300100080269,1,2,2,2,2,1,1,2,1,2,2,2,1
16,020200300100090305,1,2,2,2,1,1,2,2,2,2,2,2,1
16,020200300100110379,1,2,1,1,1,1,1,1,1,2,1,2,1
16,020200300100130052,1,2,1,2,2,1,2,2,2,2,2,2,1
16,020200300100140090,1,2,2,2,2,1,1,1,2,2,2,2,1
16,020200300100168001,1,2,1,1,2,1,1,1,2,2,2,1,1
16,020200300100178002,1,2,2,1,2,1,1,2,2,2,2,2,1
16,020200300100180232,1,2,1,1,1,1,1,2,1,2,1,2,1
16,020200400200018001,1,2,2,2,2,1,2,2,1,2,1,2,1
16,020200400200020116,1,2,2,1,1,1,1,1,1,2,2,2,1
16,020200400200030168,1,2,2,1,1,1,1,2,1,2,1,2,1
16,020200400200040220,1,1,1,1,1,1,1,1,1,2,1,1,1
16,020200400200050271,1,2,1,1,2,1,1,2,1,2,1,2,1
16,020200400200068010,1,2,2,2,1,2,2,2,2,2,2,2,1
16,020200400200078003,1,2,1,1,1,1,1,2,1,2,1,2,1
16,020200400200088011,1,2,2,1,1,1,2,2,1,2,2,2,1
16,020200400200090477,1,2,2,1,1,1,1,1,1,2,1,1,2
16,020200400200108007,1,2,2,2,2,1,1,2,1,2,2,2,1
16,020200400200118004,1,2,1,1,1,1,1,1,1,2,1,1,1
16,020200400200120628,1,2,1,1,1,1,2,1,1,2,2,2,1
16,020200400200130677,1,2,2,1,2,1,1,1,1,2,1,1,1
16,020200400200148012,1,2,1,1,1,1,1,1,2,2,1,1,1
16,020200400200158006,1,2,2,2,2,1,2,2,2,2,2,2,1
16,020200400200168005,1,2,2,2,2,1,2,2,2,2,2,2,1
16,020200400200170116,1,2,2,1,2,1,1,2,1,2,2,2,1
16,020200400200188016,1,2,2,1,1,1,1,2,2,2,2,2,1
16,020200400200190216,1,2,1,2,1,1,1,1,1,2,1,1,1
16,020200400200208014,1,2,1,1,1,1,1,2,1,2,1,1,1
16,020200400200210320,1,2,2,1,1,1,1,2,1,2,2,2,1
16,020200400200220368,1,1,1,1,1,1,1,1,1,2,2,1,1
16,020201200200010007,1,2,2,2,2,1,2,2,2,2,2,2,1
16,020201200200020036,1,2,2,1,2,1,2,2,2,2,2,2,1
16,020201200200038003,1,2,2,2,2,1,2,2,1,2,2,2,2
16,020201200200040083,1,2,2,1,2,1,1,2,2,2,2,2,2
16,020201200200120275,1,2,2,1,2,2,1,2,1,2,2,2,1
16,020201200200130300,1,2,2,1,1,1,1,2,2,2,1,2,1
16,020201200200150348,1,2,2,1,1,1,2,2,1,2,2,2,1
16,020201200200160371,1,2,1,1,1,1,2,2,1,2,2,2,1
16,020201200200188002,1,2,2,1,2,1,1,2,1,2,1,2,1
16,020201200200210477,1,2,2,2,1,2,1,2,1,2,1,2,1
16,020201200200220500,1,2,2,1,2,1,2,2,2,2,1,2,1
16,020201600100010010,1,2,2,2,1,1,2,2,1,2,2,2,1
16,020201600100020029,1,2,2,2,1,1,1,2,1,2,2,2,1
16,020201600100038002,1,1,1,2,2,2,2,2,1,2,2,2,1
16,020201600100060102,1,2,1,1,1,1,1,2,2,2,2,2,1
16,020201600100070121,1,2,2,2,1,1,1,2,2,2,2,2,1
16,020201600100110197,1,2,2,1,2,1,2,2,1,2,2,2,1
16,020201600100120217,1,2,1,1,2,1,1,2,1,2,2,2,1
16,020201600100130237,1,2,1,2,2,1,1,2,1,2,2,2,2
16,020201600100180333,1,2,2,1,1,1,1,2,2,2,1,2,1
16,020201600100198003,1,2,2,1,1,1,1,2,1,2,2,2,1
16,020203900100018010,1,2,1,2,1,1,1,2,1,2,2,2,1
16,020203900100030106,1,2,2,1,1,1,2,2,2,2,2,2,1
16,020203900100040146,1,2,2,2,2,2,2,2,2,2,2,2,1
16,020203900100050190,1,2,1,1,2,1,1,2,1,2,1,2,1
16,020203900100068013,1,2,2,1,1,1,1,2,1,2,2,2,1
16,020203900100090354,1,2,2,2,1,2,2,2,2,2,2,2,1
16,020203900100098004,1,2,2,2,1,2,2,2,2,2,2,2,2
16,020203900100120487,1,2,2,1,1,1,2,2,1,2,2,2,1
16,020203900100138002,1,2,2,2,1,1,2,2,2,2,2,2,1
16,020203900100140071,1,2,2,2,2,1,2,2,2,2,2,2,1
16,020203900100158012,1,2,1,1,2,1,1,1,2,2,1,1,1
16,020203900100160155,1,2,2,2,1,1,2,2,2,2,2,2,2
16,020203900100170200,1,2,2,1,1,1,1,1,1,2,1,2,1
16,020203900100188011,1,2,1,1,2,1,1,1,2,2,1,1,1
16,020203900100190287,1,1,2,2,2,1,1,2,1,2,2,2,1
16,020203900100208009,1,2,2,2,1,1,2,2,2,2,2,2,2
16,020203900100218006,1,2,2,2,2,1,2,2,1,2,2,2,1
16,020203900100228007,1,2,2,1,2,1,2,2,1,2,1,2,2
16,020203900100238008,1,2,2,2,2,1,2,2,1,2,2,2,1
16,020205400400020085,1,2,2,2,2,2,2,2,2,2,2,2,2
16,020205400400030147,1,2,2,2,2,1,2,2,2,2,2,2,1
16,020205400400040217,1,2,2,1,1,1,1,2,1,2,1,2,1
16,020205400400050277,1,1,2,1,1,1,1,2,1,2,2,2,1
16,020205400400068001,1,2,2,2,2,1,2,2,2,2,2,2,1
16,020205400400070392,1,1,2,2,1,1,1,1,1,1,1,1,1
16,020205400400090518,1,2,2,2,2,1,1,2,1,2,1,2,1
16,020205400400108004,1,2,2,2,2,2,1,2,2,2,2,2,2
16,020205500200018011,1,2,1,1,1,1,1,1,1,2,1,2,1
16,020205500200028010,1,2,1,1,2,1,1,1,1,2,2,1,1
16,020205500200030054,1,2,2,2,1,1,2,2,1,2,1,2,1
16,020205500200060110,1,2,2,2,2,1,2,2,1,2,2,2,1
16,020205500200088009,1,2,1,1,2,1,1,1,1,2,2,1,1
16,020205500200098008,1,2,2,1,1,1,1,2,1,2,1,2,1
16,020205500200108003,1,2,1,2,2,1,1,2,1,2,2,2,1
16,020205500200130218,1,2,2,1,2,1,1,2,1,2,1,1,1
16,020205500200140235,1,2,2,2,2,1,1,2,1,2,2,2,1
16,020205500200150251,1,2,2,1,1,1,1,1,2,2,1,2,1
16,020205500200160268,1,2,1,1,2,2,1,2,1,2,2,2,1
16,020205500200170286,1,2,2,1,1,1,1,2,1,2,1,2,1
16,020205500200190314,1,2,2,1,1,1,1,1,1,2,1,1,1
16,020205500200208004,1,2,2,1,1,1,2,2,1,2,2,1,1
16,020205500200210349,1,2,2,1,1,1,1,2,1,2,1,1,1
16,020205500200220371,1,2,1,1,1,1,1,1,1,2,1,1,1
16,020205500200238005,1,2,1,2,2,2,2,2,1,2,2,2,1
16,020205500200238006,1,2,1,2,2,2,2,2,1,2,2,2,1
16,020205500200238007,1,2,1,2,2,2,2,2,2,2,2,2,1
16,020205500200240403,1,2,2,1,1,1,1,1,1,2,1,1,1
16,020205600100010020,1,2,1,1,2,1,1,2,1,2,1,2,1
16,020205600100020052,1,2,2,2,2,2,2,2,2,2,2,2,2
16,020205600100030085,1,2,2,2,1,1,2,2,2,2,2,2,2
16,020205600100040117,1,2,2,2,1,1,1,1,1,2,1,2,1
16,020205600100058001,1,2,1,2,1,1,1,2,1,2,2,2,1
16,020205600100060178,1,2,2,2,2,1,1,2,1,2,2,2,1
16,020205600100070204,1,2,1,2,2,1,1,2,1,2,2,2,1
16,020205600100080236,1,2,2,1,1,1,1,2,1,2,1,2,1
16,020205600100088002,1,2,2,2,1,1,2,2,2,2,2,2,2
16,020205600100100301,1,2,2,2,1,1,1,2,1,2,2,2,1
16,020205600100110334,1,2,2,2,1,1,1,2,2,2,2,2,1
16,020205600100120365,1,2,2,1,2,1,2,2,1,2,2,2,1
16,020205600100140430,1,2,2,2,1,1,2,2,2,2,2,2,2
16,020205600100150460,1,2,2,2,1,1,1,2,1,2,2,2,2
16,020205600100168003,1,2,2,1,2,1,1,2,1,2,2,2,1
16,020205600100170526,1,2,2,2,2,1,2,2,2,2,2,2,1
16,020205600100180561,1,2,2,2,2,1,1,2,2,2,2,2,1
16,020210000000010035,1,2,1,2,1,1,2,2,1,2,2,2,2
16,020210000000020066,1,2,2,2,2,2,2,2,2,2,2,2,2
16,020210000000040129,1,2,2,2,1,1,1,2,2,2,2,2,1
16,020210000000070223,1,2,2,2,2,1,2,2,2,2,2,2,2
16,020210000000080254,1,2,1,1,1,1,1,2,1,2,2,2,1
16,020210000000090285,1,2,1,1,1,1,1,2,2,2,2,2,1
16,020210000000100318,1,2,2,2,1,1,2,2,2,2,2,2,1
16,020210000000110351,1,2,2,2,1,1,2,2,2,2,2,2,1
16,020210000000130414,1,2,2,2,2,1,2,2,2,2,2,2,2
16,020210000000150478,1,2,2,2,1,1,2,2,2,2,2,2,1
16,020210000000150479,1,1,1,1,1,1,1,1,1,1,1,1,2
16,020210000000160504,1,2,2,2,1,2,2,2,2,2,2,2,1
16,020301800100028003,1,2,2,2,1,2,2,2,2,2,2,2,2
16,020301800100050082,1,2,2,1,1,1,2,2,2,2,2,2,1
16,020301800100060098,1,2,2,2,1,1,2,2,2,2,2,2,1
16,020301800100080133,1,2,2,2,2,1,1,2,2,2,2,2,2
16,020301800100090151,1,2,2,2,2,1,1,2,1,2,2,2,1
16,020301800100100170,1,2,2,2,2,1,2,2,2,2,2,2,2
16,020301800100110188,1,2,2,1,2,1,2,2,2,2,2,2,2
16,020301800100140247,1,2,2,2,2,1,1,2,2,2,2,2,1
16,020301800100150273,1,2,2,2,1,2,2,2,2,2,2,2,2
16,020301800100160291,1,2,2,2,2,1,1,2,2,2,2,2,1
16,020301800100170310,1,2,2,2,1,1,2,2,2,2,2,2,1
16,020301800100188004,1,2,2,2,2,1,2,2,2,2,1,2,1
16,020301800100198001,1,2,2,2,2,1,1,2,2,2,2,2,1
16,020301800100208005,1,2,2,2,2,1,2,2,2,2,2,2,2
16,020303200000010026,1,2,2,2,1,1,1,1,1,2,2,1,1
16,020303200000020052,1,2,1,2,1,1,1,2,1,2,1,1,1
16,020303200000030077,1,2,2,1,2,1,1,1,2,1,2,2,1
16,020303200000040103,1,2,2,1,2,1,1,1,2,2,2,2,1
16,020303200000068004,1,2,2,2,1,1,2,2,2,2,2,2,2
16,020303200000070182,1,2,1,1,1,1,1,1,2,1,2,2,1
16,020303200000080209,1,2,2,2,1,1,1,1,1,1,1,1,1
16,020303200000090236,1,2,2,2,1,2,1,2,2,2,2,2,2
16,020303200000100260,1,2,1,1,1,1,1,1,1,2,1,1,1
16,020303200000120310,1,2,2,2,2,1,1,2,2,2,2,2,1
16,020303200000130333,1,2,2,2,2,1,2,2,2,2,1,1,1
16,020303200000140361,1,2,2,2,1,1,1,2,1,2,2,1,1
16,020303200000168006,1,2,1,1,1,1,1,2,1,2,2,2,1
16,020303200000170426,1,2,2,2,1,1,1,2,2,2,2,2,2
16,020303200000180454,1,2,2,2,2,1,2,2,2,2,2,2,2
16,020303200000198001,1,2,2,2,2,1,2,2,2,2,2,2,2
16,020303200000208007,1,2,1,2,1,1,1,2,2,2,2,2,1
16,020303200000218003,1,2,2,2,2,1,2,2,2,2,2,2,2
16,020303300000010016,1,2,2,2,2,1,2,2,2,2,2,2,1
16,020303300000020034,1,2,2,2,1,1,1,2,2,2,2,2,1
16,020303300000040068,1,2,2,2,2,2,2,2,2,2,2,2,1
16,020303300000058005,1,2,2,1,1,1,1,2,2,2,2,2,1
16,020303300000070123,1,2,2,2,2,2,2,2,2,2,2,2,2
16,020303300000080139,1,2,2,2,2,2,2,2,2,2,2,2,1
16,020303300000090156,1,2,2,2,2,1,2,2,2,2,2,2,2
16,020303300000108002,1,2,2,2,2,2,2,2,2,2,2,2,2
16,020303300000110189,1,2,2,2,2,1,1,2,1,2,2,2,2
16,020303300000120204,1,2,2,1,1,1,1,2,2,2,2,2,1
16,020303300000130221,1,2,2,1,1,1,1,2,2,2,2,2,1
16,020303300000140239,1,2,2,2,1,1,1,2,1,2,1,2,2
16,020303300000150256,1,2,2,1,1,1,1,2,1,2,2,2,1
16,020303300000168003,1,2,2,2,2,2,2,2,2,2,2,2,1
16,020303300000170290,1,2,2,2,2,1,1,2,1,2,2,2,1
16,020303300000190322,1,2,1,1,1,1,1,2,1,2,2,2,2
16,020400100000010021,1,2,2,1,1,1,2,2,1,2,2,2,1
16,020400100000020046,1,2,2,2,1,1,1,2,1,2,2,2,1
16,020400100000040090,1,2,2,1,1,1,1,1,2,2,1,1,1
16,020400100000050115,1,2,2,2,1,2,2,2,2,2,2,2,2
16,020400100000060132,1,2,2,1,1,1,2,2,2,2,2,2,1
16,020400100000070156,1,2,2,2,2,1,2,2,2,2,2,2,1
16,020400100000080181,1,2,2,2,2,1,1,2,1,2,2,2,1
16,020400100000090002,1,2,2,2,2,2,2,2,2,2,2,2,1
16,020400100000110045,1,2,2,2,2,2,2,2,2,2,2,2,2
16,020400100000120070,1,2,2,2,2,2,2,2,2,2,2,2,2
16,020400100000160165,1,2,2,2,1,2,2,2,2,2,2,2,2
16,020500200100018001,1,2,2,2,1,2,2,2,2,2,2,2,1
16,020500200100030061,1,2,2,1,1,1,1,2,1,2,1,2,1
16,020500200100040082,1,2,2,2,1,2,2,2,2,2,2,2,1
16,020500200100060122,1,2,2,2,2,1,2,2,2,2,2,2,2
16,020500200100120250,1,2,2,2,2,1,2,2,2,2,2,2,2
16,020800100200018006,1,2,2,2,2,1,2,2,1,2,2,2,1
16,020800100200028001,1,2,1,2,1,1,2,1,1,2,2,2,1
16,020800100200030061,1,2,2,2,1,1,2,2,2,2,2,2,1
16,020800100200040082,1,2,2,2,2,2,2,2,2,2,2,2,1
16,020800100200058003,1,2,2,2,2,1,2,2,2,2,2,2,1
16,020800100200060126,1,2,2,2,2,1,2,2,2,2,2,2,1
16,020800100200080172,1,2,2,1,2,2,2,2,2,2,2,2,1
16,020800100200110245,1,2,2,1,1,1,2,2,1,2,1,2,1
16,020800100200128005,1,2,1,1,1,1,1,1,1,1,1,2,1
16,020800100200130291,1,2,2,1,1,1,1,2,2,2,2,2,2
16,020800100200150334,1,2,2,1,2,1,1,2,1,2,2,2,2
16,020800100200160357,1,2,2,1,1,1,2,2,2,2,2,2,2
16,020800100200178004,1,1,1,1,2,1,1,2,1,1,1,1,1
16,020800100200180400,1,2,2,2,2,1,2,2,2,2,2,2,1
16,030101600700010046,1,2,2,1,1,1,1,2,1,2,2,1,1
16,030101600700030176,1,2,2,1,2,1,1,2,2,2,2,2,1
16,030101600700040241,1,1,1,2,1,1,1,1,1,2,1,1,1
16,030101600700060371,1,2,2,1,2,1,1,2,1,2,1,1,1
16,030101600700080501,1,2,1,1,2,1,2,2,2,2,1,1,1
16,030102400100018002,1,2,2,1,1,1,1,1,1,2,2,1,1
16,030102400100030230,1,2,2,2,1,1,1,2,1,2,2,2,1
16,030102400100040310,1,2,2,1,1,2,2,2,2,2,2,2,2
16,030102400100050394,1,2,2,1,1,1,1,2,1,2,2,2,1
16,030102400100060475,1,2,2,2,2,1,1,2,1,2,1,2,1
16,030103000000060120,1,2,2,1,2,1,1,2,1,2,1,2,1
16,030103000000090177,1,2,2,2,2,1,2,2,1,2,2,2,2
16,030103000000110216,1,2,2,2,2,1,2,2,2,2,2,2,1
16,030103000000120237,1,2,2,2,2,1,1,2,2,2,1,2,1
16,030103000000130255,1,2,2,1,2,1,1,2,1,2,2,2,1
16,030103000000140273,1,2,2,2,2,1,1,2,2,2,2,2,2
16,030103000000160313,1,1,2,1,2,1,1,1,1,2,1,2,1
16,030104500100070136,1,2,2,2,2,1,2,2,2,2,2,2,2
16,030104500100088001,1,2,2,2,2,1,2,2,2,2,2,2,2
16,030104500100090173,1,2,2,2,2,1,2,2,2,2,2,2,1
16,030104500100110220,1,2,2,2,2,2,2,2,2,2,2,2,2
16,030200100100030060,1,2,2,2,1,1,2,2,2,2,2,2,2
16,030200100100040082,1,2,2,2,2,1,2,2,2,2,2,2,2
16,030200100100050101,1,2,1,1,1,1,1,2,1,2,2,1,1
16,030200100100060121,1,2,2,2,2,1,2,2,2,2,2,2,1
16,030200100100070143,1,2,2,1,1,1,1,2,2,2,2,2,2
16,030200100100080163,1,2,2,2,1,1,2,2,2,2,2,2,1
16,030200100100090184,1,2,2,2,2,1,2,2,2,2,2,2,2
16,030200100100120244,1,2,2,2,1,1,2,2,2,2,2,2,2
16,030200100100130265,1,2,2,2,2,1,2,2,2,2,2,2,2
16,030200100100140284,1,2,2,2,2,1,2,2,2,2,2,2,2
16,030300300000010001,1,2,2,2,2,1,2,2,1,2,2,2,1
16,030301400000058001,1,2,2,2,2,2,2,2,2,2,2,2,2
16,030301400000078002,1,2,2,2,2,2,2,2,2,2,2,2,2
16,030301400000140169,1,2,2,2,2,2,2,2,2,2,2,2,2
16,030303500000030024,1,1,2,1,2,1,2,2,1,2,2,1,1
16,030303500000040039,1,2,2,1,2,1,1,2,1,2,1,2,1
16,030303500000050054,1,2,2,2,2,2,2,2,2,2,2,2,1
16,030303500000060069,1,2,2,2,2,2,2,2,2,2,2,2,2
16,030303500000070080,1,2,2,1,2,1,1,2,2,2,2,2,1
16,030303500000080094,1,2,2,2,2,1,2,2,1,2,2,2,1
16,030303500000098001,1,2,2,1,2,2,1,2,1,2,2,2,1
16,030303500000100123,1,2,2,2,2,2,2,2,2,2,2,2,1
16,030303500000110137,1,2,2,2,1,1,1,2,1,2,2,1,1
16,030303500000120150,1,2,1,1,2,1,1,2,1,2,1,1,1
16,030303500000140179,1,2,2,2,2,2,2,2,2,2,2,2,1
16,030303500000150194,1,1,2,2,2,1,1,2,2,2,2,2,1
16,030303500000160209,1,2,2,1,1,1,2,2,2,2,2,2,1
16,030303500000170223,1,2,2,2,2,1,2,2,2,2,1,2,1
16,030303500000180238,1,2,2,2,2,2,2,2,2,2,2,2,1
16,030500600000020027,1,2,2,2,2,1,2,2,2,2,2,2,2
16,030500600000050069,1,2,2,1,2,1,1,1,1,2,2,2,1
16,030500600000080110,1,2,2,2,2,2,2,2,2,2,2,2,2
16,030500600000090124,1,2,2,2,2,1,2,2,2,2,2,2,2
16,030500600000120166,1,2,2,2,2,1,2,2,2,2,2,2,2
16,030500600000140194,1,2,2,1,2,1,2,2,1,2,2,2,2
16,030500600000150208,1,2,2,1,2,1,1,2,2,2,1,2,1
16,030603100100030044,1,2,2,2,2,1,1,2,1,2,2,2,1
16,030603100100068002,1,2,2,2,2,2,2,2,2,2,2,2,1
16,030603100100080124,1,2,2,1,1,1,1,2,1,2,1,2,1
16,030603100100090141,1,2,2,1,2,1,2,2,2,2,2,2,1
16,030603100100130209,1,2,2,2,2,2,1,2,2,2,2,2,2
16,030701000100010027,1,2,2,2,2,1,2,2,2,2,2,2,1
16,030701000100020041,1,2,2,2,2,1,1,2,1,2,2,2,1
16,030701000100048001,1,1,1,2,2,1,1,2,2,2,2,2,1
16,030701000100068001,1,2,2,1,1,1,1,2,1,2,1,2,1
16,030701000100078002,1,2,2,2,2,2,2,2,1,2,2,2,2
16,030701000100080125,1,2,1,2,2,1,2,2,1,2,2,2,2
16,030701000100098003,1,2,2,2,2,1,2,2,1,2,2,2,1
16,030701000100100153,1,2,2,2,1,2,2,2,2,2,2,2,1
16,030701000100108004,1,2,2,2,1,2,2,2,2,2,2,2,1
16,030701000100120181,1,2,2,2,2,1,1,2,2,2,2,2,1
16,030701000100170251,1,2,2,2,2,1,2,2,1,2,2,2,1
16,030701000100190279,1,2,2,1,2,1,1,1,1,2,2,2,1
16,030701000100200293,1,2,2,2,2,1,1,2,2,2,2,2,1
16,030701000100220321,1,2,2,1,2,1,2,2,1,2,2,2,1
16,030800700000030051,1,2,2,2,2,1,2,2,1,2,2,2,1
16,030800700000050085,1,1,1,1,2,1,1,2,1,2,1,1,1
16,030800700000060107,1,2,2,1,1,1,1,2,1,2,2,2,1
16,030800700000070128,1,2,2,2,2,2,2,2,2,2,2,2,2
16,030800700000090169,1,2,2,2,2,2,2,2,2,2,2,2,1
16,030800700000100187,1,2,2,2,2,2,2,2,2,2,2,2,1
16,030800700000130251,1,2,2,2,2,2,2,2,2,2,2,2,1
16,030800700000140272,1,2,2,2,2,2,2,2,2,2,2,2,2
16,030800700000150291,1,2,2,2,2,2,2,2,2,2,2,2,1
16,030800700000160313,1,2,2,1,2,1,1,2,1,2,2,1,1
16,030801600200010015,1,2,1,1,2,1,1,2,1,2,1,1,1
16,030801600200020030,1,2,2,1,2,1,1,2,1,2,1,2,1
16,030801600200030046,1,1,1,1,1,1,1,1,1,2,1,1,1
16,030801600200060088,1,2,2,1,1,1,1,2,1,2,2,2,1
16,030801600200070106,1,2,2,1,1,1,1,1,1,2,1,1,1
16,030801600200100152,1,2,2,1,2,1,1,1,1,2,1,1,1
16,030801600200140199,1,2,2,2,2,2,2,2,2,2,2,2,2
16,030801600200150217,1,2,2,1,2,1,1,1,1,2,2,2,1
16,030900500000010014,1,2,2,2,2,1,2,2,2,2,2,2,1
16,030900500000020028,1,2,2,2,2,2,2,2,2,2,2,2,2
16,030900500000030042,1,2,2,2,2,1,2,2,2,2,2,2,1
16,030900500000050064,1,2,2,1,2,2,2,2,2,2,2,2,1
16,030900500000070090,1,2,2,2,2,2,2,2,2,2,2,2,2
16,030900500000090117,1,2,2,2,2,1,2,2,2,2,2,2,1
16,030900500000108004,1,2,2,2,2,2,2,2,2,2,2,2,2
16,030900500000120158,1,2,2,2,2,1,2,2,2,2,2,2,1
16,030900600000010015,1,2,2,1,2,1,1,2,1,2,2,1,1
16,030900600000020033,1,2,2,2,2,1,2,2,2,2,2,2,2
16,030900600000060102,1,2,2,2,1,1,1,2,2,2,2,2,2
16,030900600000080138,1,2,2,1,1,1,1,1,2,2,2,2,1
16,030900600000100173,1,2,2,2,1,1,2,2,2,2,2,2,1
16,030900600000110191,1,2,2,2,1,1,2,2,2,2,2,2,1
16,030900600000130223,1,2,2,1,1,1,1,2,2,2,2,2,1
16,031200200000050121,1,2,2,2,2,1,1,2,2,2,2,2,1
16,031200200000060147,1,2,2,2,2,1,2,2,2,2,2,2,2
16,031200200000070173,1,2,2,2,2,2,2,2,2,2,2,2,2
16,031200200000110277,1,2,2,2,1,1,1,2,2,2,2,2,1
16,031200200000120303,1,2,2,2,1,1,1,2,2,2,2,2,1
16,031200200000130329,1,2,2,2,2,1,1,2,2,2,2,2,2
16,031200200000160407,1,2,2,2,1,1,1,2,2,2,2,2,2
16,031200200000170433,1,2,2,2,2,1,2,2,2,2,2,2,2
16,031200600600010037,1,2,2,2,2,1,2,2,1,2,2,2,1
16,031200600600020075,1,2,2,2,1,1,1,2,1,2,1,1,1
16,031200600600030111,1,2,2,1,1,1,2,2,2,2,2,2,2
16,031200600600050184,1,2,2,2,1,1,2,2,1,2,2,2,1
16,031200600600060220,1,2,2,2,2,1,2,2,2,2,2,2,2
16,031200600600070260,1,1,2,2,2,1,1,2,1,2,2,2,1
16,031401500100020073,1,2,2,1,1,1,1,2,1,2,2,2,1
16,031401500100030113,1,2,2,1,1,1,1,2,2,2,2,2,1
16,031401500100040158,1,2,2,1,1,1,1,2,1,2,1,2,1
16,031401500100050198,1,2,2,1,1,1,1,2,1,2,2,1,1
16,031401500100068002,1,2,2,2,2,2,2,2,2,2,2,2,1
16,031401500100070271,1,2,2,2,2,1,1,2,2,2,2,2,1
16,031401500100080309,1,2,2,1,1,1,1,2,1,2,2,2,1
16,031401500100090348,1,2,2,1,2,1,1,2,1,2,2,2,1
16,031401500100108001,1,2,2,2,2,2,2,2,2,2,2,2,1
16,031401500100110421,1,1,1,1,1,1,1,2,2,2,1,2,1
16,031401500100130489,1,2,2,2,2,2,2,2,2,2,2,2,2
16,031401500100160587,1,2,2,1,1,1,2,2,2,2,2,2,1
16,031401500100190701,1,1,1,1,1,1,1,1,1,2,1,1,1
16,670100200000010005,1,2,2,2,2,2,2,2,2,2,2,2,2
16,670100200000020029,1,2,2,2,2,1,2,2,1,2,1,2,1
16,670100200000030047,1,2,2,2,1,1,2,2,2,2,1,2,1
16,670100200000040064,1,2,1,1,1,1,1,2,1,2,1,2,1
16,670100200000050083,1,2,2,2,2,1,2,2,2,2,2,2,2
16,670100200000068001,1,2,1,2,2,1,2,2,2,2,2,2,2
16,670100200000070119,1,2,2,1,2,1,2,2,2,2,1,2,1
16,670100200000080135,1,2,2,2,2,1,1,2,2,2,2,2,1
16,670100200000090152,1,1,1,2,2,1,1,2,1,1,2,2,1
16,670100200000110187,1,2,2,2,2,1,2,2,2,2,2,2,2
16,670100200000120205,1,2,1,1,1,1,1,2,1,2,2,1,1
16,670100200000130223,1,2,2,2,1,2,2,2,2,2,2,2,1
16,670100200000140240,1,2,2,2,1,1,1,2,1,2,2,2,1
16,670100200000170290,1,2,2,1,2,1,2,2,2,2,2,2,1
16,670901200000010004,1,2,2,2,2,2,2,2,2,2,2,2,1
16,670901200000020017,1,2,2,2,1,1,1,2,1,2,2,2,1
16,670901200000030030,1,2,1,2,1,1,1,2,1,2,2,2,1
16,670901200000040042,1,2,1,2,2,1,1,2,2,2,2,2,1
16,670901200000050054,1,2,2,2,1,1,1,2,1,2,2,2,1
16,670901200000070077,1,2,2,2,1,1,1,1,2,2,2,2,1
16,670901200000090100,1,2,1,2,2,1,1,2,2,2,2,2,1
16,670901200000108001,1,2,2,2,2,1,2,2,2,2,2,2,1
16,670901200000118002,1,2,2,2,2,1,2,2,2,2,2,2,1
16,670901200000128003,1,2,2,2,2,2,2,2,2,2,2,2,2
16,670901200000130150,1,2,2,1,2,1,1,2,1,2,2,2,1
16,670901200000140162,1,2,2,2,2,2,2,2,2,2,2,2,1
16,670901200000150175,1,1,1,1,1,1,1,1,1,2,2,2,1
16,670901200000180213,1,2,2,2,1,1,2,2,1,2,2,2,1
16,671401300100010008,1,1,2,2,1,1,1,2,1,2,1,1,1
16,671401300100028001,1,2,1,1,1,1,1,1,1,2,2,1,1
16,671401300100038002,1,2,1,1,2,1,1,2,1,2,2,2,1
16,671401300100040065,1,2,2,2,2,2,2,2,2,2,2,2,1
16,671401300100070118,1,2,2,2,2,2,2,2,2,2,2,2,2
16,671401300100080137,1,2,1,1,2,1,1,2,1,2,1,2,1
16,671401300100090155,1,2,1,1,1,1,1,2,2,2,1,2,1
16,671401300100100173,1,1,2,1,2,1,2,2,2,2,1,2,1
16,671401300100110191,1,1,1,1,1,1,1,2,1,2,1,2,1
16,671401300100130227,1,2,2,2,2,2,2,2,2,2,2,2,2
16,671401300100140245,1,2,2,2,2,2,2,2,2,2,2,2,2
16,671401300100150263,1,2,1,1,1,1,1,2,1,2,1,1,1
16,671401300100160280,1,1,1,1,1,1,1,2,1,2,1,2,1
16,671401300100170298,1,2,2,2,2,2,2,2,2,2,2,2,2
16,671401300100180321,1,2,2,1,2,1,2,2,1,2,2,2,1
16,671401300100200362,1,2,2,2,1,2,2,2,2,2,2,2,1
16,671500300000010020,1,2,2,2,1,1,2,2,2,2,2,2,2
16,671500300000020043,1,2,2,1,2,1,1,2,2,2,2,2,2
16,671500300000030068,1,2,1,2,2,1,1,2,2,2,2,2,2
16,671500300000040093,1,2,2,2,2,2,2,2,2,2,2,2,2
16,671500300000050117,1,2,2,2,2,1,1,2,1,2,2,2,1
16,671500300000070164,1,2,2,2,2,2,2,2,2,2,2,2,2
16,671500300000080188,1,2,2,2,2,1,1,2,2,2,2,2,1
16,671500300000090211,1,2,2,2,2,1,1,2,2,2,2,2,2
16,671500300000100234,1,2,2,2,2,1,1,2,1,2,2,2,1
16,671500300000110256,1,2,1,1,2,1,2,2,2,2,2,2,2
16,671500300000130305,1,2,2,2,2,1,1,2,1,2,2,2,1
16,671500300000150355,1,1,2,1,1,1,1,2,1,2,2,2,1
16,671500300000160379,1,2,2,1,1,1,1,1,1,1,2,2,1
16,671500300000170402,1,2,1,1,2,1,1,2,1,2,1,2,1
16,671500300000180428,1,2,2,2,2,2,2,2,2,2,2,2,2
16,671500300000200477,1,2,2,2,2,1,1,2,2,2,2,2,1
16,671500300000210502,1,2,2,2,2,2,2,2,2,2,2,2,2
16,671600100000010015,1,2,2,2,2,1,2,2,2,2,2,2,2
16,671600100000020029,1,2,2,2,2,2,2,2,2,2,2,2,2
16,671600100000030046,1,2,2,2,2,2,2,2,2,2,2,2,2
16,671600100000050076,1,2,2,1,2,1,2,2,1,2,2,2,1
16,671600100000060093,1,2,2,1,2,1,1,2,1,2,2,2,1
16,671600100000070109,1,2,1,1,2,1,1,2,1,2,1,2,1
16,671600100000090141,1,2,2,2,2,2,2,2,2,2,2,2,2
16,671600100000100157,1,2,2,2,2,2,2,2,2,2,2,2,2
16,671600100000110172,1,2,2,2,2,2,2,2,2,2,2,2,2
16,671600100000148001,1,2,2,2,2,2,2,2,2,2,2,2,1
16,671600100000150236,1,2,2,2,2,2,2,2,2,2,2,2,2
16,671600100000160253,1,2,2,2,2,2,2,2,2,2,2,2,2
16,672401700000010025,1,2,2,2,1,1,2,2,2,2,2,2,1
16,672401700000020048,1,2,2,2,2,2,2,2,2,2,2,2,2
16,672401700000030071,1,2,1,2,2,1,2,2,1,2,1,2,2
16,672401700000040094,1,2,2,2,1,1,1,2,1,2,2,2,2
16,672401700000050118,1,2,2,2,2,1,1,2,2,2,2,2,2
16,672401700000060142,1,2,2,1,1,1,2,2,2,2,1,2,1
16,672401700000078001,1,2,2,2,1,1,1,2,2,2,2,2,1
16,672401700000080192,1,2,2,2,1,1,2,2,2,2,2,2,2
16,672401700000100240,1,2,2,2,1,2,2,2,2,2,2,2,2
16,672401700000110263,1,2,2,2,1,2,1,2,2,2,2,2,1
16,672401700000120286,1,2,2,2,1,1,1,2,2,2,2,2,2
16,672401700000150356,1,2,2,2,1,1,1,2,1,2,1,2,1
16,672401700000168003,1,2,1,2,2,1,1,2,2,2,1,2,1
16,672401700000170403,1,2,2,1,1,1,2,2,1,2,2,2,1
16,672401700000188002,1,2,2,2,2,1,2,2,2,2,2,2,2
16,672402400000010014,1,1,1,2,2,1,1,2,1,2,2,2,1
16,672402400000020030,1,2,2,2,2,1,1,2,2,2,2,2,1
16,672402400000030047,1,2,2,2,2,1,1,2,1,2,1,2,1
16,672402400000040064,1,2,2,2,2,1,2,2,2,2,2,2,1
16,672402400000058002,1,2,2,2,2,1,2,2,1,2,2,2,1
16,672402400000060098,1,2,2,2,2,1,2,2,2,2,2,2,1
16,672402400000070115,1,2,2,2,2,1,1,2,2,2,1,2,1
16,672402400000080132,1,2,2,2,2,1,2,2,2,2,2,2,1
16,672402400000098001,1,2,1,2,2,1,1,2,1,2,2,2,1
16,672402400000100166,1,2,1,2,1,1,2,2,2,2,2,2,1
16,672402400000110182,1,2,2,2,1,1,1,2,2,2,2,2,1
16,672402400000120199,1,2,2,2,2,1,2,2,1,2,2,2,1
16,672402400000130214,1,2,1,2,1,1,1,2,1,2,1,1,1
16,672402400000140230,1,2,2,2,2,1,1,2,1,2,2,2,1
16,672402400000150247,1,2,2,2,2,1,1,2,2,2,2,2,1
16,672403100200010002,1,2,1,1,2,1,2,2,2,2,2,2,1
16,672403100200020023,1,2,2,2,1,1,1,2,1,2,1,2,1
16,672403100200040059,1,2,2,2,2,1,2,2,2,2,2,2,1
16,672403100200050077,1,2,2,2,2,1,2,2,2,2,2,2,1
16,672403100200060095,1,2,2,1,2,1,1,2,1,2,1,1,1
16,672403100200070113,1,2,2,2,2,1,1,2,1,2,2,2,1
16,672403100200080130,1,2,2,2,2,2,2,2,2,2,2,2,2
16,672403100200090146,1,2,2,2,2,1,2,2,2,2,2,2,1
16,672403100200100163,1,2,2,2,1,1,1,2,1,2,2,2,1
16,672403100200110181,1,1,1,1,2,1,1,1,1,2,2,1,1
16,672403100200130217,1,2,2,2,2,2,2,2,2,2,2,2,1
16,672403100200140235,1,2,2,2,2,2,2,2,2,2,2,2,1
16,672403600000030065,1,2,2,2,2,2,2,2,2,2,2,2,1
16,672403600000040085,1,2,1,2,1,1,1,2,1,2,2,2,1
16,672403600000050104,1,2,1,2,1,1,2,2,1,2,1,2,1
16,672403600000060125,1,2,2,2,2,1,2,2,2,2,2,2,1
16,672403600000070144,1,2,2,2,2,1,2,2,2,2,2,2,2
16,672403600000080165,1,2,2,2,2,1,1,2,2,2,2,2,2
16,672403600000090187,1,2,2,2,1,1,2,2,2,2,2,2,1
16,672403600000110226,1,2,2,1,1,1,2,2,2,2,2,2,1
16,672403600000120246,1,2,2,1,2,2,2,2,1,2,1,2,2
16,672403600000140287,1,2,1,2,1,1,1,2,1,2,1,2,2
16,672403600000150308,1,2,2,2,1,1,1,2,2,2,2,2,1
16,672403600000160326,1,2,2,2,2,1,2,2,2,2,2,2,2
16,672404800400010025,1,2,1,2,2,1,1,2,2,2,2,2,2
16,672404800400020052,1,2,2,1,2,1,1,2,1,2,1,2,2
16,672404800400038002,1,2,2,2,2,1,2,2,1,2,2,2,2
16,672404800400040105,1,2,1,1,2,1,1,1,1,2,1,2,1
16,672404800400050130,1,2,2,2,2,1,2,2,2,2,2,2,1
16,672404800400070171,1,2,2,2,2,1,2,2,1,2,2,2,1
16,672404800400110271,1,2,1,1,1,1,1,1,1,2,1,1,1
16,672406800600030088,1,2,2,1,1,1,1,2,1,2,2,2,1
16,672406800600040116,1,2,2,2,2,2,2,2,2,2,2,2,2
16,672406800600058002,1,2,2,1,2,1,1,1,1,2,2,1,1
16,672406800600068003,1,2,2,1,2,1,1,2,1,2,2,2,1
16,672406800600070200,1,2,1,1,1,1,1,2,1,2,1,2,1
16,672406800600090257,1,2,1,1,1,1,1,1,1,2,2,2,1
16,672500300000010010,1,2,2,2,1,1,2,2,2,2,2,2,1
16,672500300000020022,1,2,2,2,1,2,2,2,1,2,2,2,2
16,672500300000030036,1,2,2,2,2,2,2,2,2,2,2,2,1
16,672500300000040050,1,2,2,2,2,2,2,2,2,2,2,2,2
16,672500300000050063,1,2,2,2,1,1,2,2,2,2,2,2,1
16,672500300000068003,1,2,2,2,2,1,2,2,2,2,2,2,1
16,672500300000070090,1,2,2,2,1,1,2,2,2,2,2,2,2
16,672500300000090118,1,2,1,1,2,1,2,2,2,2,2,2,1
16,672500300000100130,1,2,2,2,2,2,2,2,2,2,2,2,2
16,672500300000110143,1,2,2,2,2,1,2,2,2,2,2,2,2
16,672500300000120157,1,2,2,2,2,1,1,2,1,2,1,2,1
16,672500300000138002,1,2,2,1,2,1,2,2,2,2,2,2,1
16,672500300000140182,1,2,2,1,2,1,2,2,1,2,2,1,1
16,672500300000150196,1,2,2,1,2,1,1,2,1,2,2,2,1
16,672500300000170223,1,2,2,2,2,2,2,2,2,2,2,2,1
16,672500300000180236,1,2,2,2,2,1,2,2,2,2,2,2,1
16,672800100200010003,1,2,2,1,2,1,2,2,2,2,2,2,1
16,672800100200020028,1,2,1,1,1,2,2,2,2,2,2,2,1
16,672800100200038003,1,2,2,2,2,2,2,2,2,2,2,2,1
16,672800100200050084,1,2,2,1,1,1,2,2,1,2,2,2,1
16,672800100200060101,1,2,1,1,2,1,2,2,1,2,2,2,1
16,672800100200070119,1,2,1,1,2,1,1,1,2,2,2,2,1
16,672800100200090154,1,2,2,1,2,1,2,2,1,2,2,2,1
16,672800100200110194,1,2,2,2,2,1,2,2,2,2,2,2,1
16,672800100200128002,1,2,2,1,2,1,2,2,2,2,2,2,1
16,672800100200130225,1,2,2,2,2,2,2,2,2,2,2,2,1
16,672800100200140243,1,2,2,2,2,1,2,2,2,2,2,2,2
16,672800100200150262,1,2,1,1,2,2,1,2,1,2,2,2,1
16,672801100100010001,1,2,1,2,2,2,2,2,2,2,2,2,2
16,672801100100020016,1,2,2,2,2,2,2,2,2,2,2,2,1
16,672801100100030032,1,2,2,1,2,1,1,2,1,2,1,2,1
16,672801100100080104,1,2,2,1,2,1,2,2,2,2,2,2,2
16,672801100100090120,1,2,2,1,2,1,2,2,1,2,2,2,1
16,672801100100100136,1,2,2,2,2,1,2,2,2,2,2,2,2
16,672801100100110153,1,2,2,2,2,2,2,2,2,2,2,2,2
16,672801100100130183,1,2,1,1,2,2,2,2,1,2,2,2,1
16,672801100100150211,1,2,2,2,2,2,2,2,2,2,2,2,1
16,672801100100160226,1,2,1,1,2,1,1,1,1,2,2,2,1
16,672801100100170241,1,2,2,2,2,1,2,2,2,2,2,2,2
16,680200600000010009,1,2,1,1,2,1,1,2,2,2,2,1,1
16,680200600000020020,1,2,2,1,2,1,1,2,1,2,1,2,1
16,680200600000030030,1,1,2,1,2,1,1,1,1,2,1,2,1
16,680200600000048001,1,2,2,1,2,1,1,1,1,2,2,1,1
16,680200600000060063,1,2,2,1,2,1,1,2,2,2,1,2,1
16,680200600000070075,1,2,2,1,2,1,1,2,1,2,1,2,1
16,680200600000080085,1,1,1,1,2,1,1,2,1,2,1,2,1
16,680200600000090097,1,2,2,2,2,2,2,2,2,2,2,2,2
16,680200600000110120,1,2,2,2,2,1,2,2,2,2,2,2,2
16,680200600000140152,1,2,2,1,2,1,2,2,2,2,2,2,1
16,680200600000150164,1,2,2,1,2,1,2,2,2,2,2,2,2
16,680200600000160175,1,2,2,1,2,1,1,2,1,2,1,2,1
16,680300901400010025,1,2,2,2,1,1,2,2,1,2,2,2,1
16,680300901400028001,1,2,2,1,2,1,2,2,1,2,1,2,1
16,680300901400030054,1,2,2,2,2,1,2,2,1,2,2,2,2
16,680300901400048002,1,2,2,1,2,2,2,2,2,2,2,2,1
16,680300901400058007,1,2,2,1,2,1,2,2,1,2,1,2,1
16,680300901400060099,1,2,2,1,1,1,1,2,1,2,1,2,1
16,680300901400078004,1,2,2,2,1,1,2,2,2,2,2,2,1
16,680300901400090143,1,2,2,2,1,1,1,2,2,2,2,2,1
16,680300901400100157,1,2,2,1,1,1,2,2,1,2,1,2,2
16,680300901400118006,1,2,2,2,2,1,2,2,2,2,2,2,1
16,680300901400170260,1,2,2,1,2,1,2,2,2,2,1,2,1
16,680302000600010022,1,2,2,2,1,1,2,2,2,2,2,2,2
16,680302000600020100,1,2,2,1,2,1,1,2,2,2,2,2,1
16,680302000600058001,1,2,2,1,2,2,2,2,2,2,2,2,1
16,680302000600060392,1,2,2,2,1,1,1,2,2,2,2,1,1
16,680302000600070470,1,2,2,1,1,1,1,2,2,2,1,2,2
16,680302000600080548,1,2,2,2,2,2,2,2,2,2,2,2,2
16,680302100000010007,1,2,2,1,2,1,2,2,2,2,2,2,1
16,680302100000030026,1,2,2,2,2,1,2,2,1,2,2,2,1
16,680302100000040035,1,2,2,1,1,1,1,2,2,2,2,2,1
16,680302100000050047,1,2,2,2,1,2,2,2,2,2,2,2,2
16,680302100000070066,1,2,2,2,1,2,2,2,2,2,2,2,2
16,680302100000100095,1,2,2,2,1,1,2,2,2,2,2,2,2
16,680302100000130125,1,2,2,2,2,1,2,2,2,2,2,2,1
16,680302500000018003,1,2,2,1,2,1,2,2,2,2,2,2,1
16,680302500000038006,1,2,2,2,1,2,2,2,2,2,2,2,1
16,680302500000058001,1,2,2,2,1,1,2,2,2,2,2,2,1
16,680302500000070269,1,1,2,1,2,1,1,2,1,2,2,1,1
16,680302500000080312,1,2,2,1,2,1,2,2,2,2,2,2,1
16,680302500000090354,1,2,2,1,1,1,1,2,1,2,1,2,1
16,680302500000110438,1,2,1,2,2,1,2,2,1,2,2,2,1
16,680302500000128002,1,2,2,2,1,1,2,2,1,2,2,2,1
16,680302500000130523,1,2,2,2,2,1,2,2,1,2,2,2,2
16,680302500000148005,1,2,2,2,1,2,2,2,2,2,2,2,2
16,680302500000150607,1,2,2,2,2,1,2,2,1,2,2,2,2
16,680302500000160651,1,2,2,2,2,1,2,2,2,2,2,2,1
16,680501200000010017,1,2,2,2,2,1,2,2,2,2,2,2,2
16,680501200000030054,1,2,2,2,1,1,2,2,2,2,2,2,1
16,680501200000048004,1,2,1,1,2,1,1,2,1,2,1,2,1
16,680501200000050094,1,2,2,1,2,2,2,2,2,2,2,2,1
16,680501200000068001,1,2,1,1,1,1,1,2,1,2,2,2,1
16,680501200000080151,1,2,2,2,2,2,2,2,2,2,2,2,2
16,680501200000110210,1,2,2,2,2,1,1,2,2,1,2,2,1
16,680501200000130250,1,2,2,1,2,1,2,2,1,2,1,2,1
16,680501200000140270,1,2,2,1,2,1,1,2,1,2,2,2,1
16,680501200000158003,1,2,2,2,2,1,2,2,1,2,2,2,2
16,680501200000160310,1,2,2,2,1,1,1,2,1,2,2,2,1
16,680501200000170331,1,2,1,2,2,1,2,2,1,2,2,2,2
16,680501200000180352,1,2,2,2,2,2,2,2,2,2,2,2,2
16,680700500000030031,1,2,2,1,1,2,2,2,2,2,2,2,2
16,680700500000050054,1,2,1,2,1,1,2,2,2,2,2,2,1
16,680700500000068002,1,2,2,2,1,2,2,2,2,2,2,2,1
16,680700500000070078,1,2,2,2,2,1,2,2,2,2,2,2,1
16,680700500000080089,1,2,2,2,1,2,2,2,2,2,2,2,2
16,680700500000110126,1,2,2,1,2,1,2,2,2,2,2,2,1
16,680700500000120138,1,2,1,2,2,1,1,2,1,2,2,2,2
16,680700500000150172,1,2,2,1,2,1,2,2,2,2,2,2,1
16,680700500000160182,1,2,2,2,2,1,2,2,1,2,2,2,1
16,680700500000170193,1,2,2,2,2,1,1,2,1,2,2,2,1
16,680700500000180204,1,2,2,2,2,2,2,2,2,2,2,2,2
16,680700800000010016,1,2,2,1,2,1,1,2,1,2,1,2,1
16,680700800000030054,1,2,2,1,1,1,2,2,2,2,2,2,1
16,680700800000040073,1,2,2,2,2,2,2,2,2,2,2,2,2
16,680700800000050091,1,2,2,2,1,1,2,2,1,2,2,2,2
16,680700800000060110,1,2,2,2,2,1,2,2,2,2,2,2,2
16,680700800000070129,1,1,1,2,1,1,1,2,2,2,1,2,1
16,680700800000098001,1,2,2,2,2,1,2,2,2,2,2,2,2
16,680700800000100187,1,2,2,2,2,2,2,2,2,2,2,2,1
16,680700800000110205,1,2,1,1,1,1,1,1,1,1,2,1,1
16,680700800000120226,1,2,2,2,1,1,2,2,2,2,2,2,1
16,680700800000140263,1,2,2,2,1,1,2,2,2,2,2,2,1
16,680700800000160302,1,2,2,2,2,1,2,2,1,2,2,2,1
16,680900200000010011,1,2,2,2,2,1,2,2,2,2,2,2,2
16,680900200000020028,1,2,2,1,1,1,2,2,2,2,2,2,1
16,680900200000040061,1,2,2,1,2,1,1,2,1,2,2,2,1
16,680900200000070110,1,2,2,2,1,1,2,2,1,2,2,2,2
16,680900200000080128,1,2,2,2,2,2,2,2,2,2,2,2,1
16,680900200000100159,1,1,2,1,1,1,1,2,1,2,2,1,1
16,680900200000118001,1,2,2,2,2,2,2,2,2,2,1,2,2
16,680900200000128003,1,2,2,2,2,2,2,2,2,2,2,2,2
16,680900200000130209,1,2,2,2,2,2,2,2,2,2,2,2,2
16,680902600000060099,1,2,2,2,2,1,2,2,1,2,2,2,1
16,680902600000070116,1,1,2,2,2,1,1,2,1,2,2,2,1
16,680902600000090153,1,2,2,1,2,2,2,2,2,2,2,2,2
16,680902600000120208,1,2,2,2,1,2,2,2,2,2,2,2,1
16,680902600000138001,1,2,2,1,2,2,2,2,2,2,2,2,2
16,680904200200020030,1,2,2,1,2,1,1,1,1,2,2,1,1
16,680904200200030048,1,2,2,2,2,2,2,2,1,2,2,2,2
16,680904200200060101,1,1,1,1,2,1,2,2,1,2,2,2,2
16,680904200200080138,1,1,1,1,2,1,1,2,1,2,1,2,1
16,680904200200090156,1,2,2,2,1,2,1,2,2,2,2,2,1
16,680904200200100174,1,2,1,1,2,1,1,2,1,2,2,2,1
16,680904200200130221,1,2,2,1,2,1,1,2,1,2,1,2,1
16,680904200200140241,1,2,2,1,2,1,1,2,1,2,2,2,1
16,680904200200158001,1,2,2,2,2,1,2,2,2,2,1,2,2
16,680904200200160276,1,2,1,1,2,1,1,2,1,2,1,2,1
16,680904200200170296,1,2,2,2,2,2,2,2,2,2,2,2,1
16,680904200200180316,1,2,2,1,2,1,1,2,1,2,2,2,1
16,680904200200200355,1,2,2,2,2,1,2,2,2,2,2,2,2
16,680904200200230411,1,2,2,1,1,1,1,2,1,2,1,2,1
16,680904200200250448,1,2,1,1,2,1,1,1,1,2,1,1,1
16,680904200200260469,1,2,2,2,2,1,2,2,2,2,2,2,1
16,680904200200270487,1,2,2,2,2,1,2,2,2,2,2,2,2
16,680904200200280507,1,2,2,2,1,1,2,2,2,2,2,2,2
16,680904200200290524,1,2,2,2,2,2,2,2,1,2,2,2,1
16,681100700000010015,1,2,2,2,1,1,1,2,2,2,2,2,1
16,681100700000028005,1,2,2,2,2,2,1,2,1,2,2,2,1
16,681100700000030045,1,2,2,1,2,1,2,2,1,2,2,2,1
16,681100700000040062,1,2,2,2,1,2,2,2,2,2,2,2,2
16,681100700000050077,1,2,2,1,2,1,2,2,1,2,2,2,1
16,681100700000070107,1,2,2,1,1,2,2,2,2,2,2,2,2
16,681100700000080123,1,2,2,2,2,1,1,2,2,2,1,2,1
16,681100700000090139,1,2,2,2,2,1,1,2,1,2,1,2,1
16,681100700000108002,1,2,2,2,1,1,1,2,2,2,2,2,2
16,681100700000110171,1,2,2,2,2,2,2,2,2,2,2,2,1
16,681100700000120186,1,1,1,1,2,1,1,1,1,2,1,1,1
16,681100700000140215,1,2,2,2,2,2,2,2,2,2,2,2,1
16,681100700000160243,1,2,2,2,2,2,2,2,2,2,2,2,1
16,681100700000170258,1,2,2,2,1,1,2,2,1,2,2,2,1
16,681100700000198007,1,2,2,1,2,1,1,2,2,2,2,2,1
16,681100800000010013,1,2,2,2,2,2,2,2,2,2,2,2,1
16,681100800000020029,1,2,2,1,2,1,2,2,2,2,1,2,1
16,681100800000038001,1,2,2,1,2,1,2,2,1,2,2,2,1
16,681100800000040068,1,2,2,2,2,2,2,2,2,2,2,2,1
16,681100800000050086,1,2,2,1,2,1,2,2,2,2,2,2,1
16,681100800000060101,1,2,2,2,2,1,2,2,2,2,2,2,1
16,681100800000080138,1,2,2,2,2,1,2,2,2,2,2,2,1
16,681100800000098003,1,2,2,2,1,1,2,2,1,2,2,2,2
16,681100800000100176,1,2,2,2,2,2,1,2,2,2,2,2,1
16,681100800000130231,1,2,2,2,2,2,2,2,2,2,1,2,1
16,681100800000140251,1,2,2,2,1,2,2,2,2,2,2,2,1
16,681100800000158002,1,2,2,1,1,1,2,2,2,2,2,2,1
16,681701300000010015,1,2,2,2,2,1,2,2,2,2,2,2,1
16,681701300000020031,1,2,1,2,2,2,2,2,2,2,2,2,2
16,681701300000040060,1,2,2,2,2,1,2,2,2,2,2,2,2
16,681701300000060092,1,2,2,1,2,1,2,2,2,2,2,2,1
16,681701300000070108,1,2,2,1,1,1,1,2,2,2,2,2,1
16,681701300000090140,1,2,2,2,2,2,2,2,2,2,2,2,2
16,681701300000100154,1,2,2,1,2,1,2,2,2,2,1,2,1
16,681701300000110170,1,2,2,2,2,2,2,2,2,2,2,2,1
16,681701300000120183,1,2,2,1,2,1,2,2,2,2,1,2,1
16,681701300000150224,1,2,2,2,1,1,2,2,2,2,2,2,2
16,681801000000010007,1,2,2,2,2,2,2,2,2,2,2,2,2
16,681802400000010011,1,2,2,2,1,1,1,2,2,2,2,2,1
16,681802400000020022,1,2,2,2,2,1,2,2,1,2,2,2,1
16,681802400000030034,1,2,2,1,2,1,1,2,1,2,2,2,1
16,681802400000050057,1,2,2,1,2,1,1,2,1,2,1,2,1
16,681802400000070080,1,2,2,2,2,2,2,2,2,2,2,2,2
16,681802400000080092,1,2,2,2,2,1,2,2,2,2,2,2,2
16,681802400000098001,1,2,2,1,2,1,1,2,2,2,2,2,1
16,681802400000100115,1,2,2,2,2,2,2,2,2,2,2,2,1
16,681802400000110127,1,2,2,1,2,1,1,1,1,2,2,2,1
16,681802400000120139,1,2,2,2,2,1,2,2,2,2,2,2,1
16,681802400000130151,1,2,2,1,2,1,1,2,1,2,1,2,1
16,681802400000140161,1,2,2,1,2,2,2,2,1,2,2,2,2
16,681802400000160183,1,2,2,2,2,1,2,2,2,2,2,2,2
16,681900200300010027,1,2,2,1,1,1,1,2,1,2,1,2,1
16,681900200300028001,1,2,2,2,2,1,1,2,1,2,1,2,1
16,681900200300030061,1,2,2,2,2,1,2,2,1,2,2,2,2
16,681900200300048006,1,2,2,2,2,1,1,2,1,2,1,2,1
16,681900200300050095,1,2,2,1,2,1,1,2,2,2,1,2,1
16,681900200300060112,1,2,2,2,2,2,2,2,2,2,2,2,2
16,681900200300070128,1,2,2,1,2,1,1,2,1,2,2,2,1
16,681900200300090159,1,2,2,2,2,1,2,2,2,2,1,2,1
16,681900200300100176,1,2,2,2,2,1,2,2,1,2,1,2,2
16,681900200300118002,1,2,2,2,2,1,2,2,1,2,2,2,1
16,681900200300128007,1,2,2,1,2,1,2,2,2,2,1,2,1
16,681900200300148008,1,2,2,2,1,1,2,2,2,2,2,2,1
16,681900200300150258,1,2,2,2,2,1,2,2,2,2,1,2,1
16,681900200300168003,1,2,2,1,2,1,1,2,1,2,1,1,1
16,681900200300170291,1,2,2,1,2,1,1,2,2,2,2,2,1
16,681900200300180308,1,2,2,1,2,1,1,2,2,2,1,2,2
16,681900200300190332,1,2,1,1,2,1,1,1,1,2,1,2,1
16,681900200300200349,1,2,2,1,1,1,2,2,1,2,2,2,1
16,681900200300228005,1,2,1,1,2,1,1,2,1,2,1,1,1
16,681900200300240422,1,2,1,1,2,1,1,2,1,2,1,2,1
41,100100800000010028,1,2,2,1,1,1,1,2,1,2,2,2,1
41,100100800000020058,1,2,2,1,2,1,2,2,1,2,2,2,2
41,100100800000030089,1,2,2,1,1,1,2,2,1,2,2,2,1
41,100100800000040120,1,2,2,1,1,1,1,2,1,2,1,1,1
41,100100800000050150,1,2,2,1,1,1,1,2,1,2,1,2,1
41,100100800000060182,1,2,2,2,2,1,2,2,1,2,2,2,2
41,100100800000070214,1,2,2,1,2,1,2,2,1,2,2,2,1
41,100100800000080245,1,2,2,2,2,1,2,2,2,2,2,2,1
41,100100800000090276,1,2,2,1,1,1,2,2,2,2,2,2,1
41,100100800000100307,1,2,2,2,2,2,2,2,2,2,2,2,2
41,100100800000120369,1,2,2,1,2,1,1,2,2,2,2,2,1
41,100100800000130400,1,2,2,1,2,1,2,2,2,2,2,2,2
41,100100800000150462,1,2,2,2,1,1,2,2,1,2,2,2,1
41,100100800000160493,1,2,2,1,1,1,1,2,1,2,1,1,1
41,100100800000170524,1,2,2,2,1,1,2,2,1,2,2,2,1
41,100502200000010027,1,2,2,1,1,1,2,2,2,2,2,2,2
41,100502200000020053,1,2,2,2,1,1,2,2,2,2,2,2,2
41,100502200000030079,1,2,2,1,2,1,2,2,1,2,2,2,2
41,100502200000040106,1,2,2,1,2,1,1,2,1,2,2,2,2
41,100502200000050130,1,2,2,2,1,2,2,2,2,2,2,2,2
41,100502200000060156,1,2,2,2,1,1,2,2,2,2,2,2,2
41,100502200000108001,1,2,2,2,1,1,2,2,1,2,2,2,1
41,100502200000110273,1,2,2,2,1,2,2,2,1,2,2,2,1
41,100502200000120299,1,2,2,1,2,1,2,2,1,2,2,2,2
41,100502200000130323,1,2,2,2,1,1,2,2,1,2,2,2,2
41,100502200000140350,1,2,1,1,1,1,1,2,1,2,2,2,1
41,100502200000160402,1,2,2,2,1,2,2,2,2,2,2,2,2
41,100502200000180456,1,2,2,2,1,2,2,2,2,2,2,2,2
41,100502200000190483,1,2,2,2,1,2,2,2,2,2,2,2,1
41,100511200000020039,1,2,2,1,1,1,1,2,1,2,2,1,2
41,100511200000030065,1,1,1,2,1,1,1,2,1,2,2,2,1
41,100511200000040092,1,2,2,1,2,1,1,2,1,2,2,2,1
41,100511200000050119,1,2,2,2,1,1,1,2,1,2,2,1,1
41,100511200000060145,1,2,2,2,2,1,2,2,1,2,2,2,1
41,100511200000080198,1,2,2,1,2,1,2,2,1,2,1,2,1
41,100511200000098001,1,2,2,1,2,1,1,2,1,2,2,2,1
41,100511200000100249,1,2,1,2,2,1,1,2,1,2,2,2,2
41,100511200000110269,1,2,2,1,2,1,1,2,1,2,1,2,1
41,100511200000120293,1,2,1,1,2,1,2,2,1,2,1,2,1
41,100511200000130319,1,2,2,2,2,2,2,2,1,2,2,2,1
41,100511200000150371,1,1,1,1,1,1,1,2,1,2,1,1,1
41,100511200000160396,1,2,2,1,2,1,1,2,1,2,2,2,1
41,100511200000170423,1,2,1,1,2,1,2,2,1,2,1,2,1
41,100511200000180450,1,2,1,1,2,1,2,2,1,2,2,2,1
41,100600200200018002,1,2,1,1,2,1,1,1,1,2,1,2,1
41,100600200200020032,1,2,2,1,2,1,1,1,1,2,1,1,1
41,100600200200030056,1,2,2,1,2,1,1,2,1,2,2,2,1
41,100600200200040079,1,2,2,1,2,1,1,1,1,2,1,1,1
41,100602200300010046,1,2,2,1,1,1,1,2,1,2,1,2,2
41,100602200300028001,1,2,2,1,2,2,2,2,1,2,1,1,2
41,100602200300040141,1,2,1,1,1,1,2,1,1,2,2,2,2
41,100602200300050176,1,2,2,1,2,2,2,2,1,2,1,2,2
41,100602200300060202,1,2,2,1,1,1,2,2,1,2,1,2,1
41,100602200300070235,1,2,2,2,1,1,2,2,1,2,2,2,2
41,100602200300080268,1,2,2,1,2,1,2,2,1,2,2,2,1
41,100602200300090298,1,2,2,1,2,1,1,2,1,1,1,1,1
41,100602200300108002,1,2,2,1,1,1,1,2,1,2,2,2,1
41,100602200300110361,1,2,1,2,2,1,1,2,1,2,1,2,1
41,100602200300120391,1,2,2,1,1,1,1,2,1,2,1,1,1
41,100602200300130421,1,2,2,2,2,1,1,2,1,2,1,2,1
41,100602200300140450,1,1,2,1,1,1,1,2,1,2,1,1,1
41,100602200300150480,1,2,2,1,2,1,2,2,1,2,2,2,2
41,100901300000020049,1,2,2,1,2,1,2,2,1,2,2,2,2
41,100901300000030079,1,2,2,2,1,1,2,2,1,2,2,2,2
41,100901300000048004,1,2,2,2,1,2,2,2,1,2,1,2,2
41,100901300000050135,1,2,2,2,2,1,2,2,1,2,2,2,2
41,100901300000068003,1,1,2,2,2,1,1,2,1,1,2,2,2
41,100901300000078005,1,2,2,1,1,1,2,2,1,2,1,2,2
41,100901300000080220,1,2,2,1,1,1,2,2,1,2,1,2,2
41,100901300000108007,1,2,1,1,1,1,1,2,1,2,2,2,2
41,100901300000110304,1,2,1,1,2,1,1,2,1,1,2,2,1
41,100901300000120331,1,1,1,1,1,1,1,2,1,1,1,2,1
41,100901300000140383,1,2,2,1,1,1,1,2,2,2,1,2,1
41,100901300000150407,1,2,1,1,1,1,1,2,1,2,1,2,1
41,100901300000168002,1,2,2,1,1,1,1,2,1,2,2,2,1
41,100901300000170461,1,1,2,1,2,1,1,2,1,2,1,2,1
41,100901300000188006,1,2,2,2,2,1,2,2,1,2,2,2,1
41,100901300000190512,1,2,1,2,1,1,2,2,1,2,2,2,1
41,101001300000010017,1,2,2,1,1,1,2,2,1,2,2,2,2
41,101001300000020033,1,2,2,1,1,1,2,2,1,2,2,2,2
41,101001300000030049,1,2,2,1,2,1,1,2,1,2,2,2,2
41,101001300000040064,1,2,2,1,1,1,1,2,1,2,2,2,2
41,101001300000050080,1,2,2,1,2,1,1,2,1,2,1,2,2
41,101001300000060096,1,2,2,1,2,1,1,2,1,2,2,2,2
41,101001300000070112,1,2,2,1,2,1,2,2,2,2,2,2,2
41,101001300000090144,1,2,2,1,1,1,1,2,2,2,2,2,2
41,101001300000110176,1,2,2,1,2,1,1,2,1,2,2,2,2
41,101001300000120192,1,2,2,1,2,1,1,2,1,2,1,2,2
41,101001300000140223,1,2,2,1,2,1,1,2,1,2,2,2,2
41,101001300000150238,1,2,2,2,1,1,2,2,2,2,2,2,2
41,101001300000160254,1,2,2,2,1,1,2,2,2,2,2,2,2
41,101001300000170270,1,2,2,1,1,1,2,2,1,2,2,2,2
41,101001300000180286,1,2,2,1,2,1,1,2,1,2,2,2,2
41,101001300000190302,1,2,2,1,1,1,1,2,2,2,1,2,2
41,101100600000020033,1,2,2,1,2,1,2,2,1,2,2,2,2
41,101100600000030047,1,2,2,1,1,1,1,2,1,2,1,2,1
41,101100600000050075,1,2,2,2,2,1,2,2,1,2,2,2,2
41,101100600000070103,1,2,1,2,2,1,1,2,1,2,2,2,1
41,101100600000080117,1,2,2,1,2,1,2,2,1,2,2,2,2
41,101100600000090131,1,2,2,2,2,1,2,2,2,2,2,2,2
41,101100600000100145,1,2,2,2,2,1,1,2,1,2,2,2,2
41,101100600000120173,1,2,2,2,2,1,2,2,2,2,2,2,2
41,101100600000140201,1,2,2,2,1,1,2,2,1,2,2,2,1
41,101100600000150215,1,2,2,1,2,1,2,2,1,2,2,2,2
41,101100600000160229,1,2,2,2,2,1,1,2,2,2,2,2,2
41,101100600000180257,1,2,2,1,2,2,1,2,1,2,2,2,1
41,101400500200030092,1,2,2,1,1,1,1,2,1,2,2,2,2
41,101400500200048003,1,2,2,1,1,1,2,2,1,2,2,2,1
41,101400500200050153,1,2,2,1,2,1,2,2,1,2,2,2,1
41,101400500200060184,1,2,1,1,1,1,1,2,1,2,1,1,2
41,101400500200070215,1,2,2,2,2,2,2,2,2,2,2,2,2
41,101400500200090277,1,2,2,2,1,2,2,2,2,2,2,2,2
41,101400500200100308,1,2,2,1,2,1,2,2,1,2,2,2,1
41,101400500200110339,1,2,1,1,1,1,2,2,1,2,2,2,1
41,101400500200120370,1,2,1,1,2,1,1,2,1,2,1,2,1
41,101400500200138004,1,2,2,1,2,1,2,2,1,2,2,2,1
41,101400500200140431,1,2,2,1,2,1,2,2,1,2,2,2,1
41,101407700200018001,1,2,1,1,1,1,1,1,1,2,1,1,1
41,101407700200038003,1,1,2,1,1,1,1,2,1,2,1,2,1
41,101407700200040083,1,2,1,1,1,1,1,2,1,2,1,1,1
41,101407700200058004,1,2,2,1,1,1,1,2,1,2,1,2,1
41,101407700200078005,1,2,1,1,1,1,1,2,1,2,1,2,1
41,101407700200088006,1,2,2,1,2,1,1,2,1,2,1,2,1
41,101407700200108010,1,1,2,1,2,1,1,1,1,2,1,1,1
41,101407700200110228,1,2,2,1,1,1,1,2,1,2,1,1,1
41,101407700200120249,1,2,1,1,2,1,1,2,1,2,1,2,1
41,101407700200138008,1,2,1,1,1,1,1,1,1,2,1,2,1
41,101407700200140291,1,2,1,1,1,1,1,1,1,2,1,2,1
41,101407700200158009,1,2,1,1,1,1,1,2,1,2,1,2,1
41,101407700200160332,1,2,1,1,2,1,1,2,1,2,1,2,1
41,101407700200170353,1,1,1,1,1,1,1,2,1,2,1,2,1
41,101500900000010006,1,2,2,1,1,1,1,2,1,2,2,1,1
41,101500900000020024,1,2,2,2,2,1,2,2,1,2,2,2,1
41,101500900000030045,1,2,1,2,2,1,2,2,2,2,2,2,2
41,101500900000040064,1,2,2,1,2,1,1,1,1,2,2,2,1
41,101500900000050082,1,2,2,1,2,1,1,2,1,2,1,2,1
41,101500900000070122,1,2,2,1,1,1,2,2,2,2,2,2,1
41,101500900000080140,1,2,2,2,2,1,2,2,1,2,1,2,1
41,101500900000090161,1,2,2,1,1,1,2,2,1,2,2,2,1
41,101500900000100180,1,2,2,2,1,1,1,2,1,2,1,2,1
41,101500900000110200,1,2,2,1,1,1,1,2,1,2,1,1,1
41,101500900000120220,1,2,2,1,1,1,1,2,1,2,1,2,1
41,101500900000130241,1,2,2,1,2,1,2,2,1,2,2,2,1
41,101500900000150278,1,2,2,1,2,1,1,2,1,2,1,2,1
41,101500900000160298,1,2,2,1,2,1,1,2,1,2,2,2,1
41,101500900000170316,1,2,2,1,2,1,1,2,1,2,1,1,1
41,101500900000180336,1,2,2,1,2,1,1,2,1,2,1,1,1
41,101500900000190357,1,2,2,1,2,1,2,2,1,2,2,2,2
41,101601100000010166,1,2,2,2,2,1,1,2,1,2,2,2,2
41,101601600000020012,1,2,2,2,2,1,2,2,1,2,2,2,1
41,101601600000030021,1,2,2,2,1,1,2,2,2,2,2,2,1
41,101601600000050040,1,2,2,2,2,1,1,2,2,2,2,2,1
41,101601600000060048,1,2,2,2,2,1,2,2,1,2,2,2,1
41,101601600000070057,1,2,1,1,2,1,2,2,1,2,1,2,1
41,101601600000080067,1,2,2,2,2,1,2,2,2,2,2,2,1
41,101601600000090076,1,2,2,2,2,1,2,2,2,2,2,2,1
41,101601600000100084,1,2,2,1,1,1,2,2,1,2,2,2,1
41,101601600000110093,1,2,2,2,1,1,2,2,2,2,2,2,2
41,101601600000128001,1,2,2,2,1,1,2,2,2,2,2,2,1
41,101601600000130112,1,2,2,1,1,1,2,2,1,2,1,1,1
41,101601600000140121,1,2,2,2,2,1,2,2,2,2,2,2,1
41,101601600000150130,1,2,2,1,2,1,1,2,1,2,2,2,1
41,101601600000160139,1,2,2,1,2,1,1,2,2,2,2,2,1
41,101701200000020048,1,2,2,1,1,1,1,2,1,2,1,2,2
41,101701200000030075,1,2,2,1,2,1,1,2,1,2,2,2,2
41,101701200000050127,1,2,1,1,1,1,1,2,1,2,1,2,1
41,101701200000060152,1,1,1,1,1,1,1,2,1,2,1,1,2
41,101701200000080203,1,2,2,1,2,1,2,2,2,2,2,2,2
41,101701200000090230,1,2,2,1,2,1,2,2,1,2,1,2,2
41,101701200000110286,1,2,1,1,2,1,1,2,1,2,1,1,2
41,101701200000120313,1,2,2,1,2,1,1,2,1,2,1,1,2
41,101701200000130338,1,2,2,1,1,1,1,2,1,2,1,2,1
41,101701200000140365,1,2,2,1,1,1,1,2,1,2,1,2,2
41,101701200000150392,1,2,1,1,1,1,1,2,1,2,2,1,1
41,101701200000170444,1,2,1,1,1,1,1,2,1,2,1,2,1
41,101701200000180471,1,2,1,2,1,1,1,2,1,2,1,2,2
41,101701900100010034,1,2,1,2,1,1,1,2,1,2,1,2,1
41,101701900100020073,1,2,2,1,1,1,1,2,1,2,1,2,1
41,101701900100040159,1,2,1,1,1,1,1,1,1,2,1,1,2
41,101701900100050193,1,2,2,2,2,1,2,2,2,2,2,2,2
41,101701900100060222,1,1,1,1,1,1,1,2,1,2,1,2,1
41,101701900100098003,1,2,1,1,1,1,1,2,1,2,1,2,1
41,101701900100100349,1,2,1,1,2,1,1,2,1,2,2,2,2
41,101701900100110380,1,2,1,2,2,1,2,2,1,2,2,2,1
41,101701900100128002,1,2,1,2,2,1,2,2,1,2,2,2,1
41,101701900100130441,1,2,1,1,2,1,1,2,1,2,2,2,1
41,101701900100150519,1,2,2,1,2,1,1,2,1,2,2,2,2
41,102100600100010016,1,2,1,1,1,1,1,1,1,2,1,2,1
41,102100600100020038,1,2,2,1,1,1,1,2,1,2,1,1,1
41,102100600100040079,1,2,2,2,1,1,2,2,1,2,2,2,1
41,102100600100050101,1,2,2,2,1,2,2,2,1,2,2,2,2
41,102100600100060125,1,2,2,1,1,1,1,2,1,2,2,1,2
41,102100600100078001,1,2,2,1,1,1,1,2,1,2,2,2,2
41,102100600100100215,1,2,2,2,2,1,2,2,2,2,2,2,2
41,102100600100110238,1,2,2,2,2,1,1,2,1,2,1,2,2
41,102100600100120260,1,2,2,1,1,1,1,1,1,2,1,1,2
41,102100600100140305,1,2,2,1,1,1,2,2,1,2,1,1,2
41,102100600100150328,1,2,2,1,1,1,2,2,2,2,2,2,1
41,102101200000010187,1,2,2,1,2,1,2,2,1,2,2,2,1
41,102203100000010016,1,2,1,1,1,1,1,2,1,2,2,2,2
41,102203100000028001,1,2,2,2,1,1,1,2,1,2,2,2,2
41,102203100000040097,1,2,1,1,1,1,1,2,1,2,1,1,2
41,102203100000048002,1,2,1,1,2,1,2,2,1,2,2,1,2
41,102203100000060148,1,2,2,1,2,1,2,2,1,2,2,2,2
41,102203100000070175,1,2,2,1,2,1,1,2,1,2,2,2,2
41,102203100000080202,1,2,1,2,2,1,2,2,1,2,2,2,2
41,102203100000100254,1,2,2,1,1,1,1,2,1,2,2,2,2
41,102203100000110281,1,2,2,1,2,1,2,2,1,2,2,2,2
41,102203100000120308,1,2,1,1,1,1,1,1,1,2,1,1,2
41,102203100000130335,1,2,1,1,2,1,1,2,1,2,1,1,2
41,102203100000140361,1,2,1,1,2,1,1,2,1,2,1,1,2
41,102203100000150388,1,2,1,1,1,1,1,1,1,2,1,1,2
41,102203100000160415,1,2,1,1,2,1,2,2,1,2,2,2,2
41,102301700100010013,1,2,2,1,1,2,2,2,2,2,2,2,1
41,102301700100020037,1,2,2,2,2,1,2,2,1,2,2,2,1
41,102301700100030062,1,2,2,2,2,1,2,2,1,2,2,2,1
41,102301700100040085,1,2,2,2,2,1,1,2,1,2,2,2,1
41,102301700100050107,1,2,2,2,1,1,2,2,1,2,2,2,1
41,102301700100060133,1,2,2,2,1,1,2,2,1,2,2,2,1
41,102301700100070158,1,2,2,2,1,2,2,2,2,2,2,2,2
41,102301700100088001,1,2,2,2,2,2,2,2,2,2,2,2,1
41,102301700100090207,1,2,2,1,1,1,1,2,1,2,2,2,1
41,102301700100100233,1,2,2,2,2,2,2,2,2,2,2,2,2
41,102301700100110259,1,2,2,2,1,1,2,2,1,2,2,2,1
41,102301700100120285,1,2,2,1,2,1,1,2,1,2,1,2,1
41,102301700100130311,1,2,2,1,2,1,2,2,1,2,1,2,1
41,102301700100140337,1,2,2,2,2,2,2,2,1,2,2,2,1
41,102601900000010003,1,2,2,1,1,1,1,2,1,2,1,1,1
41,102601900000020014,1,2,2,1,1,1,1,2,1,2,1,2,2
41,102601900000030023,1,2,1,1,1,1,1,2,1,2,1,2,1
41,102601900000040035,1,2,2,2,1,2,2,2,1,2,2,2,2
41,102601900000060056,1,2,2,1,1,1,1,2,1,2,2,2,1
41,102601900000060057,1,2,2,1,2,1,1,2,1,2,2,2,1
41,102601900000080079,1,1,1,1,1,1,1,2,1,2,1,1,1
41,102601900000090089,1,2,2,2,2,1,2,2,2,2,2,2,2
41,102601900000100100,1,2,2,1,1,1,1,2,1,2,1,2,1
41,102601900000110111,1,2,2,1,1,1,2,2,1,2,2,2,1
41,102601900000120119,1,2,1,1,1,1,1,2,1,2,1,1,1
41,102601900000140139,1,2,2,1,1,1,2,2,2,2,2,2,2
41,102601900000150151,1,2,2,1,2,1,2,2,1,2,2,2,2
41,102601900000160163,1,2,2,1,2,1,1,2,1,2,1,2,2
41,102602500100018001,1,2,2,1,2,1,2,2,1,2,1,1,2
41,102602500100020048,1,2,1,1,2,1,1,1,1,2,1,1,2
41,102602500100030080,1,2,1,1,2,1,1,1,1,2,1,1,1
41,102602500100050146,1,2,2,1,2,1,1,1,1,2,2,2,1
41,102602500100068002,1,2,2,1,2,2,2,2,1,2,2,2,1
41,102602500100070209,1,2,1,2,1,1,1,1,1,2,1,1,1
41,102602500100090275,1,2,2,2,2,1,2,2,1,2,2,2,2
41,102602500100100307,1,2,2,1,2,1,2,2,1,2,1,2,1
41,102602500100110342,1,2,2,1,2,1,1,2,1,2,1,2,1
41,102602500100120376,1,2,1,1,2,1,1,1,1,2,2,1,2
41,102602500100130411,1,2,2,1,2,1,2,2,1,2,2,2,1
41,102602500100140442,1,2,2,1,2,1,1,2,1,2,1,2,1
41,102602500100158004,1,2,2,1,2,1,1,2,1,2,1,2,1
41,102602500100168006,1,2,2,1,1,1,2,2,1,2,1,2,1
41,102602500100178005,1,2,1,1,1,1,1,1,1,2,1,2,1
41,102602500100200636,1,2,1,1,2,1,1,2,1,2,1,1,1
41,102602500100210669,1,2,2,2,2,1,2,2,1,2,2,2,2
41,102701200000010002,1,2,2,1,2,1,2,2,1,2,2,2,1
41,102701200000020014,1,2,2,1,1,1,1,2,1,2,2,1,1
41,102701200000030026,1,2,2,2,2,1,2,2,1,2,2,2,2
41,102701200000050048,1,2,2,2,2,1,2,2,1,2,2,2,2
41,102701200000060060,1,2,1,1,1,1,2,2,1,2,2,2,1
41,102701200000078003,1,2,2,2,1,1,1,2,1,2,2,2,1
41,102701200000088005,1,2,1,1,1,1,1,2,1,2,1,2,1
41,102701200000090095,1,2,2,1,2,1,1,2,1,2,1,2,1
41,102701200000100106,1,2,2,2,2,1,2,2,1,2,2,2,1
41,102701200000118001,1,2,2,2,1,1,2,2,1,2,2,2,1
41,102701200000120130,1,2,2,2,1,1,2,2,1,2,2,2,1
41,102701200000140154,1,2,2,1,2,1,2,2,1,2,2,2,1
41,102701200000150166,1,2,2,1,2,1,2,2,1,2,1,2,1
41,102701200000160178,1,1,2,1,1,1,1,2,1,2,1,2,1
41,102701200000188002,1,2,2,1,1,1,1,2,1,2,1,2,1
41,102701200000198006,1,2,2,1,1,1,2,2,1,2,2,2,1
41,102701200000220249,1,2,1,1,1,1,1,2,1,2,1,2,1
41,102701200000240293,1,2,2,2,1,1,1,2,1,2,1,2,1
41,102701200000270325,1,2,2,1,2,1,1,1,1,2,1,2,1
41,102701200000280335,1,2,2,2,2,1,2,2,1,2,2,2,2
41,102701200000290344,1,2,2,1,1,1,1,2,1,2,1,2,1
41,102701200000308004,1,2,2,1,2,1,1,2,1,2,1,2,1
41,102802000200010017,1,2,2,2,1,1,2,2,1,2,1,2,1
41,102802000200020049,1,2,2,1,2,1,1,2,1,2,2,2,1
41,102802000200030081,1,2,2,1,1,2,2,2,2,2,2,2,1
41,102802000200040113,1,2,1,1,2,1,1,2,1,2,1,2,1
41,102802000200050143,1,2,2,2,2,2,2,2,2,2,2,2,2
41,102802000200060174,1,2,2,1,2,1,1,2,1,2,1,2,2
41,102802000200078001,1,2,1,1,2,1,1,2,1,2,1,2,2
41,102802000200080242,1,2,2,1,1,1,2,2,1,2,2,2,2
41,102802000200088004,1,2,1,1,1,1,2,2,1,2,1,2,1
41,102802000200090278,1,2,1,1,2,1,1,2,1,2,1,2,1
41,102802000200108005,1,2,2,1,2,1,2,2,1,2,2,2,2
41,102802000200118008,1,2,1,1,1,1,1,2,1,2,1,2,1
41,102802000200130406,1,2,1,1,2,1,1,2,1,2,1,2,1
41,102802000200140440,1,2,2,1,2,1,1,2,1,2,1,2,1
41,102802000200158006,1,2,2,1,2,1,2,2,1,2,2,2,1
41,102802000200170539,1,2,1,1,2,1,1,2,2,2,2,2,1
41,102802000200180569,1,2,1,1,2,1,2,2,1,2,1,2,1
41,102802000200218007,1,2,2,1,2,1,1,2,1,2,1,2,1
41,102802000200220700,1,2,2,1,2,1,1,2,1,2,1,2,1
41,102802000200230733,1,2,2,1,1,1,1,2,1,2,1,1,1
41,102802000200240765,1,2,2,1,2,1,2,2,2,2,2,2,2
41,102802000200250797,1,2,1,1,2,1,1,2,1,2,1,2,1
41,102802900000018007,1,2,2,1,1,1,2,2,1,2,2,2,1
41,102802900000020065,1,2,2,1,2,1,1,2,1,2,1,2,1
41,102802900000020066,1,2,2,1,2,1,2,2,1,2,2,2,1
41,102802900000040148,1,2,2,1,2,1,2,2,1,2,2,2,1
41,102802900000050190,1,2,2,1,2,1,1,2,1,2,1,2,1
41,102802900000060233,1,2,2,1,2,1,2,2,1,2,1,2,1
41,102802900000078004,1,2,2,1,2,1,1,2,1,2,1,2,1
41,102802900000098002,1,2,2,2,2,1,1,2,2,2,2,2,1
41,102802900000108003,1,2,1,1,2,1,1,2,1,2,2,2,1
41,102802900000110460,1,2,2,2,1,1,2,2,1,2,2,2,1
41,102802900000128006,1,2,2,2,2,1,2,2,1,2,2,2,1
41,102802900000130545,1,2,2,1,1,1,2,2,1,2,2,2,1
41,102802900000140591,1,2,2,1,2,1,1,2,1,2,1,2,1
41,102802900000150636,1,2,2,2,2,1,1,2,1,2,1,2,1
41,102802900000180757,1,2,2,2,2,1,1,2,1,2,1,2,2
41,103002000000010015,1,2,2,1,1,1,1,2,1,2,2,2,1
41,103002000000020043,1,2,2,2,2,1,1,2,1,2,2,2,1
41,103002000000030072,1,2,2,1,2,1,1,2,1,2,1,2,1
41,103002000000050127,1,2,2,1,2,1,1,2,1,2,2,2,1
41,103002000000070184,1,2,2,2,2,1,2,2,1,2,2,2,1
41,103002000000080215,1,2,2,1,2,1,1,2,1,2,1,2,1
41,103002000000090243,1,2,2,2,2,2,2,2,1,2,1,2,1
41,103002000000100271,1,2,2,1,2,1,1,1,1,1,1,2,1
41,103002000000110300,1,2,2,2,2,1,1,2,1,2,1,2,1
41,103002000000120328,1,2,1,2,2,1,1,2,1,2,1,2,1
41,103002000000130357,1,2,2,1,2,1,1,2,1,1,1,2,1
41,103002000000140386,1,2,2,1,2,1,2,2,1,2,2,2,1
41,103002000000150416,1,2,2,1,2,2,2,2,1,2,2,2,2
41,103002000000160446,1,2,2,1,2,1,1,2,1,2,1,1,1
41,103002000000170477,1,2,2,2,2,1,2,2,2,2,2,2,1
41,103002000000180506,1,1,2,2,2,1,2,2,1,2,2,2,1
41,103002000000190532,1,2,2,1,2,1,2,2,1,2,1,2,1
41,103002000000200561,1,2,2,1,2,1,2,2,1,2,1,2,1
41,103102300000010008,1,2,1,1,1,1,1,1,1,2,2,1,2
41,103102300000020022,1,2,1,1,1,1,1,2,1,2,1,2,1
41,103102300000030035,1,2,1,1,1,1,1,2,1,2,1,2,1
41,103102300000040048,1,2,2,2,1,1,2,2,1,2,2,2,1
41,103102300000050062,1,2,2,2,2,1,2,2,1,2,2,2,1
41,103102300000060075,1,2,2,2,1,2,2,2,1,2,2,2,2
41,103102300000070089,1,2,2,1,2,1,1,2,1,2,1,2,1
41,103102300000080102,1,2,2,2,2,1,2,2,1,2,2,2,1
41,103102300000090116,1,2,2,1,2,1,1,2,1,2,2,2,1
41,103102300000100132,1,2,2,1,2,1,1,2,1,2,1,1,1
41,103102300000110146,1,2,1,2,2,1,1,1,1,2,1,2,2
41,103102300000120160,1,2,2,1,1,1,1,2,1,2,1,2,1
41,103102300000130174,1,2,1,1,2,1,1,1,1,2,1,1,1
41,103102300000140186,1,2,2,2,2,1,2,2,2,2,2,2,2
41,103102300000150200,1,2,2,2,2,1,2,2,2,2,2,2,2
41,103102300000160215,1,2,2,1,1,1,1,2,1,2,1,2,1
41,103102300000170229,1,2,2,2,1,1,1,2,1,2,1,2,1
41,103102300000180244,1,2,2,2,2,1,2,2,1,2,1,2,1
41,103102800000010214,1,2,2,1,1,1,1,2,1,2,1,2,1
41,103301100000010014,1,2,2,2,2,1,2,2,2,2,2,2,1
41,103301100000020032,1,2,2,2,2,1,1,2,1,2,2,2,1
41,103301100000040068,1,2,2,2,2,1,2,2,2,2,2,2,1
41,103301100000050086,1,2,2,2,2,2,2,2,2,2,2,2,2
41,103301100000060104,1,2,2,2,2,1,2,2,2,2,2,2,1
41,103301100000070122,1,2,2,2,2,1,2,2,2,2,2,2,2
41,103301100000080140,1,2,2,2,2,1,1,2,2,2,2,2,1
41,103301100000110194,1,2,2,2,2,1,2,2,2,2,2,2,1
41,103402200100010009,1,2,2,1,1,1,2,2,1,2,2,2,1
41,103402200100020027,1,2,2,1,2,1,2,2,1,2,2,2,1
41,103402200100030044,1,2,2,1,2,1,1,2,1,2,2,2,1
41,103402200100050077,1,2,2,1,2,1,2,2,1,2,2,2,1
41,103402200100060093,1,2,2,1,2,1,2,2,1,2,2,2,2
41,103402200100070110,1,2,2,1,1,1,1,2,1,2,2,2,1
41,103402200100080127,1,2,2,1,2,1,2,2,2,2,2,2,2
41,103402200100100161,1,2,2,1,1,1,1,2,1,2,2,2,1
41,103402200100110178,1,2,2,1,1,1,2,2,1,2,2,2,2
41,103402200100120195,1,2,1,1,2,1,1,2,1,2,2,2,1
41,103402200100130212,1,2,2,2,2,1,2,2,2,2,2,2,2
41,103402200100140229,1,2,2,1,1,1,1,2,1,2,2,2,1
41,103402200100150247,1,2,2,2,1,2,2,2,2,2,2,2,2
41,103402200100160264,1,2,2,1,2,1,1,2,1,2,2,2,1
41,103402200100170281,1,2,2,1,1,1,2,2,1,2,2,2,2
41,103402200100180298,1,2,2,1,1,1,2,2,1,2,2,2,2
41,103402200100190315,1,2,2,1,1,1,2,2,1,2,2,2,2
41,103402200100200332,1,2,2,1,1,1,2,2,2,2,2,2,2
41,103402200100220366,1,2,2,1,1,1,1,2,1,2,1,1,1
41,103402200100230383,1,2,2,1,1,1,2,2,1,2,2,2,1
41,210300600000010023,1,1,1,1,1,1,1,1,1,2,1,1,1
41,210300600000028006,1,2,2,1,2,1,1,2,1,2,1,2,1
41,210300600000030059,1,2,2,1,2,1,1,2,1,2,2,2,1
41,210300600000040079,1,2,1,1,1,1,1,2,1,2,1,1,1
41,210300600000058002,1,2,2,1,2,1,1,2,1,2,1,1,1
41,210300600000060123,1,2,2,2,1,2,2,2,1,2,2,2,1
41,210300600000078007,1,2,1,2,2,1,1,2,1,2,1,2,2
41,210300600000080168,1,2,2,1,1,1,2,2,1,2,2,2,1
41,210300600000100208,1,2,2,1,2,1,2,2,1,2,2,2,2
41,210300600000110227,1,2,2,2,2,2,2,2,2,2,2,2,2
41,210300600000120248,1,2,2,2,2,2,2,2,1,2,2,2,2
41,210300600000138001,1,2,2,2,1,1,2,2,1,2,2,2,1
41,210300600000140295,1,2,2,2,2,1,2,2,1,2,2,2,1
41,210300600000188005,1,2,2,1,1,1,1,1,1,2,2,1,1
41,210303800100010006,1,2,2,1,2,1,2,2,1,2,1,1,1
41,210303800100020020,1,2,2,2,2,1,2,2,1,2,2,2,1
41,210303800100038004,1,2,2,1,2,1,2,2,1,2,2,2,1
41,210303800100048003,1,2,1,1,1,1,1,1,1,2,2,1,1
41,210303800100050065,1,2,1,1,1,1,1,2,1,2,1,2,1
41,210303800100060083,1,2,2,1,1,1,1,2,1,2,1,1,1
41,210303800100070098,1,2,2,2,2,1,2,2,1,2,2,2,1
41,210303800100080116,1,2,2,1,2,1,2,2,1,2,1,2,1
41,210303800100090131,1,2,1,1,1,1,1,1,1,2,1,1,1
41,210303800100108007,1,2,2,2,2,1,2,2,1,2,2,2,1
41,210303800100118006,1,2,1,1,2,1,1,2,1,2,1,1,1
41,210303800100120170,1,2,2,1,1,1,1,2,1,2,1,2,1
41,210303800100130186,1,2,2,2,2,1,2,2,1,2,2,2,2
41,210303800100140198,1,2,2,1,1,1,2,2,1,2,2,2,1
41,210303800100150212,1,2,2,2,2,2,2,2,1,2,2,2,2
41,210303800100160226,1,2,1,1,1,1,1,2,1,2,2,2,1
41,210303800100170240,1,2,2,1,2,1,1,2,1,2,1,2,1
41,210303800100200282,1,2,1,2,2,1,2,2,1,2,2,2,1
41,210303800100220311,1,2,1,1,2,1,1,2,1,2,2,1,1
41,210303800100230325,1,2,1,1,2,1,1,2,1,2,1,2,1
41,210303800100240339,1,2,1,1,2,1,1,2,1,2,1,1,1
41,210303800100250353,1,2,1,1,1,1,1,2,1,1,1,1,1
41,210303800100268008,1,2,2,1,2,1,1,2,1,2,1,2,1
41,210304601700020142,1,2,2,1,1,1,2,2,1,2,1,2,1
41,210304601700038005,1,2,1,2,2,1,1,2,1,2,2,2,1
41,210304601700040372,1,2,2,1,1,2,2,2,1,2,2,2,1
41,210304601700078003,1,2,2,2,1,1,2,2,1,2,2,2,1
41,210304700200018001,1,2,1,1,1,1,1,1,1,2,1,2,1
41,210304700200028010,1,2,2,2,2,1,1,2,1,2,2,2,1
41,210304700200030098,1,2,1,1,1,1,1,2,1,2,1,1,1
41,210304700200040144,1,2,2,1,2,1,2,2,1,2,2,2,2
41,210304700200058002,1,2,2,1,2,1,1,2,1,2,2,1,1
41,210304700200068011,1,2,1,2,1,1,1,1,1,2,1,2,1
41,210304700200070264,1,2,1,1,2,1,1,2,1,2,2,2,1
41,210304700200088004,1,2,1,1,2,1,1,2,1,2,1,2,1
41,210304700200100396,1,2,2,1,1,1,1,2,1,2,1,1,1
41,210304700200118012,1,2,2,1,2,2,2,2,1,2,1,1,1
41,210304700200120471,1,2,1,1,1,1,1,1,1,2,1,1,1
41,210304700200138005,1,2,2,1,1,1,1,1,1,2,1,1,1
41,210304700200148008,1,2,2,1,1,1,1,1,1,2,1,1,1
41,210304700200158009,1,2,1,1,1,1,1,2,1,2,1,1,1
41,210304700200168007,1,2,2,1,1,1,1,2,1,2,1,1,1
41,210304700200170082,1,2,1,1,1,1,1,1,1,2,1,1,1
41,210304700200188006,1,2,2,1,1,1,1,1,1,2,1,1,1
41,210304700200198013,1,2,2,1,1,1,2,2,1,2,2,1,1
41,210304700200208014,1,2,2,2,2,1,2,2,1,2,2,2,1
41,210305500100010014,1,2,1,1,1,1,2,2,1,2,1,2,1
41,210305500100028007,1,2,2,1,2,1,2,2,1,2,2,2,1
41,210305500100030051,1,2,2,1,1,1,1,2,1,2,1,2,1
41,210305500100048003,1,2,2,1,2,1,1,2,1,2,1,1,1
41,210305500100058013,1,2,1,1,2,1,1,2,1,2,1,2,1
41,210305500100068009,1,2,2,2,2,1,2,2,1,2,2,2,1
41,210305500100070138,1,2,2,1,1,1,1,2,1,2,2,1,1
41,210305500100088012,1,2,2,1,1,1,2,2,1,2,2,2,1
41,210305500100098006,1,2,2,1,2,1,1,1,1,1,1,1,1
41,210305500100100201,1,2,2,2,1,1,1,2,1,2,1,2,1
41,210305500100110220,1,2,1,1,2,1,1,1,1,2,1,1,1
41,210305500100120238,1,2,1,1,2,1,1,1,1,2,1,2,1
41,210305500100130261,1,2,1,1,1,1,1,1,1,1,1,1,1
41,210305500100140284,1,2,1,1,2,1,1,2,1,1,1,1,1
41,210305500100150302,1,2,2,1,1,1,1,2,1,2,2,2,1
41,210305500100160323,1,2,1,1,1,1,1,1,1,2,2,1,1
41,210305500100170343,1,2,2,2,2,2,2,2,2,2,2,2,1
41,210305500100188014,1,2,2,2,1,1,1,2,1,2,2,2,1
41,210306100200010013,1,2,1,1,1,1,1,1,1,2,1,1,1
41,210306100200038023,1,2,1,1,2,1,1,2,1,2,2,2,1
41,210306100200048024,1,2,2,2,1,1,2,2,1,2,2,2,1
41,210306100200058025,1,2,1,1,1,1,1,1,1,2,1,1,1
41,210306100200068009,1,2,2,1,2,1,1,1,1,2,2,2,1
41,210306100200070096,1,2,1,1,1,1,1,2,1,2,1,2,1
41,210306100200088016,1,2,2,1,1,1,1,2,1,2,2,2,1
41,210306100200090125,1,2,1,1,2,1,1,2,1,2,1,2,1
41,210306100200118005,1,2,2,1,1,1,1,1,1,2,1,2,1
41,210306100200128018,1,2,2,2,1,1,1,1,1,2,2,1,1
41,210306100200138006,1,2,1,1,2,1,1,1,1,2,1,1,1
41,210306100200140196,1,2,2,1,1,1,1,1,1,2,1,2,1
41,210306100200158022,1,2,1,1,1,1,1,1,1,2,2,1,1
41,210306100200178007,1,2,2,1,1,1,2,2,1,2,1,2,1
41,210306100200188020,1,2,2,1,1,1,1,2,1,2,1,2,1
41,210306100200198019,1,2,1,1,1,1,1,2,1,2,1,1,1
41,210306100200210307,1,2,1,1,2,1,1,2,1,2,2,2,1
41,210306100200228017,1,2,1,1,1,1,1,1,1,2,2,2,1
41,210306100200238003,1,2,2,1,1,1,1,1,1,2,1,1,1
41,210306600100010014,1,2,2,1,2,1,2,2,1,2,1,2,2
41,210306600100028014,1,1,1,1,1,1,1,2,1,2,1,2,1
41,210306600100040062,1,2,1,1,2,1,2,2,1,2,1,2,1
41,210306600100078015,1,2,2,1,2,1,2,2,1,2,1,1,1
41,210306600100080128,1,2,2,1,1,1,2,2,2,2,2,2,1
41,210306600100090144,1,2,2,2,2,1,1,2,1,2,2,2,1
41,210306600100100161,1,2,2,1,1,1,2,2,1,2,1,2,1
41,210306600100118004,1,1,1,1,1,1,1,1,1,2,1,1,1
41,210306600100120193,1,1,1,1,1,1,1,2,1,2,1,1,1
41,210306600100130209,1,1,2,1,2,1,1,2,1,2,1,1,1
41,210306600100140226,1,2,2,1,2,1,2,2,1,2,2,2,2
41,210306600100158016,1,2,2,1,2,1,2,2,1,2,1,2,1
41,210306600100178017,1,2,1,1,2,2,2,2,1,2,1,2,1
41,210306600100208018,1,2,2,2,2,1,2,2,1,2,2,2,1
41,210306600100218008,1,2,2,2,2,1,2,2,1,2,2,2,1
41,210306600100228009,1,2,2,1,2,1,2,2,1,2,2,2,1
41,210306600100238013,1,2,2,2,2,2,2,2,2,2,2,2,2
41,210306800100018006,1,2,1,1,2,1,2,1,1,2,1,1,1
41,210306800100048016,1,2,2,2,2,1,2,2,1,2,2,2,2
41,210306800100050065,1,2,1,1,1,1,1,2,1,2,1,1,1
41,210306800100078017,1,2,2,2,2,1,2,2,1,2,2,2,2
41,210306800100080106,1,2,2,2,2,1,2,2,1,2,2,2,2
41,210306800100098015,1,2,2,2,2,1,2,2,2,2,2,2,2
41,210306800100108004,1,2,2,1,1,1,1,2,1,2,1,1,1
41,210306800100118005,1,2,2,1,2,1,2,2,1,2,1,2,1
41,210306800100120162,1,2,1,1,1,1,1,2,1,2,1,2,1
41,210306800100130176,1,2,1,1,2,1,2,2,1,2,2,2,1
41,210306800100140189,1,2,2,1,1,1,1,1,1,2,2,1,1
41,210306800100158009,1,2,1,1,1,1,1,2,1,2,2,2,1
41,210306800100170232,1,2,2,2,2,2,2,2,1,2,2,2,2
41,210306800100180245,1,2,2,1,2,1,1,2,1,2,1,2,1
41,210306800100190259,1,2,2,1,1,1,1,2,1,2,2,2,1
41,210306800100220298,1,1,1,1,2,1,1,2,1,2,1,1,1
41,210306800100238014,1,2,2,1,2,2,2,2,1,2,2,2,1
41,210306800100248018,1,2,2,2,2,1,2,2,1,2,2,2,1
41,210306800100258013,1,2,2,1,1,1,2,2,1,2,2,2,1
41,210306800100260348,1,2,2,1,2,1,2,2,1,2,2,2,1
41,210306800100298003,1,2,1,1,1,1,1,2,1,2,1,2,1
41,210401100500018009,1,2,1,1,2,1,1,2,1,2,1,1,1
41,210401100500020044,1,2,1,1,1,1,2,2,1,2,1,2,1
41,210401100500038002,1,2,1,1,1,1,2,2,1,2,1,2,1
41,210401100500048010,1,1,2,1,2,2,2,2,1,2,1,2,1
41,210401100500058011,1,2,2,1,2,1,1,1,1,2,1,2,1
41,210401100500068004,1,2,2,1,1,1,1,1,1,2,1,2,1
41,210401100500070164,1,2,2,1,1,2,2,2,1,2,2,1,1
41,210401100500080188,1,2,1,1,1,1,1,1,1,2,1,1,1
41,210401100500090212,1,2,2,1,2,1,2,2,1,2,2,2,1
41,210401100500100237,1,2,2,1,1,1,1,2,1,2,1,2,1
41,210401100500110264,1,2,2,1,2,1,2,2,2,2,2,2,1
41,210401100500120287,1,2,2,1,1,1,1,2,1,2,1,1,1
41,210401100500138012,1,2,2,1,2,1,1,2,1,2,1,2,1
41,210401100500140339,1,1,2,1,1,1,1,2,1,2,1,2,1
41,210401100500158008,1,2,1,1,1,1,2,2,1,2,1,1,1
41,210401100500160387,1,2,2,1,2,1,2,2,1,2,1,2,1
41,210401100500178006,1,1,2,2,2,1,1,1,1,2,1,2,2
41,210401100500180441,1,2,2,1,2,1,2,2,1,2,2,2,1
41,210401100500198013,1,2,2,1,1,1,2,2,1,2,2,2,1
41,210601102500018007,1,2,2,2,2,1,2,2,1,2,2,2,1
41,210601102500020045,1,2,1,1,1,1,1,1,1,2,1,1,1
41,210601102500038001,1,2,1,1,1,1,1,1,1,2,1,1,1
41,210601102500040101,1,1,1,1,1,1,1,1,1,2,1,1,1
41,210601102500058005,1,2,2,1,1,1,1,1,1,2,1,1,1
41,210601102500060159,1,2,2,1,1,1,2,2,1,2,1,2,1
41,210601102500078004,1,2,2,1,1,1,1,2,1,2,1,2,1
41,210601102500080221,1,2,1,1,1,1,1,1,1,2,1,1,1
41,210601102500098003,1,2,1,1,1,1,1,2,2,2,2,2,2
41,210601600100010015,1,2,2,1,1,1,2,2,1,2,2,2,1
41,210601600100018002,1,2,2,1,1,1,2,2,1,2,2,2,2
41,210601600100020031,1,2,2,1,1,1,2,2,1,2,1,2,1
41,210601600100038006,1,2,1,1,1,1,1,2,1,2,1,2,1
41,210601600100048011,1,2,1,1,2,1,1,2,1,2,1,1,1
41,210601600100050069,1,2,2,1,2,1,2,2,1,2,1,2,1
41,210601600100078009,1,2,1,1,2,1,1,2,1,2,1,2,1
41,210601600100088003,1,2,1,1,1,1,1,1,1,2,1,1,1
41,210601600100090117,1,2,2,1,1,1,1,2,1,2,1,2,1
41,210601600100100130,1,2,1,1,1,1,1,1,1,2,1,1,1
41,210601600100110138,1,2,2,1,2,1,1,2,1,2,2,2,1
41,210601600100120150,1,2,2,1,1,1,2,2,1,2,1,2,1
41,210601600100148012,1,2,1,1,1,1,1,2,1,2,1,1,1
41,210601600100158010,1,2,2,2,1,2,2,2,1,2,2,2,2
41,210601600100170210,1,2,1,1,1,1,1,1,1,2,1,2,1
41,210601600100188005,1,2,2,1,1,1,1,2,1,2,1,1,1
41,210601600100190236,1,2,2,1,2,1,1,2,1,2,1,2,1
41,210601600100200251,1,2,2,2,2,1,1,2,1,2,2,2,1
41,210601600100218004,1,2,2,1,1,1,1,2,1,2,1,1,1
41,210604200100018014,1,2,2,1,2,2,2,2,1,2,2,1,1
41,210604200100020031,1,2,2,1,2,1,1,1,1,2,1,1,1
41,210604200100048001,1,2,1,1,2,1,1,2,1,2,1,2,2
41,210604200100058003,1,2,2,2,1,1,1,2,1,2,2,2,1
41,210604200100068012,1,2,2,2,2,1,1,2,1,2,2,2,1
41,210604200100078013,1,2,2,1,1,1,1,2,1,2,1,1,1
41,210604200100080149,1,2,2,1,1,1,2,2,1,2,2,2,1
41,210604200100098004,1,2,1,1,1,1,1,2,1,2,1,2,2
41,210604200100108016,1,2,2,1,1,1,1,2,1,2,1,2,1
41,210604200100118010,1,2,2,1,2,1,1,2,1,2,1,2,1
41,210604200100148015,1,1,1,1,2,1,1,2,1,2,2,2,1
41,210604200100150286,1,2,2,1,1,1,2,2,1,2,1,1,1
41,210604200100198007,1,2,2,1,1,1,2,2,1,2,2,2,1
41,210604200100208008,1,2,2,1,1,1,2,2,1,2,1,2,1
41,210604200100210413,1,2,2,2,1,1,2,2,1,2,2,2,2
41,210604700200018003,1,2,2,1,1,1,1,2,1,2,1,2,1
41,210604700200020037,1,2,2,1,1,1,2,2,1,2,2,2,1
41,210604700200030056,1,2,2,1,1,1,2,2,1,2,1,1,1
41,210604700200048007,1,2,2,2,2,1,1,2,1,2,2,2,2
41,210604700200058005,1,2,1,1,2,1,1,2,1,2,1,2,1
41,210604700200068006,1,2,2,1,2,1,1,1,1,2,1,2,1
41,210604700200070155,1,2,1,1,1,1,1,2,1,2,2,2,1
41,210604700200088004,1,2,2,1,1,1,1,2,1,2,1,2,1
41,210604700200100226,1,2,1,1,2,1,1,2,1,2,1,2,1
41,210604700200110252,1,2,2,2,2,1,2,2,1,2,2,2,1
41,210605602900018004,1,2,2,1,1,1,1,1,1,2,1,2,1
41,210605602900030060,1,2,2,2,2,1,2,2,1,2,2,2,2
41,210605602900048003,1,2,2,1,1,1,2,2,1,2,2,2,1
41,210605602900058001,1,2,2,1,2,1,1,2,1,2,1,1,1
41,210605602900060118,1,2,1,1,2,1,2,2,1,2,2,2,1
41,210605602900070137,1,2,2,1,1,1,1,2,1,2,2,2,1
41,210605602900080153,1,2,2,1,1,1,2,2,1,2,2,2,1
41,210605602900090172,1,2,2,2,2,1,2,2,1,2,1,2,1
41,210606301300018003,1,2,2,2,1,1,2,2,1,2,2,2,2
41,210606301300028006,1,2,2,1,2,1,1,2,1,2,2,1,1
41,210606301300038004,1,2,2,1,2,1,1,2,1,2,1,2,1
41,210606301300040085,1,2,2,1,2,1,2,2,2,2,2,2,1
41,210606301300050107,1,2,2,1,2,1,1,2,1,2,1,2,1
41,210801400200018009,1,2,2,2,2,1,1,2,1,2,1,2,1
41,210801400200020033,1,2,2,1,1,1,1,2,1,2,1,2,1
41,210801400200030065,1,2,1,1,1,1,1,1,1,2,1,1,1
41,210801400200048006,1,2,2,2,2,1,2,2,1,2,1,2,1
41,210801400200058003,1,2,2,1,1,1,1,2,1,2,1,2,1
41,210801400200060147,1,2,1,2,1,1,2,2,1,2,2,2,1
41,210801400200078008,1,2,2,1,2,1,1,2,1,2,1,2,1
41,210801400200088010,1,2,2,2,2,1,2,2,1,2,2,2,1
41,210801400200100273,1,2,1,1,2,1,2,2,1,2,2,2,1
41,210801400200110292,1,2,2,1,1,1,1,2,1,2,1,1,1
41,210801400200128011,1,2,2,1,2,1,2,1,1,2,1,2,1
41,210801400200138005,1,2,2,2,1,1,2,2,1,2,2,2,1
41,210801400200148012,1,1,1,2,1,1,2,2,1,2,2,2,1
41,210801400200150392,1,2,1,1,1,1,1,2,1,2,1,2,1
41,210801400200178013,1,2,2,1,1,1,2,2,1,2,2,2,1
41,210802301300018003,1,1,1,1,1,1,1,2,1,2,1,2,1
41,210802301300028004,1,2,1,2,2,2,2,2,2,2,2,2,1
41,210802301300030106,1,2,2,1,1,1,1,2,1,2,2,2,1
41,210802301300050165,1,2,2,1,2,1,1,2,1,2,1,2,1
41,210802301300060194,1,2,2,2,2,1,1,2,1,2,2,2,1
41,210802301300088005,1,2,2,1,2,2,2,2,1,2,2,2,1
41,210802301300090295,1,2,1,1,2,1,1,2,1,2,1,1,1
41,210802301300108002,1,2,2,2,1,1,2,2,1,2,2,2,1
41,210902600100010010,1,1,1,2,2,2,2,2,1,1,1,1,2
41,210902600100020032,1,2,2,1,1,1,1,1,1,1,1,1,1
41,210902600100038001,1,2,1,2,2,1,2,2,1,2,1,2,1
41,210902600100050102,1,2,1,1,2,1,1,1,1,1,1,1,1
41,210902600100060126,1,2,1,1,2,1,1,2,1,2,1,1,1
41,210902600100070150,1,2,2,1,1,1,1,2,1,1,1,1,1
41,210902600100080171,1,2,1,1,1,1,1,1,1,1,2,1,1
41,210902600100090190,1,1,1,1,1,1,1,2,1,2,1,1,1
41,210902600100118002,1,2,1,1,2,1,1,1,1,2,1,1,1
41,210902600400010007,1,2,2,1,1,1,2,1,1,1,1,2,1
41,210903300100010001,1,2,2,1,2,1,1,2,1,2,2,2,1
41,210903300100020012,1,2,1,2,1,1,2,2,1,2,1,2,2
41,210903300100030021,1,2,2,1,1,1,1,2,1,2,1,1,1
41,210903300100040028,1,2,1,2,2,1,1,1,1,2,1,1,1
41,210903300100068001,1,2,1,1,2,1,1,1,1,2,1,1,1
41,210903300100070057,1,2,1,1,2,1,1,2,1,1,2,2,1
41,210903300100090075,1,1,2,1,2,1,1,2,1,2,1,1,1
41,210903300100118002,1,1,1,1,2,1,2,2,1,2,1,1,1
41,210903300100120102,1,2,1,1,2,1,1,1,1,2,1,1,1
41,210903300100130112,1,1,2,1,2,1,1,2,1,2,2,1,1
41,210903300100140121,1,2,1,1,1,1,1,1,1,2,1,1,1
41,210903300100150132,1,2,2,1,2,1,1,2,1,2,1,2,1
41,210903300200018001,1,1,1,1,2,1,1,1,1,1,1,1,1
41,210903900400010029,1,2,2,1,1,1,1,1,1,2,1,1,1
41,210903900400020048,1,1,1,1,2,1,2,2,1,2,2,2,1
41,210903900400048010,1,2,2,1,1,1,1,2,1,2,1,2,1
41,210903900400050105,1,1,1,1,1,1,1,2,1,2,1,1,1
41,210903900400070144,1,2,1,1,2,1,1,1,1,2,2,1,1
41,210903900400088002,1,1,1,1,1,1,2,1,1,2,1,2,1
41,210903900400108001,1,2,1,1,2,1,1,2,1,2,1,1,1
41,210903900400118005,1,1,1,1,2,1,1,2,1,2,1,2,1
41,210903900400120242,1,2,1,1,2,1,1,1,1,2,1,1,1
41,210903900400138008,1,2,2,2,1,1,1,2,1,2,2,2,1
41,210903900400140280,1,1,1,1,1,1,1,2,1,2,1,1,1
41,210903900400158009,1,2,1,1,1,1,1,1,1,2,1,1,1
41,210903900400168007,1,2,1,1,2,1,1,2,1,2,1,1,1
41,210908000200018007,1,2,2,1,2,1,2,2,1,2,2,2,1
41,210908000200028013,1,2,1,2,2,2,2,2,1,1,1,1,1
41,210908000200030073,1,2,2,1,2,1,1,2,1,1,1,2,1
41,210908000200048006,1,2,2,1,1,1,1,2,1,2,2,2,1
41,210908000200050129,1,2,1,1,2,1,2,2,1,1,1,1,2
41,210908000200068004,1,2,1,2,1,2,2,2,1,2,2,2,2
41,210908000200068005,1,2,2,2,2,1,2,2,1,2,2,2,2
41,210908000200098002,1,2,1,1,2,1,2,2,1,2,2,2,1
41,210908000200110293,1,1,1,1,1,1,1,2,1,1,1,1,1
41,210908000200138014,1,2,1,2,1,1,2,2,1,2,1,2,1
41,210908000200148012,1,2,2,1,2,1,2,2,1,1,1,2,1
41,210908000200158010,1,2,2,1,2,1,2,2,1,2,2,2,1
41,210908000200178015,1,2,2,2,2,2,2,2,1,2,2,2,1
41,211100500200018010,1,2,2,2,1,1,2,2,1,2,1,2,1
41,211100500200020047,1,2,2,2,1,1,2,2,1,2,2,2,1
41,211100500200048002,1,2,1,2,1,1,1,2,1,1,1,1,1
41,211100500200050115,1,1,1,1,2,1,1,1,1,2,1,1,1
41,211100500200060143,1,2,2,1,1,1,1,2,1,2,1,1,1
41,211100500200080192,1,2,2,2,2,2,2,2,1,2,2,2,1
41,211100500200090215,1,2,2,2,1,1,2,2,1,2,1,2,1
41,211100500200100241,1,1,2,1,2,2,2,2,1,2,1,2,2
41,211100500200110273,1,2,1,1,1,1,1,2,1,2,1,1,1
41,211100500200138006,1,1,1,1,1,1,1,1,1,1,1,1,1
41,211100500200140348,1,2,1,1,2,1,1,1,1,1,2,1,1
41,211100500200168008,1,2,2,1,2,1,1,2,1,2,1,1,1
41,211100500200170420,1,2,1,1,2,1,1,1,1,2,1,1,1
41,211100500200190467,1,2,2,1,1,1,1,2,1,2,1,1,1
41,211100500200200494,1,2,2,2,2,1,1,2,1,2,1,2,2
41,211100500200218009,1,2,1,1,2,1,1,2,1,2,1,1,1
41,211100500200228001,1,2,2,1,2,1,1,1,1,1,1,2,1
41,211100500200238011,1,2,2,1,1,1,1,1,1,1,1,2,2
41,211100500200240582,1,2,1,1,2,1,1,2,1,2,1,2,2
41,211101200000020049,1,2,2,1,1,1,2,2,1,2,2,2,1
41,211101200000038001,1,2,2,1,2,1,1,1,1,2,1,1,1
41,211101200000040102,1,2,2,1,1,1,2,2,1,2,1,1,1
41,211101200000050129,1,2,2,1,2,2,2,2,1,2,2,2,1
41,211101200000060156,1,2,1,1,1,1,1,1,1,2,1,1,1
41,211101200000070183,1,2,2,1,1,1,1,2,1,2,1,1,1
41,211101200000080210,1,2,1,1,1,1,1,1,1,2,1,1,1
41,211101200000090237,1,2,1,2,2,1,1,2,1,2,1,1,1
41,211101200000100265,1,2,2,1,1,1,1,2,1,2,1,2,2
41,211101200000110293,1,2,2,2,2,1,2,2,1,2,2,2,1
41,211101200000120321,1,1,1,1,2,1,1,2,1,1,1,2,1
41,211101200000130349,1,1,1,1,1,1,1,2,1,2,1,1,1
41,211101200000140377,1,2,2,2,2,2,2,2,1,2,2,2,1
41,211101200000150403,1,1,1,1,1,1,1,1,1,2,1,1,1
41,211101200000170455,1,2,2,1,1,1,1,2,1,2,1,2,1
41,211101200000188002,1,2,1,1,2,1,1,2,1,2,1,1,1
41,211101200000190508,1,1,1,1,1,1,1,1,1,1,1,2,1
41,211200100000010001,1,2,2,2,2,1,2,2,2,2,1,2,1
41,211200100000020020,1,2,2,2,2,1,2,2,2,2,2,2,1
41,211200100000030035,1,2,2,1,2,1,2,2,1,2,1,2,1
41,211200100000040050,1,2,2,2,1,1,2,2,1,2,2,2,2
41,211200100000050066,1,2,2,1,2,1,1,2,1,2,1,2,1
41,211200100000060082,1,2,2,2,2,1,2,2,2,2,2,2,1
41,211200100000070098,1,2,2,1,1,1,1,2,1,2,2,2,1
41,211200100000090130,1,2,2,2,1,1,1,2,2,2,2,2,2
41,211200100000100145,1,2,2,2,2,1,2,2,2,2,2,2,1
41,211200100000110160,1,2,2,1,2,1,2,2,1,2,2,2,2
41,211200100000120176,1,2,2,1,1,1,1,2,2,2,2,2,1
41,211200100000130192,1,2,2,2,1,1,1,2,2,2,1,2,2
41,211200100000140209,1,2,2,1,1,1,1,2,1,2,1,1,1
41,211200100000150225,1,2,1,1,1,1,1,2,1,2,1,1,1
41,211200100000160241,1,2,2,2,1,1,2,2,2,2,2,2,1
41,211601500000010019,1,1,1,1,1,1,1,2,1,2,1,2,1
41,211601500000020034,1,2,1,1,2,1,1,2,1,2,1,2,1
41,211601500000030049,1,2,2,2,1,1,1,2,1,2,2,2,1
41,211601500000040064,1,2,2,1,2,1,2,2,1,2,1,2,1
41,211601500000058002,1,2,2,1,1,1,1,2,1,2,1,2,1
41,211601500000068006,1,2,1,1,2,1,1,2,1,2,1,1,1
41,211601500000070109,1,2,2,2,2,2,2,2,2,2,2,2,2
41,211601500000090136,1,2,2,1,1,1,1,2,1,2,1,1,1
41,211601500000100151,1,2,2,1,1,1,2,2,1,1,2,2,1
41,211601500000110166,1,2,2,2,2,1,2,2,1,2,2,2,2
41,211601500000128005,1,2,2,2,2,1,2,2,1,2,2,2,1
41,211601500000138003,1,2,2,1,2,1,1,2,1,2,1,2,1
41,211601500000140211,1,2,2,1,2,1,2,2,1,2,1,2,1
41,211601500000150226,1,2,2,1,2,1,2,2,1,2,2,2,1
41,211601500000160241,1,2,2,2,2,1,2,2,2,2,2,2,2
41,211601500000180271,1,2,1,2,2,1,2,2,1,2,1,2,1
41,211701100200010022,1,2,1,1,2,1,2,2,1,2,2,2,1
41,211701100200020047,1,2,2,2,2,1,2,2,1,2,2,2,1
41,211701100200030070,1,2,2,1,2,1,2,2,1,2,2,2,1
41,211701100200040095,1,2,2,2,2,2,2,2,1,2,2,2,2
41,211701100200050120,1,2,2,1,1,1,2,2,1,2,1,2,2
41,211701100200060145,1,2,2,2,2,1,2,2,1,2,2,2,2
41,211701100200070169,1,2,2,2,2,1,2,2,2,2,2,2,1
41,211701100200080195,1,2,2,1,2,1,2,2,1,2,1,2,1
41,211701100200090220,1,2,2,1,2,1,2,2,1,2,2,2,1
41,211701100200120290,1,2,2,1,1,1,2,2,1,2,1,2,1
41,211701100200138002,1,2,2,2,2,2,2,2,2,2,2,2,2
41,211701100200158005,1,2,2,1,1,1,2,2,1,2,2,2,1
41,211701100200168004,1,2,1,2,2,1,2,2,1,2,2,2,1
41,211701100200170414,1,2,1,2,1,1,2,2,1,2,1,1,1
41,211701600200028006,1,1,2,1,2,1,1,2,1,2,2,2,1
41,211701600200040100,1,2,2,2,1,1,1,2,1,2,1,1,1
41,211701600200068005,1,2,2,2,2,1,2,2,1,2,2,2,2
41,211701600200088003,1,2,2,2,1,1,2,2,1,2,2,2,1
41,211701600200090215,1,2,2,2,1,1,2,2,1,2,2,2,1
41,211701600200100241,1,2,1,1,2,1,2,2,1,2,1,2,1
41,211701600200110266,1,2,2,1,2,1,2,2,1,2,2,2,2
41,211701600200120292,1,2,2,2,2,1,1,2,1,2,2,2,2
41,211701600200138002,1,2,2,2,1,1,2,2,1,2,2,2,2
41,211701600200140344,1,2,1,2,1,2,2,2,1,2,2,2,1
41,211701600200160396,1,2,2,2,1,1,1,1,1,2,2,2,1
41,211701600200180448,1,2,2,2,2,1,2,2,1,2,2,2,2
41,211800800000010019,1,2,2,1,2,1,1,2,1,2,2,2,1
41,211800800000020041,1,2,2,1,1,1,1,2,1,2,1,2,1
41,211800800000038001,1,2,2,1,2,1,1,2,2,2,2,2,2
41,211800800000050108,1,2,1,1,1,1,1,2,1,2,1,1,1
41,211800800000060130,1,2,2,2,2,1,1,2,1,2,2,2,1
41,211800800000070152,1,2,2,1,1,1,1,2,1,2,1,2,1
41,211800800000080173,1,2,2,1,1,1,1,2,1,2,2,1,1
41,211800800000098003,1,2,2,1,2,1,2,2,1,2,1,2,1
41,211800800000100219,1,2,2,1,1,1,1,2,1,2,1,1,1
41,211800800000110242,1,2,2,1,1,1,1,2,1,2,1,2,1
41,211800800000128002,1,2,2,1,1,1,1,2,1,2,1,2,1
41,211800800000138004,1,2,2,1,2,1,2,2,2,2,2,2,1
41,211800800000140309,1,2,2,2,2,2,2,2,2,2,2,2,2
41,211800800000150331,1,2,2,1,2,1,1,2,2,2,2,2,1
41,211800800000188005,1,2,2,2,1,2,1,2,2,2,2,2,1
41,211800800000190415,1,2,1,1,1,1,1,2,1,2,1,1,1
41,211800800000200438,1,2,2,1,1,1,2,2,1,2,1,2,1
41,211800800000210459,1,2,2,2,2,2,2,2,2,2,2,2,2
41,211802600100010027,1,2,2,2,1,1,1,2,1,2,1,2,1
41,211802600100020074,1,2,2,2,2,1,2,2,1,2,2,2,2
41,211802600100038004,1,2,2,1,2,2,2,2,1,2,2,2,1
41,211802600100048008,1,2,1,2,2,1,2,2,1,2,2,2,1
41,211802600100058010,1,2,2,1,2,1,2,2,1,2,2,2,1
41,211802600100068014,1,2,2,1,2,1,2,2,1,2,1,2,1
41,211802600100078015,1,2,1,2,2,2,2,2,2,2,2,2,1
41,211802600100080329,1,2,2,1,1,1,1,2,1,2,1,1,1
41,211802600100110466,1,2,2,2,2,1,2,2,2,2,2,2,1
41,211802600100120508,1,2,2,1,1,1,1,2,1,2,1,2,1
41,211802600100130552,1,2,2,1,1,1,1,2,1,2,1,1,1
41,211802600100140586,1,1,1,1,1,1,1,1,1,2,1,1,1
41,211802600100150615,1,2,1,1,1,1,1,2,1,2,1,1,1
41,211802600100160653,1,2,1,1,1,1,1,2,1,2,1,2,1
41,211802600100178005,1,2,2,2,2,1,2,2,2,2,2,2,2
41,211802600100188013,1,2,2,1,2,1,2,2,1,2,2,2,1
41,211802600100190128,1,2,2,1,2,1,1,2,1,2,2,2,1
41,211802600100210216,1,2,2,2,2,1,2,2,1,2,1,2,1
41,211802600100220258,1,2,2,2,2,2,1,2,2,2,2,2,1
41,211805200300010001,1,1,1,1,1,1,1,2,1,2,1,2,1
41,211805200300020019,1,2,2,1,1,1,1,2,1,2,2,2,1
41,211805200300030032,1,2,2,1,2,1,2,2,1,2,2,2,1
41,211805200300048012,1,2,2,1,1,2,2,2,1,2,1,2,1
41,211805200300058004,1,2,2,2,1,1,1,2,1,2,1,1,1
41,211805200300068013,1,2,1,1,1,1,1,2,1,2,1,2,1
41,211805200300070087,1,2,2,2,2,1,2,2,1,2,2,2,1
41,211805200300080101,1,2,2,1,1,1,1,2,1,2,1,1,1
41,211805200300090115,1,2,1,2,2,1,2,2,1,2,2,2,1
41,211805200300100129,1,2,2,2,2,1,2,2,1,2,2,2,1
41,211805200300110145,1,2,1,1,2,1,2,2,1,2,2,2,1
41,211805200300120158,1,2,2,1,2,1,1,2,1,2,1,2,1
41,211805200300130172,1,2,1,1,1,1,1,2,1,2,1,2,1
41,211805200300140186,1,2,2,2,2,1,2,2,1,2,1,2,1
41,211805200300158009,1,2,2,2,2,1,2,2,1,2,2,2,1
41,211805200300160214,1,2,2,2,2,1,2,2,1,2,1,2,1
41,211805200300170229,1,2,1,2,2,1,2,2,1,2,2,2,1
41,211805200300180243,1,2,1,1,1,1,1,2,1,2,1,2,1
41,211805200300198011,1,2,2,1,2,1,2,2,1,2,1,2,1
41,211805200300218008,1,2,2,2,2,1,2,2,1,2,2,2,1
41,211805200300228010,1,2,1,1,1,1,1,2,1,2,1,2,1
41,211805200300230313,1,2,2,2,2,2,2,2,2,2,2,2,2
41,211805200300240327,1,2,2,2,2,1,2,2,1,2,1,2,1
41,211806500000020016,1,2,2,1,1,1,1,2,1,2,1,1,1
41,211806500000030031,1,2,2,1,2,1,2,2,1,2,1,2,1
41,211806500000040045,1,2,2,1,2,1,2,2,1,2,2,2,1
41,211806500000058012,1,2,2,1,1,1,1,2,1,2,2,2,1
41,211806500000068001,1,2,2,1,1,1,2,2,2,2,2,2,1
41,211806500000070091,1,2,2,1,1,1,1,2,1,2,2,2,1
41,211806500000080107,1,2,2,2,2,1,1,2,1,2,2,2,1
41,211806500000090124,1,2,2,1,2,1,1,2,1,2,2,2,1
41,211806500000100141,1,2,2,1,2,1,2,2,1,2,1,2,1
41,211806500000110156,1,2,2,1,2,1,2,2,2,2,2,2,1
41,211806500000120173,1,2,2,1,2,1,1,2,2,2,1,2,1
41,211806500000130187,1,2,1,1,1,1,2,2,1,2,1,2,1
41,211806500000150217,1,2,2,1,2,1,1,2,1,2,1,2,1
41,211806500000160234,1,1,2,1,1,1,1,2,1,2,1,2,1
41,211806500000180267,1,2,2,1,1,1,2,2,1,2,1,2,1
41,211903300000010022,1,2,2,2,1,1,1,2,2,2,1,2,1
41,211903300000020041,1,2,2,1,1,1,1,2,1,2,1,2,1
41,211903300000030061,1,2,2,1,1,1,2,2,2,2,2,2,2
41,211903300000040081,1,2,2,1,1,1,1,2,2,2,1,2,1
41,211903300000050100,1,2,1,1,1,1,1,2,2,2,1,2,1
41,211903300000078005,1,2,2,1,1,1,2,2,2,2,2,2,1
41,211903300000088004,1,2,2,1,1,1,1,2,2,2,1,2,1
41,211903300000090180,1,2,2,1,1,1,1,2,1,2,1,2,1
41,211903300000108009,1,2,2,1,2,1,2,2,1,2,2,2,1
41,211903300000118006,1,2,2,2,2,1,2,2,1,2,2,2,1
41,211903300000140245,1,2,2,2,1,2,2,2,2,2,2,2,1
41,211903300000150261,1,2,1,1,1,1,1,2,1,2,1,1,1
41,211903300000160279,1,2,1,1,1,1,2,2,2,2,2,2,1
41,211903300000170299,1,2,2,1,2,1,2,2,2,2,2,2,1
41,211903300000188007,1,2,2,1,2,1,2,2,1,2,1,2,1
41,211903300000188008,1,2,2,1,2,1,2,2,1,2,2,2,1
41,211903300000190329,1,2,2,1,1,1,2,2,1,2,1,2,1
41,211903300000220375,1,2,2,1,1,1,2,2,2,2,2,2,1
41,211903300000240410,1,2,2,1,1,1,2,2,2,2,2,2,1
41,211903300000260439,1,2,2,1,1,1,1,2,2,2,1,2,1
41,212300200100010024,1,2,2,1,2,1,2,2,1,2,1,2,1
41,212300200100020053,1,2,2,1,1,1,2,2,1,2,1,1,1
41,212300200100038001,1,2,2,1,2,1,2,2,1,2,2,2,1
41,212300200100048005,1,2,2,1,2,1,1,2,1,2,1,1,1
41,212300200100060171,1,2,2,1,1,1,2,2,1,2,1,2,1
41,212300200100070201,1,2,2,2,2,1,2,2,1,2,2,2,1
41,212300200100088006,1,2,2,2,1,1,2,2,1,2,2,2,1
41,212300200100100291,1,2,2,1,1,1,2,2,1,2,1,2,1
41,212300200100110319,1,2,2,1,1,1,2,2,1,2,1,1,1
41,212300200100120349,1,2,1,1,1,1,2,2,1,2,1,2,1
41,212300200100130379,1,2,1,1,1,1,1,2,1,2,1,1,1
41,212300200100148004,1,2,1,1,1,1,1,2,1,2,1,1,1
41,212300200100150439,1,2,2,1,1,1,2,2,1,2,2,2,1
41,340100900100010020,1,2,2,1,1,1,1,2,1,2,1,2,1
41,340100900100028004,1,2,2,2,2,2,2,2,1,2,2,2,1
41,340100900100030066,1,2,2,1,2,1,1,2,1,2,1,2,1
41,340100900100050109,1,2,2,1,2,1,2,2,1,2,2,2,2
41,340100900100060132,1,2,2,1,2,1,1,2,1,2,1,2,1
41,340100900100078005,1,2,2,1,2,1,1,2,1,2,2,2,1
41,340100900100090197,1,2,2,1,1,1,2,2,1,2,1,2,1
41,340100900100100220,1,2,2,1,1,1,1,2,1,2,1,2,1
41,340100900100110242,1,1,2,1,1,1,1,1,1,2,2,1,1
41,340100900100138006,1,2,1,1,2,1,1,1,1,2,2,1,1
41,340300301500018001,1,2,2,2,2,1,2,2,1,2,2,2,1
41,340300301500020088,1,2,2,2,2,1,2,2,1,2,2,2,2
41,340300301500040196,1,2,2,1,2,1,2,2,1,2,1,2,1
41,340300601000018001,1,2,2,1,2,1,2,2,1,2,1,2,1
41,340300601000028002,1,2,2,1,2,1,2,2,1,2,2,2,1
41,340300601000038003,1,2,2,1,2,1,2,2,1,2,2,2,2
41,340300601000040315,1,2,2,2,2,1,2,2,1,2,2,2,1
41,340301200400018001,1,2,2,1,2,1,1,2,1,1,2,2,1
41,340301200400020097,1,2,2,2,1,1,1,2,1,2,1,2,1
41,340301200400038002,1,2,2,2,2,1,2,2,1,2,2,2,1
41,340301200400040220,1,2,2,1,2,1,1,1,1,1,1,2,1
41,340301200400050284,1,2,1,1,1,1,1,1,1,1,1,2,1
41,340301200400068005,1,2,2,2,2,2,2,2,1,2,2,2,1
41,340301200400070409,1,2,1,1,1,1,1,2,1,2,2,2,1
41,340301200400098004,1,2,2,1,2,1,2,2,1,2,2,2,1
41,340302200200010023,1,2,1,1,1,1,2,2,1,2,1,2,1
41,340302200200028001,1,2,2,1,1,1,2,2,1,2,2,2,1
41,340302200200038002,1,2,2,2,2,2,2,2,2,2,2,2,1
41,340302200200040108,1,2,2,1,1,2,2,2,1,2,2,2,1
41,340302200200050137,1,2,2,1,1,1,2,2,1,2,2,2,1
41,340302200200078012,1,2,2,1,1,1,1,2,1,2,2,2,1
41,340302200200098011,1,2,2,2,2,1,2,2,1,2,2,2,1
41,340302200200100279,1,2,1,1,1,1,1,2,1,2,1,2,1
41,340302200200110307,1,2,2,1,1,1,1,2,1,2,1,2,1
41,340302200200128003,1,2,2,1,1,1,1,2,1,2,1,2,1
41,340302200200138016,1,2,2,2,2,2,2,2,1,2,2,2,1
41,340302200200140390,1,2,2,1,1,1,1,2,1,1,1,1,1
41,340302200200158020,1,2,1,2,2,2,2,2,1,2,2,2,1
41,340302200200168019,1,2,2,1,2,1,2,2,1,2,2,2,1
41,340302200200178013,1,2,1,1,1,1,2,2,1,2,2,2,1
41,340302200200180504,1,2,2,1,1,1,1,2,1,1,1,1,1
41,340302200200198017,1,2,2,2,2,2,2,2,1,2,2,2,1
41,340302200200208008,1,2,1,1,1,1,1,2,1,2,1,2,2
41,340302200200210589,1,2,2,2,1,1,1,2,1,2,2,2,1
41,340302200200230646,1,2,1,1,1,1,1,2,1,2,2,1,1
41,340302200200248009,1,2,1,1,1,1,2,2,1,2,1,2,1
41,340302200200250701,1,2,1,1,2,1,1,2,1,2,1,1,1
41,340302200200268014,1,2,2,1,1,1,1,2,1,2,2,2,1
41,340302200200278018,1,2,1,1,1,1,2,2,2,2,2,2,2
41,340302200200280786,1,2,2,2,2,1,2,2,1,2,2,2,1
41,340302200200298015,1,2,1,2,1,2,2,2,1,2,2,2,1
41,340302200200300842,1,2,2,1,1,1,1,2,1,1,2,1,1
41,340400100100010010,1,2,1,1,1,1,1,2,1,1,1,1,2
41,340400100100020033,1,2,2,1,2,1,2,2,1,1,1,2,1
41,340400100100030055,1,2,2,1,1,1,1,2,1,2,1,2,1
41,340400100100040080,1,2,2,1,2,1,2,2,1,2,2,2,1
41,340400100100050105,1,2,2,1,1,1,1,2,1,1,1,1,2
41,340400100100068001,1,2,2,1,2,1,1,2,1,2,1,1,2
41,340400100100070152,1,2,2,2,1,1,2,2,1,2,2,2,1
41,340400100100080177,1,2,1,1,1,1,1,1,1,1,1,1,1
41,340400100100090199,1,2,2,1,2,1,1,2,1,2,1,2,1
41,340400100100110247,1,2,2,1,2,1,1,2,1,2,1,2,1
41,340400100100120270,1,2,2,1,1,1,2,2,1,2,1,2,1
41,340400100100130295,1,2,2,2,2,1,2,2,1,2,2,2,1
41,340400100100140320,1,2,2,2,2,1,2,2,1,2,2,2,1
41,340400100100150344,1,2,2,1,1,1,1,2,1,1,1,2,1
41,340400100100160368,1,2,2,1,2,1,1,2,1,2,2,2,1
41,340400100100170393,1,2,1,1,2,1,2,2,1,2,2,2,1
41,340401100400020038,1,2,2,1,2,1,2,2,1,2,2,2,1
41,340401100400030052,1,2,2,2,2,1,2,2,2,2,2,2,1
41,340401100400040070,1,2,2,2,2,1,2,2,1,2,1,2,1
41,340401100400050085,1,2,1,1,2,1,1,2,1,2,2,2,1
41,340401100400070111,1,2,2,2,2,1,1,2,1,2,1,2,1
41,340401100400088012,1,2,2,1,2,1,1,1,1,1,2,1,1
41,340401100400090130,1,2,2,2,2,1,1,2,1,2,1,2,1
41,340401100400110160,1,1,1,1,1,1,1,1,1,1,1,1,1
41,340401100400120174,1,2,2,2,1,2,2,2,1,2,2,2,1
41,340401100400130188,1,2,2,2,1,1,1,2,1,2,1,2,1
41,340401100400148011,1,2,2,2,2,1,2,2,1,2,2,2,1
41,340401100400158007,1,2,2,2,2,1,2,2,1,2,2,2,1
41,340401100400160225,1,2,2,2,2,2,2,2,1,2,2,2,1
41,340401100400170241,1,2,2,2,1,2,2,2,1,2,1,2,1
41,340401100400180255,1,2,2,1,2,1,1,2,1,2,1,2,1
41,340401100400190268,1,2,2,1,1,1,1,2,1,2,1,2,2
41,340401100400200280,1,2,1,1,1,1,1,1,1,1,2,2,1
41,340401100400230322,1,2,2,1,1,1,2,2,1,1,1,2,1
41,340401100400248005,1,2,2,1,2,1,1,1,1,2,1,1,1
41,340401100400278008,1,2,2,1,2,2,2,2,1,2,1,2,1
41,340401100400280386,1,2,1,1,1,1,1,1,1,1,1,1,1
41,340401100400298010,1,2,1,2,2,1,1,1,1,2,2,1,1
41,340401500100020095,1,2,1,1,1,1,1,2,1,2,1,1,1
41,340401500100030148,1,2,2,1,2,1,2,2,1,2,1,2,1
41,340401500100040200,1,2,2,1,2,1,2,2,1,2,2,2,1
41,340401500100110107,1,2,2,2,2,1,2,2,1,2,1,2,1
41,340401500100120162,1,2,2,2,1,1,1,2,1,2,1,2,1
41,340401500100128002,1,2,2,1,1,1,1,2,1,2,1,2,1
41,340401500100138006,1,2,2,1,2,1,2,2,1,2,2,2,1
41,340401500100140263,1,2,2,1,1,1,2,2,1,2,2,2,1
41,340401500100158007,1,2,1,1,1,1,1,1,1,2,1,1,1
41,340401500100170421,1,2,2,1,2,1,1,1,1,2,1,1,1
41,340401500100188001,1,2,1,1,1,1,1,2,1,2,1,2,1
41,340501100100010039,1,2,2,2,2,1,2,2,2,2,2,2,1
41,340501100100020125,1,2,2,2,2,2,2,2,2,2,2,2,2
41,340501100100030208,1,2,2,2,2,2,2,2,2,2,2,2,2
41,340501100100050374,1,2,2,2,2,2,2,2,2,2,2,2,2
41,340501100100060458,1,2,2,2,2,1,2,2,1,2,2,2,1
41,340501100100070009,1,2,2,2,2,1,2,2,2,2,2,2,2
41,340501100100098002,1,2,2,1,1,1,2,2,1,2,1,2,1
41,340501100100108003,1,2,2,2,2,1,2,2,1,2,2,1,1
41,340501100100118001,1,2,1,1,2,1,1,1,1,2,1,1,1
41,340502600300048005,1,2,2,1,2,1,2,2,1,2,2,2,1
41,340502600300050064,1,2,2,1,1,1,1,2,1,2,1,2,1
41,340502600300070096,1,2,2,1,1,1,1,2,1,2,2,2,2
41,340502600300080120,1,2,1,1,2,1,1,2,1,2,1,1,1
41,340502600300100170,1,2,2,1,1,1,1,2,1,2,1,1,1
41,340502600300110195,1,2,2,1,1,1,1,1,1,2,1,1,1
41,340502600300128007,1,2,2,2,2,1,2,2,1,2,2,2,1
41,340502600300130239,1,2,2,1,1,1,1,2,1,2,1,2,1
41,340502600300148003,1,2,2,1,2,1,1,2,1,2,1,2,1
41,340502600300150282,1,2,2,1,1,1,1,2,1,2,1,1,1
41,340502600300160305,1,2,2,2,2,1,1,2,1,2,2,2,1
41,340502600300170328,1,2,2,1,2,1,2,2,1,2,2,2,1
41,340502600300208002,1,2,2,2,1,1,2,2,1,2,2,2,1
41,340502600300218006,1,2,2,1,2,1,2,2,1,2,2,2,1
41,340502600300220450,1,2,2,1,2,1,2,2,1,2,2,1,1
41,340502600300230472,1,2,2,1,1,1,1,2,1,2,1,1,1
41,340502600300240498,1,2,2,2,2,2,2,2,1,2,2,2,1
41,340502600300250524,1,2,1,1,2,1,1,1,1,2,1,1,1
41,340503200400010006,1,2,1,1,1,1,1,2,1,2,1,1,1
41,340503200400028011,1,2,2,1,2,1,2,2,1,2,2,2,1
41,340503200400030108,1,2,1,1,2,1,1,1,1,1,1,1,1
41,340503200400040156,1,2,2,1,2,1,2,2,1,2,2,2,1
41,340503200400050206,1,2,2,1,2,1,1,2,1,1,1,2,1
41,340503200400068008,1,2,1,2,2,1,2,2,1,2,2,2,1
41,340503200400078012,1,2,1,2,2,1,2,2,1,2,1,1,1
41,340503200400088009,1,2,1,1,2,1,2,2,1,2,2,1,1
41,340503200400098013,1,2,2,2,2,1,2,2,1,2,2,2,1
41,340503200400108003,1,2,2,1,1,1,1,2,1,2,2,1,1
41,340503200400110150,1,2,1,1,2,1,1,1,1,1,1,1,1
41,340503200400120197,1,2,1,1,2,1,1,1,1,2,2,1,1
41,340503200400138014,1,2,2,1,2,1,1,2,1,2,1,1,1
41,340503200400148015,1,2,2,2,2,1,1,2,1,2,2,2,1
41,340503200400158007,1,2,2,2,1,1,1,2,1,2,1,2,1
41,340503500000010028,1,2,1,1,1,1,1,1,1,2,2,1,1
41,340503500000020048,1,2,2,1,1,1,1,2,1,2,1,2,1
41,340503500000038005,1,2,2,1,2,1,2,2,1,2,2,2,1
41,340503500000058008,1,2,1,1,1,1,1,2,1,2,1,1,1
41,340503500000068007,1,2,1,1,1,1,1,2,1,2,1,2,1
41,340503500000070162,1,2,1,1,2,1,1,2,1,2,1,2,1
41,340503500000090225,1,2,2,1,2,1,2,2,1,2,2,2,1
41,340503500000100258,1,2,2,1,1,1,1,2,1,2,1,2,1
41,340503500000118010,1,2,1,1,2,1,1,1,1,2,1,1,1
41,340503500000120329,1,2,2,1,1,1,1,2,1,2,1,2,1
41,340503500000130364,1,2,2,1,2,1,2,2,1,2,1,2,1
41,340503500000140399,1,2,1,2,2,2,2,2,2,2,2,2,2
41,340503500000158010,1,2,1,1,2,1,2,2,1,2,2,2,1
41,340503500000168002,1,2,1,1,1,1,1,2,1,2,1,2,1
41,340503500000178003,1,2,2,1,2,2,2,2,1,2,2,2,1
41,340503500000180535,1,1,1,1,1,1,1,1,1,2,1,1,1
41,340503500000190567,1,2,2,1,1,1,2,2,1,2,1,2,1
41,340503500000200601,1,2,2,2,1,2,2,2,1,2,2,2,2
41,340503500000220665,1,2,2,2,1,1,2,2,1,2,2,2,1
41,340503500000238001,1,2,2,1,2,1,2,2,1,2,1,2,1
41,340503800100018005,1,1,2,1,2,1,2,2,1,2,2,1,1
41,340503800100030048,1,2,2,1,1,1,2,2,1,2,2,2,1
41,340503800100040063,1,2,2,2,2,1,2,2,1,2,2,2,2
41,340503800100050079,1,2,2,2,2,1,2,2,1,2,2,2,1
41,340503800100060094,1,2,1,1,1,1,1,1,1,2,1,1,1
41,340503800100078006,1,2,2,2,2,1,2,2,1,2,1,2,1
41,340503800100090139,1,2,2,1,1,1,2,2,1,2,2,2,1
41,340503800100100153,1,2,2,2,2,1,2,2,1,2,2,2,2
41,340503800100118008,1,2,2,2,1,2,2,2,1,2,2,2,1
41,340503800100128004,1,2,2,2,2,1,2,2,1,2,2,2,2
41,340503800100130199,1,2,2,2,2,1,2,2,1,2,2,2,1
41,340503800100148001,1,2,2,1,2,1,2,2,1,2,2,2,1
41,340503800100150228,1,2,2,1,2,1,2,1,1,2,1,1,1
41,340503800100170257,1,2,2,1,2,1,1,2,2,2,1,2,1
41,340700500000020028,1,2,2,2,2,2,2,2,2,2,2,2,1
41,340700500000060085,1,2,2,2,2,1,2,2,2,2,2,2,2
41,340700500000090128,1,2,2,2,2,2,2,2,2,2,2,2,2
41,340700500000110156,1,2,2,2,2,1,1,2,1,2,2,2,2
41,340700500000120171,1,2,2,2,2,1,2,2,2,2,2,2,1
41,340700500000130185,1,2,2,1,2,2,2,2,2,2,2,2,1
41,340700500000140199,1,2,2,2,2,2,2,2,2,2,2,2,2
41,340700500000150213,1,2,2,2,2,2,2,2,1,2,2,2,2
41,340701500400010013,1,2,2,1,2,1,1,2,1,2,1,1,1
41,340701500400020037,1,2,2,2,2,1,2,2,1,2,2,2,2
41,340701500400040077,1,2,2,1,2,1,1,2,1,2,1,2,1
41,340701500400050100,1,2,2,1,2,1,2,2,1,2,2,2,1
41,340701500400060124,1,2,1,1,1,1,1,2,1,2,2,2,1
41,340701500400078002,1,2,2,2,2,1,1,2,1,2,2,2,2
41,340701500400080173,1,2,2,2,2,2,2,2,2,2,2,2,2
41,340701500400080174,1,2,2,1,2,1,2,2,1,2,2,2,1
41,340701500400098001,1,2,2,2,1,1,2,2,1,2,2,2,2
41,340701500400100222,1,2,1,1,2,2,1,2,1,2,1,2,1
41,340701500400110247,1,2,2,1,2,1,1,2,1,2,2,2,1
41,340701500400120270,1,2,2,2,2,1,2,2,1,2,2,2,1
41,340701500400130294,1,2,1,1,2,1,2,2,2,2,2,2,2
41,340701500400140318,1,2,2,1,2,1,2,2,1,2,2,2,2
41,340701500400160369,1,2,2,2,2,2,1,2,2,2,2,2,2
41,340702000000018001,1,2,1,1,1,1,1,2,1,2,1,2,1
41,341002800200010006,1,2,2,2,1,1,2,2,2,2,2,2,1
41,341002800200020032,1,2,2,1,2,1,1,2,1,2,2,2,1
41,341002800200040070,1,2,2,1,2,1,1,2,1,2,1,2,1
41,341002800200060114,1,1,2,1,2,1,2,2,1,2,1,2,1
41,341002800200070136,1,2,2,1,1,1,1,2,1,2,1,2,1
41,341002800200088003,1,2,2,2,2,1,2,2,1,2,2,2,1
41,341002800200108002,1,2,1,1,2,1,2,2,1,2,2,2,2
41,341002800200110222,1,2,2,2,2,2,2,2,2,2,2,2,2
41,341002800200120243,1,2,2,1,2,1,1,2,1,2,1,2,1
41,341002800200130265,1,2,2,1,2,1,1,2,2,2,1,2,1
41,341002800200140287,1,1,1,1,1,1,1,2,1,2,1,1,1
41,341002800200158001,1,2,1,1,2,1,1,1,1,2,1,2,1
41,341002800200160328,1,2,2,1,2,1,1,2,1,2,1,2,1
41,341002800200170349,1,2,1,1,1,1,2,2,1,2,2,2,1
41,341100300200018008,1,2,2,2,2,1,1,2,1,2,2,2,1
41,341100300200020036,1,2,2,2,2,1,2,2,1,2,1,2,1
41,341100300200030069,1,2,2,2,2,1,2,2,1,2,2,2,1
41,341100300200040103,1,2,2,1,2,1,1,1,1,2,2,1,1
41,341100300200058001,1,2,2,1,2,1,1,2,1,2,1,2,1
41,341100300200060168,1,2,2,2,2,1,1,2,1,2,2,2,1
41,341100300200070207,1,2,2,1,1,1,2,2,1,2,1,2,1
41,341100300200080240,1,2,2,1,1,1,2,2,2,2,2,2,2
41,341100300200090261,1,2,2,1,1,1,2,2,1,2,1,1,1
41,341100300200108004,1,2,2,2,2,1,2,2,1,2,2,2,2
41,341100300200118002,1,2,1,1,1,1,1,2,1,2,2,2,1
41,341100300200128009,1,2,1,1,2,1,1,2,1,2,1,2,2
41,341100300200138006,1,2,2,1,1,1,1,2,1,2,1,1,1
41,341100300200170512,1,2,2,1,1,2,2,2,1,2,2,2,1
41,341101000400010031,1,2,2,1,1,1,1,1,1,2,1,1,1
41,341101000400028001,1,2,2,1,1,1,2,2,2,2,2,2,1
41,341101000400038002,1,2,2,1,2,1,2,2,1,2,2,2,1
41,341101000400040112,1,2,2,1,1,1,2,2,1,2,1,2,1
41,341101000400050140,1,2,2,2,2,1,2,2,1,2,1,2,1
41,341101000400080222,1,2,2,1,1,1,1,2,1,2,1,2,1
41,341101000400090252,1,2,2,1,1,1,2,2,1,2,1,2,1
41,341101000400100280,1,1,1,1,1,2,2,2,2,2,1,2,1
41,341101000400110308,1,2,2,2,2,1,2,1,1,2,1,2,1
41,341101000400120336,1,2,2,1,2,2,1,2,1,2,1,2,1
41,341101000400130363,1,2,2,2,2,1,2,2,1,2,2,2,2
41,341101000400140391,1,2,2,2,2,1,2,2,2,2,2,2,1
41,341101000400150419,1,2,2,1,2,1,2,2,1,2,2,2,1
41,341101000400160447,1,2,1,1,2,1,1,2,1,2,1,2,1
41,341101000400170474,1,2,1,1,2,1,1,2,1,2,1,2,1
41,341101000400180502,1,2,2,1,1,1,1,2,1,2,1,2,1
41,341703400200028006,1,2,2,1,2,2,2,2,1,2,2,2,1
41,341703400200030047,1,2,1,1,2,1,1,2,1,2,1,1,1
41,341703400200040064,1,2,1,1,2,1,1,2,1,2,2,2,2
41,341703400200050080,1,2,1,1,2,1,1,2,1,2,2,2,1
41,341703400200060097,1,2,1,1,1,1,1,1,1,2,1,1,1
41,341703400200078007,1,2,1,1,2,1,1,2,1,2,1,1,1
41,341703400200080128,1,2,1,1,1,1,1,2,1,2,1,2,1
41,341703400200090144,1,2,1,1,2,1,1,2,1,2,2,2,1
41,341703400200118008,1,2,2,1,2,1,1,2,1,2,1,1,1
41,341703400200120193,1,2,1,1,2,1,1,2,1,2,2,2,1
41,341703400200138002,1,2,2,1,2,1,2,2,1,2,2,2,1
41,341703400200140226,1,2,2,1,2,1,2,2,1,2,2,2,1
41,341703400200150243,1,2,2,2,2,1,1,1,1,2,2,1,1
41,341703400200160257,1,2,1,1,2,1,2,2,1,2,2,1,1
41,341704500000010021,1,2,2,1,1,1,1,2,1,2,1,1,1
41,341704500000020044,1,2,2,2,2,1,2,2,1,2,2,2,1
41,341704500000048001,1,2,2,1,2,1,2,2,1,2,2,2,1
41,341704500000050116,1,2,2,1,2,1,2,2,1,2,2,2,1
41,341704500000068006,1,2,1,1,2,1,2,2,1,2,2,2,1
41,341704500000070162,1,2,2,2,2,2,2,2,2,2,2,2,2
41,341704500000088002,1,2,2,1,1,1,2,2,1,2,2,2,1
41,341704500000090208,1,2,2,2,2,1,2,2,2,2,2,2,1
41,341704500000100233,1,2,2,2,2,1,2,2,1,2,2,2,2
41,341704500000110249,1,2,2,1,2,2,2,2,1,2,2,2,1
41,341704500000130287,1,2,2,2,2,1,2,2,1,2,1,2,2
41,341704500000140311,1,2,2,2,2,1,2,2,2,2,2,2,1
41,341704500000150331,1,2,2,1,1,1,1,2,1,2,2,2,1
41,341704500000160353,1,2,2,2,2,1,2,2,2,2,2,2,2
41,341704500000178005,1,2,2,2,2,1,2,2,1,2,2,1,1
41,341704500000180400,1,2,2,2,1,1,2,2,1,2,2,2,2
41,341704500000190423,1,2,2,1,2,1,1,2,1,2,1,2,1
41,341704500000200448,1,2,2,2,2,2,2,2,2,2,2,2,1
41,341704900200018004,1,2,2,2,2,1,1,2,1,2,2,2,1
41,341704900200020040,1,2,1,2,1,1,1,2,1,2,2,2,1
41,341704900200030058,1,2,1,1,1,1,1,2,1,2,1,2,1
41,341704900200048002,1,2,2,2,2,1,1,2,1,2,1,2,1
41,341704900200060115,1,2,2,1,2,1,1,2,1,2,1,2,1
41,341704900200070132,1,2,2,1,2,1,1,2,2,2,2,2,1
41,341704900200088001,1,2,1,1,2,1,2,2,1,2,2,2,1
41,341704900200100189,1,2,2,1,2,1,1,2,1,2,1,1,1
41,341704900200120227,1,2,2,1,1,1,1,2,1,2,1,2,1
41,342100800200010021,1,2,2,1,1,1,2,2,1,2,1,2,1
41,342100800200020052,1,2,1,1,1,1,1,2,1,2,1,1,1
41,342100800200058001,1,2,2,1,1,1,2,2,1,2,2,2,1
41,342100800200068005,1,2,2,1,2,1,1,2,1,2,1,2,1
41,342100800200090045,1,2,2,2,2,1,2,2,1,2,2,2,1
41,342100800200108006,1,2,2,1,2,1,2,2,1,2,1,2,1
41,342100800200118003,1,2,1,1,1,1,1,2,1,1,2,1,1
41,342100800200130196,1,2,2,2,2,1,2,2,2,2,2,2,1
41,342100800200140225,1,2,1,1,2,1,1,2,1,2,2,1,1
41,342100800200150265,1,2,2,2,1,2,2,2,1,2,2,2,1
41,342200100000010042,1,2,2,2,2,1,2,2,1,2,2,2,1
41,342200100000020085,1,2,1,1,1,1,1,1,1,1,1,1,2
41,342200100000030126,1,2,1,1,1,1,1,2,1,2,2,2,1
41,342200100000040167,1,2,2,1,2,1,2,2,1,2,2,2,1
41,342200100000050207,1,2,2,1,2,1,2,2,1,2,2,2,1
41,342200100000068002,1,2,2,1,2,1,2,2,1,2,1,2,1
41,342200100000070285,1,2,1,1,2,1,1,2,1,1,1,2,1
41,342200100000090018,1,1,1,1,2,1,1,2,1,1,2,2,1
41,342200100000100056,1,2,1,2,1,1,1,2,1,1,1,2,1
41,342200100000110095,1,2,2,2,2,1,2,2,1,2,2,2,2
41,342200100000120134,1,2,2,2,2,1,2,2,1,2,2,2,1
41,342200100000140212,1,2,2,1,2,1,2,2,1,2,1,2,1
41,342200100000158001,1,2,2,1,1,1,2,2,1,1,1,2,1
41,342200500000010032,1,1,1,1,1,1,1,2,1,2,1,2,1
41,342200500000040132,1,2,2,2,2,1,2,2,1,2,2,2,1
41,342200500000060199,1,2,1,1,2,1,1,2,1,1,2,2,1
41,342200500000078001,1,2,2,1,1,1,2,2,1,2,2,2,1
41,342200500000088002,1,2,2,1,2,1,1,2,1,2,1,2,1
41,342200500000090301,1,2,1,2,2,1,1,2,1,1,1,2,2
41,342200500000100336,1,2,2,2,2,1,2,2,1,2,2,2,1
41,342200500000110369,1,2,1,1,1,1,1,1,1,1,2,2,2
41,342200500000120408,1,2,1,1,2,1,1,2,1,1,2,1,1
41,342200500000130438,1,2,1,1,2,1,1,1,1,1,1,2,1
41,342200500000140471,1,2,2,1,2,1,2,2,1,2,2,2,1
41,342200500000150505,1,2,2,2,2,1,2,2,1,2,2,2,1
41,342200500000170576,1,2,2,1,2,1,1,2,1,2,1,2,1
41,342300400000010181,1,2,2,2,1,1,2,2,2,2,2,2,1
41,342300600000010005,1,2,1,1,2,1,1,2,1,2,1,2,1
41,342300600000028004,1,2,2,1,1,1,1,2,1,2,2,2,1
41,342300600000030023,1,2,2,2,2,1,2,2,1,2,2,2,1
41,342300600000040033,1,2,2,1,1,1,2,2,1,2,2,2,1
41,342300600000050043,1,2,1,1,2,1,2,2,1,2,1,2,1
41,342300600000060051,1,2,2,1,1,1,2,2,1,2,2,2,1
41,342300600000070061,1,2,1,1,1,1,1,2,1,2,1,1,1
41,342300600000080071,1,2,2,2,2,1,2,2,1,2,1,2,1
41,342300600000100092,1,2,1,1,2,1,1,2,1,2,1,1,1
41,342300600000128005,1,2,2,1,2,1,2,2,1,2,2,2,1
41,342300600000130119,1,2,1,1,1,1,1,2,1,2,1,2,1
41,342300600000148003,1,2,1,2,1,1,2,2,1,2,2,2,1
41,342300600000158002,1,2,1,1,2,1,1,2,1,2,1,1,1
41,342300600000168001,1,2,1,1,2,1,1,2,1,2,1,1,1
41,342400200000010017,1,2,2,2,2,1,1,2,1,2,2,2,1
41,342400200000020044,1,2,1,1,2,1,1,1,1,2,2,1,1
41,342400200000030071,1,2,1,1,2,1,1,2,1,2,1,2,1
41,342400200000048001,1,2,2,2,1,1,2,2,1,2,2,2,2
41,342400200000050124,1,2,2,2,2,2,2,2,2,2,2,2,2
41,342400200000060151,1,2,2,1,2,1,2,2,1,2,1,2,1
41,342400200000078002,1,2,2,1,2,1,2,2,1,2,2,2,1
41,342400200000080206,1,2,2,1,2,1,1,2,1,2,2,2,1
41,342400200000098003,1,2,2,1,2,1,2,2,1,2,2,2,2
41,342400200000100261,1,2,2,1,1,1,1,2,1,2,1,1,1
41,342400200000110287,1,2,2,2,2,1,2,2,1,2,1,2,1
41,342400200000130343,1,2,1,1,1,1,1,1,1,2,1,1,1
41,342400200000140368,1,2,1,1,2,1,1,2,1,2,1,2,1
41,342400200000150393,1,2,1,1,2,1,1,2,1,2,1,1,1
41,342403600400020047,1,2,2,1,2,1,2,2,1,2,1,2,1
41,342403600400030065,1,2,1,1,1,1,1,1,1,2,1,1,1
41,342403600400060156,1,2,1,1,2,1,1,2,1,2,2,2,1
41,342403600400090244,1,2,2,1,1,1,1,2,1,2,1,2,1
41,342403600400100278,1,2,2,1,2,1,2,2,1,2,1,2,1
41,342403600400110306,1,2,2,2,1,1,1,2,1,2,1,2,1
41,342403600400120338,1,2,2,2,1,1,2,2,1,2,2,2,1
41,342403600400138007,1,1,2,1,2,1,1,2,1,2,2,2,1
41,342403600400150418,1,2,2,1,2,1,2,2,1,2,1,2,1
41,342403600400168001,1,2,2,1,2,1,2,2,1,2,2,2,1
41,342403600400178005,1,2,2,1,2,1,1,2,1,2,1,1,1
41,342403600400198006,1,2,2,2,2,1,2,2,1,2,2,2,1
41,342403600400200568,1,2,2,2,2,1,2,2,1,2,2,2,1
41,342406100200010005,1,1,2,2,1,1,1,1,1,2,1,2,1
41,342406100200020028,1,2,1,2,1,1,1,2,1,2,2,2,1
41,342406100200030047,1,2,2,1,2,1,1,2,1,2,1,2,1
41,342406100200040067,1,2,2,2,1,2,2,2,2,2,2,2,2
41,342406100200060099,1,2,2,2,2,1,1,2,1,2,2,2,1
41,342406100200070112,1,2,2,2,2,2,2,2,2,2,2,2,1
41,342406100200080130,1,2,2,1,2,1,1,2,1,2,1,2,1
41,342406100200090150,1,2,2,1,1,1,1,1,1,2,1,2,1
41,342406100200120205,1,2,2,2,1,2,2,2,1,2,2,2,1
41,342406100200130225,1,2,2,1,2,1,1,2,1,2,2,2,1
41,342406100200140244,1,2,1,1,1,1,1,1,1,2,1,2,1
41,342406100200160279,1,2,1,1,1,1,1,1,1,2,1,2,1
41,342406100200170299,1,2,2,2,2,1,2,2,1,2,2,2,1
41,342500500700018001,1,2,2,2,2,2,2,2,1,2,2,2,2
41,342500500700028011,1,2,2,1,2,2,2,2,1,2,2,2,2
41,342500500700030093,1,2,1,2,2,1,1,2,1,2,2,2,1
41,342500500700040129,1,2,2,2,1,1,2,2,1,2,2,2,1
41,342500500700058013,1,2,2,2,2,1,2,2,1,2,2,2,1
41,342500500700060203,1,2,2,1,2,1,2,2,1,2,2,2,1
41,342500500700078014,1,2,1,1,1,1,1,2,1,2,1,2,1
41,342500500700080268,1,2,1,1,1,1,1,2,1,2,1,1,1
41,342500500700110359,1,2,2,1,1,1,1,1,1,2,1,1,1
41,342500500700128015,1,2,2,2,2,2,2,2,2,2,2,2,1
41,342500500700130422,1,1,2,1,1,1,1,1,1,1,1,1,1
41,342500500700158012,1,2,2,1,1,1,2,2,1,2,1,2,1
41,342500500700160519,1,1,1,1,2,1,2,1,1,2,1,1,1
41,342500500700178016,1,2,2,1,1,1,1,2,1,2,1,2,1
41,342500500700190627,1,2,2,1,1,1,1,1,1,2,1,1,1
41,342500500700200003,1,2,2,1,1,1,1,1,1,2,1,1,1
41,342500500700220078,1,1,1,1,1,1,1,1,1,1,1,2,1
41,342500500700238008,1,2,2,1,1,1,1,1,1,2,1,1,1
41,342500500700240144,1,2,2,1,1,1,1,1,1,2,1,2,1
41,342500500700268017,1,2,1,1,1,1,1,1,1,1,1,1,1
41,342500500700278009,1,2,2,1,1,1,1,1,1,2,1,2,1
41,342500500700288018,1,2,2,2,2,1,2,2,1,2,2,2,2
41,342501401200018002,1,2,1,1,1,1,1,1,1,2,1,1,1
41,342501401200038003,1,2,2,1,1,1,1,1,1,2,1,2,1
41,342501401200050130,1,2,1,1,1,1,1,1,1,2,1,1,1
41,342501401200070182,1,2,2,1,1,1,1,2,1,2,1,1,1
41,342501401200088005,1,2,2,2,1,1,2,2,1,2,2,2,1
41,342501401200090234,1,2,2,1,2,1,1,2,1,2,2,1,1
41,342501600700010008,1,2,1,2,1,1,1,2,1,2,1,2,1
41,342501600700020031,1,2,2,1,1,1,1,2,1,2,2,2,1
41,342501600700038006,1,1,2,1,1,1,1,1,1,2,1,1,1
41,342501600700040075,1,1,2,1,1,1,1,2,1,2,1,1,1
41,342501600700050097,1,2,1,1,1,1,1,2,1,2,1,1,1
41,342501600700060117,1,2,1,1,1,1,1,1,1,2,1,1,1
41,342501600700098008,1,2,1,1,1,1,1,2,1,2,1,2,1
41,342501600700100199,1,1,1,1,1,1,1,1,1,2,1,1,1
41,342501600700110222,1,1,1,1,1,1,1,1,2,2,1,1,1
41,342501600700130262,1,2,2,1,1,1,1,2,1,2,1,2,1
41,342501600700140285,1,2,2,1,1,1,1,2,1,2,1,2,1
41,342501600700158003,1,2,1,1,1,1,1,2,1,2,2,1,1
41,342501600700170353,1,2,2,1,1,2,2,2,1,2,2,2,1
41,342501600700188004,1,1,1,1,1,1,1,1,1,2,1,1,1
41,342501600700198012,1,2,2,1,1,1,2,2,1,2,1,1,1
41,342501600700200415,1,2,2,1,1,1,1,2,1,2,1,2,2
41,342501600700220457,1,2,1,1,2,1,2,2,1,2,1,2,1
41,342501600700248001,1,2,2,1,1,1,2,2,1,2,2,2,1
41,342501600700250520,1,2,1,1,2,1,1,2,1,2,1,2,1
41,342501600700260542,1,2,2,1,1,1,1,2,1,1,1,1,1
41,342501600700278013,1,2,2,1,2,1,2,2,1,2,2,1,1
41,342501600700288005,1,2,2,1,2,1,1,1,1,2,1,1,1
41,342501600700298009,1,2,1,1,1,1,1,1,1,2,1,1,1
41,342501600700300627,1,1,2,1,1,1,1,1,1,2,2,1,1
41,342802300300010032,1,2,2,1,1,1,1,2,1,1,1,1,1
41,342802300300040096,1,2,2,1,2,1,1,2,1,1,2,2,1
41,342802300300058015,1,2,2,2,2,1,2,2,1,2,2,2,2
41,342802300300068003,1,2,2,1,2,1,2,2,1,2,2,2,1
41,342802300300078005,1,2,1,1,1,1,1,1,1,2,1,1,1
41,342802300300088010,1,2,2,1,1,1,1,2,1,2,2,1,1
41,342802300300098011,1,2,1,1,2,1,1,2,1,2,2,2,1
41,342802300300108012,1,2,2,1,1,1,2,2,1,2,2,2,1
41,342802300300118004,1,2,2,1,1,1,2,2,1,1,2,2,1
41,342802300300120272,1,2,2,1,2,1,1,2,1,2,1,2,1
41,342802300300138013,1,2,2,1,2,1,2,2,1,2,2,2,1
41,342802300300148014,1,2,2,1,1,1,1,2,1,2,1,1,1
41,342802300300168016,1,2,1,2,1,2,2,2,1,2,2,1,1
41,342802300300178017,1,2,2,2,1,1,2,2,1,2,2,2,1
41,342802300300180392,1,2,1,1,1,1,1,1,1,2,2,2,1
41,342802300300190410,1,2,2,1,1,1,2,2,1,2,1,2,1
41,342802300300208018,1,2,1,1,1,2,2,2,1,2,1,2,1
41,560300800000020036,1,2,2,1,1,1,1,2,1,2,2,2,1
41,560300800000030052,1,2,2,2,1,1,2,2,2,2,2,2,1
41,560300800000040068,1,2,2,2,1,2,2,2,2,2,2,2,2
41,560300800000060105,1,2,2,2,1,1,2,2,1,2,2,2,1
41,560300800000070124,1,2,2,2,2,1,2,2,2,2,2,2,2
41,560300800000090158,1,2,2,1,2,1,1,2,1,2,2,2,1
41,560300800000100175,1,2,2,2,1,2,2,2,1,2,2,2,1
41,560300800000140229,1,2,2,2,2,1,2,2,1,1,2,2,1
41,560300800000150246,1,2,2,1,2,1,1,2,1,2,1,2,1
41,560300800000168001,1,2,2,1,1,1,2,2,2,2,2,2,1
41,560300800000170280,1,2,2,1,2,1,2,2,1,2,2,2,1
41,560300800000190314,1,2,2,2,2,2,2,2,1,2,2,2,1
41,560301400000010001,1,2,2,2,2,1,2,2,1,2,2,2,1
41,560301400000028001,1,2,2,1,1,1,1,2,1,2,1,2,1
41,560301400000030014,1,2,2,1,1,1,2,2,1,2,2,2,1
41,560301400000040022,1,2,2,1,2,1,2,2,1,2,2,2,2
41,560301400000060037,1,2,2,2,2,1,1,2,1,2,2,2,1
41,560301400000070045,1,2,2,2,1,1,1,2,1,2,2,2,1
41,560301400000090061,1,2,2,2,2,1,1,2,2,2,2,2,2
41,560301400000128002,1,2,2,2,1,1,2,2,2,2,2,2,1
41,560302000000030062,1,2,2,2,2,1,2,2,2,2,2,2,1
41,560302000000040083,1,2,2,2,2,1,2,2,1,2,2,2,1
41,560302000000050104,1,2,2,1,2,1,1,2,1,2,1,2,1
41,560302000000070144,1,2,2,2,2,1,2,2,1,2,2,2,1
41,560302000000080165,1,2,1,1,2,1,1,1,1,2,1,1,1
41,560302000000090185,1,2,2,1,2,1,1,2,1,2,2,2,1
41,560302000000100207,1,2,2,1,1,2,1,2,1,2,2,2,1
41,560302000000110229,1,2,2,1,2,1,1,2,1,2,2,2,1
41,560302000000120250,1,2,2,2,1,1,1,2,1,2,2,1,1
41,560302000000130271,1,2,2,2,1,1,1,2,1,2,2,2,2
41,560601300000020026,1,2,2,2,2,1,2,2,2,2,2,2,2
41,560601300000030046,1,2,2,2,2,2,2,2,2,2,2,2,2
41,560601300000040065,1,2,2,2,2,2,2,2,2,2,2,2,2
41,560601300000050085,1,2,2,2,2,2,2,2,2,2,2,2,2
41,560601300000060105,1,2,2,2,2,2,2,2,2,2,2,2,2
41,560601300000070124,1,2,2,2,2,2,2,2,2,2,2,2,2
41,560601300000090161,1,2,2,2,2,2,2,2,2,2,2,2,2
41,560601300000100180,1,2,2,2,2,1,2,2,2,2,2,2,1
41,560601300000110200,1,2,2,2,2,1,2,2,2,2,2,2,2
41,560601300000128001,1,2,2,2,2,2,2,2,2,2,2,2,2
41,560601300000130236,1,2,2,2,2,1,2,2,2,2,2,2,2
41,560601300000140256,1,2,2,2,2,1,2,2,2,2,2,2,2
41,560601300000160295,1,2,2,2,2,1,2,2,2,2,2,2,2
41,560601300000170315,1,2,2,2,2,2,2,2,2,2,2,2,2
41,560601300000188001,1,2,2,2,2,2,2,2,2,2,2,2,2
41,560601300000190354,1,2,2,2,2,2,2,2,2,2,2,2,2
41,560601300000200374,1,2,2,2,2,1,2,2,2,2,2,2,2
41,560800800300018003,1,1,1,1,2,1,1,1,1,2,1,1,1
41,560800800300030052,1,2,2,1,2,1,1,2,1,2,2,2,1
41,560800800300048004,1,2,2,1,2,2,2,2,1,2,2,2,1
41,560800800300058005,1,1,2,1,1,1,1,2,1,2,2,2,1
41,560800800300068006,1,2,2,1,2,1,1,2,1,2,1,1,1
41,560800800300070140,1,2,2,1,2,1,1,2,1,2,1,2,1
41,560800800300080168,1,2,2,1,2,1,1,1,1,2,1,2,1
41,560800800300098001,1,2,2,1,1,1,1,2,1,2,2,1,1
41,560800800300100222,1,2,2,1,2,1,2,2,1,2,2,2,1
41,560800800300120274,1,2,2,1,2,1,2,2,1,2,2,2,1
41,560800800300140328,1,2,2,1,1,1,1,2,1,2,1,1,1
41,560800800300150357,1,2,1,2,2,1,1,2,1,2,1,2,1
41,560800800300170415,1,2,2,2,1,1,2,2,1,2,2,2,1
41,560800800300180443,1,2,2,1,1,1,1,2,1,2,1,1,1
41,560800800300190473,1,2,2,2,2,1,2,2,1,2,2,2,2
41,560800800300200503,1,2,2,2,2,1,1,2,2,2,2,2,1
41,561002600000010025,1,2,2,2,2,2,2,2,2,2,2,2,2
41,561002600000020042,1,2,2,2,2,2,2,2,2,2,2,2,2
41,561002600000040076,1,2,2,2,2,1,2,2,2,2,2,2,2
41,561002600000050093,1,2,2,2,2,1,2,2,2,2,2,2,2
41,561002600000100178,1,2,1,2,2,1,2,2,1,2,2,2,2
41,561002600000160280,1,2,2,2,2,1,2,2,1,2,2,2,2
41,561800500000010001,1,2,2,1,2,1,2,2,1,2,2,2,1
41,561800500000020007,1,2,1,1,2,1,2,2,1,2,1,2,1
41,561800500000030013,1,2,2,2,2,1,2,2,1,2,2,2,2
41,561800500000050025,1,2,2,2,2,1,1,2,1,2,2,2,2
41,561800500000070037,1,2,2,2,2,1,2,2,1,2,2,2,1
41,561800500000080043,1,2,2,2,2,2,2,2,1,2,2,2,1
41,561800500000090049,1,2,2,2,2,1,2,2,1,2,2,2,2
41,561800500000100055,1,2,2,2,2,1,2,2,2,2,2,2,2
41,561800500000110061,1,2,2,2,2,1,1,2,1,2,2,2,2
41,561800500000120067,1,2,2,2,1,2,2,2,2,2,2,2,2
41,562207900000010010,1,2,2,2,1,1,2,2,1,2,2,2,2
41,562207900000020021,1,2,2,1,2,1,2,2,1,2,2,2,2
41,562207900000030032,1,2,2,2,1,1,2,2,2,2,2,2,2
41,562207900000040042,1,2,2,1,2,1,2,2,2,2,2,2,2
41,562207900000100108,1,2,2,2,2,1,2,2,2,2,2,2,2
41,562300600200010007,1,2,2,2,1,1,2,2,2,2,2,2,1
41,562300600200020025,1,2,2,2,1,2,2,2,2,2,2,2,2
41,562300600200038003,1,2,2,1,2,1,1,2,1,2,1,2,1
41,562300600200040067,1,2,2,1,2,1,1,2,2,2,1,2,2
41,562300600200050083,1,2,2,1,1,1,1,2,1,1,1,2,1
41,562300600200068001,1,2,2,2,2,1,2,2,2,2,1,2,1
41,562300600200070116,1,2,2,1,2,1,1,2,2,2,1,2,1
41,562300600200080136,1,2,2,1,1,1,1,2,2,2,2,2,2
41,562300600200108002,1,2,2,1,2,1,1,2,1,2,1,2,1
41,562300600200110192,1,2,1,1,2,1,1,2,1,2,1,2,1
41,562300600200120212,1,2,2,1,2,1,1,2,1,2,1,2,1
41,562400200100010002,1,2,2,1,1,1,1,2,1,2,2,1,1
41,562400200100028004,1,2,2,1,1,1,1,2,1,2,2,2,1
41,562400200100030035,1,2,1,1,1,1,1,2,1,2,1,2,1
41,562400200100040055,1,2,2,1,1,1,1,2,1,2,2,1,1
41,562400200100050073,1,2,2,1,2,1,2,2,1,2,2,2,1
41,562400200100060090,1,2,2,2,2,1,2,2,1,2,2,2,1
41,562400200100090142,1,2,2,2,2,2,2,2,2,2,2,2,2
41,562400200100100160,1,2,2,2,2,1,2,2,1,2,2,2,1
41,562400200100110176,1,2,2,1,1,1,2,2,1,2,2,2,1
41,562400200100128003,1,2,2,1,1,1,1,2,1,2,1,2,1
41,562400200100130211,1,2,1,1,1,1,2,2,1,2,2,2,1
41,562400200100148002,1,2,2,2,2,1,2,2,1,2,2,2,2
41,562400200100150247,1,2,2,2,1,1,2,2,1,2,2,2,1
41,562400200100160265,1,2,2,2,2,2,2,2,1,2,2,2,1
41,562400200100170283,1,2,2,2,2,1,2,2,1,2,2,2,1
41,562400200100180300,1,2,1,1,1,1,1,1,1,2,1,2,1
41,562400200100200335,1,2,2,2,2,1,2,2,1,2,2,2,1
41,562400200100210349,1,2,2,1,1,1,1,2,1,2,1,1,1
41,562400200100220365,1,2,2,1,1,1,1,1,1,2,1,1,1
41,562400200100230381,1,2,2,2,2,1,2,2,2,2,2,2,2
41,562400200100240400,1,2,2,2,1,1,1,2,1,2,2,2,1
41,562400200100250417,1,2,2,2,2,1,2,2,1,2,2,2,1
41,562400200100270451,1,1,2,1,2,1,1,1,1,2,1,1,1
41,562400200100280466,1,1,2,1,1,1,1,1,1,2,1,1,2
41,562400200100308003,1,2,2,1,1,1,2,2,1,2,1,2,1
41,562401700400018001,1,2,2,1,2,1,1,2,1,2,1,2,1
41,562401700400030274,1,1,1,1,1,1,1,2,1,2,1,1,1
41,562401700400040397,1,2,2,1,1,1,1,2,1,2,1,2,1
41,562401700400058002,1,2,2,1,2,1,2,2,1,2,1,2,1
41,562401700400060141,1,2,2,2,2,1,2,2,2,2,2,2,2
41,562401800200010007,1,2,2,2,2,1,2,2,2,2,2,2,1
41,562401800200020030,1,2,2,2,2,1,2,2,1,2,2,2,1
41,562401800200030052,1,2,2,2,2,2,2,2,1,2,2,2,2
41,562401800200040074,1,2,2,1,2,1,1,2,1,2,1,2,1
41,562401800200050098,1,2,2,2,1,1,2,2,2,2,2,2,2
41,562401800200068001,1,2,2,2,1,1,2,2,1,2,2,2,2
41,562401800200070144,1,2,2,2,2,1,2,2,2,2,2,2,2
41,562401800200080167,1,2,2,2,2,1,2,2,1,2,2,2,2
41,562401800200090190,1,2,2,1,2,1,2,2,1,2,2,2,2
41,562401800200100214,1,2,2,1,2,1,2,2,1,2,2,2,2
41,562401800200110237,1,2,2,1,2,1,1,2,1,2,1,2,2
41,562401800200130284,1,2,1,1,1,1,1,1,1,2,1,1,1
41,562401800200140308,1,2,2,1,2,1,1,2,1,2,1,2,2
41,562401800200150331,1,2,2,1,1,1,2,2,1,2,2,2,1
41,562401800200160355,1,2,1,1,1,1,1,2,1,2,2,2,2
41,562401800200170378,1,2,2,2,2,2,2,2,2,2,2,2,2
41,562401800200180402,1,2,2,1,2,1,1,2,1,2,1,1,2
41,562401800200190425,1,2,1,1,2,1,2,2,1,2,2,2,2
41,562401800200200449,1,2,2,1,2,1,2,2,1,2,2,2,2
41,562401800200210472,1,2,2,2,2,1,2,2,1,2,2,2,1
41,562401800200220496,1,2,1,1,1,1,2,2,1,2,2,2,1
41,562401800200230519,1,2,2,2,2,1,2,2,2,2,2,2,1
41,563000600200010018,1,2,2,2,2,1,2,2,1,2,2,2,2
41,563000600200038001,1,2,2,2,2,1,2,2,1,2,2,2,2
41,563000600200048002,1,2,2,2,2,1,2,2,1,2,2,2,2
41,563000600200050074,1,2,2,2,2,1,2,2,1,2,1,2,1
41,563000600200070102,1,2,2,1,1,1,1,2,1,2,2,1,1
41,563000600200080114,1,2,2,2,2,1,2,2,1,2,2,2,2
41,563000600200100142,1,2,2,1,1,1,1,2,1,2,2,2,1
41,563000600200110156,1,2,2,1,2,1,2,2,1,2,2,2,1
41,563000600200140193,1,2,1,1,2,1,1,2,1,2,1,1,1
41,563000600200150207,1,2,2,1,2,1,2,2,1,2,2,2,2
41,563000600200160221,1,2,2,2,2,1,2,2,1,2,2,2,2
41,563001700000030019,1,2,2,2,2,2,2,2,2,2,2,2,2
41,563001700000040025,1,2,2,1,2,1,2,2,1,2,2,2,2
41,563001700000050032,1,2,2,2,2,1,2,2,1,2,2,2,2
41,563001700000060038,1,2,2,2,1,1,2,2,1,2,2,2,2
41,563001700000070046,1,2,2,1,2,1,2,2,1,2,1,2,2
41,563001700000100064,1,2,2,1,1,1,1,2,1,2,1,2,1
41,563001700000110071,1,2,2,1,2,1,1,2,1,2,2,2,1
41,563001700000120079,1,2,2,1,2,1,1,2,1,2,2,1,1
41,563001700000130086,1,2,2,1,2,1,2,2,1,2,2,2,1
41,563001700000150100,1,2,2,1,2,1,2,2,1,2,2,2,1
41,563001700000160107,1,2,2,1,1,1,1,2,1,2,2,2,1
41,563001700000170114,1,2,1,2,2,1,1,2,1,2,1,2,1
41,563001700000180121,1,2,2,1,1,1,1,1,1,2,2,1,1
41,563001700000190127,1,2,2,1,1,1,2,2,1,2,1,2,1
41,563600600000020038,1,2,2,2,1,1,2,2,2,2,2,2,2
41,563600600000068001,1,2,2,2,2,2,2,2,2,2,2,2,2
41,564000200300030076,1,2,2,1,1,1,2,2,1,2,2,2,2
41,564000200300040104,1,2,2,2,2,1,2,2,2,2,2,2,2
41,564000200300058001,1,2,2,2,1,1,2,2,2,2,2,2,2
41,564000200300130358,1,2,2,2,2,2,2,2,1,2,2,2,2
41,564000200300140386,1,2,2,2,1,2,2,2,2,2,2,2,2
41,564502300100010027,1,2,2,1,2,1,1,2,1,1,1,1,1
41,564502300100020046,1,2,2,1,2,1,2,2,1,1,1,2,1
41,564502300100040083,1,1,1,1,1,1,1,1,1,1,1,1,1
41,564502300100070139,1,1,1,1,2,1,1,1,1,1,1,1,1
41,564502300100080156,1,2,2,1,1,1,1,1,1,1,1,1,1
41,564502300100090175,1,2,2,1,1,1,2,2,1,2,1,2,1
41,564502300100108001,1,2,2,1,1,1,1,2,1,2,1,2,1
41,564502300100118002,1,2,2,1,1,1,2,2,1,2,2,2,1
41,564502300100120234,1,2,2,1,1,1,1,2,1,2,2,2,1
41,564502300100130254,1,2,1,2,2,1,2,2,1,2,2,2,2
41,564502300100140274,1,2,2,2,2,1,2,2,2,2,2,2,1
41,564502300100150293,1,2,1,1,2,1,1,2,1,1,1,1,1
41,564502300100160313,1,2,2,1,1,1,2,2,1,2,2,2,1
41,564502300100170333,1,2,2,1,1,1,1,2,1,1,1,2,1
41,564502300100180354,1,2,2,1,1,1,1,2,1,2,2,1,1
41,564503000000010028,1,2,2,1,1,1,1,2,1,1,2,2,1
41,564503000000020047,1,2,2,2,2,1,2,2,2,2,2,2,1
41,564503000000030065,1,2,2,1,1,1,1,2,1,1,2,2,1
41,564503000000048001,1,2,2,2,1,1,2,2,1,1,1,2,1
41,564503000000050102,1,2,2,2,1,1,2,2,1,1,2,2,1
41,564503000000060121,1,2,2,2,2,1,1,2,1,2,2,2,2
41,564503000000070139,1,2,2,1,1,1,1,2,1,1,2,2,1
41,564503000000080158,1,2,1,2,2,2,2,2,2,1,2,2,1
41,564503000000090177,1,1,1,1,1,1,2,2,1,1,2,2,1
41,564503000000100196,1,2,2,1,2,1,1,2,1,1,2,2,1
41,564503000000110216,1,2,2,2,1,1,2,2,1,1,2,2,1
41,564503000000120235,1,2,2,2,1,1,1,2,1,1,2,2,2
41,564503000000140273,1,2,2,2,2,1,2,2,2,2,2,2,2
41,564503000000150292,1,2,2,1,1,1,1,2,1,2,2,2,1
41,564503000000160311,1,2,2,1,1,1,1,2,1,2,2,2,1
41,564503000000180349,1,2,2,1,1,1,2,2,1,2,2,2,1
41,564503000000190368,1,2,2,2,2,1,2,2,2,2,2,2,1
41,564503500100010030,1,2,2,1,1,1,1,2,1,2,1,2,1
41,564503500100030075,1,2,2,1,1,1,1,1,1,1,1,1,1
41,564503500100040097,1,2,2,2,1,1,2,2,2,2,2,2,1
41,564503500100050120,1,2,2,2,1,1,2,2,1,2,2,2,1
41,564503500100070166,1,2,2,2,1,1,2,2,2,2,2,2,2
41,564503500100080189,1,2,1,1,2,1,2,2,1,2,2,2,1
41,564503500100090212,1,2,2,2,2,2,2,2,1,2,2,2,1
41,564503500100100235,1,2,2,1,1,1,2,2,1,2,1,2,1
41,564503500100128001,1,2,1,1,1,1,2,2,1,2,2,2,1
41,564503500100130302,1,2,2,2,2,1,2,2,1,2,2,2,1
41,564503500100140324,1,2,2,1,1,2,1,2,1,2,2,2,1
41,564503500100160366,1,2,2,2,1,1,2,2,2,2,2,2,2
41,564604000000010001,1,2,2,2,2,2,2,2,2,2,2,2,2
41,564604000000020006,1,2,1,1,2,1,1,2,1,2,2,2,2
41,564604000000030012,1,2,2,1,2,1,2,2,1,2,2,2,1
41,564604000000040018,1,2,2,2,2,1,2,2,2,2,2,2,2
41,564604000000050023,1,2,2,2,1,1,1,2,1,2,2,2,2
41,564604000000070034,1,2,2,2,2,1,2,2,2,2,2,2,2
41,564604000000090044,1,2,2,2,2,1,1,2,2,2,2,2,2
41,564604000000108002,1,2,2,2,2,1,2,2,1,2,2,2,2
41,564604000000110053,1,2,2,2,1,1,2,2,2,2,2,2,2
41,564604000000120059,1,2,2,2,1,2,2,2,1,2,2,2,2
41,564604000000130065,1,2,2,2,2,1,2,2,1,2,2,2,1
41,564604000000140070,1,2,2,2,2,1,2,2,2,2,2,2,1
41,564604000000180091,1,2,2,2,2,2,2,2,2,2,2,2,2
41,564604000000190096,1,2,2,2,1,1,2,2,1,2,2,2,1
41,564604000000200102,1,2,2,2,2,1,2,2,2,2,2,2,1
41,564702200000010106,1,2,2,2,1,1,2,2,2,2,2,2,1
41,564702800000018001,1,2,2,2,2,1,2,2,1,2,2,2,2
41,564702800000020017,1,2,2,1,1,1,2,2,1,2,2,2,1
41,564702800000030026,1,2,2,2,2,1,2,2,2,2,1,2,2
41,564702800000040034,1,2,2,2,2,1,1,2,1,2,2,2,2
41,564702800000050043,1,2,2,1,2,1,2,2,1,2,2,2,1
41,564702800000078004,1,2,2,2,2,1,2,2,1,2,2,2,2
41,564702800000150127,1,2,2,2,1,2,2,2,2,2,2,2,1
41,564702800000168003,1,2,2,2,2,1,2,2,1,2,2,2,2
41,564702800000170144,1,2,2,2,1,1,2,2,1,2,2,2,2
41,564801500100010003,1,2,2,1,2,1,1,2,1,2,1,2,1
41,564801500100030036,1,2,2,2,2,1,2,2,1,2,2,2,1
41,564801500100040049,1,2,2,1,2,1,1,2,1,2,2,2,1
41,564801500100058002,1,2,2,1,1,1,1,2,1,2,2,2,1
41,564801500100060074,1,2,2,1,1,1,1,2,1,2,1,2,1
41,564801500100078001,1,2,2,2,1,1,2,2,1,2,2,2,1
41,564801500100080101,1,2,2,2,1,2,2,2,1,2,2,2,1
41,564801500100090115,1,2,2,1,1,1,2,2,1,2,2,2,1
41,564801500100100129,1,2,2,1,2,1,2,2,1,2,2,2,1
41,564801500100110143,1,2,2,2,1,1,2,2,1,2,2,2,1
41,564801500100120157,1,2,2,2,1,1,1,2,1,2,1,2,1
41,564801500100150198,1,2,2,2,2,2,2,2,2,2,2,2,2
41,564801500100190253,1,2,2,2,1,1,2,2,1,2,1,2,1
41,580101200400020055,1,2,2,1,2,1,1,1,1,2,1,1,1
41,580101200400030083,1,2,2,2,2,1,2,2,1,2,2,2,1
41,580101200400058008,1,2,1,1,1,1,1,2,1,2,1,2,1
41,580101200400068013,1,2,1,1,2,1,1,2,1,2,1,2,1
41,580101200400070200,1,2,1,1,1,1,1,1,1,1,1,2,1
41,580101200400088006,1,1,1,1,2,1,1,1,1,2,1,2,1
41,580101200400108010,1,2,1,1,2,1,2,2,1,2,2,2,1
41,580101200400138005,1,2,2,1,2,1,1,1,1,2,1,1,1
41,580101200400158014,1,2,1,1,1,1,1,2,1,2,1,1,1
41,580101200400160457,1,2,2,1,2,1,1,2,1,2,1,2,2
41,580101200400168011,1,2,1,2,2,1,2,2,1,2,1,1,1
41,580101200400168012,1,2,2,1,2,1,1,2,1,2,1,2,1
41,580101200400188002,1,2,1,1,1,1,2,2,1,2,2,2,1
41,580101200400190548,1,2,1,1,2,1,1,1,1,2,1,1,1
41,580200202700018009,1,2,2,1,2,1,1,2,1,2,1,2,1
41,580200202700020035,1,2,1,1,1,1,1,2,1,2,1,1,1
41,580200202700030061,1,2,2,1,1,1,1,2,1,2,1,1,1
41,580200202700050104,1,2,2,1,1,1,1,2,1,2,2,2,1
41,580200202700068011,1,2,2,1,2,1,1,2,1,2,1,1,1
41,580200202700070144,1,2,2,1,1,1,1,1,1,2,1,1,1
41,580200202700108010,1,2,2,2,1,1,2,2,1,2,1,2,1
41,580200202700118001,1,2,2,2,2,1,1,2,1,2,1,1,1
41,580200202700120252,1,2,1,1,2,1,1,1,1,2,2,1,1
41,580200202700138007,1,2,2,1,2,1,2,2,1,2,2,2,1
41,580200202700148005,1,2,1,2,1,1,2,2,1,2,2,2,1
41,580200300600018006,1,2,1,1,2,1,2,2,1,2,2,2,1
41,580200300600028002,1,1,2,1,1,1,1,1,2,2,1,1,1
41,580200300600030064,1,2,2,1,1,1,1,2,1,2,1,2,1
41,580200300600048001,1,2,2,1,1,1,1,2,1,2,1,2,1
41,580200300600050139,1,1,2,1,1,1,1,2,1,2,1,2,1
41,580200300600060176,1,1,1,1,1,1,1,2,1,2,1,1,1
41,580200300600070213,1,1,1,1,1,1,1,2,1,2,1,1,1
41,580200300600108005,1,2,2,2,2,1,2,2,1,2,2,2,1
41,580200300600110356,1,2,2,2,1,1,1,2,1,2,2,2,1
41,580200300600128004,1,2,2,2,2,1,2,2,2,2,2,2,1
41,580200400900018007,1,2,2,1,2,2,2,2,1,2,2,2,1
41,580200400900018008,1,2,2,1,2,1,2,2,1,2,2,2,1
41,580200400900020053,1,2,2,1,2,1,2,2,1,2,2,2,1
41,580200400900048005,1,2,2,1,2,1,1,2,1,2,1,1,1
41,580200400900050187,1,2,1,1,2,1,1,2,1,2,2,2,1
41,580200400900068006,1,2,2,2,2,1,2,2,1,2,2,2,1
41,580200400900078004,1,2,1,1,1,1,1,2,1,2,2,1,1
41,580200400900090389,1,1,1,1,1,1,1,2,1,2,1,1,1
41,580200700600038005,1,2,2,1,2,1,1,2,1,2,1,2,1
41,580200700600048003,1,2,1,2,2,1,1,2,1,2,1,2,1
41,580200700600048007,1,2,2,1,2,2,2,2,1,2,2,2,2
41,580200700600068002,1,2,2,1,2,1,1,2,1,2,2,1,1
41,580200700600070280,1,2,2,2,2,1,2,2,1,2,2,2,2
41,580200800600010019,1,2,2,1,2,1,1,2,1,2,1,2,1
41,580200800600018002,1,2,2,2,2,1,2,2,1,2,2,2,1
41,580200800600020058,1,2,2,1,2,1,1,2,1,2,2,2,1
41,580200800600038001,1,2,2,1,2,1,2,2,1,2,1,2,1
41,580200800600090326,1,2,2,2,1,1,2,2,1,2,2,2,1
41,580200800600108004,1,2,2,2,2,2,2,2,1,2,2,2,2
41,580200901500018007,1,2,2,1,2,1,1,2,1,2,1,1,1
41,580200901500028002,1,2,2,1,1,1,2,2,1,2,1,2,1
41,580200901500030057,1,2,2,1,1,1,1,2,1,2,1,1,1
41,580200901500068005,1,2,2,1,1,1,1,2,1,2,1,1,1
41,580200901500078006,1,2,1,1,2,1,2,2,1,2,2,2,1
41,580200901500080167,1,1,1,1,2,1,1,2,1,2,1,1,2
41,580201000100018004,1,2,2,1,1,1,1,2,1,2,1,1,1
41,580201000100050150,1,2,1,1,1,1,1,1,1,2,1,1,1
41,580201000100060184,1,1,1,1,1,1,1,1,1,2,1,1,1
41,580201000100090304,1,2,1,1,2,1,1,2,1,2,2,2,1
41,580201100800010041,1,2,2,2,1,1,2,2,1,2,2,2,2
41,580201100800028001,1,2,2,1,1,1,1,1,1,2,1,1,1
41,580201100800038005,1,2,2,1,1,1,1,2,1,2,1,2,1
41,580201100800040169,1,2,2,1,2,1,2,2,1,2,2,1,1
41,580201100800058004,1,2,2,2,2,1,2,2,1,2,2,2,2
41,580201300200010010,1,2,2,2,2,1,1,2,1,2,1,2,1
41,580201300200020060,1,2,2,1,2,1,1,2,1,2,1,2,1
41,580201300200038002,1,2,2,2,1,1,1,2,1,2,1,2,1
41,580201300200040169,1,2,2,2,1,1,2,2,1,2,2,2,1
41,580201300200058003,1,2,2,1,2,1,1,2,1,2,2,2,2
41,580201300200060285,1,2,1,2,2,1,2,2,1,2,1,2,1
41,580201300200070349,1,2,2,1,2,1,2,2,1,2,2,2,1
41,580201500400020032,1,2,2,2,2,1,2,2,2,2,2,2,2
41,580201500400030051,1,2,2,2,1,1,2,2,2,2,2,2,1
41,580201500400060107,1,2,2,1,2,1,2,2,1,2,2,2,1
41,580201500400088002,1,2,2,2,1,1,2,2,1,2,2,2,1
41,580201500400090161,1,2,2,2,1,2,2,2,1,2,2,2,1
41,580201500400108001,1,2,2,2,2,1,1,2,2,2,2,2,1
41,580201500400110200,1,2,2,2,1,1,2,2,1,2,1,2,1
41,580201500400120218,1,2,2,2,2,1,2,2,1,2,2,2,2
41,580201500400130235,1,2,2,2,1,1,2,2,1,2,2,2,2
41,580201500400140253,1,2,2,1,2,1,1,2,1,2,2,2,1
41,580201500400160295,1,2,2,2,2,1,2,2,2,2,2,2,1
41,580201601400010023,1,2,2,1,1,1,1,2,1,2,1,2,1
41,580201601400028002,1,2,2,1,1,2,2,2,1,2,2,2,1
41,580201601400030098,1,2,2,1,2,1,2,2,1,2,1,2,1
41,580201601400048001,1,2,2,1,1,1,1,2,1,2,1,2,1
41,580201601400088003,1,2,2,1,2,1,1,2,1,2,1,2,1
41,580201601400090292,1,2,2,1,1,1,1,2,1,2,1,2,1
41,580201702000018004,1,2,2,2,2,1,2,2,2,2,2,2,2
41,580201702000028002,1,2,2,2,2,1,2,2,1,2,2,2,1
41,580201702000040219,1,2,2,2,1,1,2,2,2,2,2,2,2
41,580201702000050278,1,2,2,2,2,2,2,2,2,2,2,2,1
41,580201702000070404,1,2,2,2,2,2,2,2,2,2,2,2,1
41,580300500200010004,1,2,2,2,1,2,2,2,1,2,1,2,2
41,580300500200020032,1,2,2,1,1,1,1,2,1,2,2,2,1
41,580300500200040070,1,2,2,2,2,1,2,2,1,2,2,2,2
41,580300500200058003,1,2,1,1,1,1,1,2,1,1,1,1,1
41,580300500200060115,1,2,1,1,1,1,2,2,1,2,1,2,1
41,580300500200070138,1,2,1,2,2,1,1,1,1,2,2,2,2
41,580300500200088004,1,2,2,2,2,2,2,2,1,2,2,2,1
41,580300500200090175,1,2,2,2,2,2,2,2,1,2,2,2,2
41,580300500200100191,1,2,2,1,1,1,1,2,1,2,1,1,1
41,580300500200110210,1,2,2,1,1,1,2,2,1,2,1,2,1
41,580300500200120234,1,2,2,2,2,1,2,2,1,2,2,2,2
41,580300500200130251,1,2,2,1,2,1,2,2,1,2,1,2,1
41,580300500200140268,1,2,2,2,2,1,2,2,1,2,1,2,1
41,580400200300010011,1,2,2,1,1,1,2,2,1,2,2,2,1
41,580400200300028011,1,2,1,2,1,1,1,2,1,2,2,2,1
41,580400200300030069,1,2,1,2,1,1,2,2,1,2,1,2,1
41,580400200300040101,1,2,2,1,2,1,2,2,1,2,1,2,1
41,580400200300058001,1,2,2,1,1,1,1,1,1,2,1,2,1
41,580400200300060159,1,2,2,1,2,1,2,2,1,2,1,2,1
41,580400200300078002,1,2,2,1,2,1,2,2,1,2,2,2,1
41,580400200300080217,1,2,2,1,2,1,1,2,1,2,1,2,1
41,580400200300090250,1,2,1,1,1,1,1,1,1,2,1,1,1
41,580400200300110314,1,2,2,2,2,1,2,2,1,2,2,2,1
41,580400200300128006,1,2,2,2,2,1,2,2,1,2,2,2,1
41,580400200300138010,1,2,2,1,1,1,2,2,1,2,1,2,1
41,580400200300158012,1,2,2,2,2,1,2,2,1,2,2,2,2
41,580400200300160458,1,2,1,1,1,1,2,2,1,2,1,2,1
41,580400200300178005,1,2,2,1,1,1,1,2,1,2,1,2,1
41,580400200300180521,1,2,2,1,1,1,2,2,1,2,1,2,1
41,580400300100010011,1,2,2,1,2,1,2,2,1,2,1,1,2
41,580400300100028007,1,2,1,1,1,1,1,2,1,2,1,2,1
41,580400300100030059,1,2,2,1,2,1,2,2,1,2,2,2,1
41,580400300100058006,1,2,2,1,2,1,2,2,1,2,1,2,2
41,580400300100060148,1,2,1,1,2,1,1,1,1,2,1,2,1
41,580400300100070177,1,2,2,1,2,1,1,2,1,2,1,1,1
41,580400300100080203,1,2,1,1,2,1,1,2,1,2,1,1,1
41,580400300100098010,1,2,2,1,1,1,2,2,1,2,1,2,1
41,580400300100100257,1,2,2,1,1,1,1,2,1,2,1,2,1
41,580400300100110282,1,2,2,2,1,1,2,2,2,2,2,2,2
41,580400300100118001,1,2,2,2,2,2,2,2,2,2,2,2,2
41,580400300100118002,1,2,2,2,2,2,2,2,2,2,2,2,2
41,580400300100138008,1,2,2,2,2,2,2,2,1,2,2,2,1
41,580400300100138009,1,2,2,2,2,1,2,2,1,2,2,2,1
41,580400300100140374,1,2,1,1,2,1,2,2,1,2,2,2,1
41,580400300100150408,1,2,2,1,2,1,2,2,1,2,2,2,1
41,580400300100160437,1,2,2,1,2,1,1,2,1,2,2,2,1
41,580402700200020092,1,2,2,1,2,1,2,2,1,2,2,2,1
41,580402700200038003,1,2,2,1,1,1,1,2,1,2,1,2,1
41,580402700200048004,1,2,2,2,2,1,2,2,1,2,2,2,1
41,580402700200050337,1,2,2,2,1,2,2,2,2,2,2,2,2
41,580402700200060406,1,2,2,1,1,1,2,2,1,2,1,2,2
41,580402700200090603,1,2,2,1,1,1,1,2,1,2,1,2,1
41,580403200000010004,1,2,1,1,1,1,1,2,1,2,1,2,1
41,580403200000020037,1,2,2,2,2,1,2,2,1,2,1,2,1
41,580403200000030061,1,2,2,1,2,1,2,2,1,2,2,2,1
41,580403200000040085,1,2,2,2,2,1,2,2,1,2,2,2,1
41,580403200000050109,1,2,2,1,2,1,2,2,1,2,2,2,1
41,580403200000060133,1,2,1,2,1,1,2,2,1,2,2,2,1
41,580403200000070157,1,2,1,1,1,1,1,2,1,2,1,2,2
41,580403200000088001,1,2,2,2,2,1,2,2,1,2,2,2,1
41,580403200000100235,1,2,2,1,1,1,1,2,1,1,1,2,2
41,580403200000110262,1,2,2,1,1,1,2,2,2,2,2,2,1
41,580403200000120288,1,2,1,2,1,1,2,2,1,2,1,2,1
41,580403200000130314,1,2,2,1,2,1,1,2,1,2,1,1,1
41,580403200000160386,1,2,2,1,2,2,2,2,1,2,2,2,1
41,580403200000170411,1,2,1,2,2,1,2,2,1,2,2,2,1
41,580403200000180437,1,2,1,1,2,1,2,2,1,2,2,2,1
41,580501403300018005,1,2,2,1,1,1,2,2,1,2,2,2,1
41,580501403300038003,1,1,1,1,2,1,1,2,1,2,1,2,1
41,580501403300040090,1,2,1,1,2,1,2,2,1,2,2,2,1
41,580501403300058002,1,2,1,1,2,1,1,2,1,2,1,2,1
41,580501403300060140,1,2,2,1,1,1,1,2,1,2,1,2,1
41,580501403300070164,1,2,2,1,1,1,2,2,1,2,2,2,1
41,580501403300080190,1,2,2,1,2,1,2,2,1,2,1,2,1
41,580501403300090215,1,2,2,2,1,1,2,2,1,2,1,2,1
41,580501403300100240,1,2,2,1,2,1,2,2,1,2,2,2,1
41,580501403300110265,1,2,2,1,1,1,2,2,1,2,1,2,1
41,580501403300120290,1,1,1,1,2,1,1,2,1,2,1,1,1
41,580501403300130317,1,1,1,1,2,1,2,2,1,2,2,2,1
41,580501403300148001,1,2,2,1,1,1,2,2,1,2,2,2,1
41,580501601200028009,1,1,1,1,2,1,1,2,1,2,1,1,1
41,580501601200040118,1,2,2,1,2,1,2,2,1,2,2,2,2
41,580501601200050155,1,2,2,1,1,1,1,1,1,2,1,1,1
41,580501601200068006,1,2,2,1,2,1,2,2,1,2,1,2,1
41,580501601200070228,1,2,1,1,1,1,1,1,1,2,1,1,1
41,580501601200080263,1,2,2,1,1,1,2,2,1,2,2,2,2
41,580501601200090299,1,1,2,1,2,1,1,2,1,2,1,1,1
41,580501601200108001,1,2,2,1,1,1,2,2,1,2,1,2,1
41,580501601200138008,1,2,2,1,1,1,2,2,1,2,2,2,1
41,580501601200140478,1,2,2,1,1,1,2,2,1,2,1,2,1
41,580501601200158007,1,2,2,1,2,1,1,1,1,2,1,2,1
41,580501602500010013,1,2,2,1,1,1,2,2,1,2,1,2,1
41,580501602500020043,1,2,2,1,1,1,1,2,1,2,1,1,1
41,580501602500030076,1,2,2,1,2,1,2,2,1,2,1,1,1
41,580501602500048007,1,2,1,1,1,1,2,2,1,2,1,2,1
41,580501602500058002,1,2,1,1,2,1,2,2,1,2,1,2,1
41,580501602500068003,1,2,1,1,1,1,1,2,1,2,2,2,2
41,580501602500078001,1,2,2,2,1,1,1,2,1,2,1,2,1
41,580501602500080258,1,2,2,1,1,1,1,1,1,2,1,1,1
41,580501602500098004,1,2,2,1,2,1,2,2,1,2,1,2,1
41,580501602500110364,1,2,2,2,1,1,2,2,1,2,2,2,1
41,580501602500120402,1,2,2,1,1,1,2,2,1,2,1,1,1
41,580501602500130437,1,2,2,2,2,1,1,2,1,2,1,2,2
41,580501602500140468,1,2,2,1,2,1,1,2,1,2,1,2,1
41,580502000600010015,1,2,2,1,2,1,1,1,1,2,2,2,1
41,580502000600038006,1,2,2,1,1,1,2,2,1,2,2,2,1
41,580502000600040184,1,2,2,2,1,1,1,1,1,2,2,2,1
41,580502000600078007,1,2,2,1,2,1,1,1,1,2,1,1,1
41,580502000600088003,1,2,1,1,1,1,1,1,1,2,1,1,1
41,580502000600090506,1,2,1,1,1,1,1,1,1,2,1,1,1
41,580502000600100567,1,1,1,1,2,1,1,2,1,2,2,2,1
41,580800200400018003,1,2,2,1,2,1,1,2,1,2,1,2,1
41,580800200400020083,1,2,2,1,1,1,2,2,1,2,1,2,1
41,580800200400020084,1,2,2,1,2,1,2,2,1,2,1,2,1
41,580800200400030147,1,2,2,2,2,1,2,2,1,2,2,2,1
41,580800200400040206,1,2,1,1,2,1,1,2,1,2,1,1,1
41,580800200400058001,1,2,1,2,2,1,2,2,1,2,2,2,1
41,580801001400020068,1,2,2,2,2,1,2,2,2,2,2,2,1
41,580801001400038003,1,2,1,1,2,1,1,2,1,2,1,1,1
41,580801001400058002,1,2,2,1,2,1,2,2,1,2,2,1,1
41,580801001400060221,1,2,2,2,2,1,1,2,1,2,1,2,1
41,580801001400090345,1,2,1,1,2,1,2,2,1,2,1,2,1
41,580801100400020068,1,2,2,1,2,1,2,2,1,2,1,2,1
41,580801100400030106,1,2,2,2,2,1,2,2,1,2,2,2,2
41,580801100400048001,1,2,1,2,2,1,2,2,1,2,2,2,1
41,580801100400050173,1,2,2,2,2,1,2,2,1,2,2,2,1
41,580801100400060211,1,2,2,1,2,1,1,2,1,2,2,1,1
41,580801100400070245,1,2,2,2,2,2,2,2,2,2,2,2,1
41,580801100400080281,1,2,2,1,2,1,2,2,1,2,2,2,1
41,580801100400090318,1,2,2,2,1,1,2,2,1,2,1,2,1
41,580801100400108006,1,2,2,2,1,1,2,2,1,2,2,2,2
41,580801100400128008,1,2,2,1,2,1,1,2,1,2,1,1,1
41,580801100400140502,1,2,2,2,2,1,2,2,1,2,2,2,1
41,580801100400158004,1,2,2,1,1,1,2,2,2,2,2,2,1
41,580801100400168005,1,2,1,1,1,1,1,2,1,2,1,2,1
41,580900700200020043,1,2,2,1,1,1,2,2,1,2,1,2,1
41,580900700200030064,1,2,2,2,2,1,2,2,1,2,2,2,1
41,580900700200040086,1,2,2,1,2,1,2,2,1,2,1,2,1
41,580900700200058004,1,2,2,1,1,1,1,2,1,2,1,2,1
41,580900700200060133,1,2,2,1,1,1,1,2,1,2,1,2,1
41,580900700200078002,1,2,2,2,2,1,2,2,1,2,1,2,1
41,580900700200080159,1,2,1,1,1,1,1,2,1,2,1,2,1
41,580900700200090177,1,2,1,1,2,1,1,2,1,2,1,2,1
41,580900700200108003,1,2,2,2,2,2,2,2,2,2,2,2,1
41,580900700200118005,1,2,1,1,1,1,1,2,1,2,1,2,1
41,580900700200120227,1,2,2,2,1,1,1,2,1,2,2,2,1
41,580900700200138001,1,2,2,1,1,1,1,2,1,2,1,1,1
41,580900700200140264,1,2,2,1,1,1,1,2,1,2,1,2,1
41,580900700200150283,1,2,2,2,2,1,1,2,1,2,1,2,1
41,580900700200160302,1,2,2,1,1,1,1,2,1,2,1,1,1
41,581000600200010010,1,2,2,2,1,1,2,2,1,2,1,2,1
41,581000600200020037,1,2,2,2,2,1,2,2,1,2,1,2,1
41,581000600200040086,1,2,2,2,1,1,2,2,1,2,2,2,1
41,581000600200050111,1,2,1,2,2,1,1,1,1,2,1,1,1
41,581000600200060141,1,2,1,1,1,1,2,2,1,2,1,2,1
41,581000600200070170,1,2,2,1,1,1,1,2,1,2,1,1,1
41,581000600200088004,1,2,2,1,1,1,1,2,1,2,2,2,1
41,581000600200090227,1,2,1,1,1,1,1,1,1,2,1,1,1
41,581000600200100256,1,2,1,2,2,2,2,2,2,2,2,2,2
41,581000600200118003,1,2,2,1,1,1,1,2,1,2,1,1,1
41,581000600200120316,1,2,2,1,1,1,1,2,1,2,1,1,1
41,581000600200130342,1,2,1,1,1,1,1,2,1,2,1,1,1
41,581000600200140370,1,2,2,1,1,1,1,2,1,2,1,2,1
41,581000600200158001,1,2,2,1,1,1,2,2,1,2,2,2,1
41,581000700200010020,1,2,2,2,2,1,2,2,1,2,2,2,1
41,581000700200020058,1,2,2,1,1,1,2,2,1,2,2,2,1
41,581000700200028005,1,2,2,2,2,2,2,2,1,2,2,2,2
41,581000700200038001,1,2,2,1,1,2,2,2,1,2,2,2,1
41,581000700200040134,1,2,1,1,1,1,1,2,1,2,1,2,1
41,581000700200050170,1,2,1,1,1,1,2,2,1,2,1,2,1
41,581000700200078002,1,2,2,2,2,2,2,2,1,2,2,2,1
41,581000700200078003,1,2,2,1,2,1,1,2,1,2,1,2,1
41,581000700200080279,1,2,2,1,1,1,2,2,1,2,2,1,1
41,581000700200100356,1,2,2,2,2,1,2,2,2,2,2,2,1
41,581000700200110395,1,2,2,2,2,2,2,2,2,2,2,2,1
41,581000700200120434,1,2,1,1,2,1,1,1,1,2,1,2,1
41,581100600100010014,1,2,2,1,2,1,2,2,1,2,1,2,1
41,581100600100020042,1,2,2,2,2,1,2,2,2,2,2,2,1
41,581100600100030070,1,2,1,1,2,1,2,2,1,2,1,2,1
41,581100600100040098,1,2,2,1,2,1,1,2,1,2,1,1,1
41,581100600100050148,1,2,2,2,2,1,2,2,1,2,2,2,2
41,581100600100050150,1,2,2,2,2,2,2,2,1,2,2,2,1
41,581100600100060178,1,1,1,1,2,1,1,2,1,2,1,1,1
41,581100600100080238,1,2,2,1,2,1,1,2,1,2,1,2,1
41,581100600100098003,1,2,2,2,2,1,2,2,1,2,2,2,2
41,581100600100110336,1,2,1,1,2,1,1,1,1,2,1,2,1
41,581100600100128005,1,2,2,2,2,1,2,2,1,2,1,2,1
41,581100600100130430,1,2,1,1,2,1,2,2,1,2,1,1,1
41,581100600100140464,1,2,2,1,1,1,1,2,1,2,1,2,1
41,581101000300018010,1,2,1,1,1,1,1,1,1,2,1,2,1
41,581101000300028003,1,2,2,1,1,1,1,2,1,2,1,1,1
41,581101000300030067,1,2,2,1,2,1,2,1,1,2,2,2,1
41,581101000300040094,1,2,2,1,2,1,1,1,1,2,1,1,1
41,581101000300050123,1,2,2,1,2,1,2,2,1,2,2,2,1
41,581101000300060150,1,2,2,1,1,1,1,2,1,2,1,2,1
41,581101000300070173,1,2,1,1,1,1,1,2,1,2,1,2,1
41,581101000300080200,1,2,2,1,1,1,1,2,1,2,1,2,1
41,581101000300098011,1,2,2,2,2,1,2,2,1,2,2,1,1
41,581101000300108004,1,2,2,1,2,1,1,2,1,2,1,2,2
41,581101000300118008,1,2,2,1,2,1,1,2,1,2,2,2,1
41,581101000300128009,1,2,2,1,2,1,1,2,1,2,2,2,1
41,581101000300140353,1,2,1,1,2,1,1,2,1,1,2,2,1
41,581101000300158001,1,2,2,1,2,1,1,2,1,2,1,2,1
41,581200300100010013,1,2,2,2,2,1,2,2,2,2,2,2,2
41,581200300100028001,1,2,1,2,1,1,2,2,1,2,2,2,1
41,581200300100028010,1,2,2,2,2,2,2,2,2,2,2,2,2
41,581200300100030046,1,2,2,2,2,1,2,2,1,2,2,2,1
41,581200300100040062,1,2,2,2,2,1,2,2,1,2,2,2,2
41,581200300100088004,1,2,2,2,2,2,2,2,2,2,2,2,2
41,581200300100090149,1,2,2,2,2,1,2,2,2,2,2,2,2
41,581200300100100170,1,2,2,2,1,1,2,2,1,2,1,2,1
41,581200300100110190,1,2,2,2,1,1,2,2,2,2,2,2,2
41,581200300100120211,1,1,2,1,1,1,2,2,1,2,1,2,1
41,581200300100140247,1,2,2,2,2,1,2,2,2,2,2,2,2
41,581200300100168003,1,2,2,1,2,1,2,2,2,2,2,2,1
41,581201100300020038,1,2,2,2,1,1,1,2,1,2,1,2,2
41,581201100300030079,1,2,2,2,2,2,2,2,2,2,2,2,2
41,581201100300040115,1,2,1,2,2,1,2,2,1,2,1,2,1
41,581201100300060187,1,1,1,1,2,1,1,2,1,2,1,1,1
41,581201100300070222,1,2,2,1,1,1,2,2,1,2,1,2,1
41,581201100300080257,1,2,1,2,2,1,2,2,2,2,2,2,2
41,581201100300100324,1,2,2,1,2,1,2,2,1,2,2,2,1
41,581201100300110362,1,2,2,1,2,1,2,2,1,2,2,2,1
41,581201100300128003,1,2,2,1,2,1,2,2,1,2,2,2,1
41,581201100300130440,1,2,2,2,1,1,2,2,1,2,2,2,1
41,581201100300178001,1,2,1,2,2,1,2,2,1,2,2,2,1
41,581201100300180654,1,2,2,2,2,1,2,2,2,2,2,2,1
41,581300101500010055,1,2,1,1,2,1,1,2,1,2,1,2,1
41,581300101500020116,1,2,1,1,2,1,1,1,1,2,1,1,1
41,581300101500038002,1,2,2,1,2,1,2,2,1,2,1,2,1
41,581300101500040250,1,2,1,1,2,1,1,2,1,2,1,2,1
41,581300101500060349,1,1,1,1,2,1,1,2,1,2,1,1,1
41,581300101500070399,1,2,2,1,1,1,2,2,1,2,1,2,1
41,581300101500088001,1,2,2,1,2,1,1,2,1,2,1,2,1
41,581300101500098003,1,2,2,1,1,1,1,2,1,2,1,2,1
41,581300101500100587,1,2,2,1,2,1,2,2,1,2,2,2,1
41,581300101500108004,1,2,2,2,2,1,2,2,1,2,2,2,2
41,581300101500108005,1,2,2,2,1,2,2,2,1,2,2,2,2
41,581300101500120715,1,2,2,1,2,1,1,2,1,2,1,2,1
41,581300300800050450,1,2,2,1,1,1,2,2,1,2,2,2,1
41,581300300800060530,1,2,1,1,2,1,1,1,1,2,1,1,1
41,581300300800070610,1,2,2,1,1,1,1,1,1,2,1,1,1
41,581300402500018004,1,2,2,1,2,1,2,2,1,2,1,2,1
41,581300402500020126,1,2,2,1,2,1,2,2,1,2,2,2,1
41,581300402500038001,1,2,2,1,1,1,1,2,1,2,2,2,1
41,581300402500040394,1,2,2,1,2,1,1,2,1,2,1,2,1
41,581300402500058005,1,2,2,2,2,1,1,2,1,2,1,2,1
41,581300402500060128,1,2,1,1,1,1,1,2,1,2,1,1,1
41,581300402500070264,1,2,2,2,1,1,1,2,1,2,1,1,1
41,581300402500080386,1,2,2,2,2,1,2,2,1,2,2,2,1
41,581300402500128003,1,2,2,2,2,1,1,2,1,2,2,2,1
41,581300402500130473,1,2,2,1,2,1,2,2,1,2,1,2,1
41,581300500900010011,1,2,2,1,2,1,1,2,1,2,2,2,1
41,581300500900028005,1,2,2,1,2,1,1,2,1,2,1,2,1
41,581300500900030064,1,2,2,1,2,1,1,2,1,2,1,2,1
41,581300500900060132,1,2,1,1,2,1,1,2,1,2,1,1,1
41,581300500900070159,1,2,2,1,2,1,1,2,1,2,1,1,1
41,581300500900088009,1,2,2,2,2,1,1,2,1,2,2,2,1
41,581300500900098007,1,2,2,1,2,1,2,2,1,2,1,2,1
41,581300500900130313,1,1,1,1,2,1,1,2,1,2,1,1,1
41,581300500900140339,1,2,2,1,2,1,1,2,1,2,1,2,1
41,581300500900158008,1,2,2,1,2,1,2,2,1,2,1,1,1
41,581300500900160385,1,2,2,1,1,1,2,2,1,2,1,2,2
42,400100200000010067,1,2,2,2,1,2,2,2,2,2,2,2,2
42,400100700000010014,1,2,2,2,1,1,2,2,1,2,2,2,1
42,400100700000020032,1,2,2,1,1,1,2,2,1,2,2,2,1
42,400100700000030051,1,2,2,1,1,1,1,2,1,2,2,1,1
42,400100700000040068,1,2,2,1,1,1,1,2,1,2,2,2,1
42,400100700000050085,1,2,2,1,1,1,1,2,1,2,2,2,1
42,400100700000060102,1,2,2,1,1,1,2,2,1,2,1,1,1
42,400100700000080137,1,2,2,2,2,2,2,2,2,2,2,2,2
42,400100700000090156,1,2,2,1,1,2,2,2,2,2,2,2,1
42,400100700000100173,1,2,1,1,1,1,1,2,1,2,1,2,1
42,400100700000120205,1,2,2,1,1,1,2,2,1,2,1,2,1
42,400100700000130223,1,1,1,1,2,1,1,2,1,2,2,2,2
42,400100700000140239,1,2,1,1,2,1,1,1,2,2,1,2,1
42,400100700000160276,1,2,2,2,2,1,2,2,1,2,2,2,1
42,400100700000180311,1,2,2,1,1,1,1,2,1,2,1,2,1
42,400200500100030040,1,2,1,1,2,1,2,2,1,2,2,2,1
42,400200500100040054,1,2,2,2,2,1,2,2,1,2,2,2,2
42,400200500100050068,1,2,2,2,2,1,2,2,1,2,1,2,1
42,400200500100070096,1,2,2,1,1,1,2,2,1,2,1,2,1
42,400200500100090124,1,2,2,2,2,2,2,2,2,2,2,2,2
42,400200500100120165,1,2,2,1,2,1,2,2,1,2,2,2,1
42,400200500100158004,1,2,2,2,2,2,2,2,1,2,2,2,1
42,400200500100170233,1,2,2,2,1,1,1,2,1,2,2,2,1
42,400300600000010018,1,2,2,1,2,1,2,2,1,2,1,2,2
42,400300600000030050,1,2,2,2,1,1,2,2,1,2,2,2,1
42,400300600000040065,1,2,2,1,2,1,2,2,1,2,1,2,1
42,400300600000060105,1,2,2,2,1,1,2,2,1,2,2,2,1
42,400300600000080138,1,2,1,2,2,2,2,2,1,2,2,2,1
42,400300600000110191,1,2,2,1,2,1,2,2,1,2,2,2,1
42,400300600000130226,1,2,1,1,1,1,1,2,1,2,2,2,2
42,400300600000140244,1,2,2,1,2,1,2,2,1,2,2,2,1
42,400300600000150264,1,2,2,2,2,1,2,2,1,2,2,2,2
42,400300600000160284,1,2,2,2,2,1,2,2,1,2,2,2,1
42,400300600000190337,1,2,2,1,2,1,2,2,1,2,2,2,1
42,400400300200018001,1,2,2,1,2,1,2,2,1,2,1,2,1
42,400400300200020039,1,2,2,2,2,2,2,2,2,2,2,2,2
42,400400300200030058,1,2,2,2,1,1,2,2,2,2,2,2,1
42,400400300200040074,1,1,2,1,1,1,2,2,1,1,2,2,1
42,400400300200070128,1,2,2,1,1,1,2,2,1,2,2,2,1
42,400400300200090162,1,2,2,2,1,2,2,2,1,2,2,2,1
42,400400300200100180,1,2,2,1,2,1,1,2,1,2,2,2,1
42,400400300200110199,1,2,2,1,1,1,1,2,1,1,2,2,1
42,400400300200120217,1,2,2,1,2,1,2,2,1,2,2,2,2
42,400400300200138002,1,2,2,1,1,2,1,2,1,2,1,1,1
42,400400300200170297,1,2,2,2,2,2,2,2,2,2,2,2,1
42,400403200000010004,1,2,2,2,1,2,2,2,2,2,2,2,1
42,400403200000020010,1,2,2,1,2,1,1,2,1,2,2,2,1
42,400403200000030016,1,2,2,1,1,1,1,2,1,2,2,2,1
42,400403200000050031,1,1,1,1,2,1,2,2,1,2,1,2,1
42,400403200000068001,1,2,2,2,1,1,2,2,1,2,2,2,1
42,400403200000080055,1,2,2,1,2,2,2,2,2,2,2,2,1
42,400403200000100071,1,2,2,1,2,1,1,2,1,2,2,2,1
42,400403200000130094,1,2,2,2,2,1,2,2,1,2,2,2,1
42,400403200000150110,1,2,2,1,2,1,2,2,2,2,2,2,1
42,400403200000160118,1,2,2,2,1,1,1,2,1,2,1,2,1
42,400403200000170126,1,2,2,2,2,2,2,2,2,2,2,2,1
42,400403200000180134,1,2,2,1,2,2,2,2,2,2,2,2,1
42,400403800000010028,1,2,2,1,2,1,2,2,1,2,1,2,1
42,400403800000020098,1,2,2,1,2,1,1,1,1,2,2,2,1
42,400505600000010018,1,2,2,1,2,1,1,2,1,2,1,2,1
42,400505600000020036,1,2,1,1,2,1,2,2,1,2,1,2,1
42,400505600000030053,1,2,2,2,2,1,1,2,1,2,1,2,1
42,400505600000040071,1,2,2,1,1,1,2,2,2,2,1,2,2
42,400505600000060107,1,2,2,1,2,1,1,2,2,2,2,2,2
42,400505600000070125,1,2,2,1,2,1,2,2,1,2,2,2,1
42,400505600000080140,1,2,2,1,1,2,2,2,1,2,2,2,1
42,400505600000090157,1,2,2,1,2,1,2,2,1,2,2,2,1
42,400505600000110191,1,2,1,1,2,1,1,1,1,1,1,1,1
42,400505600000120209,1,2,2,1,2,1,2,2,2,2,2,2,1
42,400505600000130227,1,2,2,2,2,2,2,2,1,2,2,2,2
42,400505600000160281,1,2,2,2,1,1,2,2,2,2,2,2,1
42,400505600000170299,1,2,2,1,2,1,1,2,1,2,2,2,1
42,510100900000020024,1,2,2,2,2,2,2,2,2,2,2,2,2
42,510100900000030046,1,2,2,1,2,2,2,2,1,2,2,2,1
42,510100900000040067,1,2,2,2,1,2,2,2,2,2,1,2,1
42,510100900000068001,1,2,2,1,2,1,2,2,2,2,1,2,1
42,510100900000080153,1,2,2,2,1,2,2,2,2,2,2,2,1
42,510100900000090173,1,2,2,1,1,1,2,2,1,2,2,2,1
42,510100900000100195,1,2,2,1,2,1,2,2,1,2,1,2,1
42,510100900000110217,1,2,2,1,2,1,2,2,1,2,2,2,1
42,510100900000120239,1,2,2,2,2,1,2,2,2,2,2,2,1
42,510100900000130261,1,2,2,2,2,2,2,2,2,2,2,2,2
42,510501000100010029,1,2,2,1,2,1,1,2,1,2,1,2,1
42,510501000100020054,1,2,2,2,2,1,2,2,1,2,2,2,1
42,510501000100030082,1,2,2,1,1,1,2,2,2,2,2,2,1
42,510501000100048001,1,2,2,1,2,1,2,2,1,2,1,1,1
42,510501000100050138,1,2,2,1,1,1,1,2,1,2,2,2,1
42,510501000100060166,1,2,2,1,1,1,2,2,1,2,1,2,1
42,510501000100070191,1,2,2,2,2,1,2,2,1,2,2,2,1
42,510501000100080219,1,2,2,2,2,1,2,2,2,2,2,2,1
42,510501000100090248,1,2,2,2,2,1,2,2,1,2,2,2,2
42,510501000100100275,1,2,2,2,1,2,2,2,2,2,2,2,2
42,510600300400010035,1,2,2,2,1,1,2,2,1,2,2,2,2
42,510600300400020057,1,2,2,1,1,1,1,2,1,1,1,2,2
42,510600300400060148,1,2,2,1,1,1,2,2,1,2,2,2,1
42,510600300400100231,1,2,1,1,1,1,1,2,1,1,1,2,1
42,510600300400110253,1,2,2,2,2,1,2,2,1,1,2,2,1
42,510600300400120276,1,2,2,2,2,2,2,2,2,2,2,2,2
42,510600300400168001,1,2,1,1,2,1,1,2,1,1,1,2,1
42,510600300400170388,1,2,1,1,1,1,2,2,1,2,2,1,1
42,510600300400180413,1,2,2,1,1,1,2,2,1,2,1,2,1
42,510600300400190438,1,2,1,1,1,1,1,2,1,1,2,1,1
42,510600300400208006,1,2,2,2,2,2,2,2,2,2,2,2,1
42,510700100000010010,1,2,2,2,2,1,2,2,1,2,2,2,1
42,510700200100010010,1,2,2,2,1,2,2,2,2,2,2,2,1
42,510700200100028001,1,2,2,2,2,2,2,2,2,2,2,2,2
42,510700200100030039,1,2,2,2,2,2,2,2,2,2,2,2,2
42,510700200100050060,1,2,2,2,2,2,2,2,2,2,2,2,2
42,510701200000040086,1,2,2,2,2,2,2,2,2,2,2,2,2
42,510701200000050109,1,2,2,2,2,1,1,2,2,2,2,2,1
42,510701200000068001,1,2,2,2,2,2,2,2,2,2,2,2,2
42,510701200000080173,1,2,2,1,2,1,2,2,1,2,1,2,1
42,510701200000100215,1,2,2,2,2,1,2,2,2,2,2,2,1
42,510701200000120258,1,2,2,2,2,1,2,2,2,2,2,2,1
42,510800700200020035,1,2,2,1,2,1,2,2,2,2,2,2,2
42,510800700200040079,1,2,2,1,1,1,2,2,1,2,2,2,1
42,510800700200050102,1,2,2,1,1,1,2,2,1,2,1,2,1
42,510800700200068003,1,2,2,1,1,1,2,2,2,2,2,2,1
42,510800700200070145,1,2,2,1,2,1,2,2,1,2,2,2,1
42,510800700200088001,1,2,2,1,1,1,2,2,1,2,1,2,1
42,510800700200090188,1,2,2,1,2,1,1,2,1,1,1,2,2
42,510800700200100208,1,2,2,2,2,1,2,2,2,2,1,2,1
42,510800700200120251,1,2,2,1,1,1,2,2,1,2,1,2,1
42,510800700200130272,1,1,2,1,2,1,2,2,1,1,2,1,1
42,510800700200140290,1,2,2,2,1,1,2,2,1,2,2,2,2
42,510800700200158002,1,2,2,2,2,1,1,2,1,2,2,2,1
42,510800700200168004,1,2,2,1,1,1,1,2,1,2,1,2,1
42,510902400200090204,1,2,2,1,2,1,2,2,1,2,1,2,1
42,510902400200110252,1,2,2,2,2,1,2,2,2,2,2,2,1
42,510902400200120278,1,2,2,1,2,1,2,2,1,2,1,2,1
42,510902400200130304,1,2,2,2,2,1,2,2,2,2,2,2,1
42,510902400200150354,1,2,2,2,1,1,2,2,2,2,1,2,1
42,510902400200160376,1,2,2,2,2,1,2,2,1,2,1,2,1
42,510902400200180426,1,2,1,1,2,2,2,2,1,2,2,2,1
42,510902400200190450,1,2,2,1,2,1,1,2,1,2,1,2,1
42,511001800100010020,1,2,2,1,2,1,2,2,1,2,2,2,1
42,511001800100030088,1,2,2,2,2,1,2,2,1,2,2,2,2
42,511001800100040122,1,2,2,2,2,1,2,2,1,2,2,2,1
42,511001800100050157,1,2,2,1,1,1,1,2,1,2,2,2,1
42,511001800100060190,1,2,2,2,2,1,2,2,1,2,2,2,2
42,511001800100070224,1,2,2,2,2,1,2,2,1,2,2,2,2
42,511001800100090294,1,2,2,2,2,1,2,2,1,2,2,2,2
42,511001800100100329,1,2,2,1,2,1,2,2,1,2,2,2,1
42,511001800100130430,1,2,2,1,2,1,2,2,1,2,2,2,1
42,511001800100150502,1,2,2,2,1,1,1,2,1,2,1,2,1
42,511001800100170572,1,2,2,2,1,1,1,2,1,2,2,2,1
42,511001800100180607,1,2,2,1,2,1,1,2,1,2,1,2,1
42,511002000200020043,1,2,2,1,2,1,2,2,1,2,1,2,1
42,511002000200030071,1,2,2,1,1,1,1,2,1,2,2,2,1
42,511002000200060148,1,2,2,1,2,1,2,2,1,2,2,2,1
42,511002000200070175,1,2,2,2,2,1,2,2,1,2,2,2,1
42,511002000200080203,1,2,2,1,1,1,2,2,1,2,2,2,1
42,511002000200090230,1,2,2,2,2,1,1,2,1,2,2,2,1
42,511002000200100256,1,2,2,1,1,1,1,2,1,2,1,2,1
42,511002000200110282,1,2,2,2,2,1,2,2,2,2,2,2,2
42,511002000200120310,1,2,2,2,2,1,2,2,1,2,2,2,1
42,511002000200130336,1,2,2,1,2,1,2,2,1,2,2,2,1
42,511003900300018003,1,2,2,1,1,1,2,2,1,2,2,2,1
42,511003900300028001,1,2,2,2,2,1,2,2,1,2,2,2,1
42,511003900300030210,1,2,2,1,1,1,2,2,1,2,1,2,1
42,511003900300048004,1,2,2,1,2,1,1,1,1,2,1,1,1
42,511100100100020028,1,2,2,2,2,2,2,2,1,2,1,2,2
42,511100100100038004,1,2,2,1,1,1,1,2,1,2,1,2,1
42,511100100100040070,1,1,2,1,2,1,2,2,1,1,1,2,1
42,511100100100058002,1,2,2,2,1,1,2,2,1,2,2,2,1
42,511100100100070131,1,2,2,1,1,1,2,2,1,2,1,2,1
42,511100100100080150,1,2,2,2,2,2,2,2,2,2,2,2,2
42,511100100100108005,1,2,2,2,2,2,2,2,2,2,2,2,2
42,511100100100190377,1,2,2,2,2,1,2,2,2,2,1,2,1
42,511100100100200398,1,2,2,1,2,1,2,2,1,2,2,2,1
42,520100700000010030,1,2,2,2,1,1,1,2,1,1,2,2,1
42,520100700000010135,1,2,2,1,2,1,2,2,1,2,2,2,1
42,520100700000020047,1,2,2,1,1,1,1,1,1,1,2,1,1
42,520100700000030064,1,2,2,1,2,1,2,2,1,2,2,2,1
42,520100700000048001,1,2,2,1,1,1,2,2,2,2,2,2,1
42,520100700000050099,1,2,2,2,1,1,2,2,2,2,2,2,1
42,520100700000060117,1,2,2,1,2,1,2,2,1,2,2,2,1
42,520100700000080153,1,2,2,1,2,1,1,2,1,2,2,2,1
42,520100700000100190,1,2,2,2,2,2,2,2,1,2,2,2,2
42,520100700000120224,1,2,2,1,1,1,1,2,1,2,1,2,1
42,520100700000130243,1,2,2,2,2,1,2,2,1,2,2,2,1
42,520100700000140260,1,2,2,2,2,1,2,2,1,2,2,2,1
42,520100700000150278,1,2,1,1,1,1,1,2,1,1,1,2,1
42,520100700000160296,1,2,2,2,2,1,1,1,1,1,1,1,1
42,520100700000170314,1,2,1,1,1,1,1,2,1,1,2,1,1
42,520300500000020049,1,2,2,2,2,1,2,2,1,2,2,2,2
42,520300500000100199,1,2,2,2,1,2,2,2,2,2,2,2,2
42,520300500000120237,1,2,1,2,1,2,2,2,1,2,2,2,1
42,520300500000138001,1,2,2,2,2,2,2,2,2,2,2,2,2
42,520300500000140275,1,2,2,1,2,1,2,2,1,2,2,2,1
42,520300500000150294,1,2,2,1,2,1,1,2,1,2,2,2,1
42,520401000000010007,1,2,2,2,2,1,2,2,1,2,2,2,1
42,520401000000020024,1,2,2,2,2,1,2,2,1,2,1,2,1
42,520401000000030042,1,2,2,2,2,1,2,2,2,2,1,2,1
42,520401000000040061,1,2,2,2,2,1,2,2,2,2,2,2,1
42,520401000000050081,1,2,1,2,2,1,2,2,1,2,1,1,1
42,520401000000060100,1,2,2,1,1,1,2,2,2,2,1,2,1
42,520401000000080140,1,2,2,2,2,2,2,2,2,2,2,2,2
42,520505600200010013,1,2,2,1,2,1,2,2,1,2,2,2,2
42,520505600200038001,1,2,1,1,2,1,1,2,1,2,1,2,1
42,520505600200050077,1,2,1,1,2,1,2,2,1,2,2,2,1
42,520505600200070109,1,2,1,1,2,1,1,2,1,2,1,2,1
42,520505600200080126,1,2,2,1,2,2,1,2,1,2,2,1,1
42,520505600200090143,1,2,2,2,2,1,2,2,1,2,2,2,1
42,520505600200120195,1,2,2,2,2,2,1,2,1,2,2,2,1
42,520505600200140229,1,2,2,2,2,1,1,2,2,2,2,2,1
42,520505600200150245,1,2,1,1,1,1,2,2,1,2,2,2,1
42,520505600200160262,1,2,2,1,2,1,2,2,1,2,1,2,1
42,520505600200170280,1,2,2,2,2,1,1,2,1,2,2,2,1
42,520505600200180294,1,1,1,2,2,1,1,2,1,2,2,1,1
42,520506200000010011,1,2,1,1,2,1,1,1,1,2,1,1,1
42,520506200000020031,1,2,2,1,1,1,1,2,1,2,2,1,1
42,520506200000030051,1,2,1,1,2,1,1,2,1,2,1,1,1
42,520506200000050089,1,1,2,2,1,1,1,1,1,1,2,1,1
42,520506200000070124,1,2,2,1,1,2,2,2,1,2,1,2,1
42,520506200000080143,1,2,1,1,2,1,1,2,1,1,2,1,1
42,520506200000090161,1,2,1,1,2,1,1,2,1,2,2,2,1
42,520506200000100179,1,2,1,1,2,1,1,2,1,1,1,1,1
42,520506200000130236,1,2,2,2,2,1,2,2,2,2,2,2,1
42,520506200000140256,1,2,2,1,2,1,2,2,1,2,2,2,1
42,520506200000150275,1,2,1,1,2,1,1,2,1,2,1,1,1
42,520506200000160293,1,2,2,2,2,1,2,2,2,2,2,2,1
42,520506200000170312,1,2,1,1,2,1,1,2,1,2,1,2,1
42,520700700000010015,1,2,2,1,2,1,2,2,1,2,2,2,1
42,520700700000020042,1,2,2,1,2,1,2,2,1,2,2,2,1
42,520700700000030066,1,2,2,2,2,1,2,2,1,2,2,2,1
42,520700700000040093,1,2,2,2,2,1,1,2,1,2,1,2,1
42,520700700000050120,1,2,2,2,2,1,2,2,2,2,2,2,1
42,520700700000080189,1,2,2,2,2,1,2,2,1,2,2,2,1
42,520700700000090214,1,2,2,1,2,2,2,2,1,2,1,2,1
42,520700700000100242,1,2,2,2,2,2,2,2,2,2,2,2,2
42,520700700000120296,1,2,2,2,2,2,2,2,1,2,2,2,1
42,520700700000130323,1,2,2,1,2,1,1,2,1,2,2,2,1
42,520700700000160402,1,2,2,2,2,1,2,2,1,2,2,2,1
42,520800400000010180,1,2,2,2,2,1,2,2,1,2,2,2,1
42,520800600000020020,1,2,2,2,1,1,2,2,1,2,2,2,1
42,520800600000040049,1,2,2,2,2,2,2,2,2,2,2,2,2
42,520800600000060077,1,2,1,1,1,1,2,2,1,2,2,2,1
42,520800600000070092,1,2,1,1,2,1,1,2,1,2,2,2,2
42,520800600000080106,1,2,2,2,2,1,1,2,1,2,2,2,1
42,520800600000090121,1,2,2,1,1,2,2,2,2,2,2,2,2
42,520800600000100135,1,2,2,2,2,1,2,2,2,2,2,2,2
42,520800600000110149,1,2,2,1,1,1,1,2,1,2,1,2,1
42,520800600000120164,1,2,2,1,2,1,2,2,1,2,1,2,1
42,520800600000130178,1,2,2,1,1,1,1,2,1,2,1,2,1
42,520800600000140193,1,2,2,1,2,1,1,2,1,2,2,2,2
42,520800600000150207,1,2,2,1,2,1,1,2,1,1,1,1,1
42,520800600000160221,1,2,2,1,2,1,2,2,2,2,2,2,2
42,520800600000178001,1,2,2,2,2,1,2,2,2,2,2,2,2
42,520800600000180250,1,2,2,2,1,1,2,2,1,2,2,2,1
42,520800600000190265,1,2,2,1,1,1,1,2,1,2,2,2,1
42,520800600000200279,1,2,1,1,2,1,2,2,1,2,2,2,1
42,520800600000210293,1,2,2,1,1,1,1,2,1,1,2,2,1
42,520802500000010153,1,2,2,2,2,1,2,2,1,2,2,2,1
42,520804600000040036,1,2,1,1,1,1,1,2,1,2,1,2,1
42,520804600000050050,1,2,2,1,2,1,2,2,1,2,2,2,1
42,520804600000060064,1,2,2,2,2,1,2,2,1,2,2,2,1
42,520804600000080091,1,2,1,2,2,1,2,2,1,2,2,2,1
42,520804600000090104,1,2,2,2,2,1,2,2,1,2,2,2,1
42,520804600000110128,1,2,1,1,1,1,1,2,1,2,1,2,1
42,520804600000130148,1,2,1,1,2,1,2,2,1,2,2,2,1
42,520804600000148003,1,2,2,1,2,1,2,1,1,2,1,1,1
42,520804600000160187,1,2,2,1,2,2,2,2,1,2,2,2,1
42,520804600000170199,1,2,2,2,2,1,1,2,1,2,2,1,1
42,520804600000180207,1,2,2,2,1,1,2,2,1,2,1,2,1
42,520804600000190218,1,2,2,1,1,1,1,2,1,2,1,1,1
42,520804800000010003,1,2,2,2,2,2,2,2,1,2,2,2,1
42,520805800000010002,1,2,2,1,2,1,2,2,2,2,2,2,2
42,520805800000030020,1,2,2,2,2,2,2,2,2,2,2,2,2
42,520805800000040028,1,2,2,2,2,2,2,2,1,2,2,2,1
42,520805800000060046,1,2,2,2,2,2,2,2,2,2,2,2,1
42,520805800000070055,1,2,2,2,2,2,2,2,2,2,2,2,2
42,520805800000090073,1,2,2,2,1,1,2,2,2,2,1,2,1
42,520805800000100081,1,2,2,2,2,2,2,2,2,2,2,2,2
42,520805800000110090,1,2,1,1,2,1,1,2,1,2,1,1,1
42,520805800000120099,1,2,2,2,2,2,2,2,2,2,2,2,2
42,520805800000140117,1,2,2,1,2,2,2,2,2,2,2,2,1
42,520805800000150126,1,2,2,2,1,1,2,2,2,2,2,2,1
42,520805800000160135,1,2,2,2,1,1,2,2,2,2,2,2,1
42,520805800000180154,1,2,2,2,2,2,2,2,2,2,2,2,2
42,520805800000200172,1,2,2,1,1,1,2,2,1,2,2,2,1
42,520805800000220189,1,2,2,2,2,2,2,2,2,2,2,2,2
42,520806600000010023,1,2,2,1,2,1,2,2,1,2,2,2,2
42,520806600000030060,1,2,2,2,1,1,1,2,1,1,2,2,1
42,520806600000060116,1,2,2,2,2,2,2,2,2,2,2,2,1
42,520806600000090167,1,2,2,2,2,1,2,2,2,2,2,2,1
42,520806600000100186,1,2,2,2,2,1,2,2,2,2,2,2,1
42,520806600000120223,1,2,2,2,1,1,2,2,2,2,2,2,1
42,520806600000150280,1,2,2,1,2,1,2,2,1,2,2,2,1
42,520806600000168002,1,2,2,2,2,2,2,2,2,2,2,2,1
42,520807200000020019,1,2,2,2,1,2,2,2,2,2,2,2,1
42,520807200000030032,1,2,2,2,2,1,2,2,2,2,2,2,2
42,520807200000050056,1,2,2,2,2,1,2,2,2,2,2,2,2
42,520807200000080094,1,2,2,2,1,1,2,2,2,2,2,2,2
42,520807200000100118,1,2,2,2,2,2,2,2,2,2,2,2,2
42,520807200000110130,1,2,2,2,2,1,2,2,2,2,2,2,1
42,520807200000120142,1,2,2,2,2,2,2,2,2,2,2,2,2
42,520807200000140167,1,2,2,2,2,1,1,2,2,2,2,2,1
42,520807200000150179,1,2,2,2,2,1,2,2,2,2,2,2,1
42,520807200000160192,1,2,2,2,1,1,2,2,2,2,2,2,2
42,520900400000010023,1,2,1,2,2,1,1,2,1,2,1,2,1
42,520900400000030059,1,2,2,2,2,1,2,2,2,2,2,2,1
42,520900400000050096,1,2,2,2,1,1,2,2,1,2,2,2,2
42,520900400000068002,1,2,2,2,1,1,2,2,1,2,2,2,1
42,520900400000080148,1,2,2,2,2,2,2,2,2,2,2,2,1
42,520900400000090169,1,2,2,2,2,1,2,2,2,2,2,2,1
42,520900400000138004,1,2,1,1,1,1,1,2,1,2,1,1,1
42,520900400000140259,1,2,2,1,2,1,2,2,1,2,2,2,1
42,520900400000150275,1,2,2,2,2,1,2,2,2,2,2,2,1
42,520900400000160295,1,2,2,1,2,1,1,2,1,2,2,1,1
42,520900400000180327,1,2,2,2,2,1,2,2,1,2,2,2,2
42,520900400000190346,1,2,2,2,2,1,2,2,1,2,2,2,2
42,520900900000010001,1,2,2,1,2,1,2,2,1,2,2,2,1
42,520900900000040051,1,2,1,2,2,2,2,2,1,2,2,2,1
42,520900900000060081,1,2,2,1,2,1,2,2,1,2,2,2,1
42,520900900000070096,1,2,2,1,2,1,2,2,1,2,2,2,1
42,520900900000080108,1,2,2,2,2,1,2,2,2,2,2,2,2
42,520900900000090121,1,2,2,2,2,1,2,2,1,2,2,2,2
42,520900900000120164,1,2,2,2,2,1,2,2,1,2,2,2,2
42,520900900000130179,1,2,1,1,2,1,2,2,1,2,1,1,1
42,520900900000150209,1,2,1,2,2,1,2,2,1,2,2,2,1
42,520900900000170240,1,2,2,2,2,1,2,2,2,2,2,2,2
42,520903400200010038,1,2,2,1,1,2,2,2,1,2,2,2,2
42,520903400200060233,1,2,2,1,2,1,2,2,1,2,2,2,2
42,520903400200090350,1,2,2,2,2,2,2,2,2,2,2,2,1
42,520903400200100391,1,2,1,1,2,1,2,2,1,2,2,2,1
42,520903400200120469,1,2,2,1,2,1,2,2,1,2,2,2,1
42,520903400200130509,1,2,1,1,1,1,2,2,1,2,2,1,1
42,520903400200140546,1,2,2,2,2,2,2,2,2,2,2,2,2
42,520903400200150588,1,2,2,1,2,1,2,2,1,2,2,2,1
42,520903400200160627,1,2,2,1,2,1,1,2,1,2,2,2,1
42,520903400200180706,1,2,2,1,2,2,2,2,1,2,2,2,1
42,520903500200020037,1,2,2,2,2,1,1,2,1,2,1,2,1
42,520903500200030053,1,2,2,2,2,1,2,2,2,2,2,2,2
42,520903500200040070,1,2,2,2,2,1,2,2,2,2,2,2,2
42,520903500200050087,1,2,2,2,2,1,2,2,1,2,2,2,2
42,520903500200070118,1,2,2,2,2,1,1,2,1,2,2,2,2
42,520903500200080135,1,2,2,2,2,2,2,2,2,2,2,2,2
42,520903500200110182,1,2,2,2,2,2,2,2,2,2,2,2,2
42,520903500200128001,1,2,2,2,2,2,2,2,1,2,2,2,1
42,520903500200130215,1,2,2,2,2,2,2,2,2,2,2,2,2
42,520903500200150249,1,2,2,2,2,1,2,2,1,2,2,2,1
42,521300300000020051,1,2,2,2,2,1,2,2,2,2,2,2,1
42,521300300000030077,1,2,2,1,2,1,1,2,1,2,1,2,1
42,521300300000040100,1,2,2,1,2,1,2,2,1,2,2,2,1
42,521300300000060146,1,2,2,2,1,1,1,2,1,2,2,2,1
42,521300300000070168,1,2,2,1,2,2,2,2,1,2,2,2,1
42,521300300000080191,1,2,2,2,2,2,2,2,1,2,2,2,1
42,521300300000090214,1,2,2,2,1,1,2,2,2,2,2,2,2
42,521300300000110262,1,2,2,2,2,1,2,2,2,2,2,2,1
42,521300300000120284,1,2,2,2,2,1,2,2,2,2,2,2,1
42,521300300000130308,1,2,2,1,2,1,2,2,2,2,2,2,1
42,521300300000140332,1,2,2,2,2,2,2,2,1,2,2,2,1
42,521300300000150355,1,2,2,2,1,1,2,2,2,2,2,2,2
42,521300300000160379,1,2,2,2,2,1,1,2,1,2,2,2,1
42,521400100000010032,1,1,1,2,2,2,2,2,1,2,2,2,2
42,521400100000028001,1,2,2,2,2,1,2,2,1,2,1,2,1
42,521400100000030074,1,2,2,1,2,1,1,2,1,1,1,2,1
42,521400100000040095,1,2,2,2,2,1,1,2,1,1,2,2,1
42,521400100000050114,1,2,2,2,2,1,2,2,1,2,2,2,1
42,521400100000060133,1,2,2,2,2,1,1,2,1,1,2,2,1
42,521400100000070153,1,2,2,1,2,1,1,2,1,1,1,2,1
42,521400100000090192,1,2,2,1,2,1,1,2,1,2,2,2,1
42,521400100000130274,1,2,2,2,2,1,2,2,2,2,2,2,1
42,521400100000140294,1,2,2,2,2,1,2,2,1,2,2,2,1
42,521400100000150317,1,2,2,2,2,1,2,2,1,1,2,2,2
42,521400100000170356,1,2,2,2,2,2,2,2,2,2,2,2,2
42,521502800000010005,1,2,1,2,2,1,2,2,1,2,1,2,1
42,521502800000020020,1,2,2,2,2,2,2,2,2,2,2,2,1
42,521502800000030034,1,1,2,1,2,1,2,2,1,2,1,1,1
42,521502800000040049,2,2,2,2,2,2,2,2,2,2,2,2,1
42,521502800000060079,1,2,2,1,2,1,2,2,1,2,2,2,1
42,521502800000070095,1,2,2,1,2,1,2,2,1,2,2,2,1
42,521502800000080109,1,2,2,1,2,1,2,2,1,2,1,2,1
42,521502800000098001,1,2,2,2,2,2,2,2,2,2,2,2,1
42,521502800000100139,1,2,2,2,2,1,1,2,1,2,1,2,1
42,521502800000110154,1,2,2,1,2,1,1,2,1,2,1,2,1
42,521502800000120166,1,2,2,1,2,1,1,2,1,2,1,2,1
42,521502800000130181,1,2,2,1,2,1,1,2,1,2,1,1,1
42,521502800000140195,1,2,1,1,2,1,1,2,1,2,1,2,1
42,521502800000150210,1,2,2,1,2,1,2,2,2,2,1,2,1
42,521502800000178002,1,2,2,1,2,1,1,2,1,2,2,2,1
42,530300900000040036,1,2,2,2,2,2,2,2,2,2,2,2,2
42,530300900000050045,1,2,2,2,2,2,2,2,2,2,2,2,2
42,530300900000060055,1,2,2,2,2,2,2,2,2,2,2,2,2
42,530300900000070065,1,2,2,2,2,1,2,2,2,2,2,2,2
42,530300900000080071,1,2,2,2,2,2,2,2,2,2,2,2,2
42,530300900000090081,1,2,2,2,2,2,2,2,2,2,2,2,2
42,530300900000120108,1,2,2,2,1,1,2,2,2,2,1,2,2
42,530300900000130118,1,2,2,2,2,2,2,2,2,2,2,2,2
42,530300900000140126,1,2,2,2,2,2,2,2,2,2,2,2,2
42,530300900000150136,1,2,2,2,2,2,2,2,2,2,2,2,2
42,530301100000028002,1,2,2,2,2,2,2,2,2,2,2,2,2
42,530500700000040095,1,2,2,2,2,2,2,2,2,2,2,2,1
42,530500700000110246,1,2,2,2,2,1,2,2,2,2,2,2,1
42,530500700000148004,1,2,2,2,2,2,2,2,2,2,2,2,1
42,530500700000170378,1,2,2,2,2,1,2,2,2,2,2,2,1
42,530500800000010025,1,2,2,2,2,2,1,2,2,2,2,2,1
42,530500800000050093,1,2,2,2,2,2,2,2,2,2,2,2,1
42,530500800000060110,1,2,2,2,2,2,2,2,2,2,2,2,2
42,530500800000080144,1,2,2,2,2,2,2,2,2,2,2,2,1
42,530500800000090161,1,2,2,2,2,1,2,2,1,2,2,2,1
42,530500800000110195,1,2,2,2,2,1,2,2,2,2,2,2,2
42,530600500000030040,1,2,2,2,2,2,2,2,2,2,2,2,2
42,530600500000050076,1,2,2,1,2,1,2,2,1,2,2,2,1
42,530600600200010036,1,2,2,2,2,1,1,2,1,1,2,2,1
42,530600600200020069,1,2,2,2,2,1,2,2,2,2,2,2,2
42,530600600200030102,1,2,2,1,2,2,2,2,2,2,2,2,1
42,530600600200040135,1,2,2,2,2,1,1,2,1,2,2,2,2
42,530600600200070234,1,2,2,2,1,2,2,2,2,2,2,2,2
42,530600600200120399,1,2,2,2,2,1,2,2,2,2,2,2,2
42,530600600200190630,1,2,2,2,2,1,2,2,2,2,2,2,2
42,530600600200200663,1,2,2,2,2,2,2,2,2,2,2,2,1
42,530600600200250828,1,2,2,2,2,2,2,2,2,2,2,2,2
42,530700200100010003,1,2,2,2,1,1,2,2,2,2,2,2,2
42,530700200100020016,1,2,2,2,2,1,2,2,2,2,2,2,2
42,530700200100040042,1,2,2,2,2,1,2,2,2,2,2,2,2
42,530700200100050055,1,2,2,2,2,2,2,2,2,2,2,2,2
42,530700200100060068,1,2,2,2,2,1,2,2,2,2,2,2,2
42,530700200100078001,1,2,2,2,2,1,2,2,2,2,2,2,1
42,530700200100080092,1,2,2,2,2,1,2,2,1,2,2,2,1
42,530700200100100118,1,2,2,1,2,2,2,2,1,2,2,2,1
42,530700200100120144,1,2,2,2,2,1,2,2,2,2,2,2,2
42,531200900000040089,1,2,2,2,2,2,2,2,2,2,2,2,1
42,531200900000120247,1,2,2,2,2,1,1,2,2,2,2,2,2
42,531200900000130273,1,2,2,2,2,2,2,2,2,2,2,2,2
42,531200900000150323,1,2,2,2,2,1,2,2,1,2,2,2,2
42,531200900000160346,1,2,2,2,2,2,2,2,2,2,2,2,2
42,531200900000170369,1,2,2,2,2,1,2,2,2,2,2,2,2
42,531200900000180391,1,2,2,2,1,1,2,2,2,2,2,2,2
42,531200900000200436,1,2,2,2,2,1,2,2,1,2,2,2,2
42,531200900000210461,1,2,2,2,2,1,2,2,2,2,2,2,2
42,531401100000010004,1,2,1,1,2,1,2,2,1,2,2,2,1
42,531401100000028001,1,2,2,2,1,1,1,2,1,2,1,2,2
42,531401100000040082,1,2,1,1,2,1,1,2,1,1,1,2,1
42,531401100000050107,1,2,2,1,2,1,1,2,1,2,1,2,1
42,531401100000070156,1,2,2,2,1,1,1,2,1,2,1,2,1
42,531401100000080180,1,2,2,2,2,2,2,2,2,2,2,2,2
42,531401100000090204,1,2,2,1,2,1,1,2,1,2,2,2,2
42,531401100000100229,1,2,2,1,2,1,1,2,1,2,1,2,1
42,531401100000110253,1,2,2,2,2,2,1,2,2,2,2,2,2
42,531401100000138003,1,2,2,2,2,2,2,2,2,2,2,2,1
42,531401100000140326,1,2,2,1,2,1,1,2,1,1,2,1,1
42,531401100000150351,1,2,1,1,1,1,2,2,1,2,2,2,2
42,531401100000160376,1,2,2,1,2,1,1,2,1,2,2,2,2
42,531500800200010006,1,2,2,2,2,1,2,2,1,2,2,2,2
42,531500800200020025,1,2,2,1,2,1,1,2,1,2,2,2,1
42,531500800200038003,1,1,2,2,1,2,2,2,1,2,2,2,1
42,531500800200040060,1,2,2,2,2,2,2,2,2,2,2,2,2
42,531500800200058002,1,2,2,2,2,2,2,2,2,2,2,2,1
42,531500800200070102,1,2,2,2,2,1,2,2,2,2,2,2,2
42,531500800200080119,1,2,2,2,1,1,2,2,2,2,2,2,2
42,531500800200098001,1,2,2,2,2,2,2,2,2,2,2,2,1
42,531501100000010006,1,2,2,2,2,1,2,2,2,2,2,2,2
42,531501100000070103,1,2,2,2,2,1,2,2,2,2,2,2,2
42,531501100000100148,1,2,2,2,2,1,2,2,1,2,2,2,1
42,531501100000110162,1,2,2,2,2,1,2,2,2,2,2,2,1
42,531501100000130191,1,2,2,2,2,1,2,2,1,2,2,2,1
42,531501100000148001,1,2,2,2,2,2,2,2,2,2,2,2,2
42,531501100000160238,1,2,2,1,2,1,2,2,1,1,1,2,1
42,531501500100020030,1,2,2,2,2,2,2,2,1,2,2,2,1
42,531501500100048003,1,2,2,2,1,1,2,2,2,2,2,2,1
42,531501500100050089,1,2,2,2,2,2,2,2,2,2,2,2,2
42,531501500100118001,1,2,2,1,1,1,1,2,1,2,1,2,1
42,531501500100130263,1,2,2,1,2,2,2,2,1,2,1,2,1
42,531501500100150305,1,2,2,2,2,1,2,2,1,2,2,2,1
42,531604700700010020,1,2,2,2,1,1,2,2,1,2,2,2,2
42,531604700700020045,1,2,2,2,1,1,2,2,1,2,2,2,1
42,531604700700050116,1,2,1,1,1,1,1,2,1,2,1,2,1
42,531604700700060139,1,2,2,2,2,2,2,2,2,2,2,2,2
42,531604700700070164,1,2,2,1,1,1,2,2,1,2,1,2,2
42,531604700700098002,1,1,2,1,1,1,1,2,1,2,1,2,1
42,531604700700100233,1,2,2,1,1,1,2,2,1,2,1,2,1
42,531605900000018008,1,2,1,1,2,1,2,2,1,2,2,2,1
42,531605900000090113,1,2,2,1,1,1,1,2,1,2,1,2,1
42,531605900000108002,1,2,2,1,1,1,1,2,1,2,1,2,1
42,531605900000130162,1,2,2,1,2,1,1,2,1,2,1,1,1
42,531605900000150187,1,2,2,1,1,1,1,1,1,2,1,1,1
42,531605900000168006,1,1,1,2,1,2,2,2,1,2,2,2,1
42,531605900000180223,1,2,2,1,1,2,1,2,1,2,2,2,1
42,531606700100040170,1,2,2,1,2,1,2,2,1,2,2,2,1
42,531606700100050209,1,2,2,1,2,2,2,2,2,2,2,2,1
42,531606700100068001,1,2,2,1,2,1,1,2,1,2,1,1,1
42,531606700100070293,1,2,2,1,2,1,1,2,1,2,1,2,1
42,531606700100108013,1,2,1,1,2,1,2,2,1,2,1,2,1
42,531606700100110455,1,2,2,1,2,1,1,2,1,2,1,1,1
42,531606700100120495,1,2,2,1,2,1,2,2,1,2,1,2,2
42,531606700100138014,1,2,1,1,2,1,1,2,1,2,2,2,1
42,531606700100140002,1,2,1,1,1,1,1,2,1,2,1,1,1
42,531606700100158006,1,2,1,1,1,1,1,2,1,2,2,1,1
42,531606700100168007,1,2,1,1,2,1,1,2,1,2,1,2,1
42,531606700100188009,1,2,2,1,2,2,1,2,1,2,2,1,1
42,531606700100198015,1,2,2,2,2,2,2,2,1,2,2,2,1
42,531606700100230333,1,2,2,1,2,1,2,2,1,2,2,2,1
42,531606700100258016,1,2,2,2,1,1,2,2,2,2,1,2,1
42,531606700100260457,1,2,1,2,1,1,1,2,1,2,1,2,1
42,531606700100278017,1,2,2,1,2,1,2,2,1,2,2,2,1
42,531606700100280531,1,2,2,2,2,1,2,2,2,2,2,2,1
42,531606700100290574,1,2,2,1,1,1,1,2,2,2,1,1,1
42,531700300000020041,1,2,2,2,2,1,2,2,2,2,2,2,1
42,531700300000030062,1,2,2,2,2,2,1,2,1,2,2,2,1
42,531700300000048002,1,2,2,2,2,1,2,2,1,2,2,2,2
42,531700300000080167,1,2,2,2,2,1,2,2,1,2,2,2,1
42,531700300000090189,1,2,2,2,2,2,2,2,2,2,2,2,1
42,531803000000010025,1,2,2,1,2,1,2,2,1,2,2,2,2
42,531803000000020045,1,2,2,2,2,1,2,2,2,2,2,2,1
42,531803000000030072,1,2,2,2,2,1,2,2,1,2,2,2,2
42,531803000000050122,1,2,2,2,2,2,2,2,2,2,2,2,2
42,531803000000068005,1,2,2,2,2,1,2,2,2,2,2,2,2
42,531803000000078003,1,2,2,2,2,1,2,2,1,2,1,2,1
42,531803000000080208,1,2,2,2,2,2,2,2,2,2,2,2,2
42,531803000000090235,1,2,2,2,2,2,2,2,2,2,2,2,2
42,531803000000100264,1,2,2,2,2,2,2,2,2,2,2,2,2
42,531803000000110289,1,2,2,1,1,1,1,2,1,2,1,2,2
42,531803000000140367,1,2,2,1,2,1,1,2,1,2,2,2,2
42,531803000000170444,1,2,2,1,2,1,2,2,1,2,2,2,2
42,531803000000208004,1,2,2,2,2,2,2,2,2,2,2,2,2
42,531803000000210551,1,2,2,2,2,1,1,2,1,2,2,2,2
42,531803000000220578,1,2,1,1,1,1,1,2,1,2,1,2,2
42,531803000000238002,1,2,2,1,2,1,1,2,1,2,2,2,1
42,531803000000240630,1,2,2,2,2,1,2,2,1,2,2,2,2
42,531900500000020041,1,2,2,2,2,2,2,2,1,2,2,2,2
42,531900500000030069,1,2,2,1,2,1,1,2,1,2,1,2,1
42,531900500000040097,1,2,2,2,2,1,2,2,1,2,2,2,2
42,531900500000080209,1,2,2,2,2,1,2,2,1,2,1,2,2
42,531900500000090237,1,2,2,2,2,1,1,2,1,2,2,2,2
42,531900500000100265,1,2,2,2,2,2,2,2,2,2,2,2,2
42,532001500000030081,1,2,2,2,2,2,2,2,2,2,2,2,2
42,532001500000040115,1,2,2,2,2,2,2,2,2,2,2,2,2
42,532001500000060187,1,2,2,2,2,1,2,2,1,2,2,2,1
42,532001500000108005,1,2,2,2,2,2,2,2,2,2,2,2,2
42,532001500000130426,1,2,2,2,2,1,2,2,2,2,2,2,1
42,532002700000030051,1,2,2,2,1,1,1,2,1,2,2,2,1
42,532002700000040070,1,2,2,2,2,1,2,2,1,2,2,2,2
42,532002700000060106,1,2,2,2,2,2,2,2,2,2,2,2,1
42,532002700000070123,1,2,2,2,2,1,2,2,2,2,2,2,1
42,532200300000038001,1,2,2,2,2,2,2,2,2,2,2,2,2
42,532200300000040090,1,2,2,2,2,2,2,2,2,2,2,2,2
42,532200300000060133,1,2,2,2,2,2,2,2,2,2,2,2,2
42,532200300000070007,1,2,2,2,2,2,2,2,2,2,2,2,2
42,532200300000090048,1,2,2,2,2,2,2,2,2,2,2,2,2
42,532200300000100067,1,2,2,2,2,2,2,2,2,2,2,2,2
42,532200300000120108,1,2,2,2,2,2,2,2,2,2,2,2,2
42,532200300000160186,1,2,2,2,2,2,2,2,2,2,2,2,2
42,532300400000068003,1,2,2,2,2,2,2,2,2,2,2,2,2
42,532300400000110263,1,2,2,2,2,2,2,2,2,2,2,2,1
42,590100300000110207,1,2,2,1,2,1,2,2,1,2,1,2,1
42,590100300000120224,1,2,2,1,2,2,2,2,1,2,2,2,1
42,590100300000130241,1,2,2,2,1,2,2,2,1,2,2,2,1
42,590100300000140254,1,2,2,1,1,2,2,2,1,2,2,2,1
42,590100300000170305,1,2,1,1,2,1,1,2,1,2,1,1,1
42,590301300000010017,1,2,2,1,2,1,1,2,1,2,2,1,1
42,590301300000028001,1,2,2,2,2,2,2,2,2,2,2,2,2
42,590301300000038003,1,2,2,2,2,2,2,2,2,2,2,2,1
42,590301300000040091,1,2,2,1,1,2,2,2,2,2,2,2,1
42,590301300000100238,1,2,2,2,1,1,1,2,1,2,1,2,1
42,590301300000110263,1,2,2,2,2,1,2,2,2,2,2,2,1
42,590301300000120287,1,2,2,2,1,1,2,2,2,2,2,2,2
42,590301300000130310,1,2,2,2,2,2,1,2,1,2,2,2,1
42,590301300000140336,1,2,2,2,2,2,2,2,2,2,2,2,2
42,590301300000150360,1,2,2,2,2,2,2,2,2,2,2,2,1
42,590301300000160383,1,2,1,2,2,1,1,2,1,2,2,2,1
42,590901700100010017,1,2,2,2,2,1,2,2,2,2,2,2,1
42,590901700100048001,1,2,2,2,1,2,2,2,1,1,2,2,1
42,590901700100050106,1,2,2,2,2,2,2,2,2,2,2,2,2
42,590901700100060129,1,2,1,2,2,1,2,2,1,2,2,2,1
42,590901700100070153,1,2,1,1,1,1,1,2,1,1,1,2,1
42,590901700100080177,1,1,1,2,1,1,2,2,2,2,2,2,2
42,590901700100090200,1,2,2,1,1,1,1,2,1,2,2,2,1
42,591001500000010016,1,2,2,2,2,1,2,2,2,2,2,2,1
42,591001500000050090,1,2,2,2,2,1,1,2,1,2,2,2,1
42,591001500000090160,1,2,2,2,2,2,2,2,2,2,2,2,1
42,591001500000100178,1,2,2,1,1,1,2,2,1,2,2,2,1
42,591001500000130234,1,2,2,2,2,2,2,2,2,2,2,2,2
42,591001500000140253,1,2,2,1,2,1,2,2,1,2,2,2,2
42,591001500000150270,1,2,2,2,2,2,2,2,1,2,2,2,1
42,591001500000168001,1,2,2,2,2,2,2,2,2,2,2,2,2
42,591002400000020011,1,2,2,2,2,1,2,2,1,2,2,2,2
42,591002400000030019,1,2,2,1,2,1,2,2,2,2,2,2,1
42,591002400000040027,1,2,2,2,2,1,2,2,1,2,2,2,1
42,591002400000050035,1,2,2,1,2,1,2,2,2,2,2,2,1
42,591002400000060041,1,2,1,2,2,2,2,2,1,2,2,2,1
42,591002400000080056,1,2,2,2,2,1,2,2,2,2,2,2,1
42,591002400000108002,1,2,2,2,2,2,2,2,2,2,2,2,1
42,591002400000130094,1,2,2,2,2,2,2,2,2,2,2,2,2
42,591002400000150110,1,2,2,2,2,1,2,2,1,2,2,2,1
42,591300800000010028,1,2,2,2,2,2,2,2,2,2,2,2,1
42,591300800000030068,1,2,2,2,2,1,2,2,1,2,2,2,1
42,591300800000040089,1,2,2,2,2,2,2,2,2,2,2,2,1
42,591300800000050110,1,2,2,2,2,2,2,2,2,2,1,2,1
42,591300800000090192,1,2,2,1,1,2,2,2,1,2,2,2,1
42,591300800000100213,1,2,2,2,2,2,2,2,2,2,2,2,1
42,591300800000110234,1,2,2,2,2,2,2,2,2,2,2,2,2
42,591300800000120255,1,2,2,2,1,2,2,2,1,2,2,2,1
42,591300800000130276,1,2,2,2,2,1,1,2,1,2,1,2,1
42,591300800000140285,1,2,2,2,2,2,2,2,1,2,2,2,2
42,591300800000150306,1,2,2,2,2,1,2,2,2,2,2,2,1
42,591300800000160327,1,2,2,2,2,2,2,2,2,2,2,2,2
42,591300800000170348,1,2,2,2,1,1,2,2,2,2,2,2,2
42,591300800000180369,1,2,2,2,2,2,2,2,2,2,2,2,2
42,591301100000010019,1,2,2,2,2,2,2,2,1,2,2,2,1
42,591301100000020039,1,2,2,2,2,2,1,2,2,2,2,2,1
42,591301100000040074,1,2,1,1,1,1,1,1,1,2,1,1,1
42,591301100000070126,1,2,2,1,1,1,1,2,1,2,2,2,2
42,591301100000080142,1,2,2,1,1,1,1,2,1,2,2,2,1
42,591301100000090156,1,2,2,2,2,2,2,2,1,2,2,2,1
42,591301100000100173,1,2,2,1,2,2,2,2,1,2,2,2,1
42,591301100000110192,1,2,2,1,2,2,2,2,1,2,2,2,1
42,591301100000120211,1,2,2,1,2,1,2,2,1,2,2,2,1
42,591301100000140245,1,2,2,1,2,1,2,2,1,2,2,2,1
42,591301100000150261,1,2,2,2,2,2,2,2,1,2,2,2,2
42,591301100000180310,1,2,2,2,2,2,2,2,1,2,2,2,2
42,591500900000020020,1,2,2,2,1,2,2,2,2,2,2,2,1
42,591500900000030037,1,2,2,2,1,1,2,2,1,2,2,2,1
42,591500900000070102,1,2,2,2,2,1,2,2,2,2,2,2,1
42,591500900000090135,1,2,2,2,2,1,2,2,2,2,2,2,2
42,591500900000110166,1,2,2,2,2,1,2,2,2,2,2,2,2
42,591500900000140217,1,2,2,2,2,2,2,2,2,2,2,2,1
42,591500900000160252,1,2,2,1,2,1,2,2,1,2,2,2,1
