QID,reported_kwh,reported_bill,region,bottom_up_kwh,ratio,implied_php_per_kwh
140300700100010019,83,700.0,Central Luzon,140.31,1.69,8.43
140300700100028005,163,1783.0,Central Luzon,102.12,0.627,10.94
140300700100050141,121,1100.0,Central Luzon,80.35,0.664,9.09
140300700100078003,32,257.0,Central Luzon,57.12,1.785,8.03
140300700100080237,100,606.0,Central Luzon,55.25,0.552,6.06
140300700100090269,120,700.0,Central Luzon,49.28,0.411,5.83
140300700100100299,83,733.0,Central Luzon,144.72,1.744,8.83
140300700100110330,100,1050.0,Central Luzon,71.87,0.719,10.5
140300700100138006,44,300.0,Central Luzon,39.9,0.907,6.82
140300700100140424,277,2887.0,Central Luzon,161.0,0.581,10.42
140300700100160488,90,1051.0,Central Luzon,151.27,1.681,11.68
140301300200038003,151,1537.0,Central Luzon,119.47,0.791,10.18
140301300200040098,70,700.0,Central Luzon,74.15,1.059,10.0
140301300200050125,117,1203.0,Central Luzon,127.96,1.094,10.28
140301300200060152,155,1805.0,Central Luzon,115.85,0.747,11.65
140301300200088002,220,2358.0,Central Luzon,192.59,0.875,10.72
140301300200108004,92,717.0,Central Luzon,125.68,1.366,7.79
140301300200120302,36,400.0,Central Luzon,36.6,1.017,11.11
140301300200140350,85,590.0,Central Luzon,36.43,0.429,6.94
140301300200150374,92,1051.0,Central Luzon,174.74,1.899,11.42
140301300200160401,400,3500.0,Central Luzon,157.7,0.394,8.75
140301400200010020,260,3000.0,Central Luzon,214.31,0.824,11.54
140301400200040110,65,700.0,Central Luzon,55.74,0.858,10.77
140301400200050142,107,1200.0,Central Luzon,155.47,1.453,11.21
140301400200060173,72,800.0,Central Luzon,76.37,1.061,11.11
140301400200098006,35,381.0,Central Luzon,42.58,1.217,10.89
140301400200118004,163,1707.0,Central Luzon,166.76,1.023,10.47
140301400200138008,53,600.0,Central Luzon,47.17,0.89,11.32
140301400200158007,89,875.0,Central Luzon,55.52,0.624,9.83
140301400200178005,82,801.0,Central Luzon,128.01,1.561,9.77
140301900200010008,137,1235.0,Central Luzon,43.5,0.318,9.01
140301900200030061,51,300.0,Central Luzon,50.0,0.98,5.88
140301900200040087,155,1485.0,Central Luzon,119.3,0.77,9.58
140301900200058001,81,786.0,Central Luzon,81.23,1.003,9.7
140301900200060137,125,1200.0,Central Luzon,157.74,1.262,9.6
140301900200070160,117,866.0,Central Luzon,62.46,0.534,7.4
140301900200080184,10,100.0,Central Luzon,23.67,2.367,10.0
140301900200090210,193,1895.0,Central Luzon,113.11,0.586,9.82
140301900200100233,250,2875.0,Central Luzon,175.43,0.702,11.5
140301900200110258,316,3000.0,Central Luzon,80.42,0.254,9.49
140301900200128002,160,1590.0,Central Luzon,180.35,1.127,9.94
140301900200140333,190,1800.0,Central Luzon,133.63,0.703,9.47
140301900200150353,163,1679.0,Central Luzon,179.98,1.104,10.3
140301900200168003,120,1236.0,Central Luzon,115.19,0.96,10.3
140301900200170405,215,2500.0,Central Luzon,164.55,0.765,11.63
140301900200180436,80,600.0,Central Luzon,107.42,1.343,7.5
140400400000018005,40,250.0,Central Luzon,90.73,2.268,6.25
140400400000020116,85,700.0,Central Luzon,34.91,0.411,8.24
140400400000030171,269,3029.0,Central Luzon,258.15,0.96,11.26
140400400000048003,100,1000.0,Central Luzon,147.61,1.476,10.0
140400400000068002,186,1949.0,Central Luzon,197.14,1.06,10.48
140400400000080391,174,1600.0,Central Luzon,137.57,0.791,9.2
140400400000100496,51,400.0,Central Luzon,209.92,4.116,7.84
140400400000110549,85,649.0,Central Luzon,82.54,0.971,7.64
140400400000130655,198,2000.0,Central Luzon,116.28,0.587,10.1
140400400000140706,85,728.0,Central Luzon,126.1,1.484,8.56
140400400000150760,65,450.0,Central Luzon,70.21,1.08,6.92
140400400000170865,94,1000.0,Central Luzon,105.13,1.118,10.64
140400400000180916,100,1000.0,Central Luzon,93.58,0.936,10.0
140400400000190972,63,443.0,Central Luzon,341.25,5.417,7.03
140400400000198004,63,443.0,Central Luzon,341.35,5.418,7.03
140500500000030099,68,600.0,Central Luzon,142.03,2.089,8.82
140500500000040130,70,472.0,Central Luzon,69.42,0.992,6.74
140500500000060196,27,300.0,Central Luzon,5.64,0.209,11.11
140500500000080256,172,2000.0,Central Luzon,184.51,1.073,11.63
140500500000090287,126,1400.0,Central Luzon,60.1,0.477,11.11
140500500000108003,428,5000.0,Central Luzon,796.58,1.861,11.68
140500500000110353,172,2000.0,Central Luzon,196.72,1.144,11.63
140500500000120382,148,1539.0,Central Luzon,102.51,0.693,10.4
140500500000130413,218,2500.0,Central Luzon,249.48,1.144,11.47
140500500000140446,68,761.0,Central Luzon,143.33,2.108,11.19
140500500000150477,119,1300.0,Central Luzon,193.33,1.625,10.92
140500500000168002,172,2000.0,Central Luzon,141.47,0.822,11.63
140500500000170552,227,2600.0,Central Luzon,212.14,0.935,11.45
140501300400020061,97,798.0,Central Luzon,152.96,1.577,8.23
140501300400030087,172,1770.0,Central Luzon,62.19,0.362,10.29
140501300400040114,33,179.0,Central Luzon,37.2,1.127,5.42
140501300400060168,100,821.0,Central Luzon,75.84,0.758,8.21
140501300400070190,69,600.0,Central Luzon,27.72,0.402,8.7
140501300400080217,175,1800.0,Central Luzon,265.4,1.517,10.29
140501300400090243,229,2170.0,Central Luzon,229.15,1.001,9.48
140501300400100268,27,300.0,Central Luzon,35.52,1.316,11.11
140501300400120321,92,800.0,Central Luzon,65.79,0.715,8.7
140501300400130343,263,2500.0,Central Luzon,640.93,2.437,9.51
140501300400150392,200,1600.0,Central Luzon,137.86,0.689,8.0
140501300400160414,98,800.0,Central Luzon,44.23,0.451,8.16
140501300400170434,84,696.0,Central Luzon,95.23,1.134,8.29
140501300400188002,80,700.0,Central Luzon,87.78,1.097,8.75
140501300400190484,20,200.0,Central Luzon,55.86,2.793,10.0
141002500300010021,15,169.0,Central Luzon,48.76,3.251,11.27
141002500300028001,35,200.0,Central Luzon,41.54,1.187,5.71
141002500300088002,98,1000.0,Central Luzon,72.25,0.737,10.2
141002500300100289,120,1400.0,Central Luzon,159.97,1.333,11.67
141002500300140381,120,1400.0,Central Luzon,199.86,1.666,11.67
141002500300170455,250,2700.0,Central Luzon,270.68,1.083,10.8
141002500300190508,1000,11000.0,Central Luzon,1255.03,1.255,11.0
141002500300200539,80,600.0,Central Luzon,151.34,1.892,7.5
141002900200010023,180,2000.0,Central Luzon,84.84,0.471,11.11
141002900200030088,288,2600.0,Central Luzon,237.82,0.826,9.03
141002900200058001,313,3574.0,Central Luzon,219.56,0.701,11.42
141002900200078003,19,209.0,Central Luzon,68.78,3.62,11.0
141002900200090275,162,1719.0,Central Luzon,521.8,3.221,10.61
141002900200100306,18,200.0,Central Luzon,34.56,1.92,11.11
141002900200110334,141,1500.0,Central Luzon,211.96,1.503,10.64
141002900200120368,180,2000.0,Central Luzon,84.12,0.467,11.11
141002900200130400,50,400.0,Central Luzon,63.88,1.278,8.0
141002900200140433,108,1121.0,Central Luzon,151.76,1.405,10.38
141002900200150466,100,1100.0,Central Luzon,80.82,0.808,11.0
141002900200160501,144,1400.0,Central Luzon,172.04,1.195,9.72
141002900200170533,241,2694.0,Central Luzon,101.46,0.421,11.18
141002900200180566,102,1200.0,Central Luzon,171.59,1.682,11.76
141005300200028003,48,300.0,Central Luzon,61.92,1.29,6.25
141005300200030068,20,217.0,Central Luzon,42.22,2.111,10.85
141005300200040093,141,1500.0,Central Luzon,200.59,1.423,10.64
141005300200050115,45,378.0,Central Luzon,59.31,1.318,8.4
141005300200060139,194,1600.0,Central Luzon,111.27,0.574,8.25
141005300200070167,120,1200.0,Central Luzon,274.24,2.285,10.0
141005300200090219,112,1200.0,Central Luzon,188.06,1.679,10.71
141005300200138004,181,2000.0,Central Luzon,457.29,2.526,11.05
141005300200150334,63,700.0,Central Luzon,127.23,2.02,11.11
141005300200160357,250,1781.0,Central Luzon,233.99,0.936,7.12
141005300200170379,63,700.0,Central Luzon,96.99,1.54,11.11
141005300200188005,136,1360.0,Central Luzon,160.28,1.179,10.0
141005300200190424,269,2800.0,Central Luzon,315.98,1.175,10.41
141005300200200449,176,1800.0,Central Luzon,171.32,0.973,10.23
141100500100020063,120,1300.0,Central Luzon,217.69,1.814,10.83
141100500100020064,234,2579.0,Central Luzon,148.82,0.636,11.02
141100500100050183,178,1963.0,Central Luzon,97.71,0.549,11.03
141100500100100386,122,1376.0,Central Luzon,96.94,0.795,11.28
141100500100110425,238,2717.0,Central Luzon,139.32,0.585,11.42
141100500100128002,168,1163.0,Central Luzon,176.34,1.05,6.92
141100500100150591,201,1560.0,Central Luzon,161.16,0.802,7.76
141100600600048014,115,1300.0,Central Luzon,174.93,1.521,11.3
141100600600050066,182,1375.0,Central Luzon,97.53,0.536,7.55
141100600600060080,301,2823.0,Central Luzon,452.92,1.505,9.38
141100600600078015,141,1600.0,Central Luzon,471.01,3.34,11.35
141100600600098003,168,1900.0,Central Luzon,242.59,1.444,11.31
141100600600108016,192,2000.0,Central Luzon,270.5,1.409,10.42
141100600600118005,301,3000.0,Central Luzon,596.26,1.981,9.97
141100600600128006,62,500.0,Central Luzon,78.35,1.264,8.06
141100600600130174,300,3000.0,Central Luzon,607.42,2.025,10.0
141100600600150202,155,1400.0,Central Luzon,231.06,1.491,9.03
141100600600168008,268,2700.0,Central Luzon,321.08,1.198,10.07
141100600600178009,78,800.0,Central Luzon,142.53,1.827,10.26
141100600600188017,462,4500.0,Central Luzon,195.76,0.424,9.74
141201500300010013,100,1100.0,Central Luzon,141.52,1.415,11.0
141201500300028007,123,1274.0,Central Luzon,152.94,1.243,10.36
141201500300048004,190,1050.0,Central Luzon,190.95,1.005,5.53
141201500300050105,25,264.0,Central Luzon,123.24,4.93,10.56
141201500300060128,139,1400.0,Central Luzon,130.58,0.939,10.07
141201500300070149,125,1300.0,Central Luzon,112.96,0.904,10.4
141201500300088006,97,600.0,Central Luzon,70.19,0.724,6.19
141201500300090198,193,1250.0,Central Luzon,103.09,0.534,6.48
141201500300120268,105,1100.0,Central Luzon,147.54,1.405,10.48
141201500300130294,74,614.0,Central Luzon,103.65,1.401,8.3
141201500300170386,195,1200.0,Central Luzon,191.14,0.98,6.15
141201600000010022,70,466.0,Central Luzon,164.08,2.344,6.66
141201600000020060,155,1800.0,Central Luzon,162.4,1.048,11.61
141201600000038001,35,300.0,Central Luzon,25.77,0.736,8.57
141201600000040138,150,900.0,Central Luzon,117.13,0.781,6.0
141201600000060217,75,645.0,Central Luzon,64.24,0.857,8.6
141201600000070257,422,2529.0,Central Luzon,114.92,0.272,5.99
141201600000080294,65,700.0,Central Luzon,151.14,2.325,10.77
141201600000098002,300,2400.0,Central Luzon,336.4,1.121,8.0
141201600000108003,62,440.0,Central Luzon,142.65,2.301,7.1
141201600000110418,110,761.0,Central Luzon,314.86,2.862,6.92
141201600000120458,68,608.0,Central Luzon,120.96,1.779,8.94
141201600000130499,88,745.0,Central Luzon,128.58,1.461,8.47
141201600000140539,180,1137.0,Central Luzon,120.86,0.671,6.32
141201600000150580,189,1923.0,Central Luzon,245.89,1.301,10.17
141201600000168004,63,735.0,Central Luzon,46.98,0.746,11.67
141201600000180702,30,202.0,Central Luzon,8.33,0.278,6.73
141201600000198005,137,1476.0,Central Luzon,136.1,0.993,10.77
141201600000200781,350,2400.0,Central Luzon,105.64,0.302,6.86
141201600000230892,525,3500.0,Central Luzon,91.2,0.174,6.67
141201700100018008,200,1500.0,Central Luzon,312.53,1.563,7.5
141201700100038002,270,3000.0,Central Luzon,198.47,0.735,11.11
141201700100040107,85,500.0,Central Luzon,41.7,0.491,5.88
141201700100070193,97,600.0,Central Luzon,14.93,0.154,6.19
141201700100088009,24,150.0,Central Luzon,52.92,2.205,6.25
141201700100090250,130,1500.0,Central Luzon,198.18,1.524,11.54
141201700100100279,275,3100.0,Central Luzon,133.98,0.487,11.27
141201700100120337,270,3000.0,Central Luzon,135.15,0.501,11.11
141201700100138007,194,1200.0,Central Luzon,102.76,0.53,6.19
141201700100148004,388,2500.0,Central Luzon,200.98,0.518,6.44
141201700100158005,400,3000.0,Central Luzon,388.64,0.972,7.5
141401000200010252,1380,15000.0,Central Luzon,505.81,0.367,10.87
141401000300010015,281,3200.0,Central Luzon,197.84,0.704,11.39
141401000300028004,27,300.0,Central Luzon,46.9,1.737,11.11
141401000300030046,35,400.0,Central Luzon,36.58,1.045,11.43
141401000300050076,18,200.0,Central Luzon,49.31,2.739,11.11
141401000300078001,133,1500.0,Central Luzon,71.4,0.537,11.28
141401000300100154,130,1500.0,Central Luzon,96.61,0.743,11.54
141401000300110169,99,800.0,Central Luzon,54.72,0.553,8.08
141401000300120185,257,3000.0,Central Luzon,284.02,1.105,11.67
141401000300130197,130,1500.0,Central Luzon,195.1,1.501,11.54
141401000300160239,120,1400.0,Central Luzon,167.88,1.399,11.67
141401000300180266,80,700.0,Central Luzon,47.32,0.592,8.75
141401000300198005,353,4000.0,Central Luzon,332.15,0.941,11.33
141401000300220322,173,2000.0,Central Luzon,103.67,0.599,11.56
141401000300230337,215,2500.0,Central Luzon,164.78,0.766,11.63
141401000300240349,120,1300.0,Central Luzon,61.32,0.511,10.83
141401000300250363,175,2000.0,Central Luzon,150.0,0.857,11.43
141500600000010231,50,300.0,Central Luzon,23.37,0.467,6.0
141500700000040091,80,650.0,Central Luzon,27.62,0.345,8.12
141500700000050112,120,1200.0,Central Luzon,373.34,3.111,10.0
141500700000060135,18,200.0,Central Luzon,21.78,1.21,11.11
141500700000070156,60,500.0,Central Luzon,82.35,1.372,8.33
141500700000080180,100,1000.0,Central Luzon,29.95,0.3,10.0
141500700000090202,111,742.0,Central Luzon,133.56,1.203,6.68
141500700000100224,151,1660.0,Central Luzon,325.47,2.155,10.99
141500700000110246,17,192.0,Central Luzon,25.2,1.482,11.29
141500700000130293,90,741.0,Central Luzon,116.43,1.294,8.23
141500700000140315,120,1200.0,Central Luzon,406.73,3.389,10.0
141500700000150336,179,1771.0,Central Luzon,389.67,2.177,9.89
141500700000160359,71,678.0,Central Luzon,59.75,0.842,9.55
141500700000180405,355,4100.0,Central Luzon,145.91,0.411,11.55
141500700000200453,269,3000.0,Central Luzon,410.23,1.525,11.15
141500900000010018,80,700.0,Central Luzon,46.28,0.578,8.75
141500900000030065,45,500.0,Central Luzon,101.42,2.254,11.11
141500900000040089,30,300.0,Central Luzon,44.85,1.495,10.0
141500900000050114,50,500.0,Central Luzon,86.49,1.73,10.0
141500900000060138,80,598.0,Central Luzon,66.01,0.825,7.48
141500900000080185,51,450.0,Central Luzon,65.97,1.294,8.82
141500900000100233,118,1300.0,Central Luzon,124.52,1.055,11.02
141500900000110257,250,2700.0,Central Luzon,63.32,0.253,10.8
141500900000120280,53,375.0,Central Luzon,44.92,0.848,7.08
141500900000140328,220,2500.0,Central Luzon,402.01,1.827,11.36
141500900000158001,55,400.0,Central Luzon,45.83,0.833,7.27
141700700100018007,127,1254.0,Central Luzon,182.36,1.436,9.87
141700700100020064,168,1652.0,Central Luzon,98.0,0.583,9.83
141700700100050167,36,362.0,Central Luzon,40.65,1.129,10.06
141700700100068005,48,382.0,Central Luzon,30.95,0.645,7.96
141700700100090310,38,233.0,Central Luzon,75.57,1.989,6.13
141700700100100344,135,1213.0,Central Luzon,101.65,0.753,8.99
141700700100110381,111,1091.0,Central Luzon,58.01,0.523,9.83
141700700100120417,163,1600.0,Central Luzon,155.95,0.957,9.82
141700700100130450,150,1500.0,Central Luzon,151.76,1.012,10.0
141700700100140487,150,1476.0,Central Luzon,48.87,0.326,9.84
141700700100158001,58,471.0,Central Luzon,100.71,1.736,8.12
141700700100160559,600,6000.0,Central Luzon,76.92,0.128,10.0
141700700100170595,115,1193.0,Central Luzon,110.24,0.959,10.37
141700700100180631,132,1300.0,Central Luzon,69.39,0.526,9.85
141700700100190665,60,427.0,Central Luzon,71.52,1.192,7.12
141800800000030106,85,900.0,Central Luzon,51.0,0.6,10.59
141800800000040145,63,600.0,Central Luzon,90.03,1.429,9.52
141800800000050184,18,200.0,Central Luzon,49.56,2.753,11.11
141800800000070259,46,283.0,Central Luzon,84.05,1.827,6.15
141800800000090336,43,300.0,Central Luzon,67.63,1.573,6.98
141800800000118002,42,300.0,Central Luzon,49.39,1.176,7.14
141800800000120450,92,1010.0,Central Luzon,110.21,1.198,10.98
141802600200020076,64,662.0,Central Luzon,126.61,1.978,10.34
141802600200038002,84,910.0,Central Luzon,68.97,0.821,10.83
141802600200070308,62,633.0,Central Luzon,14.1,0.227,10.21
141802600200080345,190,1900.0,Central Luzon,188.07,0.99,10.0
141802600200090388,276,2900.0,Central Luzon,222.45,0.806,10.51
141802600200100434,147,1500.0,Central Luzon,106.51,0.725,10.2
141802600200130569,114,1200.0,Central Luzon,120.43,1.056,10.53
141802600200140616,180,1881.0,Central Luzon,193.33,1.074,10.45
141802600200158001,90,800.0,Central Luzon,240.59,2.673,8.89
142000400800010028,520,5000.0,Central Luzon,298.21,0.573,9.62
142000400800030076,163,1600.0,Central Luzon,146.35,0.898,9.82
142000400800040100,120,1300.0,Central Luzon,168.2,1.402,10.83
142000400800068008,170,2000.0,Central Luzon,228.21,1.342,11.76
142000400800078011,192,2000.0,Central Luzon,185.36,0.965,10.42
142000400800080184,40,270.0,Central Luzon,188.48,4.712,6.75
142000400800108012,174,1900.0,Central Luzon,212.86,1.223,10.92
142000400800118003,60,500.0,Central Luzon,40.1,0.668,8.33
142000400800150335,94,800.0,Central Luzon,94.68,1.007,8.51
142000400800168005,175,1800.0,Central Luzon,206.48,1.18,10.29
142000400800190429,380,4300.0,Central Luzon,212.05,0.558,11.32
142000400800220496,145,1600.0,Central Luzon,153.73,1.06,11.03
142000700200010008,70,500.0,Central Luzon,87.31,1.247,7.14
142000700200020035,198,2000.0,Central Luzon,135.63,0.685,10.1
142000700200048004,200,2032.0,Central Luzon,191.31,0.957,10.16
142000700200050116,220,2300.0,Central Luzon,198.22,0.901,10.45
142000700200060143,75,600.0,Central Luzon,59.34,0.791,8.0
142000700200070174,220,2500.0,Central Luzon,239.38,1.088,11.36
142000700200080205,160,1600.0,Central Luzon,174.01,1.088,10.0
142000700200098001,98,1100.0,Central Luzon,183.01,1.867,11.22
142000700200100263,120,1200.0,Central Luzon,76.98,0.642,10.0
142000700200110293,200,1961.0,Central Luzon,330.23,1.651,9.8
142000700200120322,229,2400.0,Central Luzon,120.7,0.527,10.48
142000700200140376,130,1350.0,Central Luzon,153.76,1.183,10.38
142000700200158005,55,360.0,Central Luzon,22.08,0.401,6.55
142000700200160434,160,1600.0,Central Luzon,64.0,0.4,10.0
142001600100018004,174,1500.0,Central Luzon,211.12,1.213,8.62
142001600100028001,83,700.0,Central Luzon,83.24,1.003,8.43
142001600100030067,61,400.0,Central Luzon,40.65,0.666,6.56
142001600100040095,89,733.0,Central Luzon,118.88,1.336,8.24
142001600100060152,174,1500.0,Central Luzon,167.38,0.962,8.62
142001600100088002,70,700.0,Central Luzon,50.58,0.723,10.0
142001600100090239,50,400.0,Central Luzon,55.86,1.117,8.0
142001600100100265,180,1800.0,Central Luzon,108.52,0.603,10.0
142001600100110293,211,2000.0,Central Luzon,286.09,1.356,9.48
142001600100120323,60,430.0,Central Luzon,39.14,0.652,7.17
142001600100130350,220,1400.0,Central Luzon,101.63,0.462,6.36
142001600100140380,50,500.0,Central Luzon,44.75,0.895,10.0
142001600100150410,51,300.0,Central Luzon,44.88,0.88,5.88
142001600100160440,71,600.0,Central Luzon,42.32,0.596,8.45
142001900200028001,89,712.0,Central Luzon,46.59,0.523,8.0
142001900200050089,128,1416.0,Central Luzon,174.63,1.364,11.06
142001900200080145,110,1264.0,Central Luzon,50.15,0.456,11.49
142001900200110204,160,1500.0,Central Luzon,29.02,0.181,9.38
142001900200130235,19,209.0,Central Luzon,66.43,3.496,11.0
142001900200150277,79,821.0,Central Luzon,53.5,0.677,10.39
142001900200168008,30,170.0,Central Luzon,54.59,1.82,5.67
142001900200220412,220,2500.0,Central Luzon,315.09,1.432,11.36
142001900200230432,114,1298.0,Central Luzon,238.85,2.095,11.39
142003300200080219,65,500.0,Central Luzon,96.86,1.49,7.69
142003300200118007,204,2005.0,Central Luzon,168.64,0.827,9.83
142003300200120334,21,200.0,Central Luzon,38.36,1.827,9.52
142003300200150418,75,612.0,Central Luzon,62.47,0.833,8.16
142003300200170472,145,1410.0,Central Luzon,152.58,1.052,9.72
142003400200040122,134,1301.0,Central Luzon,176.03,1.314,9.71
142003400200050154,260,3000.0,Central Luzon,251.76,0.968,11.54
142003400200060184,98,700.0,Central Luzon,61.7,0.63,7.14
142003400200070217,136,1300.0,Central Luzon,15.32,0.113,9.56
142003400200080248,95,800.0,Central Luzon,145.62,1.533,8.42
142003400200098003,131,1400.0,Central Luzon,61.79,0.472,10.69
142003400200100315,100,1000.0,Central Luzon,138.04,1.38,10.0
142003400200130413,170,1900.0,Central Luzon,68.57,0.403,11.18
142003400200168006,396,4422.0,Central Luzon,121.04,0.306,11.17
142003400200180580,98,805.0,Central Luzon,60.23,0.615,8.21
142005200000090280,86,700.0,Central Luzon,96.97,1.128,8.14
142005200000110346,170,1800.0,Central Luzon,212.76,1.252,10.59
142005200000130410,70,600.0,Central Luzon,117.66,1.681,8.57
142005200000170542,70,600.0,Central Luzon,56.79,0.811,8.57
142100600000030056,30,312.0,Central Luzon,52.49,1.75,10.4
142100600000050093,18,204.0,Central Luzon,55.76,3.098,11.33
142100600000068002,18,120.0,Central Luzon,32.22,1.79,6.67
142100600000090169,65,700.0,Central Luzon,74.74,1.15,10.77
142100600000120220,40,400.0,Central Luzon,154.79,3.87,10.0
142100600000130240,65,700.0,Central Luzon,185.82,2.859,10.77
142100600000150280,22,150.0,Central Luzon,53.41,2.428,6.82
142104300200010020,11,128.0,Central Luzon,36.66,3.333,11.64
142104300200020037,61,369.0,Central Luzon,55.89,0.916,6.05
142104300200030055,19,151.0,Central Luzon,25.08,1.32,7.95
142104300200040075,42,242.0,Central Luzon,41.35,0.985,5.76
142104300200050095,158,1800.0,Central Luzon,55.59,0.352,11.39
142104300200060115,19,160.0,Central Luzon,31.82,1.675,8.42
142104300200070135,12,140.0,Central Luzon,226.67,18.889,11.67
142104300200080155,69,459.0,Central Luzon,60.32,0.874,6.65
142104300200090175,58,672.0,Central Luzon,87.57,1.51,11.59
142104300200110214,98,1134.0,Central Luzon,88.82,0.906,11.57
142104300200120234,23,257.0,Central Luzon,90.04,3.915,11.17
142104300200130254,230,2600.0,Central Luzon,182.16,0.792,11.3
142104300200140274,103,1140.0,Central Luzon,175.72,1.706,11.07
142104300200150294,211,2400.0,Central Luzon,167.07,0.792,11.37
142105900100010001,130,1400.0,Central Luzon,54.68,0.421,10.77
142105900100040050,15,120.0,Central Luzon,50.31,3.354,8.0
142105900100060082,31,198.0,Central Luzon,1.84,0.059,6.39
142105900100088002,44,453.0,Central Luzon,85.86,1.951,10.3
142105900100090130,115,1250.0,Central Luzon,42.52,0.37,10.87
142105900100100146,20,129.0,Central Luzon,61.31,3.066,6.45
142105900100150226,16,150.0,Central Luzon,33.9,2.119,9.38
142200700200010010,75,647.0,Central Luzon,82.06,1.094,8.63
142200700200030058,113,1000.0,Central Luzon,92.53,0.819,8.85
142200700200080174,65,564.0,Central Luzon,118.6,1.825,8.68
142301600100020057,150,1500.0,Central Luzon,165.52,1.103,10.0
142301600100030097,150,1500.0,Central Luzon,174.74,1.165,10.0
142301600100070262,104,1200.0,Central Luzon,86.0,0.827,11.54
142301600100130529,100,822.0,Central Luzon,122.64,1.226,8.22
490300600000018002,25,250.0,Central Luzon,14.62,0.585,10.0
490300600000020045,21,220.0,Central Luzon,42.13,2.006,10.48
490300600000030071,120,1300.0,Central Luzon,60.23,0.502,10.83
490300600000050118,32,340.0,Central Luzon,39.9,1.247,10.62
490300600000070166,45,425.0,Central Luzon,77.44,1.721,9.44
490300600000080195,44,472.0,Central Luzon,77.56,1.763,10.73
490300600000100244,39,420.0,Central Luzon,40.38,1.035,10.77
490300600000110269,48,500.0,Central Luzon,50.74,1.057,10.42
490300600000120296,20,210.0,Central Luzon,36.95,1.848,10.5
490300600000138001,22,250.0,Central Luzon,41.56,1.889,11.36
490300600000140347,82,850.0,Central Luzon,78.24,0.954,10.37
490300600000160398,17,180.0,Central Luzon,17.55,1.032,10.59
490300600000170425,26,280.0,Central Luzon,20.97,0.807,10.77
490300600000178003,37,395.0,Central Luzon,50.19,1.356,10.68
490300600000180451,103,1100.0,Central Luzon,121.19,1.177,10.68
490300600000190475,25,235.0,Central Luzon,20.72,0.829,9.4
490303600000038001,58,650.0,Central Luzon,32.8,0.566,11.21
490303600000040078,57,600.0,Central Luzon,64.52,1.132,10.53
490303600000058003,160,1700.0,Central Luzon,253.35,1.583,10.62
490303600000078004,16,150.0,Central Luzon,38.18,2.386,9.38
490303600000100208,47,500.0,Central Luzon,62.77,1.336,10.64
490303600000120258,125,1200.0,Central Luzon,84.44,0.676,9.6
490303600000130282,15,150.0,Central Luzon,29.66,1.977,10.0
490303600000138005,162,1600.0,Central Luzon,153.64,0.948,9.88
490303600000150339,57,650.0,Central Luzon,36.72,0.644,11.4
490303600000160366,301,3200.0,Central Luzon,875.2,2.908,10.63
490303600000160367,31,350.0,Central Luzon,22.73,0.733,11.29
540100301400020120,55,500.0,Central Luzon,62.78,1.141,9.09
540100301400030184,77,700.0,Central Luzon,89.4,1.161,9.09
540100301400030185,122,1100.0,Central Luzon,123.09,1.009,9.02
540100301400048001,71,650.0,Central Luzon,76.7,1.08,9.15
540100301400048002,66,600.0,Central Luzon,78.43,1.188,9.09
540101300400010021,22,200.0,Central Luzon,35.25,1.602,9.09
540101300400020049,100,900.0,Central Luzon,124.1,1.241,9.0
540101300400030078,355,3200.0,Central Luzon,351.32,0.99,9.01
540101300400050134,188,1700.0,Central Luzon,252.73,1.344,9.04
540101300400060162,88,800.0,Central Luzon,95.18,1.082,9.09
540101700300030080,56,500.0,Central Luzon,58.49,1.044,8.93
540101700300048009,200,1800.0,Central Luzon,111.43,0.557,9.0
540101700300058010,67,600.0,Central Luzon,64.8,0.967,8.96
540101700300068011,50,450.0,Central Luzon,94.97,1.899,9.0
540101700300088012,222,2000.0,Central Luzon,187.63,0.845,9.01
540101700300098002,275,2500.0,Central Luzon,523.9,1.905,9.09
540101700300120270,277,2500.0,Central Luzon,604.74,2.183,9.03
540101700300138018,222,2000.0,Central Luzon,483.9,2.18,9.01
540101700300178013,333,3000.0,Central Luzon,745.9,2.24,9.01
540101700300188014,300,2700.0,Central Luzon,490.92,1.636,9.0
540101700300198019,133,1200.0,Central Luzon,257.12,1.933,9.02
540101700300208020,278,2500.0,Central Luzon,459.89,1.654,8.99
540101700300218016,277,2500.0,Central Luzon,406.22,1.466,9.03
540101700300238021,277,2500.0,Central Luzon,467.15,1.686,9.03
540101700300248017,244,2200.0,Central Luzon,391.43,1.604,9.02
540101700300268022,467,4200.0,Central Luzon,1781.37,3.814,8.99
540101700300270453,355,3200.0,Central Luzon,474.73,1.337,9.01
540101700300288023,200,1800.0,Central Luzon,281.14,1.406,9.0
540102600200028011,38,350.0,Central Luzon,31.91,0.84,9.21
540102600200030115,144,1300.0,Central Luzon,141.89,0.985,9.03
540102600200048012,100,900.0,Central Luzon,194.53,1.945,9.0
540102600200058001,144,1300.0,Central Luzon,148.54,1.032,9.03
540102600200068013,144,1300.0,Central Luzon,243.07,1.688,9.03
540102600200070269,100,800.0,Central Luzon,66.99,0.67,8.0
540102600200080312,66,600.0,Central Luzon,57.12,0.865,9.09
540102600200090352,33,300.0,Central Luzon,29.74,0.901,9.09
540102600200108008,33,300.0,Central Luzon,39.51,1.197,9.09
540102600200110429,144,1300.0,Central Luzon,81.93,0.569,9.03
540102600200138010,55,500.0,Central Luzon,65.23,1.186,9.09
540102800600010033,193,1800.0,Central Luzon,351.64,1.822,9.33
540102800600028010,73,670.0,Central Luzon,64.61,0.885,9.18
540102800600038010,47,426.0,Central Luzon,56.55,1.203,9.06
540102800600038011,119,1100.0,Central Luzon,132.34,1.112,9.24
540102800600038012,43,390.0,Central Luzon,52.08,1.211,9.07
540102800600040164,189,1800.0,Central Luzon,269.34,1.425,9.52
540102800600050202,72,690.0,Central Luzon,101.69,1.412,9.58
540102800600060242,289,2750.0,Central Luzon,558.17,1.931,9.52
540102800600070287,35,330.0,Central Luzon,63.63,1.818,9.43
540102800600088004,181,1720.0,Central Luzon,128.33,0.709,9.5
540102800600100418,62,560.0,Central Luzon,51.54,0.831,9.03
540102800600118005,78,750.0,Central Luzon,85.92,1.102,9.62
540501400000010003,57,500.0,Central Luzon,33.41,0.586,8.77
540501400000030036,159,1400.0,Central Luzon,22.32,0.14,8.81
540501400000080126,108,900.0,Central Luzon,34.25,0.317,8.33
540501400000100160,12,100.0,Central Luzon,6.9,0.575,8.33
540501400000130214,61,485.0,Central Luzon,17.8,0.292,7.95
540501400000140228,57,500.0,Central Luzon,17.96,0.315,8.77
540501400000158001,42,235.0,Central Luzon,21.5,0.512,5.6
540501400000180300,158,1300.0,Central Luzon,520.96,3.297,8.23
540501800200010021,170,1500.0,Central Luzon,120.67,0.71,8.82
540501800200020038,89,800.0,Central Luzon,12.78,0.144,8.99
540501800200030057,260,2400.0,Central Luzon,569.69,2.191,9.23
540501800200040076,52,500.0,Central Luzon,163.23,3.139,9.62
540501800200060113,98,900.0,Central Luzon,45.42,0.463,9.18
540501800200070131,231,2000.0,Central Luzon,129.62,0.561,8.66
540501800200080148,31,300.0,Central Luzon,52.57,1.696,9.68
540501800200100184,122,1267.0,Central Luzon,399.5,3.275,10.39
540501800200110201,50,400.0,Central Luzon,41.03,0.821,8.0
540501800200130239,30,280.0,Central Luzon,52.24,1.741,9.33
540501800200150275,12,100.0,Central Luzon,27.44,2.287,8.33
540501800200168002,22,200.0,Central Luzon,41.58,1.89,9.09
540501800200170312,31,300.0,Central Luzon,318.78,10.283,9.68
540501800200180331,121,1000.0,Central Luzon,46.71,0.386,8.26
540501800200190349,25,200.0,Central Luzon,22.18,0.887,8.0
540501800200200367,60,480.0,Central Luzon,100.22,1.67,8.0
540900801700078001,199,1800.0,Central Luzon,336.88,1.693,9.05
541304300000060169,72,600.0,Central Luzon,91.28,1.268,8.33
541600300200010804,73,600.0,Central Luzon,64.74,0.887,8.22
541600300200020141,261,2100.0,Central Luzon,220.92,0.846,8.05
541600300200038001,336,2700.0,Central Luzon,315.56,0.939,8.04
541600300200050393,160,1300.0,Central Luzon,180.31,1.127,8.12
541600300200068002,173,1400.0,Central Luzon,250.66,1.449,8.09
541600300200070564,106,870.0,Central Luzon,64.17,0.605,8.21
541600900100028004,223,1800.0,Central Luzon,185.67,0.833,8.07
541600900100058001,148,1200.0,Central Luzon,189.94,1.283,8.11
541600900100070182,193,1600.0,Central Luzon,259.8,1.346,8.29
541600900100080209,172,1400.0,Central Luzon,236.1,1.373,8.14
541600900100090233,234,1900.0,Central Luzon,233.86,0.999,8.12
541600900100100261,148,1200.0,Central Luzon,254.24,1.718,8.11
541600900100110288,248,2000.0,Central Luzon,302.26,1.219,8.06
541600900100130336,98,800.0,Central Luzon,148.09,1.511,8.16
541600900100148005,198,1600.0,Central Luzon,397.79,2.009,8.08
541600900100168006,20,160.0,Central Luzon,54.3,2.715,8.0
541600900100170444,172,1400.0,Central Luzon,105.41,0.613,8.14
541600900100180475,48,400.0,Central Luzon,135.96,2.832,8.33
541603200200010019,38,300.0,Central Luzon,28.74,0.756,7.89
541603200200020038,290,2500.0,Central Luzon,297.51,1.026,8.62
541603200200030058,38,300.0,Central Luzon,32.19,0.847,7.89
541603200200040078,49,416.0,Central Luzon,46.33,0.946,8.49
541603200200058004,69,700.0,Central Luzon,164.89,2.39,10.14
541603200200070141,187,1780.0,Central Luzon,168.49,0.901,9.52
541603200200088001,78,800.0,Central Luzon,123.45,1.583,10.26
541603200200090181,98,800.0,Central Luzon,69.37,0.708,8.16
541603200200110223,420,3500.0,Central Luzon,308.01,0.733,8.33
541603200200130263,324,2600.0,Central Luzon,165.29,0.51,8.02
541603200200140282,168,1400.0,Central Luzon,120.93,0.72,8.33
541603200200150299,288,2400.0,Central Luzon,444.91,1.545,8.33
541603200200170339,39,350.0,Central Luzon,47.59,1.22,8.97
541603200200180358,62,500.0,Central Luzon,76.7,1.237,8.06
541603200200200392,221,1800.0,Central Luzon,262.38,1.187,8.14
541801100200140303,161,1400.0,Central Luzon,80.08,0.497,8.7
691401400000080123,55,550.0,Central Luzon,49.72,0.904,10.0
691601200200010014,170,1600.0,Central Luzon,169.3,0.996,9.41
691601200200020043,27,152.0,Central Luzon,4.58,0.17,5.63
691601200200040102,63,584.0,Central Luzon,63.39,1.006,9.27
691601200200060164,1,10.0,Central Luzon,1.08,1.08,10.0
691601200200070191,27,200.0,Central Luzon,35.69,1.322,7.41
691601200200080220,78,700.0,Central Luzon,16.95,0.217,8.97
691601200200098002,50,500.0,Central Luzon,18.02,0.36,10.0
691601200200100280,91,870.0,Central Luzon,122.9,1.351,9.56
691601200200110310,25,250.0,Central Luzon,24.38,0.975,10.0
691601200200120339,120,1265.0,Central Luzon,417.95,3.483,10.54
691601200200130369,30,190.0,Central Luzon,27.35,0.912,6.33
691601200200160457,49,505.0,Central Luzon,56.77,1.159,10.31
691601200200170485,100,1000.0,Central Luzon,25.59,0.256,10.0
691605200400050267,4,40.0,Central Luzon,43.35,10.838,10.0
691605200400060023,127,1300.0,Central Luzon,253.0,1.992,10.24
691605200400070073,51,534.0,Central Luzon,58.09,1.139,10.47
691605200400080125,47,493.0,Central Luzon,80.48,1.712,10.49
691605200400090177,75,783.0,Central Luzon,89.58,1.194,10.44
691605200400110282,274,2794.0,Central Luzon,258.6,0.944,10.2
691605200400128002,147,1300.0,Central Luzon,97.71,0.665,8.84
691605200400140435,64,675.0,Central Luzon,38.01,0.594,10.55
691606700200010004,60,650.0,Central Luzon,25.3,0.422,10.83
691606700200020037,32,250.0,Central Luzon,20.51,0.641,7.81
691606700200038002,180,1500.0,Central Luzon,189.75,1.054,8.33
691606700200040095,147,1500.0,Central Luzon,158.88,1.081,10.2
691606700200050124,36,350.0,Central Luzon,39.44,1.096,9.72
691606700200060153,13,120.0,Central Luzon,24.74,1.903,9.23
691606700200080211,100,800.0,Central Luzon,120.32,1.203,8.0
691606700200090240,31,200.0,Central Luzon,28.17,0.909,6.45
691606700200110298,50,400.0,Central Luzon,106.5,2.13,8.0
691606700200120327,70,700.0,Central Luzon,35.33,0.505,10.0
691606700200130359,45,280.0,Central Luzon,9.55,0.212,6.22
691606700200140388,67,667.0,Central Luzon,119.83,1.789,9.96
691606700200150417,1143,11700.0,Central Luzon,1611.1,1.41,10.24
691606700200160446,65,750.0,Central Luzon,46.41,0.714,11.54
691606700200170475,657,6300.0,Central Luzon,649.34,0.988,9.59
691606700200180504,60,500.0,Central Luzon,42.48,0.708,8.33
691606700200190533,150,1500.0,Central Luzon,381.73,2.545,10.0
710701700100010030,272,1800.0,Central Luzon,130.95,0.481,6.62
710701700100020076,118,800.0,Central Luzon,41.1,0.348,6.78
710701700100040168,60,400.0,Central Luzon,41.36,0.689,6.67
710701700100068001,354,2623.0,Central Luzon,71.68,0.202,7.41
710701700100070314,35,250.0,Central Luzon,79.44,2.27,7.14
710701700100080026,179,1234.0,Central Luzon,57.72,0.322,6.89
710701700100100119,110,890.0,Central Luzon,243.69,2.215,8.09
710701700100110165,110,800.0,Central Luzon,113.6,1.033,7.27
710701700100138003,225,1500.0,Central Luzon,85.88,0.382,6.67
710701700100148008,10,100.0,Central Luzon,43.08,4.308,10.0
710701700100158007,225,1500.0,Central Luzon,223.2,0.992,6.67
390102001500018002,150,1500.0,NCR,333.17,2.221,10.0
390102001500020081,240,2400.0,NCR,309.4,1.289,10.0
390103100000020080,90,900.0,NCR,247.68,2.752,10.0
390103100000030138,100,1000.0,NCR,80.1,0.801,10.0
390103100000048005,80,800.0,NCR,220.55,2.757,10.0
390103100000058008,150,1500.0,NCR,223.99,1.493,10.0
390103100000068002,120,1200.0,NCR,174.55,1.455,10.0
390103100000080391,60,600.0,NCR,137.5,2.292,10.0
390103100000090443,20,200.0,NCR,198.28,9.914,10.0
390103100000100504,300,3000.0,NCR,988.86,3.296,10.0
390103100000110559,270,2700.0,NCR,239.56,0.887,10.0
390107700000010017,190,1900.0,NCR,85.43,0.45,10.0
390107700000038002,60,600.0,NCR,39.42,0.657,10.0
390107700000040076,150,1500.0,NCR,41.55,0.277,10.0
390107700000050096,160,1600.0,NCR,165.86,1.037,10.0
390107700000068003,160,1600.0,NCR,108.39,0.677,10.0
390107700000070135,100,1000.0,NCR,185.96,1.86,10.0
390107700000088001,78,780.0,NCR,225.65,2.893,10.0
390107700000090172,250,2500.0,NCR,261.71,1.047,10.0
390107700000108004,90,900.0,NCR,143.48,1.594,10.0
390107700000110210,300,3000.0,NCR,137.0,0.457,10.0
390107700000128005,100,1000.0,NCR,209.88,2.099,10.0
390108200000010034,140,1400.0,NCR,29.67,0.212,10.0
390108200000038003,269,2882.0,NCR,241.81,0.899,10.71
390108200000040155,290,2900.0,NCR,92.28,0.318,10.0
390108200000050201,120,1200.0,NCR,143.76,1.198,10.0
390108200000070273,100,1000.0,NCR,78.47,0.785,10.0
390108200000098002,90,900.0,NCR,277.78,3.086,10.0
390108200000108007,500,5000.0,NCR,583.01,1.166,10.0
390108200000110442,50,500.0,NCR,155.01,3.1,10.0
390108200000128006,433,4330.0,NCR,786.04,1.815,10.0
390111900200010003,170,1700.0,NCR,130.38,0.767,10.0
390111900200020021,120,1200.0,NCR,176.4,1.47,10.0
390111900200048001,62,422.0,NCR,93.31,1.505,6.81
390111900200058003,60,600.0,NCR,87.35,1.456,10.0
390111900200060085,219,2414.0,NCR,154.85,0.707,11.02
390111900200078007,57,389.0,NCR,86.71,1.521,6.82
390111900200098008,70,700.0,NCR,34.74,0.496,10.0
390111900200100149,150,1500.0,NCR,105.0,0.7,10.0
390114700000028006,850,8500.0,NCR,500.44,0.589,10.0
390114700000038002,800,8000.0,NCR,1056.72,1.321,10.0
390114700000040048,650,6500.0,NCR,748.1,1.151,10.0
390114700000078005,80,800.0,NCR,66.09,0.826,10.0
390114700000098003,200,2000.0,NCR,103.6,0.518,10.0
390114700000100208,280,2800.0,NCR,293.45,1.048,10.0
390114700000100209,25,250.0,NCR,93.57,3.743,10.0
390114700000120262,400,4000.0,NCR,764.7,1.912,10.0
390114700000180323,250,2500.0,NCR,93.14,0.373,10.0
390115100000018004,700,7000.0,NCR,454.39,0.649,10.0
390115100000030084,900,10080.0,NCR,646.57,0.718,11.2
390115100000060167,500,5000.0,NCR,357.5,0.715,10.0
390115100000070198,780,8500.0,NCR,339.99,0.436,10.9
390115100000090267,240,2400.0,NCR,212.7,0.886,10.0
390115100000100316,320,3200.0,NCR,171.07,0.535,10.0
390115100000110413,30,300.0,NCR,47.28,1.576,10.0
390119500000028003,100,1000.0,NCR,195.21,1.952,10.0
390119500000030073,120,1200.0,NCR,182.31,1.519,10.0
390119500000060147,100,1000.0,NCR,137.5,1.375,10.0
390119500000078002,100,1000.0,NCR,171.61,1.716,10.0
390119500000080215,300,3000.0,NCR,215.62,0.719,10.0
390119500000100258,200,2000.0,NCR,102.57,0.513,10.0
390119900200020070,50,500.0,NCR,105.74,2.115,10.0
390119900200080274,270,2700.0,NCR,187.4,0.694,10.0
390119900200100334,130,1300.0,NCR,126.88,0.976,10.0
390119900200110362,220,2200.0,NCR,367.03,1.668,10.0
390119900200120390,180,1800.0,NCR,130.81,0.727,10.0
390119900200150481,180,1800.0,NCR,245.43,1.364,10.0
390119900200170550,180,1800.0,NCR,222.59,1.237,10.0
390122400000018003,250,2500.0,NCR,161.96,0.648,10.0
390122400000048004,250,2500.0,NCR,368.36,1.473,10.0
390124600000068002,580,5800.0,NCR,408.58,0.704,10.0
390124600000070055,156,1529.0,NCR,166.42,1.067,9.8
390125400000010002,120,1200.0,NCR,113.3,0.944,10.0
390125400000020044,80,800.0,NCR,93.63,1.17,10.0
390125400000038007,200,2000.0,NCR,173.07,0.865,10.0
390125400000040107,400,4000.0,NCR,713.96,1.785,10.0
390125400000050140,80,800.0,NCR,224.0,2.8,10.0
390125400000070204,80,800.0,NCR,90.42,1.13,10.0
390125400000070205,130,1300.0,NCR,123.96,0.954,10.0
390125400000098002,210,2100.0,NCR,178.72,0.851,10.0
390125400000128008,40,400.0,NCR,68.08,1.702,10.0
390200200000038002,268,2679.0,NCR,211.18,0.788,10.0
390200200000040081,600,6000.0,NCR,283.59,0.473,10.0
390200200000050275,250,2500.0,NCR,196.87,0.787,10.0
390200200000060122,500,5000.0,NCR,498.04,0.996,10.0
390200200000070145,480,4800.0,NCR,203.92,0.425,10.0
390200200000100222,400,4000.0,NCR,550.71,1.377,10.0
390200200000118003,300,3000.0,NCR,158.22,0.527,10.0
390400800900010005,100,1000.0,NCR,110.04,1.1,10.0
390400800900010006,150,1500.0,NCR,304.97,2.033,10.0
390400800900010007,190,1900.0,NCR,162.62,0.856,10.0
390400800900020173,40,400.0,NCR,36.0,0.9,10.0
390400800900038002,200,2000.0,NCR,31.62,0.158,10.0
390501400100010035,100,1000.0,NCR,46.58,0.466,10.0
390501400100020071,100,1000.0,NCR,109.76,1.098,10.0
390501400100038002,120,1200.0,NCR,69.23,0.577,10.0
390610600000010018,200,2000.0,NCR,93.86,0.469,10.0
390610600000018003,50,500.0,NCR,43.5,0.87,10.0
390610600000028006,300,3000.0,NCR,405.41,1.351,10.0
390610600000038004,80,800.0,NCR,243.44,3.043,10.0
390610600000048008,180,1800.0,NCR,83.2,0.462,10.0
390610600000068011,500,5000.0,NCR,45.9,0.092,10.0
390610600000070243,300,3000.0,NCR,283.2,0.944,10.0
390610600000098007,400,4000.0,NCR,547.61,1.369,10.0
390610600000100352,350,3500.0,NCR,192.23,0.549,10.0
390610600000118001,150,1500.0,NCR,174.65,1.164,10.0
390610700000058006,170,1700.0,NCR,152.41,0.897,10.0
390610700000068007,25,250.0,NCR,60.68,2.427,10.0
390610700000098008,200,2000.0,NCR,200.66,1.003,10.0
390610700000110190,300,3000.0,NCR,189.22,0.631,10.0
390612000000010018,200,2000.0,NCR,127.23,0.636,10.0
390612000000030074,330,3300.0,NCR,335.38,1.016,10.0
390612000000048008,80,800.0,NCR,189.4,2.368,10.0
390612000000050128,300,3000.0,NCR,426.83,1.423,10.0
390612000000068002,200,2000.0,NCR,288.65,1.443,10.0
390612000000078001,50,500.0,NCR,135.53,2.711,10.0
390612000000088009,200,2000.0,NCR,412.28,2.061,10.0
390612000000118012,150,1500.0,NCR,437.06,2.914,10.0
390612500000038008,300,3000.0,NCR,520.5,1.735,10.0
390612500000058010,150,1500.0,NCR,193.13,1.288,10.0
390612500000060122,30,300.0,NCR,37.55,1.252,10.0
390612500000070147,180,1800.0,NCR,463.59,2.576,10.0
390612500000088011,300,3000.0,NCR,338.84,1.129,10.0
390612500000090190,140,1400.0,NCR,172.43,1.232,10.0
390612500000100213,100,1000.0,NCR,82.61,0.826,10.0
390612500000118003,250,2500.0,NCR,449.0,1.796,10.0
390612500000138013,420,4200.0,NCR,860.31,2.048,10.0
390612500000140284,130,1300.0,NCR,67.91,0.522,10.0
390612500000168006,300,3000.0,NCR,606.42,2.021,10.0
390612500000178004,150,1500.0,NCR,172.44,1.15,10.0
390612500000188014,300,3000.0,NCR,40.32,0.134,10.0
390622500000028008,350,3500.0,NCR,88.83,0.254,10.0
390622500000030030,150,1500.0,NCR,201.85,1.346,10.0
390622500000040042,380,3800.0,NCR,586.35,1.543,10.0
390622500000050055,500,5000.0,NCR,823.74,1.647,10.0
390622500000068006,120,1200.0,NCR,170.68,1.422,10.0
390622500000070085,150,1500.0,NCR,201.69,1.345,10.0
390622500000080103,200,2000.0,NCR,522.93,2.615,10.0
390622500000090120,180,1800.0,NCR,179.18,0.995,10.0
390622500000100132,455,4550.0,NCR,703.24,1.546,10.0
390622500000118004,150,1500.0,NCR,156.04,1.04,10.0
390622500000128009,150,1500.0,NCR,691.25,4.608,10.0
390622500000138010,400,4000.0,NCR,531.41,1.329,10.0
390622500000148002,300,3000.0,NCR,362.07,1.207,10.0
390622500000158001,420,4200.0,NCR,454.35,1.082,10.0
390701200200018009,350,3700.0,NCR,128.1,0.366,10.57
390701200200018012,200,2000.0,NCR,82.84,0.414,10.0
390701200200028005,1000,10000.0,NCR,297.06,0.297,10.0
390701200200048007,130,1500.0,NCR,201.67,1.551,11.54
391004700000010033,80,800.0,NCR,138.0,1.725,10.0
391004700000010034,80,800.0,NCR,210.53,2.632,10.0
391004700000020083,177,1967.0,NCR,152.03,0.859,11.11
391004700000030130,116,1206.0,NCR,77.61,0.669,10.4
391004700000030131,69,467.0,NCR,76.98,1.116,6.77
391004700000048001,36,360.0,NCR,42.77,1.188,10.0
391004700000068003,172,1774.0,NCR,201.47,1.171,10.31
391004700000070317,40,400.0,NCR,48.84,1.221,10.0
391004700000080361,234,2511.0,NCR,145.56,0.622,10.73
391004700000090403,203,2182.0,NCR,399.3,1.967,10.75
391004700000100451,90,900.0,NCR,115.78,1.286,10.0
391004700000110508,120,1200.0,NCR,100.15,0.835,10.0
391004700000110509,120,1200.0,NCR,67.9,0.566,10.0
391006000000020088,180,1800.0,NCR,250.22,1.39,10.0
391006000000038002,255,2733.0,NCR,349.73,1.371,10.72
391006000000088001,120,1200.0,NCR,185.8,1.548,10.0
391103200000040050,214,2316.0,NCR,174.88,0.817,10.82
391103200000058001,220,2200.0,NCR,149.96,0.682,10.0
391103200000060082,120,1278.0,NCR,69.95,0.583,10.65
391103200000090132,340,3400.0,NCR,680.16,2.0,10.0
391103200000108002,209,2246.0,NCR,335.04,1.603,10.75
391103200000110167,356,3989.0,NCR,168.63,0.474,11.21
391103200000120189,170,1700.0,NCR,160.37,0.943,10.0
391103200000140225,219,2359.0,NCR,244.99,1.119,10.77
391103200000150241,340,3400.0,NCR,297.83,0.876,10.0
391103200000160261,310,3100.0,NCR,191.06,0.616,10.0
391103200000170277,250,2500.0,NCR,341.67,1.367,10.0
391103200000188003,250,2500.0,NCR,383.0,1.532,10.0
391103200000200336,420,4200.0,NCR,515.69,1.228,10.0
391103200000220370,70,700.0,NCR,145.02,2.072,10.0
391103200000230385,297,3179.0,NCR,234.82,0.791,10.7
391203000000020051,161,1617.0,NCR,201.22,1.25,10.04
391203000000030107,189,1962.0,NCR,218.84,1.158,10.38
391203000000050184,250,2500.0,NCR,217.46,0.87,10.0
391203000000060231,310,3100.0,NCR,164.57,0.531,10.0
391203000000070280,340,3400.0,NCR,581.58,1.711,10.0
391203000000080315,430,4300.0,NCR,220.09,0.512,10.0
391203000000080316,202,2023.0,NCR,282.35,1.398,10.01
391203000000098001,270,2700.0,NCR,328.73,1.218,10.0
391203000000100385,70,700.0,NCR,176.61,2.523,10.0
391203000000100386,160,1600.0,NCR,207.51,1.297,10.0
391203000000100388,220,2200.0,NCR,141.92,0.645,10.0
391203500000018003,90,746.0,NCR,98.38,1.093,8.29
391203500000020104,200,2300.0,NCR,51.68,0.258,11.5
391203500000030157,356,3700.0,NCR,203.17,0.571,10.39
391203500000050269,143,1400.0,NCR,141.73,0.991,9.79
391203500000098002,180,1800.0,NCR,229.64,1.276,10.0
391300300000018001,270,2700.0,NCR,51.7,0.191,10.0
391300300000040304,60,600.0,NCR,72.1,1.202,10.0
391300300000050375,160,1600.0,NCR,71.5,0.447,10.0
391300300000060454,350,3500.0,NCR,184.41,0.527,10.0
391403500000018005,119,1380.0,NCR,274.08,2.303,11.6
391403500000030129,147,1300.0,NCR,226.93,1.544,8.84
391403500000040175,300,2500.0,NCR,160.84,0.536,8.33
391403500000050232,98,1200.0,NCR,88.49,0.903,12.24
391403500000068001,200,2000.0,NCR,258.57,1.293,10.0
391403500000070313,50,500.0,NCR,130.36,2.607,10.0
391403500000088002,200,2200.0,NCR,77.39,0.387,11.0
391403500000090413,200,2500.0,NCR,135.87,0.679,12.5
391403500000108007,80,800.0,NCR,33.61,0.42,10.0
391403500000108008,50,500.0,NCR,101.66,2.033,10.0
391403500000110504,100,1300.0,NCR,114.02,1.14,13.0
391403500000128006,300,3000.0,NCR,321.57,1.072,10.0
391403500000130590,118,1150.0,NCR,168.44,1.427,9.75
391403500000140638,185,2000.0,NCR,247.75,1.339,10.81
391403800000018001,230,2300.0,NCR,415.5,1.807,10.0
391403800000030066,200,2000.0,NCR,160.95,0.805,10.0
391403800000040091,350,3500.0,NCR,356.11,1.017,10.0
391403800000050117,300,3000.0,NCR,336.98,1.123,10.0
391403800000088004,230,2300.0,NCR,257.22,1.118,10.0
391403800000098005,400,4000.0,NCR,690.56,1.726,10.0
391403800000108006,350,3500.0,NCR,149.63,0.428,10.0
391403800000128009,200,2000.0,NCR,99.59,0.498,10.0
391403800000128010,450,4500.0,NCR,722.66,1.606,10.0
391403800000138008,80,800.0,NCR,143.05,1.788,10.0
391406100000010018,240,2400.0,NCR,483.86,2.016,10.0
391406100000028001,30,300.0,NCR,20.02,0.667,10.0
391406100000030047,1035,10000.0,NCR,302.66,0.292,9.66
391406100000048002,430,6000.0,NCR,562.18,1.307,13.95
391406100000058003,100,1200.0,NCR,250.32,2.503,12.0
391406100000060097,182,1900.0,NCR,271.2,1.49,10.44
391406100000078007,160,1600.0,NCR,237.84,1.486,10.0
391406100000080131,300,3000.0,NCR,176.94,0.59,10.0
391406100000098008,155,1696.0,NCR,209.24,1.35,10.94
391406100000100172,200,2690.0,NCR,255.5,1.278,13.45
391406100000130206,350,4000.0,NCR,269.96,0.771,11.43
391406100000140226,350,4000.0,NCR,452.31,1.292,11.43
391406100000150238,188,1800.0,NCR,93.79,0.499,9.57
391406100000160252,113,1200.0,NCR,133.58,1.182,10.62
391406100000170269,300,3000.0,NCR,205.21,0.684,10.0
391406100000188005,230,2500.0,NCR,153.84,0.669,10.87
740100103300010020,72,598.0,NCR,149.08,2.071,8.31
740100103300028001,116,1200.0,NCR,40.62,0.35,10.34
740100103300038002,230,2400.0,NCR,172.05,0.748,10.43
740100103300048004,183,2200.0,NCR,56.46,0.309,12.02
740100103300050122,25,287.0,NCR,9.11,0.364,11.48
740100103300050123,210,1500.0,NCR,25.46,0.121,7.14
740100103300060147,230,2560.0,NCR,126.82,0.551,11.13
740100103300078005,54,600.0,NCR,43.28,0.801,11.11
740100103300080210,116,1200.0,NCR,122.84,1.059,10.34
740100103300090239,160,1600.0,NCR,55.12,0.344,10.0
740100700100020066,187,2100.0,NCR,58.83,0.315,11.23
740100700100020067,174,1800.0,NCR,138.68,0.797,10.34
740100700100030133,292,3500.0,NCR,168.39,0.577,11.99
740100700100040176,83,900.0,NCR,66.95,0.807,10.84
740100700100058005,212,2359.0,NCR,139.41,0.658,11.13
740100700100068002,65,700.0,NCR,129.87,1.998,10.77
740100700100070325,112,1300.0,NCR,151.72,1.355,11.61
740100700100080368,111,1152.0,NCR,79.91,0.72,10.38
740100700100098003,111,1200.0,NCR,179.16,1.614,10.81
740100700100108004,235,2515.0,NCR,254.87,1.085,10.7
740100700100118001,229,2470.0,NCR,187.59,0.819,10.79
740101400100010032,198,2300.0,NCR,94.46,0.477,11.62
740101400100020219,317,3300.0,NCR,159.57,0.503,10.41
740101400100030267,318,3580.0,NCR,293.01,0.921,11.26
740101400100040411,121,1300.0,NCR,243.23,2.01,10.74
740101700500030409,462,5465.0,NCR,269.44,0.583,11.83
740101700500048001,188,2000.0,NCR,176.68,0.94,10.64
740101700500070119,260,2700.0,NCR,171.12,0.658,10.38
740101700500080250,102,1100.0,NCR,119.64,1.173,10.78
740101700500098004,83,800.0,NCR,91.88,1.107,9.64
740101700500108005,283,3000.0,NCR,191.42,0.676,10.6
740101700500130953,75,700.0,NCR,103.32,1.378,9.33
740102200400018003,237,2400.0,NCR,130.38,0.55,10.13
740102200400038006,382,4235.0,NCR,138.55,0.363,11.09
740102200400048004,77,796.0,NCR,136.32,1.77,10.34
740102200400050322,111,1200.0,NCR,48.6,0.438,10.81
740102200400068002,71,789.0,NCR,35.81,0.504,11.11
740102300200018009,40,420.0,NCR,81.36,2.034,10.5
740102300200028002,77,900.0,NCR,148.36,1.927,11.69
740102300200038003,138,1600.0,NCR,72.34,0.524,11.59
740102300200040222,52,600.0,NCR,63.04,1.212,11.54
740102300200050281,181,2100.0,NCR,317.79,1.756,11.6
740102300200090514,52,600.0,NCR,108.81,2.093,11.54
740102300200118005,164,1700.0,NCR,207.19,1.263,10.37
740102300200120669,68,700.0,NCR,91.58,1.347,10.29
740102300200138010,142,1579.0,NCR,280.29,1.974,11.12
740102400300018001,58,700.0,NCR,36.86,0.636,12.07
740102400300020206,207,2300.0,NCR,176.69,0.854,11.11
740102400300030303,120,1243.0,NCR,102.74,0.856,10.36
740200100700018001,165,1649.0,NCR,165.57,1.003,9.99
740200100700028002,136,1366.0,NCR,144.17,1.06,10.04
740200100700030210,75,627.0,NCR,178.85,2.385,8.36
740200100700048007,152,1622.0,NCR,115.07,0.757,10.67
740200100700068006,68,552.0,NCR,128.25,1.886,8.12
740200100700070487,95,885.0,NCR,105.61,1.112,9.32
740200200100030404,170,1987.0,NCR,95.51,0.562,11.69
740200200100048001,112,1194.0,NCR,103.32,0.922,10.66
740200301200010049,96,814.0,NCR,42.45,0.442,8.48
740200301200020090,63,428.0,NCR,70.23,1.115,6.79
740200301200038008,330,3561.0,NCR,143.31,0.434,10.79
740200301200040171,130,1302.0,NCR,87.92,0.676,10.02
740200301200078002,395,4422.0,NCR,188.42,0.477,11.19
740200301200088011,450,4671.0,NCR,239.17,0.531,10.38
740200301200098004,968,10842.0,NCR,198.5,0.205,11.2
740200301200128006,410,4102.0,NCR,310.35,0.757,10.0
740200301200138012,392,3870.0,NCR,223.15,0.569,9.87
740200302400018013,41,221.0,NCR,22.56,0.55,5.39
740200302400020059,157,1634.0,NCR,94.53,0.602,10.41
740200302400030095,81,767.0,NCR,159.18,1.965,9.47
740200302400048011,51,388.0,NCR,96.29,1.888,7.61
740200302400058002,49,464.0,NCR,108.47,2.214,9.47
740200302400068003,72,769.0,NCR,21.02,0.292,10.68
740200302400078012,78,782.0,NCR,191.21,2.451,10.03
740200302400088010,201,2034.0,NCR,66.14,0.329,10.12
740200302400108005,130,1326.0,NCR,104.43,0.803,10.2
740200302400118006,47,500.0,NCR,101.4,2.157,10.64
740200302400128007,120,1168.0,NCR,61.02,0.509,9.73
740200302400130482,151,1522.0,NCR,164.53,1.09,10.08
740200302400148008,103,1073.0,NCR,66.38,0.644,10.42
740200501200018001,168,1670.0,NCR,35.8,0.213,9.94
740200501200028004,26,254.0,NCR,41.76,1.606,9.77
740200501200030091,54,473.0,NCR,22.42,0.415,8.76
740200501200050165,307,2912.0,NCR,190.7,0.621,9.49
740200501200068006,301,3213.0,NCR,43.85,0.146,10.67
740200501200070238,169,1622.0,NCR,72.61,0.43,9.6
740200501200088003,53,459.0,NCR,64.49,1.217,8.66
740200501200090308,164,1624.0,NCR,187.55,1.144,9.9
740200501200100339,160,1692.0,NCR,168.82,1.055,10.58
740200600500018005,392,4014.0,NCR,681.31,1.738,10.24
740200600500020118,127,1203.0,NCR,111.69,0.879,9.47
740200600500038004,261,2786.0,NCR,374.59,1.435,10.67
740200600500048001,129,1236.0,NCR,91.63,0.71,9.58
740200600500060434,455,5361.0,NCR,708.4,1.557,11.78
740200600500078003,156,1851.0,NCR,240.27,1.54,11.87
740200701100010020,275,2989.0,NCR,356.96,1.298,10.87
740200701100028008,187,1937.0,NCR,223.37,1.194,10.36
740200701100030070,139,1501.0,NCR,155.33,1.117,10.8
740200701100040094,180,1900.0,NCR,489.9,2.722,10.56
740200701100088008,54,470.0,NCR,48.12,0.891,8.7
740200701100098008,179,1808.0,NCR,277.3,1.549,10.1
740200701100100247,147,1668.0,NCR,115.14,0.783,11.35
740200701100118004,148,1699.0,NCR,154.13,1.041,11.48
740200701100128005,79,700.0,NCR,31.23,0.395,8.86
740200701100148006,389,4143.0,NCR,309.5,0.796,10.65
740200800300010034,147,1424.0,NCR,216.11,1.47,9.69
740200800300038005,218,2265.0,NCR,213.18,0.978,10.39
740200800300050248,107,1137.0,NCR,210.41,1.966,10.63
740200800300068004,46,441.0,NCR,49.04,1.066,9.59
740201001200028003,221,2268.0,NCR,151.82,0.687,10.26
740201001200040135,244,2520.0,NCR,206.34,0.846,10.33
740201001200068005,113,1210.0,NCR,163.72,1.449,10.71
740201001200088001,444,4220.0,NCR,224.5,0.506,9.5
740201001200108004,29,305.0,NCR,173.72,5.99,10.52
740201301000020082,68,447.0,NCR,48.02,0.706,6.57
740201301000030159,224,2348.0,NCR,50.09,0.224,10.48
740201301000050305,206,2305.0,NCR,242.53,1.177,11.19
740300100900018001,380,3902.0,NCR,307.58,0.809,10.27
740300100900020063,156,1400.0,NCR,166.24,1.066,8.97
740300100900038002,520,5500.0,NCR,593.5,1.141,10.58
740300100900048003,120,1300.0,NCR,126.6,1.055,10.83
740300100900050211,113,1081.0,NCR,151.64,1.342,9.57
740300100900068004,56,401.0,NCR,83.19,1.486,7.16
740300100900078006,81,844.0,NCR,109.2,1.348,10.42
740300300800018002,170,1895.0,NCR,179.76,1.057,11.15
740300300800038001,178,1988.0,NCR,196.1,1.102,11.17
740300500400018004,60,428.0,NCR,57.58,0.96,7.13
740300500400020153,140,1800.0,NCR,129.55,0.925,12.86
740300500400040429,367,4051.0,NCR,279.75,0.762,11.04
740300500400050560,120,1250.0,NCR,76.93,0.641,10.42
740300500400060694,132,1200.0,NCR,221.56,1.678,9.09
740300500400078003,102,1100.0,NCR,60.15,0.59,10.78
740300600200028013,576,5803.0,NCR,340.25,0.591,10.07
740300600200038002,610,6159.0,NCR,516.3,0.846,10.1
740300600200038003,283,2785.0,NCR,275.87,0.975,9.84
740300600200038004,378,3853.0,NCR,417.31,1.104,10.19
740300600200068006,43,279.0,NCR,89.94,2.092,6.49
740300600200088012,218,2116.0,NCR,226.03,1.037,9.71
740300600200098007,130,1273.0,NCR,247.89,1.907,9.79
740300600200108011,98,872.0,NCR,154.63,1.578,8.9
740300600200110444,95,845.0,NCR,86.79,0.914,8.89
740300600200128009,152,1510.0,NCR,171.91,1.131,9.93
740300600200130512,120,1184.0,NCR,108.79,0.907,9.87
740300701000018001,133,1395.0,NCR,70.79,0.532,10.49
740300701000020191,205,2261.0,NCR,95.13,0.464,11.03
740300701000030337,126,1406.0,NCR,59.28,0.47,11.16
740300701000030338,45,500.0,NCR,57.86,1.286,11.11
740300701000040462,145,1500.0,NCR,150.38,1.037,10.34
740300701000050586,131,1350.0,NCR,191.52,1.462,10.31
740300701000068002,63,700.0,NCR,9.3,0.148,11.11
740301100500010038,185,1681.0,NCR,215.95,1.167,9.09
740301100500028007,262,1838.0,NCR,169.7,0.648,7.02
740301100500038008,285,3442.0,NCR,524.09,1.839,12.08
740301100500048012,37,242.0,NCR,10.79,0.292,6.54
740301100500058004,261,2588.0,NCR,527.58,2.021,9.92
740301100500060320,272,2816.0,NCR,307.22,1.129,10.35
740301100500078005,60,587.0,NCR,59.26,0.988,9.78
740301100500088013,171,1284.0,NCR,141.69,0.829,7.51
740301100500098014,78,792.0,NCR,141.94,1.82,10.15
740301100500118011,265,2640.0,NCR,382.85,1.445,9.96
740301100500120658,164,1842.0,NCR,166.12,1.013,11.23
740301100500130713,366,3956.0,NCR,342.57,0.936,10.81
740301200300018001,116,1200.0,NCR,94.01,0.81,10.34
740301200300020129,105,1065.0,NCR,68.66,0.654,10.14
740301200300038002,181,1812.0,NCR,381.99,2.11,10.01
740301200300040291,174,1938.0,NCR,75.51,0.434,11.14
740301200300050368,315,3222.0,NCR,173.44,0.551,10.23
740301200300060440,125,1284.0,NCR,65.16,0.521,10.27
740301400100018003,70,700.0,NCR,54.42,0.777,10.0
740301400100020216,82,800.0,NCR,121.9,1.487,9.76
740301400100038004,317,3120.0,NCR,192.19,0.606,9.84
740301501900010023,102,1000.0,NCR,39.0,0.382,9.8
740301501900020044,81,800.0,NCR,52.6,0.649,9.88
740301501900030062,190,1800.0,NCR,78.16,0.411,9.47
740301501900040081,400,4000.0,NCR,429.11,1.073,10.0
740301501900050098,183,1800.0,NCR,150.71,0.824,9.84
740301501900080154,38,400.0,NCR,44.4,1.168,10.53
740301501900100191,69,654.0,NCR,46.02,0.667,9.48
740301501900118005,20,200.0,NCR,17.4,0.87,10.0
740301501900128004,102,1000.0,NCR,78.3,0.768,9.8
740301501900130251,272,2557.0,NCR,132.03,0.485,9.4
740301501900140270,182,1853.0,NCR,184.81,1.015,10.18
740301501900150289,159,1672.0,NCR,138.39,0.87,10.52
740301501900160308,112,1061.0,NCR,120.19,1.073,9.47
740301601100028001,130,1280.0,NCR,100.51,0.773,9.85
740301601100030164,235,2300.0,NCR,231.21,0.984,9.79
740301702400010001,550,6000.0,NCR,510.87,0.929,10.91
740301702400020022,246,2500.0,NCR,177.09,0.72,10.16
740301702400030045,397,4300.0,NCR,511.57,1.289,10.83
740301702400048001,73,605.0,NCR,158.94,2.177,8.29
740301702400050081,95,1060.0,NCR,66.51,0.7,11.16
740301702400068003,579,6000.0,NCR,524.17,0.905,10.36
740302000200018001,241,2927.0,NCR,298.05,1.237,12.15
740302000200018002,69,715.0,NCR,76.56,1.11,10.36
740302000200020094,154,1595.0,NCR,112.11,0.728,10.36
740302000200030144,170,1800.0,NCR,62.76,0.369,10.59
740302000200040204,150,1577.0,NCR,79.97,0.533,10.51
740302000200058003,250,2627.0,NCR,246.43,0.986,10.51
740302000200060310,55,600.0,NCR,62.61,1.138,10.91
740302000200078004,73,750.0,NCR,40.94,0.561,10.27
740302201400010062,171,1891.0,NCR,52.11,0.305,11.06
740302201400028006,142,1341.0,NCR,139.14,0.98,9.44
740302201400038003,155,1467.0,NCR,211.4,1.364,9.46
740302702100040223,151,1505.0,NCR,136.59,0.905,9.97
740302702100050281,196,2147.0,NCR,103.21,0.527,10.95
740302702100070401,184,1829.0,NCR,86.95,0.473,9.94
740302702100080460,158,1569.0,NCR,63.49,0.402,9.93
740302900900010063,116,1100.0,NCR,191.94,1.655,9.48
740302900900020153,28,300.0,NCR,27.3,0.975,10.71
740302900900038001,167,1592.0,NCR,183.2,1.097,9.53
740303001600010031,379,4112.0,NCR,517.79,1.366,10.85
740303001600020115,80,749.0,NCR,93.51,1.169,9.36
740303001600038001,132,1364.0,NCR,158.39,1.2,10.33
740303001600058002,388,4202.0,NCR,656.95,1.693,10.83
740303001600060456,84,808.0,NCR,43.67,0.52,9.62
740303101600018001,182,1920.0,NCR,109.92,0.604,10.55
740303101600038005,94,1126.0,NCR,176.76,1.88,11.98
740400301000020123,40,400.0,NCR,69.3,1.732,10.0
740400301000038003,40,300.0,NCR,108.91,2.723,7.5
740400400100028001,404,4500.0,NCR,528.77,1.309,11.14
740400400100038002,200,2000.0,NCR,202.68,1.013,10.0
740400400100040104,200,2500.0,NCR,183.83,0.919,12.5
740400400100060171,265,2800.0,NCR,437.56,1.651,10.57
740400400100078003,548,7000.0,NCR,212.9,0.389,12.77
740400400100080286,275,3000.0,NCR,175.99,0.64,10.91
740400601100010021,78,670.0,NCR,70.87,0.909,8.59
740400601100028007,270,3000.0,NCR,368.07,1.363,11.11
740400601100038001,180,2000.0,NCR,475.75,2.643,11.11
740400601100058006,80,664.0,NCR,147.64,1.846,8.3
740400601100068003,125,1400.0,NCR,223.0,1.784,11.2
740400601100070308,265,3000.0,NCR,288.87,1.09,11.32
740400601100088005,140,1300.0,NCR,184.15,1.315,9.29
740400601100090404,85,470.0,NCR,117.12,1.378,5.53
740400601100098004,100,600.0,NCR,140.87,1.409,6.0
740400901900028006,700,8000.0,NCR,722.29,1.032,11.43
740400901900038005,206,2334.0,NCR,136.92,0.665,11.33
740400901900040063,200,2000.0,NCR,258.19,1.291,10.0
740400901900058001,57,500.0,NCR,42.33,0.743,8.77
740400901900078003,309,3500.0,NCR,315.61,1.021,11.33
740401001400048004,53,600.0,NCR,18.85,0.356,11.32
740401001400048009,44,500.0,NCR,40.3,0.916,11.36
740401001400058010,60,600.0,NCR,55.8,0.93,10.0
740401001400060154,128,1427.0,NCR,174.72,1.365,11.15
740401001400070186,448,4974.0,NCR,152.11,0.34,11.1
740401001400088011,170,1700.0,NCR,112.5,0.662,10.0
740401001400100264,115,939.0,NCR,53.53,0.465,8.17
740401001400118012,150,1500.0,NCR,60.51,0.403,10.0
740401201900038001,75,800.0,NCR,232.78,3.104,10.67
740401201900050478,120,1200.0,NCR,296.69,2.472,10.0
740401201900078006,200,2000.0,NCR,229.6,1.148,10.0
740401201900080820,430,4300.0,NCR,475.92,1.107,10.0
740401300800018002,110,1000.0,NCR,126.42,1.149,9.09
740401300800038001,230,2300.0,NCR,195.4,0.85,10.0
740401800100028001,300,3000.0,NCR,591.89,1.973,10.0
740401800100030093,350,3500.0,NCR,393.45,1.124,10.0
740401800100048005,96,800.0,NCR,67.37,0.702,8.33
740401800100058003,300,3000.0,NCR,267.57,0.892,10.0
740401800100070250,20,200.0,NCR,57.9,2.895,10.0
740401800100080284,30,300.0,NCR,68.12,2.271,10.0
740401800100090319,440,5000.0,NCR,213.0,0.484,11.36
740401800100098007,350,3900.0,NCR,147.85,0.422,11.14
740401800100100356,230,2400.0,NCR,144.22,0.627,10.43
740401800100100357,150,1500.0,NCR,165.72,1.105,10.0
740401800100118006,210,2100.0,NCR,184.61,0.879,10.0
740401800100120434,400,4000.0,NCR,315.37,0.788,10.0
740401800100148002,250,2500.0,NCR,184.09,0.736,10.0
740402000600018001,330,3800.0,NCR,149.41,0.453,11.52
740402000600030347,140,1500.0,NCR,38.42,0.274,10.71
740402000600030348,140,1500.0,NCR,28.55,0.204,10.71
740402201200010023,95,900.0,NCR,129.48,1.363,9.47
740402201200028004,95,950.0,NCR,122.47,1.289,10.0
740402201200030160,100,1000.0,NCR,116.69,1.167,10.0
740402201200030161,130,1300.0,NCR,160.45,1.234,10.0
740402201200030162,95,900.0,NCR,56.35,0.593,9.47
740402201200040225,60,600.0,NCR,24.6,0.41,10.0
740402201200058008,110,1300.0,NCR,152.79,1.389,11.82
740402201200068005,300,3100.0,NCR,410.03,1.367,10.33
740402201200070417,90,900.0,NCR,160.05,1.778,10.0
740402201200098009,541,6000.0,NCR,443.45,0.82,11.09
740402201200100617,55,550.0,NCR,51.86,0.943,10.0
740402201200100618,95,1000.0,NCR,129.82,1.367,10.53
740402201200110686,110,1100.0,NCR,104.74,0.952,10.0
740402201200120754,75,750.0,NCR,38.68,0.516,10.0
740402202400010019,100,1000.0,NCR,137.25,1.372,10.0
740402202400030105,300,3000.0,NCR,414.93,1.383,10.0
740402202400038001,350,3500.0,NCR,462.28,1.321,10.0
740402202400060236,60,600.0,NCR,27.0,0.45,10.0
740402202400060237,100,1000.0,NCR,21.0,0.21,10.0
740402202400078002,102,1090.0,NCR,37.19,0.365,10.69
740402204900018001,100,1000.0,NCR,114.76,1.148,10.0
740402204900018005,30,300.0,NCR,18.6,0.62,10.0
740402204900018006,30,300.0,NCR,29.86,0.995,10.0
740402204900020104,150,1500.0,NCR,175.23,1.168,10.0
740402204900038003,120,1200.0,NCR,69.43,0.579,10.0
740402204900050236,80,800.0,NCR,79.54,0.994,10.0
740402204900050237,100,1000.0,NCR,46.96,0.47,10.0
740402204900068002,100,1000.0,NCR,71.61,0.716,10.0
740402204900080383,250,2500.0,NCR,473.29,1.893,10.0
740402204900098009,130,1300.0,NCR,165.81,1.275,10.0
740402204900100455,88,850.0,NCR,115.77,1.316,9.66
740402204900110494,45,450.0,NCR,24.96,0.555,10.0
740402204900118010,45,450.0,NCR,19.2,0.427,10.0
740402204900118011,30,300.0,NCR,12.6,0.42,10.0
740402502400010003,100,1200.0,NCR,236.25,2.362,12.0
740402502400020015,55,300.0,NCR,18.73,0.341,5.45
740402502400038015,74,600.0,NCR,88.03,1.19,8.11
740402502400048004,60,500.0,NCR,86.58,1.443,8.33
740402502400050053,100,900.0,NCR,182.19,1.822,9.0
740402502400060066,100,1000.0,NCR,40.52,0.405,10.0
740402502400070077,50,300.0,NCR,83.99,1.68,6.0
740402502400080089,100,1500.0,NCR,129.41,1.294,15.0
740402502400110123,200,1600.0,NCR,133.84,0.669,8.0
740402502400120135,110,1500.0,NCR,167.61,1.524,13.64
740402502400138012,60,800.0,NCR,140.75,2.346,13.33
740402502400148018,85,900.0,NCR,67.76,0.797,10.59
740402502400158019,80,700.0,NCR,30.99,0.387,8.75
740402502400160183,120,1500.0,NCR,121.9,1.016,12.5
740402502400170195,18,200.0,NCR,23.12,1.284,11.11
740402502400180207,180,1800.0,NCR,148.99,0.828,10.0
740402502400190218,140,1800.0,NCR,205.94,1.471,12.86
740402502400200231,60,596.0,NCR,151.59,2.526,9.93
740402502400220251,150,2000.0,NCR,63.45,0.423,13.33
740402502400230263,60,700.0,NCR,202.23,3.37,11.67
740402502400240274,50,300.0,NCR,89.53,1.791,6.0
740402502400258007,300,3000.0,NCR,287.99,0.96,10.0
740402502400260295,180,2500.0,NCR,354.75,1.971,13.89
740402502400270304,120,1600.0,NCR,73.65,0.614,13.33
740402502400288009,70,600.0,NCR,21.84,0.312,8.57
740402502400290327,100,1000.0,NCR,89.9,0.899,10.0
740402502400300036,300,3600.0,NCR,245.58,0.819,12.0
740402900400010021,50,400.0,NCR,64.32,1.286,8.0
740402900400030057,60,500.0,NCR,47.79,0.796,8.33
740402900400040075,70,600.0,NCR,83.42,1.192,8.57
740402900400058008,80,700.0,NCR,168.61,2.108,8.75
740402900400070127,110,1000.0,NCR,213.66,1.942,9.09
740402900400108007,60,500.0,NCR,67.0,1.117,8.33
740402900400128010,80,700.0,NCR,97.34,1.217,8.75
740402900400140228,60,500.0,NCR,59.62,0.994,8.33
740403100200010031,14,170.0,NCR,37.4,2.671,12.14
740403100200028001,225,2350.0,NCR,253.16,1.125,10.44
740403100200038002,45,400.0,NCR,57.44,1.276,8.89
740403100200050144,140,1500.0,NCR,182.94,1.307,10.71
740403500300010112,160,1600.0,NCR,415.93,2.6,10.0
740403500300020205,300,3000.0,NCR,581.96,1.94,10.0
740403500300038001,200,2000.0,NCR,511.55,2.558,10.0
740404000000020043,375,3774.0,NCR,116.71,0.311,10.06
740404000000030073,111,1153.0,NCR,163.41,1.472,10.39
740404000000040102,241,2580.0,NCR,843.27,3.499,10.71
740404000000050129,268,2866.0,NCR,363.72,1.357,10.69
740404000000060162,50,500.0,NCR,101.98,2.04,10.0
740404000000070196,101,1052.0,NCR,67.17,0.665,10.42
740404000000080229,40,400.0,NCR,105.89,2.647,10.0
740404000000088001,79,1000.0,NCR,199.22,2.522,12.66
740404000000088002,223,1539.0,NCR,370.3,1.661,6.9
740404000000090258,118,1218.0,NCR,151.87,1.287,10.32
740404000000108003,92,800.0,NCR,78.18,0.85,8.7
740404100800020238,339,3761.0,NCR,130.14,0.384,11.09
740404100800040539,184,1944.0,NCR,55.93,0.304,10.57
740404100800058005,30,300.0,NCR,93.92,3.131,10.0
740404100800088009,197,1969.0,NCR,43.09,0.219,9.99
740404100800100448,60,700.0,NCR,46.58,0.776,11.67
740404301200030122,20,200.0,NCR,52.7,2.635,10.0
740404301200048001,270,2500.0,NCR,241.27,0.894,9.26
740404301200068002,120,1300.0,NCR,167.56,1.396,10.83
740404301200078005,140,1300.0,NCR,120.2,0.859,9.29
740404301200088003,200,2500.0,NCR,522.1,2.61,12.5
740404301200090367,100,1100.0,NCR,112.16,1.122,11.0
740404301200110449,50,500.0,NCR,82.19,1.644,10.0
740404600700018006,50,500.0,NCR,113.82,2.276,10.0
740404600700060293,70,700.0,NCR,33.5,0.479,10.0
740404600700068011,50,500.0,NCR,41.31,0.826,10.0
740404600700070347,40,400.0,NCR,28.8,0.72,10.0
740404600700088007,500,5000.0,NCR,615.36,1.231,10.0
740404600700090453,80,800.0,NCR,96.51,1.206,10.0
740404600700098012,110,1100.0,NCR,83.48,0.759,10.0
740404600700100496,197,2200.0,NCR,160.17,0.813,11.17
740404600700118008,70,700.0,NCR,131.91,1.884,10.0
740404600700138003,70,700.0,NCR,76.47,1.092,10.0
740404600700148009,180,1800.0,NCR,319.84,1.777,10.0
740404600700158010,230,2300.0,NCR,269.71,1.173,10.0
740404800100010017,300,3000.0,NCR,250.58,0.835,10.0
740404800100028004,320,3200.0,NCR,618.44,1.933,10.0
740404800100030059,160,1700.0,NCR,155.23,0.97,10.62
740404800100040079,120,1200.0,NCR,192.34,1.603,10.0
740404800100060129,200,1900.0,NCR,123.92,0.62,9.5
740404800100078005,400,4000.0,NCR,428.39,1.071,10.0
740404800100080272,600,6000.0,NCR,465.9,0.776,10.0
740404800100090207,280,2800.0,NCR,155.74,0.556,10.0
740404800100118002,400,4000.0,NCR,443.55,1.109,10.0
740404900100018001,240,2500.0,NCR,252.36,1.052,10.42
740404900100040202,90,800.0,NCR,126.6,1.407,8.89
740404900100050252,180,1700.0,NCR,188.28,1.046,9.44
740404900100050253,90,800.0,NCR,86.7,0.963,8.89
740404900100060301,325,3700.0,NCR,149.33,0.459,11.38
740404900100070405,150,1400.0,NCR,109.48,0.73,9.33
740404900100078006,70,600.0,NCR,80.18,1.145,8.57
740405100500018001,150,1500.0,NCR,100.01,0.667,10.0
740405100500020426,250,2500.0,NCR,156.52,0.626,10.0
740405100500030291,171,1774.0,NCR,153.01,0.895,10.37
740405500100018001,260,3000.0,NCR,203.5,0.783,11.54
740405500100020392,98,1100.0,NCR,181.56,1.853,11.22
740405500100038002,99,814.0,NCR,96.91,0.979,8.22
740405800400010102,350,4000.0,NCR,156.82,0.448,11.43
740405800400018003,350,4000.0,NCR,150.24,0.429,11.43
740405800400018004,350,4000.0,NCR,128.18,0.366,11.43
740405800400028001,400,4500.0,NCR,511.54,1.279,11.25
740406400600038004,230,2200.0,NCR,226.1,0.983,9.57
740406400600058005,370,4000.0,NCR,408.1,1.103,10.81
740406400600060177,109,1133.0,NCR,163.0,1.495,10.39
740406400600070209,420,5000.0,NCR,437.07,1.041,11.9
740406400600098007,70,600.0,NCR,81.41,1.163,8.57
740406500500030248,167,1700.0,NCR,59.89,0.359,10.18
740406601600010032,113,1216.0,NCR,79.82,0.706,10.76
740406601600020075,126,1305.0,NCR,186.63,1.481,10.36
740406601600028003,107,1112.0,NCR,128.36,1.2,10.39
740406601600040154,21,212.0,NCR,82.53,3.93,10.1
740406601600068001,171,1714.0,NCR,195.53,1.143,10.02
740406601600070281,100,1078.0,NCR,232.05,2.32,10.78
740406601600108002,171,1700.0,NCR,66.15,0.387,9.94
740406800700018002,240,2300.0,NCR,337.38,1.406,9.58
740406800700048001,130,1600.0,NCR,210.56,1.62,12.31
740406800700050329,90,800.0,NCR,123.15,1.368,8.89
740406800700070494,260,2500.0,NCR,211.34,0.813,9.62
740406800700090636,79,600.0,NCR,170.95,2.164,7.59
740407100200010010,550,7000.0,NCR,621.01,1.129,12.73
740407100200020033,146,1600.0,NCR,153.36,1.05,10.96
740407100200030057,207,2225.0,NCR,272.68,1.317,10.75
740407100200058004,155,1700.0,NCR,165.33,1.067,10.97
740407100200070130,900,10000.0,NCR,2080.74,2.312,11.11
740407100200090166,110,1400.0,NCR,208.81,1.898,12.73
740407600200010090,400,4000.0,NCR,294.8,0.737,10.0
740407600200028002,40,400.0,NCR,89.78,2.244,10.0
740407600200028003,250,2500.0,NCR,300.6,1.202,10.0
740407600200028004,160,1600.0,NCR,97.21,0.608,10.0
740407700600010017,500,5000.0,NCR,135.41,0.271,10.0
740407700600020111,205,2000.0,NCR,189.35,0.924,9.76
740407900600018001,116,1200.0,NCR,141.26,1.218,10.34
740407900600020107,256,2767.0,NCR,87.75,0.343,10.81
740407900600030180,50,500.0,NCR,63.24,1.265,10.0
740407900600040256,150,1500.0,NCR,47.2,0.315,10.0
740407900600058002,40,400.0,NCR,58.82,1.47,10.0
740407900600070497,100,1100.0,NCR,144.82,1.448,11.0
740408000600010039,100,1000.0,NCR,90.48,0.905,10.0
740408000600030253,187,1938.0,NCR,241.59,1.292,10.36
740408000600040033,263,2810.0,NCR,155.29,0.59,10.68
740408200800010055,235,2600.0,NCR,71.84,0.306,11.06
740408200800028002,140,1400.0,NCR,206.08,1.472,10.0
740408200800048001,200,2000.0,NCR,316.09,1.58,10.0
740408200800058006,270,2900.0,NCR,271.17,1.004,10.74
740408400500010002,441,5000.0,NCR,354.4,0.804,11.34
740408400500020028,150,1700.0,NCR,208.65,1.391,11.33
740408400500030052,88,1000.0,NCR,169.52,1.926,11.36
740408400500040076,353,4000.0,NCR,317.34,0.899,11.33
740408400500058004,321,3500.0,NCR,263.31,0.82,10.9
740408400500060123,241,2900.0,NCR,247.49,1.027,12.03
740408400500078001,310,3500.0,NCR,204.28,0.659,11.29
740408400500088003,120,1400.0,NCR,199.48,1.662,11.67
740408400500090197,238,2700.0,NCR,249.93,1.05,11.34
740408400500100229,380,4300.0,NCR,382.9,1.008,11.32
740408400500118005,883,10000.0,NCR,1049.3,1.188,11.33
740408400500128002,177,2000.0,NCR,193.31,1.092,11.3
740408400500130303,706,8000.0,NCR,281.88,0.399,11.33
740408400500140326,233,2642.0,NCR,292.32,1.255,11.34
740408900800018001,133,1461.0,NCR,90.6,0.681,10.98
740408900800038002,120,1200.0,NCR,117.08,0.976,10.0
740409000700020158,40,250.0,NCR,251.68,6.292,6.25
740409000700038001,1019,13305.0,NCR,98.46,0.097,13.06
740409100200018004,650,6500.0,NCR,575.5,0.885,10.0
740409100200038010,350,3500.0,NCR,536.08,1.532,10.0
740409100200040080,80,800.0,NCR,131.09,1.639,10.0
740409100200048013,150,1500.0,NCR,58.06,0.387,10.0
740409100200070137,1200,12000.0,NCR,2386.14,1.988,10.0
740409100200088001,180,1800.0,NCR,226.49,1.258,10.0
740409100200108002,90,900.0,NCR,65.13,0.724,10.0
740409100200118003,40,400.0,NCR,75.38,1.884,10.0
740409100200118012,90,900.0,NCR,210.64,2.34,10.0
740409100200128009,75,750.0,NCR,157.72,2.103,10.0
740409100200138011,250,2500.0,NCR,225.94,0.904,10.0
740409300300028001,60,500.0,NCR,74.7,1.245,8.33
740409300300068002,500,5000.0,NCR,501.07,1.002,10.0
740409300300078003,40,400.0,NCR,42.7,1.068,10.0
740409300300088004,700,7000.0,NCR,371.36,0.531,10.0
740409501000018001,112,1160.0,NCR,75.32,0.672,10.36
740409501000028002,58,350.0,NCR,72.18,1.244,6.03
740409501000028004,117,1200.0,NCR,140.56,1.201,10.26
740409600400018002,150,1700.0,NCR,161.51,1.077,11.33
740409600400020172,45,500.0,NCR,35.29,0.784,11.11
740409600400030294,150,1700.0,NCR,95.39,0.636,11.33
740409701300010034,180,1800.0,NCR,241.12,1.34,10.0
740409701300020072,150,1500.0,NCR,306.91,2.046,10.0
740409701300048006,159,1800.0,NCR,210.51,1.324,11.32
740409701300078001,89,734.0,NCR,124.82,1.402,8.25
740409701300080301,80,500.0,NCR,45.85,0.573,6.25
740409701300090331,280,2800.0,NCR,417.85,1.492,10.0
740409701300118005,55,484.0,NCR,71.37,1.298,8.8
740409701300120434,958,8500.0,NCR,830.65,0.867,8.87
740409701300138002,203,2300.0,NCR,187.93,0.926,11.33
740409701300148004,180,1600.0,NCR,176.48,0.98,8.89
740409701300150519,120,1200.0,NCR,168.38,1.403,10.0
740409701300160547,270,2700.0,NCR,126.17,0.467,10.0
740410100600028009,120,1200.0,NCR,156.06,1.3,10.0
740410100600048004,113,1135.0,NCR,171.45,1.517,10.04
740410100600058006,210,2100.0,NCR,208.62,0.993,10.0
740410100600060459,700,7000.0,NCR,411.18,0.587,10.0
740410500300018001,60,380.0,NCR,37.78,0.63,6.33
740410500300038002,130,1200.0,NCR,15.32,0.118,9.23
740410500300040306,200,1800.0,NCR,58.35,0.292,9.0
740410601200028001,280,2700.0,NCR,198.22,0.708,9.64
740410601200038005,110,1100.0,NCR,150.29,1.366,10.0
740410601200040475,120,1000.0,NCR,104.2,0.868,8.33
740410601200040476,34,300.0,NCR,85.19,2.506,8.82
740410601200068004,80,800.0,NCR,194.47,2.431,10.0
740410900200018008,139,1200.0,NCR,456.96,3.287,8.63
740410900200040054,170,1700.0,NCR,272.28,1.602,10.0
740410900200058002,63,500.0,NCR,142.11,2.256,7.94
740410900200068001,63,500.0,NCR,108.04,1.715,7.94
740410900200070123,165,1800.0,NCR,145.04,0.879,10.91
740410900200098006,172,1924.0,NCR,230.29,1.339,11.19
740410900200098007,172,1924.0,NCR,62.17,0.361,11.19
740410900200108004,150,1500.0,NCR,202.14,1.348,10.0
740411100300048001,80,800.0,NCR,88.62,1.108,10.0
740411100300048004,40,300.0,NCR,35.4,0.885,7.5
740411200300010084,300,3000.0,NCR,387.07,1.29,10.0
740411200300010115,2300,25000.0,NCR,1451.43,0.631,10.87
740411200300030180,810,8100.0,NCR,783.64,0.967,10.0
740411200300040211,500,5000.0,NCR,1027.68,2.055,10.0
740411200300058001,170,1700.0,NCR,170.19,1.001,10.0
740411400200030090,162,1850.0,NCR,246.3,1.52,11.42
740411400200048004,200,1200.0,NCR,134.61,0.673,6.0
740411400200050144,205,2199.0,NCR,285.18,1.391,10.73
740411400200078001,236,2527.0,NCR,238.43,1.01,10.71
740411400200088002,254,2718.0,NCR,315.41,1.242,10.7
740411400200098006,235,2498.0,NCR,180.73,0.769,10.63
740411500800028001,500,5000.0,NCR,627.71,1.255,10.0
740411900600018005,120,1200.0,NCR,173.03,1.442,10.0
740411900600028002,600,6000.0,NCR,491.03,0.818,10.0
740411900600038004,70,600.0,NCR,58.32,0.833,8.57
740411900600040251,300,3000.0,NCR,630.02,2.1,10.0
740411900600058001,30,300.0,NCR,125.44,4.181,10.0
740412002100018001,141,1634.0,NCR,72.49,0.514,11.59
740412002100020042,260,2400.0,NCR,437.56,1.683,9.23
740412002100048002,240,2400.0,NCR,56.75,0.236,10.0
740412002100068003,20,200.0,NCR,4.42,0.221,10.0
740412002100078007,65,440.0,NCR,57.66,0.887,6.77
740412100300028008,75,600.0,NCR,82.11,1.095,8.0
740412100300038002,105,1250.0,NCR,217.66,2.073,11.9
740412100300050184,140,1200.0,NCR,229.51,1.639,8.57
740412100300060234,365,4000.0,NCR,672.7,1.843,10.96
740412100300090453,300,3000.0,NCR,206.65,0.689,10.0
740412400700020206,211,2500.0,NCR,220.0,1.043,11.85
740412400700030286,110,1143.0,NCR,161.04,1.464,10.39
740412400700030287,280,2800.0,NCR,182.79,0.653,10.0
740412400700040020,100,1000.0,NCR,151.47,1.515,10.0
740412400700050099,300,3000.0,NCR,246.02,0.82,10.0
740412400700078001,250,2500.0,NCR,328.97,1.316,10.0
740412500200028001,260,3000.0,NCR,150.4,0.578,11.54
740412500200030056,565,6500.0,NCR,100.4,0.178,11.5
740412500200038002,565,6500.0,NCR,37.15,0.066,11.5
740412500200060140,110,1200.0,NCR,594.04,5.4,10.91
740412500200078010,318,3500.0,NCR,261.83,0.823,11.01
740412500200088005,350,4000.0,NCR,554.76,1.585,11.43
740412500200118009,435,5000.0,NCR,382.42,0.879,11.49
740412500200128008,260,3000.0,NCR,404.31,1.555,11.54
740412500200138006,470,5400.0,NCR,353.62,0.752,11.49
740413200300028005,269,2876.0,NCR,369.54,1.374,10.69
740413200300050138,450,4500.0,NCR,332.64,0.739,10.0
740413200300060168,33,306.0,NCR,84.84,2.571,9.27
740413200300070213,150,1000.0,NCR,305.11,2.034,6.67
740413200300080253,100,1000.0,NCR,191.05,1.91,10.0
740413400200010021,2050,20500.0,NCR,1228.96,0.599,10.0
740413400200020050,700,7000.0,NCR,611.65,0.874,10.0
740413400200050126,590,5890.0,NCR,562.55,0.953,9.98
740413400200068005,50,500.0,NCR,175.72,3.514,10.0
740413400200078002,680,7000.0,NCR,602.98,0.887,10.29
740413400200098007,480,4800.0,NCR,223.13,0.465,10.0
740413400200108008,458,4580.0,NCR,641.96,1.402,10.0
740413400200110285,878,8790.0,NCR,489.58,0.558,10.01
740413400200128003,700,7000.0,NCR,703.21,1.005,10.0
740413400200138004,1800,12899.0,NCR,1259.72,0.7,7.17
740413700200018002,190,1800.0,NCR,211.8,1.115,9.47
740413700200040200,275,2800.0,NCR,210.84,0.767,10.18
740413700200060329,282,3000.0,NCR,192.9,0.684,10.64
740413800100010028,80,800.0,NCR,52.52,0.657,10.0
740413800100030271,350,4000.0,NCR,143.84,0.411,11.43
740413800100058001,115,1300.0,NCR,91.84,0.799,11.3
740413803500018002,258,2580.0,NCR,155.25,0.602,10.0
740413803500028003,150,1500.0,NCR,51.65,0.344,10.0
740413803500050286,157,1575.0,NCR,116.65,0.743,10.03
740413803500060535,185,1850.0,NCR,128.78,0.696,10.0
740413901700010035,230,2300.0,NCR,183.21,0.797,10.0
740413901700020078,230,2300.0,NCR,217.47,0.946,10.0
740413901700030119,109,1090.0,NCR,49.62,0.455,10.0
740413901700040161,130,1300.0,NCR,134.55,1.035,10.0
740413901700058003,25,250.0,NCR,32.43,1.297,10.0
740413901700078004,190,1900.0,NCR,136.33,0.718,10.0
740413901700090360,98,808.0,NCR,126.94,1.295,8.24
740413901700100402,257,2578.0,NCR,173.08,0.673,10.03
740413901700130524,138,1378.0,NCR,158.61,1.149,9.99
740413901700148005,120,1200.0,NCR,139.53,1.163,10.0
740413902700018002,70,700.0,NCR,128.75,1.839,10.0
740413902700018003,170,1700.0,NCR,23.93,0.141,10.0
740413902700020129,170,1700.0,NCR,289.42,1.702,10.0
740413902700030001,249,2665.0,NCR,146.37,0.588,10.7
740413902700040115,230,2540.0,NCR,73.0,0.317,11.04
740414002000050115,2000,20000.0,NCR,1033.74,0.517,10.0
740414002000068004,200,2000.0,NCR,237.33,1.187,10.0
740414002000080191,300,2500.0,NCR,192.18,0.641,8.33
740414002000090210,800,8000.0,NCR,498.0,0.622,10.0
740414002000100237,500,5500.0,NCR,514.82,1.03,11.0
740414002000110257,600,5500.0,NCR,253.02,0.422,9.17
740414002000128007,300,3000.0,NCR,191.91,0.64,10.0
740414002000130307,700,7000.0,NCR,645.97,0.923,10.0
740414100100018002,400,4000.0,NCR,286.59,0.716,10.0
740414100100038001,250,2800.0,NCR,444.69,1.779,11.2
740414200100018020,320,3000.0,NCR,274.63,0.858,9.38
740414200100020053,220,2300.0,NCR,290.87,1.322,10.45
740414200100050120,150,1400.0,NCR,305.04,2.034,9.33
740414200100068001,50,400.0,NCR,54.16,1.083,8.0
740414200100080199,140,1600.0,NCR,152.72,1.091,11.43
740414200100098016,90,500.0,NCR,68.82,0.765,5.56
740414200100100250,122,1300.0,NCR,151.42,1.241,10.66
740414200100118004,92,700.0,NCR,61.42,0.668,7.61
740414200100118011,115,1200.0,NCR,150.71,1.311,10.43
740414200100130333,400,3500.0,NCR,37.74,0.094,8.75
740414200100150383,110,1200.0,NCR,94.95,0.863,10.91
740414200100178010,110,1100.0,NCR,99.05,0.9,10.0
740414200100198019,31,217.0,NCR,28.7,0.926,7.0
740414200100248009,400,4000.0,NCR,154.52,0.386,10.0
740414200100258007,110,700.0,NCR,54.59,0.496,6.36
740414200100288012,170,1700.0,NCR,117.53,0.691,10.0
740501100200018005,800,8951.0,NCR,364.66,0.456,11.19
740501100200020066,111,1200.0,NCR,121.61,1.096,10.81
740501100200038001,84,750.0,NCR,84.11,1.001,8.93
740501100200048002,180,1500.0,NCR,85.94,0.477,8.33
740501100200058006,150,1300.0,NCR,104.12,0.694,8.67
740501100200068008,360,3000.0,NCR,145.03,0.403,8.33
740501100200068009,87,750.0,NCR,62.61,0.72,8.62
740501100200080334,196,1700.0,NCR,84.49,0.431,8.67
740501600400018004,144,1478.0,NCR,62.39,0.433,10.26
740501600400028005,380,4000.0,NCR,67.54,0.178,10.53
740501600400068002,433,5000.0,NCR,734.73,1.697,11.55
740501600400098008,145,1500.0,NCR,269.4,1.858,10.34
740501600400110414,318,3500.0,NCR,297.59,0.936,11.01
740502000100018004,605,7000.0,NCR,574.6,0.95,11.57
740502000100028003,210,2000.0,NCR,302.82,1.442,9.52
740502000100040310,290,3000.0,NCR,52.52,0.181,10.34
740502000100048002,92,900.0,NCR,43.2,0.47,9.78
750100801000010036,218,2400.0,NCR,109.08,0.5,11.01
750100801000038005,45,500.0,NCR,15.65,0.348,11.11
750100801000048006,163,1800.0,NCR,149.32,0.916,11.04
750100801000058002,118,1300.0,NCR,88.31,0.748,11.02
750100801000060300,182,2000.0,NCR,190.5,1.047,10.99
750101200300010084,209,2300.0,NCR,201.86,0.966,11.0
750101200300020193,227,2500.0,NCR,336.45,1.482,11.01
750101200300038004,172,1900.0,NCR,158.7,0.923,11.05
750101200300040071,254,2800.0,NCR,254.86,1.003,11.02
750101200300058004,28,300.0,NCR,32.4,1.157,10.71
750101400200010035,160,1600.0,NCR,172.6,1.079,10.0
750101400200020073,27,250.0,NCR,74.89,2.774,9.26
750101800100020071,227,2500.0,NCR,150.89,0.665,11.01
750101800100048009,67,600.0,NCR,75.38,1.125,8.96
750101800100050202,149,1700.0,NCR,63.38,0.425,11.41
750101800100070284,73,800.0,NCR,57.08,0.782,10.96
750101800100080325,273,3000.0,NCR,121.86,0.446,10.99
750101800100090370,45,500.0,NCR,56.8,1.262,11.11
750101800100108010,45,500.0,NCR,41.0,0.911,11.11
750101800100110453,84,653.0,NCR,46.91,0.558,7.77
750101800100128004,45,500.0,NCR,65.61,1.458,11.11
750101800100128007,136,1500.0,NCR,49.21,0.362,11.03
750101800100128008,136,1500.0,NCR,117.44,0.864,11.03
750102801800010078,126,1319.0,NCR,43.76,0.347,10.47
750102801800030253,40,450.0,NCR,36.03,0.901,11.25
750102801800038002,54,600.0,NCR,54.02,1.0,11.11
750102801800038003,68,750.0,NCR,32.14,0.473,11.03
750102801800040351,67,600.0,NCR,29.73,0.444,8.96
750103501000010105,109,1200.0,NCR,79.74,0.732,11.01
750103501000018002,75,626.0,NCR,56.91,0.759,8.35
750103501000020252,500,5500.0,NCR,287.31,0.575,11.0
750103501000038003,63,700.0,NCR,77.73,1.234,11.11
750107300600010113,200,2000.0,NCR,145.58,0.728,10.0
750107300600020275,181,2000.0,NCR,164.1,0.907,11.05
750107300600038002,329,3650.0,NCR,235.01,0.714,11.09
750109300300018003,136,1500.0,NCR,73.83,0.543,11.03
750109300300038004,136,1500.0,NCR,135.27,0.995,11.03
750109300300040146,45,500.0,NCR,66.07,1.468,11.11
750109300300058002,200,2059.0,NCR,168.7,0.843,10.3
750109300300060219,76,755.0,NCR,83.5,1.099,9.93
750109300300088005,182,2000.0,NCR,158.99,0.874,10.99
750109300300090329,118,1300.0,NCR,45.18,0.383,11.02
750109300300100369,101,1054.0,NCR,57.12,0.566,10.44
750114000000018003,136,1500.0,NCR,105.42,0.775,11.03
750114000000030043,154,1700.0,NCR,56.95,0.37,11.04
750114000000048007,209,2300.0,NCR,48.37,0.231,11.0
750114000000068004,63,700.0,NCR,62.87,0.998,11.11
750114000000078009,45,500.0,NCR,68.69,1.526,11.11
750114000000080121,31,350.0,NCR,96.3,3.106,11.29
750114000000090135,207,2111.0,NCR,137.47,0.664,10.2
750114000000108010,136,1500.0,NCR,141.43,1.04,11.03
750114000000118002,27,300.0,NCR,27.63,1.023,11.11
750114000000118006,27,300.0,NCR,29.15,1.08,11.11
750115200200010022,36,400.0,NCR,111.2,3.089,11.11
750115200200028001,118,1300.0,NCR,192.69,1.633,11.02
750115200200030075,128,1325.0,NCR,140.39,1.097,10.35
750115200200040103,45,500.0,NCR,31.23,0.694,11.11
750115200200058009,174,1810.0,NCR,114.62,0.659,10.4
750115200200060153,45,500.0,NCR,43.78,0.973,11.11
750115200200078010,27,300.0,NCR,54.72,2.027,11.11
750115200200098005,174,1752.0,NCR,158.05,0.908,10.07
750115200200108011,41,266.0,NCR,33.67,0.821,6.49
750115200200118012,454,5000.0,NCR,178.94,0.394,11.01
750115200200128013,63,700.0,NCR,21.72,0.345,11.11
750115400100028009,45,500.0,NCR,31.91,0.709,11.11
750115400100048006,228,2467.0,NCR,254.1,1.114,10.82
750115400100050141,54,600.0,NCR,60.65,1.123,11.11
750115400100060171,213,2307.0,NCR,199.02,0.934,10.83
750115400100070199,45,500.0,NCR,66.47,1.477,11.11
750115400100088010,109,1200.0,NCR,68.46,0.628,11.01
750115400100090261,128,1500.0,NCR,107.45,0.839,11.72
750115400100108011,227,2500.0,NCR,172.58,0.76,11.01
750115400100118012,254,2800.0,NCR,178.76,0.704,11.02
750115400100120354,47,500.0,NCR,46.79,0.996,10.64
750115400100130385,163,1850.0,NCR,127.65,0.783,11.35
750115400100140413,63,700.0,NCR,46.88,0.744,11.11
750115400100150444,36,400.0,NCR,41.85,1.162,11.11
750115600300010021,114,1196.0,NCR,105.1,0.922,10.49
750115600300020044,109,1200.0,NCR,74.21,0.681,11.01
750115600300030066,63,428.0,NCR,60.33,0.958,6.79
750115600300070156,193,2004.0,NCR,139.9,0.725,10.38
750115600300138010,107,1184.0,NCR,137.41,1.284,11.07
750116000500010072,50,550.0,NCR,62.55,1.251,11.0
750116000500010073,22,250.0,NCR,46.25,2.102,11.36
750116000500028001,118,1300.0,NCR,72.63,0.616,11.02
750116000500030310,45,500.0,NCR,31.54,0.701,11.11
750116000500030311,54,600.0,NCR,73.96,1.37,11.11
750116000500038002,36,400.0,NCR,15.93,0.442,11.11
750116000500060095,109,1200.0,NCR,67.89,0.623,11.01
750116000500070217,69,760.0,NCR,57.63,0.835,11.01
750116000500080334,116,1200.0,NCR,114.82,0.99,10.34
750116200100018007,172,1900.0,NCR,177.09,1.03,11.05
750116200100028001,172,1900.0,NCR,97.1,0.565,11.05
750116200100040139,318,3500.0,NCR,251.59,0.791,11.01
750116200100050182,91,1000.0,NCR,61.45,0.675,10.99
750116200100078008,68,750.0,NCR,42.19,0.62,11.03
750116200100080312,63,700.0,NCR,74.36,1.18,11.11
750116200100108010,163,1800.0,NCR,158.93,0.975,11.04
750116200100110073,172,1900.0,NCR,211.56,1.23,11.05
750116200100128004,136,1400.0,NCR,68.96,0.507,10.29
750116200100138011,63,700.0,NCR,53.98,0.857,11.11
750116200100148012,145,1600.0,NCR,171.36,1.182,11.03
750116300400018011,78,664.0,NCR,46.04,0.59,8.51
750116300400020109,157,1636.0,NCR,137.31,0.875,10.42
750116300400048007,109,1200.0,NCR,120.61,1.107,11.01
750116300400058005,152,1675.0,NCR,98.87,0.65,11.02
750116300400068012,136,1500.0,NCR,74.97,0.551,11.03
750116300400088013,240,2596.0,NCR,177.5,0.74,10.82
750116300400090174,227,2500.0,NCR,169.89,0.748,11.01
750116300400128001,90,1000.0,NCR,89.03,0.989,11.11
750116500200018002,140,1500.0,NCR,182.55,1.304,10.71
750116500200038005,25,200.0,NCR,77.44,3.098,8.0
750116500200040363,170,1730.0,NCR,142.92,0.841,10.18
750116600800018002,105,1100.0,NCR,179.15,1.706,10.48
750116700100020161,200,2200.0,NCR,218.37,1.092,11.0
750116700100038001,205,2235.0,NCR,403.06,1.966,10.9
750116700100040343,295,2800.0,NCR,564.78,1.915,9.49
750116800400010069,192,1900.0,NCR,420.76,2.191,9.9
750116800400038004,11,120.0,NCR,48.24,4.385,10.91
750117100200018005,170,1700.0,NCR,187.97,1.106,10.0
750117100200020208,150,1350.0,NCR,132.3,0.882,9.0
750117100200038002,18,136.0,NCR,39.3,2.183,7.56
750117100200048001,600,6000.0,NCR,584.67,0.974,10.0
750117100200068006,108,1200.0,NCR,228.34,2.114,11.11
750117100200070793,52,580.0,NCR,118.24,2.274,11.15
750117200400018002,192,1900.0,NCR,176.32,0.918,9.9
750117200400020187,400,4000.0,NCR,448.79,1.122,10.0
750117200400038001,205,2235.0,NCR,319.89,1.56,10.9
750117400300010042,200,2000.0,NCR,286.65,1.433,10.0
750117400300028002,65,700.0,NCR,107.98,1.661,10.77
750117400300038001,95,1000.0,NCR,145.82,1.535,10.53
750117501700010025,129,1500.0,NCR,163.26,1.266,11.63
750117501700020095,975,10000.0,NCR,534.1,0.548,10.26
750117501700038003,90,884.0,NCR,121.68,1.352,9.82
750117501700050340,35,400.0,NCR,79.78,2.279,11.43
750117501700070501,120,1200.0,NCR,153.49,1.279,10.0
750117604300028004,61,600.0,NCR,102.82,1.686,9.84
750117604300058006,200,2059.0,NCR,205.23,1.026,10.3
750117604300068007,82,812.0,NCR,74.24,0.905,9.9
750117604300078007,30,320.0,NCR,109.93,3.664,10.67
750117604300088012,80,791.0,NCR,85.87,1.073,9.89
750117604300090333,34,300.0,NCR,98.21,2.889,8.82
750117604300108013,62,600.0,NCR,463.11,7.47,9.68
750117604300118011,68,675.0,NCR,52.08,0.766,9.93
750117605700018009,202,2100.0,NCR,281.71,1.395,10.4
750117605700028002,81,800.0,NCR,57.56,0.711,9.88
750117605700060466,91,900.0,NCR,129.72,1.425,9.89
750117605700100788,173,1800.0,NCR,109.62,0.634,10.4
750117606700010088,70,600.0,NCR,34.28,0.49,8.57
750117606700028001,46,310.0,NCR,17.46,0.38,6.74
750117606700038005,46,300.0,NCR,49.76,1.082,6.52
750117608400020067,120,1300.0,NCR,42.11,0.351,10.83
750117608400030098,120,1100.0,NCR,26.94,0.224,9.17
750117608400040133,120,1200.0,NCR,75.2,0.627,10.0
750117608400050164,60,400.0,NCR,64.64,1.077,6.67
750117608400068005,220,2000.0,NCR,189.12,0.86,9.09
750117608400078001,125,1200.0,NCR,68.19,0.546,9.6
750117608400090289,80,700.0,NCR,125.49,1.569,8.75
750117608400100318,55,300.0,NCR,26.74,0.486,5.45
750117608400100319,55,300.0,NCR,78.97,1.436,5.45
750117608400110351,55,380.0,NCR,41.33,0.751,6.91
750117700200010030,595,6000.0,NCR,366.07,0.615,10.08
750117700200020062,31,200.0,NCR,20.67,0.667,6.45
750117700200038003,120,1200.0,NCR,210.83,1.757,10.0
750117700200040133,340,3500.0,NCR,378.22,1.112,10.29
750117700200050170,400,4200.0,NCR,258.21,0.646,10.5
750117700200068004,150,1700.0,NCR,136.14,0.908,11.33
750117700200070241,80,900.0,NCR,59.94,0.749,11.25
750117700200078005,65,500.0,NCR,31.23,0.48,7.69
750117700200088007,145,1500.0,NCR,185.28,1.278,10.34
750117700200088008,70,500.0,NCR,176.42,2.52,7.14
750117700200090306,210,2300.0,NCR,259.44,1.235,10.95
750117700200100345,170,1800.0,NCR,206.25,1.213,10.59
750117700200110381,70,600.0,NCR,135.36,1.934,8.57
750117700200128009,280,3000.0,NCR,165.38,0.591,10.71
750117800500010035,96,1000.0,NCR,113.16,1.179,10.42
750117800500038003,250,2600.0,NCR,138.71,0.555,10.4
750117800500048001,173,1800.0,NCR,245.18,1.417,10.4
750117800500050176,44,400.0,NCR,61.41,1.396,9.09
750117800500060212,56,500.0,NCR,29.02,0.518,8.93
750117800500070251,288,3000.0,NCR,179.83,0.624,10.42
750117800500080286,202,2000.0,NCR,107.5,0.532,9.9
750117800500098006,172,1800.0,NCR,90.83,0.528,10.47
750117800500100357,67,600.0,NCR,65.07,0.971,8.96
750117800500110396,131,1300.0,NCR,98.25,0.75,9.92
750117800500120431,154,1600.0,NCR,135.19,0.878,10.39
750117800500130468,173,1800.0,NCR,97.76,0.565,10.4
750117800500150537,28,250.0,NCR,28.02,1.001,8.93
750117800500158004,28,193.0,NCR,20.8,0.743,6.89
750117900600018007,110,1200.0,NCR,37.81,0.344,10.91
750117900600028002,150,1600.0,NCR,159.48,1.063,10.67
750117900600038008,120,1300.0,NCR,55.58,0.463,10.83
750117900600048005,55,600.0,NCR,26.05,0.474,10.91
750117900600058006,70,500.0,NCR,44.9,0.641,7.14
750118000500018003,80,756.0,NCR,61.59,0.77,9.45
750118000500020026,180,1700.0,NCR,213.09,1.184,9.44
750118000500030049,155,1500.0,NCR,113.5,0.732,9.68
750118000500048004,360,3500.0,NCR,57.67,0.16,9.72
750118000500058005,70,500.0,NCR,46.22,0.66,7.14
750118000500060113,140,1400.0,NCR,158.41,1.132,10.0
750118000500070136,60,400.0,NCR,59.63,0.994,6.67
750118100600020111,163,1700.0,NCR,147.65,0.906,10.43
750118100600030175,192,2000.0,NCR,142.52,0.742,10.42
750118500600020170,27,300.0,NCR,101.41,3.756,11.11
750118700100020113,131,1370.0,NCR,79.34,0.606,10.46
750118700100030176,75,450.0,NCR,75.86,1.011,6.0
750118800400010002,266,2800.0,NCR,476.48,1.791,10.53
750118800400030076,172,1800.0,NCR,152.59,0.887,10.47
750118800400040113,100,1000.0,NCR,136.34,1.363,10.0
750118800400050151,350,3700.0,NCR,208.56,0.596,10.57
750118800400060188,13,126.0,NCR,18.64,1.434,9.69
750118800400078005,48,350.0,NCR,53.53,1.115,7.29
750118800400090300,591,6500.0,NCR,593.08,1.004,11.0
750118800400128003,65,650.0,NCR,34.13,0.525,10.0
750200800300020039,136,1500.0,NCR,108.36,0.797,11.03
750200800300048001,90,1000.0,NCR,121.97,1.355,11.11
750200800300078007,109,1200.0,NCR,52.7,0.483,11.01
750200800300098003,354,3900.0,NCR,649.47,1.835,11.02
750201100300020058,79,659.0,NCR,80.76,1.022,8.34
750201100300040126,240,2000.0,NCR,506.72,2.111,8.33
750201100300088001,141,1405.0,NCR,328.54,2.33,9.96
750201100300090296,227,2500.0,NCR,146.0,0.643,11.01
750201100300100330,145,1600.0,NCR,153.21,1.057,11.03
750201100300130432,185,2000.0,NCR,260.02,1.406,10.81
750201100300140466,54,600.0,NCR,60.61,1.122,11.11
750201900800018005,227,2500.0,NCR,529.36,2.332,11.01
750201900800028004,246,2709.0,NCR,154.09,0.626,11.01
750201900800080259,227,2500.0,NCR,461.18,2.032,11.01
750300600200010027,145,1500.0,NCR,148.78,1.026,10.34
750300600200020047,194,2000.0,NCR,55.26,0.285,10.31
750300600200038002,165,1700.0,NCR,129.24,0.783,10.3
750300600200040087,233,2400.0,NCR,61.05,0.262,10.3
750300600200058003,87,900.0,NCR,74.8,0.86,10.34
750300600200068004,165,1700.0,NCR,173.49,1.051,10.3
750300600200070147,581,6000.0,NCR,399.71,0.688,10.33
750300600200080167,310,3200.0,NCR,219.13,0.707,10.32
750300800100010012,291,3000.0,NCR,181.99,0.625,10.31
750301001400048001,89,900.0,NCR,131.84,1.481,10.11
750301001400060283,233,2400.0,NCR,186.45,0.8,10.3
750301200200010009,68,700.0,NCR,50.33,0.74,10.29
750301200200028001,145,1500.0,NCR,146.36,1.009,10.34
750301300500020196,184,1900.0,NCR,116.06,0.631,10.33
750301300500040424,388,4000.0,NCR,31.84,0.082,10.31
750301401400010002,87,900.0,NCR,16.64,0.191,10.34
750301401400030062,81,900.0,NCR,16.5,0.204,11.11
750400200100018001,172,1193.0,NCR,116.38,0.677,6.94
750400200100020432,163,1536.0,NCR,136.98,0.84,9.42
750400400200028013,110,1200.0,NCR,118.38,1.076,10.91
750400400200030087,250,2600.0,NCR,269.67,1.079,10.4
750400400200048002,203,2010.0,NCR,211.52,1.042,9.9
750400400200060159,210,2300.0,NCR,286.37,1.364,10.95
750400400200078003,150,1600.0,NCR,217.23,1.448,10.67
750400400200080225,210,2300.0,NCR,361.47,1.721,10.95
750400400200088004,212,2300.0,NCR,103.79,0.49,10.85
750400400200110316,204,2010.0,NCR,171.21,0.839,9.85
750400400200138007,135,1400.0,NCR,103.69,0.768,10.37
750400400200148009,630,6000.0,NCR,449.42,0.713,9.52
750400700100018001,102,700.0,NCR,164.26,1.61,6.86
750400700100040479,300,3000.0,NCR,636.1,2.12,10.0
750400800600028003,49,367.0,NCR,227.91,4.651,7.49
750400800600038002,199,1800.0,NCR,352.43,1.771,9.05
750400900300010037,80,650.0,NCR,64.85,0.811,8.12
750400900300030093,180,1900.0,NCR,133.03,0.739,10.56
750400900300040121,113,1200.0,NCR,147.6,1.306,10.62
750400900300050147,83,671.0,NCR,56.88,0.685,8.08
750400900300060174,110,1146.0,NCR,144.17,1.311,10.42
750400900300070202,50,501.0,NCR,53.7,1.074,10.02
750400900300088001,90,969.0,NCR,126.17,1.402,10.77
750400900300098002,107,1110.0,NCR,151.17,1.413,10.37
750400900300100284,225,2295.0,NCR,92.3,0.41,10.2
750400900300118003,125,1275.0,NCR,144.2,1.154,10.2
750400900300120337,79,805.0,NCR,131.46,1.664,10.19
750401000800010001,95,783.0,NCR,167.65,1.765,8.24
750401000800020068,88,708.0,NCR,135.45,1.539,8.05
750401000800030135,131,1288.0,NCR,193.32,1.476,9.83
750401101300018010,216,2200.0,NCR,729.22,3.376,10.19
750401101300020034,305,3200.0,NCR,189.64,0.622,10.49
750401101300030051,164,1691.0,NCR,141.47,0.863,10.31
750401101300058008,175,1800.0,NCR,157.82,0.902,10.29
750401101300060105,154,1635.0,NCR,209.69,1.362,10.62
750401101300080145,137,1396.0,NCR,109.57,0.8,10.19
750401101300090163,237,2503.0,NCR,157.18,0.663,10.56
750401101300138013,165,1700.0,NCR,307.87,1.866,10.3
750401101300148015,438,3657.0,NCR,31.94,0.073,8.35
750401101300150275,125,1300.0,NCR,126.08,1.009,10.4
750401101300168012,80,510.0,NCR,37.3,0.466,6.38
750401101300170313,435,4500.0,NCR,829.3,1.906,10.34
750401101300188011,98,800.0,NCR,140.96,1.438,8.16
750401101300190343,103,1082.0,NCR,133.19,1.293,10.5
750401101300200364,109,1500.0,NCR,161.57,1.482,13.76
750401101300210382,461,5467.0,NCR,289.96,0.629,11.86
750401101300220399,140,1500.0,NCR,132.87,0.949,10.71
750401101300240436,317,3500.0,NCR,323.77,1.021,11.04
750401101300250454,822,8747.0,NCR,225.62,0.274,10.64
750401101300270492,115,1200.0,NCR,73.25,0.637,10.43
750401200200010023,262,2716.0,NCR,192.26,0.734,10.37
750401200200030083,223,2412.0,NCR,115.63,0.519,10.82
750401200200040129,65,679.0,NCR,69.36,1.067,10.45
750401200200070235,35,300.0,NCR,44.17,1.262,8.57
750401200200080270,63,437.0,NCR,67.15,1.066,6.94
750401200200090306,71,476.0,NCR,89.82,1.265,6.7
750401200200100345,10,111.0,NCR,38.06,3.806,11.1
750401200200110381,30,311.0,NCR,52.95,1.765,10.37
750401200200110382,65,496.0,NCR,48.24,0.742,7.63
750401200200130454,73,607.0,NCR,74.38,1.019,8.32
750401300100028002,50,500.0,NCR,68.0,1.36,10.0
750401300100038003,80,555.0,NCR,58.28,0.728,6.94
750401600200018001,60,540.0,NCR,80.0,1.333,9.0
750401600200030319,100,1000.0,NCR,732.88,7.329,10.0
750401700400098003,95,700.0,NCR,62.32,0.656,7.37
750401700400100758,131,1500.0,NCR,126.02,0.962,11.45
750401800800010073,131,1228.0,NCR,168.95,1.29,9.37
750401800800038002,222,2000.0,NCR,184.87,0.833,9.01
750401900300020047,83,500.0,NCR,74.09,0.893,6.02
750401900300030086,68,673.0,NCR,77.12,1.134,9.9
750401900300040122,62,600.0,NCR,57.91,0.934,9.68
750401900300050161,108,1200.0,NCR,76.08,0.704,11.11
750401900300058006,140,1500.0,NCR,87.68,0.626,10.71
750401900300080275,340,3500.0,NCR,416.47,1.225,10.29
750401900300090312,174,2000.0,NCR,315.02,1.81,11.49
750401900300108007,108,1200.0,NCR,136.75,1.266,11.11
750401900300110388,201,2300.0,NCR,417.16,2.075,11.44
750401900300120422,64,650.0,NCR,134.9,2.108,10.16
750401900300130458,49,372.0,NCR,95.99,1.959,7.59
750402000100020054,318,2210.0,NCR,377.6,1.187,6.95
750402300800020035,50,350.0,NCR,63.14,1.263,7.0
750402300800040080,135,1300.0,NCR,137.97,1.022,9.63
750402300800058005,60,408.0,NCR,69.36,1.156,6.8
750402300800060129,131,1128.0,NCR,143.35,1.094,8.61
750402300800078006,60,400.0,NCR,40.24,0.671,6.67
750402300800128003,138,1440.0,NCR,145.46,1.054,10.43
750402300800138004,71,508.0,NCR,55.82,0.786,7.15
750403001300028001,92,750.0,NCR,130.8,1.422,8.15
750403001300038002,56,500.0,NCR,67.6,1.207,8.93
750403100300010270,60,416.0,NCR,59.84,0.997,6.93
750403100300020556,124,1287.0,NCR,101.04,0.815,10.38
750403100300038001,209,2245.0,NCR,162.68,0.778,10.74
760100100400010031,183,2500.0,NCR,261.04,1.426,13.66
760100400100018001,224,2400.0,NCR,204.81,0.914,10.71
760100400100020053,600,6426.0,NCR,565.46,0.942,10.71
760100400100038002,72,771.0,NCR,132.08,1.834,10.71
760100400100040135,242,2592.0,NCR,178.19,0.736,10.71
760100400100050179,225,2352.0,NCR,305.63,1.358,10.45
760100400100070264,61,793.0,NCR,62.8,1.03,13.0
760100400100100072,177,1820.0,NCR,250.84,1.417,10.28
760100400100110114,37,396.0,NCR,34.8,0.941,10.7
760100400100120164,186,1992.0,NCR,284.81,1.531,10.71
760100400100140255,327,3502.0,NCR,347.86,1.064,10.71
760100400100160341,61,720.0,NCR,135.89,2.228,11.8
760100600800020243,233,2500.0,NCR,277.96,1.193,10.73
760100600800038001,136,1405.0,NCR,178.82,1.315,10.33
760100600800040564,109,1100.0,NCR,241.2,2.213,10.09
760100700300020154,154,1496.0,NCR,95.76,0.622,9.71
760100700300050470,116,1200.0,NCR,44.33,0.382,10.34
760100700300068001,158,1600.0,NCR,220.57,1.396,10.13
760100800200018001,140,1500.0,NCR,118.94,0.85,10.71
760100800200020091,311,3479.0,NCR,209.04,0.672,11.19
760100800200038002,57,620.0,NCR,123.3,2.163,10.88
760100900500028001,233,2495.0,NCR,654.9,2.811,10.71
760100900500030114,420,4498.0,NCR,920.86,2.193,10.71
760101000600018001,234,2500.0,NCR,107.97,0.461,10.68
760101000600030340,409,4141.0,NCR,388.74,0.95,10.12
760101000600050657,140,1499.0,NCR,123.75,0.884,10.71
760101101700018001,280,3000.0,NCR,215.79,0.771,10.71
760101101700030080,76,814.0,NCR,122.75,1.615,10.71
760101101700050146,61,650.0,NCR,53.35,0.875,10.66
760101200500018005,140,1499.0,NCR,174.2,1.244,10.71
760101200500020042,140,1500.0,NCR,204.01,1.457,10.71
760101200500058003,629,6736.0,NCR,1219.76,1.939,10.71
760101200500060175,466,5000.0,NCR,495.69,1.064,10.73
760101200500078004,224,2399.0,NCR,228.53,1.02,10.71
760101200500090283,75,803.0,NCR,147.86,1.971,10.71
760101200500100318,242,2600.0,NCR,247.18,1.021,10.74
760101200500110355,214,2292.0,NCR,256.89,1.2,10.71
760101200500120398,280,3000.0,NCR,144.83,0.517,10.71
760101400500018005,140,1499.0,NCR,287.75,2.055,10.71
760101400500028002,309,3500.0,NCR,366.33,1.186,11.33
760101400500038006,413,5002.0,NCR,1016.8,2.462,12.11
760101400500048007,466,5000.0,NCR,736.41,1.58,10.73
760101400500058003,544,5826.0,NCR,560.37,1.03,10.71
760101400500068004,280,3000.0,NCR,483.46,1.727,10.71
760101400500078008,118,1200.0,NCR,227.99,1.932,10.17
760101500400018004,317,3395.0,NCR,416.84,1.315,10.71
760101500400038002,566,6735.0,NCR,454.89,0.804,11.9
760101500400048003,541,5800.0,NCR,330.04,0.61,10.72
760101500400050436,112,1200.0,NCR,148.0,1.321,10.71
760101600200028001,233,2500.0,NCR,207.95,0.892,10.73
760101600200030279,168,1800.0,NCR,452.11,2.691,10.71
760101600200048003,158,1700.0,NCR,231.31,1.464,10.76
760101600200050501,168,1800.0,NCR,450.24,2.68,10.71
760101600200060614,214,2300.0,NCR,69.86,0.326,10.75
760101800600010058,57,611.0,NCR,90.86,1.594,10.72
760101800600030249,373,4000.0,NCR,396.81,1.064,10.72
760101800600048002,280,2998.0,NCR,677.95,2.421,10.71
760101900300028002,252,2700.0,NCR,221.28,0.878,10.71
760101900300038003,44,475.0,NCR,52.66,1.197,10.8
760102000700010073,653,7000.0,NCR,1341.5,2.054,10.72
760102000700020196,224,2400.0,NCR,273.56,1.221,10.71
760102000700030335,560,5997.0,NCR,292.45,0.522,10.71
760200100600018002,181,2000.0,NCR,152.78,0.844,11.05
760200100600028001,227,2500.0,NCR,256.89,1.132,11.01
760200100600030159,167,1800.0,NCR,247.02,1.479,10.78
760200300900010019,78,800.0,NCR,128.22,1.644,10.26
760200300900020059,243,2500.0,NCR,341.0,1.403,10.29
760200300900030093,384,3800.0,NCR,403.92,1.052,9.9
760200300900048002,310,3400.0,NCR,132.75,0.428,10.97
760200300900050168,408,4200.0,NCR,357.58,0.876,10.29
760200300900068001,214,2200.0,NCR,222.06,1.038,10.28
760200400700010049,350,3500.0,NCR,362.12,1.035,10.0
760200400700028003,250,2500.0,NCR,229.82,0.919,10.0
760200701000018001,97,1000.0,NCR,48.0,0.495,10.31
760200701000028004,186,1911.0,NCR,118.04,0.635,10.27
760200701000038002,321,3300.0,NCR,171.5,0.534,10.28
760200701000040228,156,1600.0,NCR,164.19,1.052,10.26
760200701000050295,195,2000.0,NCR,58.85,0.302,10.26
760200701000068006,15,150.0,NCR,63.32,4.221,10.0
760200900500028001,25,300.0,NCR,33.12,1.325,12.0
760200900500030096,500,6000.0,NCR,330.05,0.66,12.0
760200900500040139,291,3500.0,NCR,482.44,1.658,12.03
760201000200010210,209,3200.0,NCR,148.91,0.712,15.31
760201000200020541,259,2883.0,NCR,330.15,1.275,11.13
760201000200038001,232,2500.0,NCR,91.17,0.393,10.78
760201401000010140,210,3000.0,NCR,278.23,1.325,14.29
760201401000030450,171,3000.0,NCR,343.13,2.007,17.54
760201401000048001,198,2500.0,NCR,317.91,1.606,12.63
760201500200010075,100,1200.0,NCR,60.13,0.601,12.0
760201500200028001,416,5000.0,NCR,435.06,1.046,12.02
760201500200030302,175,2100.0,NCR,495.85,2.833,12.0
760201500200048002,173,2600.0,NCR,188.77,1.091,15.03
760201500200050537,560,4500.0,NCR,228.01,0.407,8.04
760201500200060658,208,2500.0,NCR,188.7,0.907,12.02
760201500200068003,125,1500.0,NCR,146.18,1.169,12.0
760201600600010074,66,600.0,NCR,55.49,0.841,9.09
760201600600020158,275,3300.0,NCR,235.11,0.855,12.0
760201600600030234,48,576.0,NCR,314.37,6.549,12.0
760201600600030235,48,576.0,NCR,183.97,3.833,12.0
760201600600040318,333,4000.0,NCR,491.58,1.476,12.01
760201600600050395,200,2000.0,NCR,407.88,2.039,10.0
760201600600068001,182,1800.0,NCR,238.91,1.313,9.89
760201700100018001,250,3000.0,NCR,99.31,0.397,12.0
760201700100020042,84,1000.0,NCR,105.99,1.262,11.9
760201700100038006,33,400.0,NCR,39.26,1.19,12.12
760201700100040122,209,2300.0,NCR,484.39,2.318,11.0
760201700100050178,125,1500.0,NCR,175.27,1.402,12.0
760201700100068003,150,1300.0,NCR,244.88,1.633,8.67
760201700100070250,170,1600.0,NCR,93.24,0.548,9.41
760201700100080276,80,800.0,NCR,88.66,1.108,10.0
760201700100090318,16,200.0,NCR,29.63,1.852,12.5
760201700100108002,100,1200.0,NCR,198.06,1.981,12.0
760201700100118004,66,800.0,NCR,61.43,0.931,12.12
760201700100120516,83,1000.0,NCR,293.17,3.532,12.05
760201700100120517,41,500.0,NCR,101.78,2.482,12.2
760201800300018002,800,8000.0,NCR,212.52,0.266,10.0
760201800300018006,400,3700.0,NCR,122.11,0.305,9.25
760201800300018007,32,300.0,NCR,20.03,0.626,9.38
760201800300038003,237,2600.0,NCR,126.98,0.536,10.97
760201800300048004,30,300.0,NCR,55.55,1.852,10.0
760201900700028001,350,3800.0,NCR,166.41,0.475,10.86
760201900700038002,100,1200.0,NCR,104.41,1.044,12.0
760202000200010033,761,16000.0,NCR,476.62,0.626,21.02
760202000200038002,787,16500.0,NCR,982.31,1.248,20.97
760202000200048003,909,20000.0,NCR,1435.59,1.579,22.0
760202200200018001,99,816.0,NCR,213.55,2.157,8.24
760202200200020120,305,3400.0,NCR,83.96,0.275,11.15
760202200200030195,40,214.0,NCR,72.42,1.81,5.35
760202200200098003,90,1000.0,NCR,59.72,0.664,11.11
760202200200100724,45,500.0,NCR,65.62,1.458,11.11
760202200200120878,70,1000.0,NCR,81.24,1.161,14.29
760202600100028001,772,8500.0,NCR,742.35,0.962,11.01
760202600100030048,154,1600.0,NCR,197.04,1.279,10.39
760202600100050121,58,700.0,NCR,67.13,1.157,12.07
760202600100058005,51,700.0,NCR,31.49,0.617,13.73
760202600100060157,54,600.0,NCR,45.44,0.841,11.11
760202600100070196,108,1300.0,NCR,107.92,0.999,12.04
760202600100080219,133,2000.0,NCR,164.1,1.234,15.04
760202600100098003,125,1500.0,NCR,145.12,1.161,12.0
760202600100100315,350,5347.0,NCR,461.27,1.318,15.28
760202600100110353,50,400.0,NCR,44.55,0.891,8.0
760202600100128002,583,7000.0,NCR,510.11,0.875,12.01
760202600100140504,250,3000.0,NCR,290.16,1.161,12.0
760202600100158010,333,4000.0,NCR,19.8,0.059,12.01
760202600100160575,200,2400.0,NCR,174.24,0.871,12.0
760202600100188011,66,800.0,NCR,74.9,1.135,12.12
760202800300010172,83,1000.0,NCR,70.17,0.845,12.05
760202800300020352,583,7000.0,NCR,721.79,1.238,12.01
760202800300030533,250,3000.0,NCR,490.89,1.964,12.0
760202900700010004,528,6242.0,NCR,753.89,1.428,11.82
760202900700030172,346,3800.0,NCR,560.59,1.62,10.98
760202900700058004,45,500.0,NCR,7.86,0.175,11.11
760202900700060396,65,584.0,NCR,128.75,1.981,8.98
760203200200018004,184,4500.0,NCR,426.96,2.32,24.46
760203200200020085,191,2300.0,NCR,280.65,1.469,12.04
760203200200030152,166,1700.0,NCR,164.99,0.994,10.24
760203200200040218,125,1500.0,NCR,228.8,1.83,12.0
760203200200050280,150,1800.0,NCR,330.42,2.203,12.0
760203200200060351,109,1200.0,NCR,129.73,1.19,11.01
760203301200018001,227,2500.0,NCR,372.96,1.643,11.01
760203301200018003,83,1000.0,NCR,115.95,1.397,12.05
760203301200020171,166,2000.0,NCR,293.0,1.765,12.05
760203301200030314,200,2000.0,NCR,342.79,1.714,10.0
760203301200048002,100,1000.0,NCR,242.85,2.428,10.0
760300101300010034,145,1600.0,NCR,76.8,0.53,11.03
760300101300030093,136,1500.0,NCR,289.99,2.132,11.03
760300101300040123,240,2600.0,NCR,234.74,0.978,10.83
760300101300058005,25,300.0,NCR,40.2,1.608,12.0
760300101300070207,118,1300.0,NCR,137.29,1.163,11.02
760300101300080234,75,900.0,NCR,69.74,0.93,12.0
760300101300098006,66,800.0,NCR,89.65,1.358,12.12
760300101300108007,58,700.0,NCR,73.0,1.259,12.07
760300101300110323,164,1800.0,NCR,302.84,1.847,10.98
760300101300120351,72,600.0,NCR,98.9,1.374,8.33
760300101300130378,190,2000.0,NCR,207.72,1.093,10.53
760300101300140408,191,2300.0,NCR,216.67,1.134,12.04
760300201000010035,171,1500.0,NCR,95.67,0.559,8.77
760300201000020081,120,1200.0,NCR,124.77,1.04,10.0
760300201000048003,70,780.0,NCR,89.51,1.279,11.14
760300201000058001,120,1286.0,NCR,132.01,1.1,10.72
760300201000068004,147,1500.0,NCR,205.53,1.398,10.2
760300201000078002,280,2700.0,NCR,258.91,0.925,9.64
760300401200010022,90,900.0,NCR,163.22,1.814,10.0
760300401200028001,80,800.0,NCR,199.2,2.49,10.0
760300401200028002,312,3421.0,NCR,421.64,1.351,10.96
760300401200030110,100,1000.0,NCR,103.76,1.038,10.0
760300401200040149,80,700.0,NCR,76.4,0.955,8.75
760300401200058007,232,2600.0,NCR,261.0,1.125,11.21
760300401200060241,57,397.0,NCR,144.26,2.531,6.96
760300401200070296,30,300.0,NCR,47.17,1.572,10.0
760300401200070297,25,250.0,NCR,55.8,2.232,10.0
760300401200080347,100,1200.0,NCR,185.55,1.856,12.0
760300401200090394,200,2000.0,NCR,226.13,1.131,10.0
760300401200100435,100,1000.0,NCR,79.64,0.796,10.0
760300401200118009,200,2000.0,NCR,146.91,0.735,10.0
760300500400018001,170,1900.0,NCR,366.6,2.156,11.18
760300500400028002,162,1672.0,NCR,193.91,1.197,10.32
760300500400040112,350,3850.0,NCR,359.56,1.027,11.0
760300500400068008,75,785.0,NCR,82.85,1.105,10.47
760300500400098005,200,1400.0,NCR,215.52,1.078,7.0
760300500400108012,207,2300.0,NCR,200.31,0.968,11.11
760300602200018001,143,1600.0,NCR,135.29,0.946,11.19
760300602200020053,250,3000.0,NCR,189.58,0.758,12.0
760300602200048006,64,700.0,NCR,38.72,0.605,10.94
760300602200058002,583,7000.0,NCR,497.73,0.854,12.01
760300602200070149,73,700.0,NCR,211.75,2.901,9.59
760300602200080174,83,687.0,NCR,150.34,1.811,8.28
760300602200090198,133,1600.0,NCR,152.97,1.15,12.03
760300602200100223,70,700.0,NCR,84.96,1.214,10.0
760300602200110246,42,500.0,NCR,69.39,1.652,11.9
760300602200138008,75,900.0,NCR,173.33,2.311,12.0
760300604100010019,325,3600.0,NCR,389.69,1.199,11.08
760300604100028004,200,2000.0,NCR,325.14,1.626,10.0
760300604100038005,280,3080.0,NCR,268.43,0.959,11.0
760300604100048001,102,1200.0,NCR,263.3,2.581,11.76
760300604100050142,235,2585.0,NCR,254.97,1.085,11.0
760300604100078002,615,6765.0,NCR,712.5,1.159,11.0
760300604100090271,215,2365.0,NCR,351.13,1.633,11.0
760300604100100307,500,5500.0,NCR,544.77,1.09,11.0
760300604100110341,250,2751.0,NCR,337.67,1.351,11.0
760300604100128006,165,1687.0,NCR,365.75,2.217,10.22
760300700200018009,145,1500.0,NCR,234.43,1.617,10.34
760300700200020067,58,700.0,NCR,85.04,1.466,12.07
760300700200038001,67,553.0,NCR,41.07,0.613,8.25
760300700200050161,250,3000.0,NCR,215.54,0.862,12.0
760300700200060199,150,1500.0,NCR,161.6,1.077,10.0
760300700200078005,50,500.0,NCR,57.89,1.158,10.0
760300700200090304,100,1000.0,NCR,170.98,1.71,10.0
760300700200100341,100,1000.0,NCR,96.83,0.968,10.0
760300700200120417,350,3500.0,NCR,307.89,0.88,10.0
760300801100020022,90,700.0,NCR,129.95,1.444,7.78
760300801100038002,216,2600.0,NCR,318.79,1.476,12.04
760300801100040055,33,300.0,NCR,37.2,1.127,9.09
760300801100058003,150,1600.0,NCR,184.67,1.231,10.67
760300801100060087,280,3000.0,NCR,314.91,1.125,10.71
760300801100080121,116,1215.0,NCR,70.0,0.603,10.47
760300801100090138,140,1500.0,NCR,93.44,0.667,10.71
760300801100108004,250,3000.0,NCR,304.99,1.22,12.0
760300801100110171,595,7047.0,NCR,548.49,0.922,11.84
760300801100120188,41,500.0,NCR,36.22,0.883,12.2
760300801100138005,238,2500.0,NCR,218.55,0.918,10.5
760300801100140222,375,4500.0,NCR,460.41,1.228,12.0
760400101100018001,150,1500.0,NCR,130.15,0.868,10.0
760400101100028002,500,6000.0,NCR,448.67,0.897,12.0
760400101100030196,70,800.0,NCR,60.2,0.86,11.43
760400101100048006,216,2592.0,NCR,225.02,1.042,12.0
760400101100058003,250,2400.0,NCR,304.24,1.217,9.6
760400400300028001,200,1900.0,NCR,129.66,0.648,9.5
760400400300038002,150,1500.0,NCR,100.49,0.67,10.0
760400400300040186,100,1200.0,NCR,209.96,2.1,12.0
760400400300068003,90,1200.0,NCR,112.1,1.246,13.33
760400400300078004,75,900.0,NCR,76.08,1.014,12.0
760400400300088005,140,1300.0,NCR,109.06,0.779,9.29
760400400300098006,140,1300.0,NCR,147.41,1.053,9.29
760400400300108007,300,2500.0,NCR,250.0,0.833,8.33
760400501100038010,50,500.0,NCR,75.0,1.5,10.0
760400501100100489,100,1000.0,NCR,58.22,0.582,10.0
760400501100118006,150,1300.0,NCR,131.89,0.879,8.67
760400501100120599,200,1500.0,NCR,275.43,1.377,7.5
760400600200018001,200,1800.0,NCR,158.68,0.793,9.0
760400600200028002,56,500.0,NCR,30.9,0.552,8.93
760400600200028011,150,1600.0,NCR,84.3,0.562,10.67
760400600200038010,110,1300.0,NCR,59.73,0.543,11.82
760400600200048004,175,2000.0,NCR,245.53,1.403,11.43
760400600200050289,150,1600.0,NCR,75.88,0.506,10.67
760400600200058011,38,350.0,NCR,57.89,1.523,9.21
760400600200068006,130,1200.0,NCR,115.41,0.888,9.23
760400600200078008,55,500.0,NCR,65.51,1.191,9.09
760400600200080459,135,1600.0,NCR,247.48,1.833,11.85
760400600200098007,125,1500.0,NCR,176.58,1.413,12.0
760400600200100579,75,700.0,NCR,112.11,1.495,9.33
760400700900018001,1000,12000.0,NCR,1599.45,1.599,12.0
760400700900020037,200,2500.0,NCR,746.92,3.735,12.5
760400700900030052,90,990.0,NCR,62.17,0.691,11.0
760400700900040105,333,3996.0,NCR,881.29,2.647,12.0
760400700900048002,833,10000.0,NCR,707.01,0.849,12.0
760400700900090150,450,6000.0,NCR,869.01,1.931,13.33
760400700900108008,600,8000.0,NCR,1519.51,2.533,13.33
760400700900110192,220,2374.0,NCR,370.5,1.684,10.79
760400700900120212,333,3600.0,NCR,362.2,1.088,10.81
760400700900130233,413,4500.0,NCR,839.33,2.032,10.9
760400700900148006,500,6000.0,NCR,1146.51,2.293,12.0
760400700900158010,20,134.0,NCR,21.9,1.095,6.7
760400700900168007,315,3400.0,NCR,463.54,1.472,10.79
760400700900188011,261,2600.0,NCR,854.4,3.274,9.96
760400700900190353,1200,15000.0,NCR,870.51,0.725,12.5
760400802400028011,818,9000.0,NCR,942.8,1.153,11.0
760400802400038001,3000,25000.0,NCR,1395.18,0.465,8.33
760400802400040143,303,3300.0,NCR,328.8,1.085,10.89
760400802400058019,350,3000.0,NCR,314.04,0.897,8.57
760400802400068002,460,4500.0,NCR,792.81,1.723,9.78
760400802400078012,833,10000.0,NCR,505.19,0.606,12.0
760400802400088013,1000,9000.0,NCR,958.67,0.959,9.0
760400802400098014,300,2700.0,NCR,420.33,1.401,9.0
760400802400108004,450,4500.0,NCR,666.11,1.48,10.0
760400802400138020,56,600.0,NCR,118.35,2.113,10.71
760400802400158016,114,800.0,NCR,158.1,1.387,7.02
760400802400168017,500,5000.0,NCR,464.67,0.929,10.0
760400802400168018,300,2500.0,NCR,258.14,0.86,8.33
760400802400198010,71,500.0,NCR,80.81,1.138,7.04
760401000900010013,1200,12960.0,NCR,1680.89,1.401,10.8
760401000900030082,800,9000.0,NCR,717.76,0.897,11.25
760401000900048001,170,1500.0,NCR,499.94,2.941,8.82
760401000900050166,850,10000.0,NCR,1214.64,1.429,11.76
760401000900068002,1000,12000.0,NCR,1136.81,1.137,12.0
760401000900078003,150,1800.0,NCR,977.11,6.514,12.0
760401000900088004,850,10000.0,NCR,1095.66,1.289,11.76
760401000900108006,1000,10800.0,NCR,908.42,0.908,10.8
760401000900118007,520,6000.0,NCR,2015.84,3.877,11.54
760401000900130533,648,7000.0,NCR,850.43,1.312,10.8
760401000900140578,1300,13650.0,NCR,539.72,0.415,10.5
760401000900158008,741,8000.0,NCR,1376.49,1.858,10.8
760401000900168005,917,11004.0,NCR,677.27,0.739,12.0
760401100600010014,250,2500.0,NCR,387.21,1.549,10.0
760401100600038001,75,800.0,NCR,114.9,1.532,10.67
760401100600040107,250,2500.0,NCR,90.62,0.362,10.0
760401100600050148,75,900.0,NCR,51.06,0.681,12.0
760401100600050149,74,700.0,NCR,149.7,2.023,9.46
760401100600050150,50,500.0,NCR,86.28,1.726,10.0
760401100600068008,153,1750.0,NCR,237.53,1.552,11.44
760401100600078005,150,1800.0,NCR,271.52,1.81,12.0
760401100600080256,145,1600.0,NCR,188.41,1.299,11.03
760401100600108006,650,7000.0,NCR,115.55,0.178,10.77
760401201000050236,75,900.0,NCR,131.35,1.751,12.0
760401201000060290,75,600.0,NCR,127.45,1.699,8.0
760401201000088001,70,1260.0,NCR,234.4,3.349,18.0
760401201000098006,50,500.0,NCR,90.6,1.812,10.0
760401201000108007,100,1200.0,NCR,123.37,1.234,12.0
760401302500010021,150,1500.0,NCR,268.19,1.788,10.0
760401302500028001,151,1500.0,NCR,380.75,2.522,9.93
760401302500038015,300,2500.0,NCR,244.32,0.814,8.33
760401302500048002,80,857.0,NCR,67.04,0.838,10.71
760401302500060142,70,500.0,NCR,75.0,1.071,7.14
760401302500080190,76,650.0,NCR,95.52,1.257,8.55
760401302500090209,109,1199.0,NCR,254.52,2.335,11.0
760401302500120275,250,2600.0,NCR,186.88,0.748,10.4
760401302500130300,166,1900.0,NCR,91.44,0.551,11.45
760401302500140324,227,2497.0,NCR,464.84,2.048,11.0
760401302500158003,180,2500.0,NCR,873.09,4.85,13.89
760401302500160374,80,857.0,NCR,72.12,0.902,10.71
760401302500178011,244,2630.0,NCR,263.26,1.079,10.78
760401302500180420,82,700.0,NCR,85.87,1.047,8.54
760401302500188012,30,350.0,NCR,76.82,2.561,11.67
760401302500198004,230,2500.0,NCR,189.59,0.824,10.87
760401302500208005,88,750.0,NCR,65.34,0.742,8.52
760401302500218013,147,1528.0,NCR,209.55,1.426,10.39
760401302500228006,269,3400.0,NCR,616.81,2.293,12.64
760401302500230551,59,500.0,NCR,82.69,1.402,8.47
760401302500248007,91,800.0,NCR,49.68,0.546,8.79
760401302500258008,95,803.0,NCR,30.96,0.326,8.45
760401302500260633,136,1500.0,NCR,43.57,0.32,11.03
760401302500270662,136,1500.0,NCR,71.09,0.523,11.03
760401302500288014,75,803.0,NCR,43.5,0.58,10.71
760401302500308017,110,1400.0,NCR,66.53,0.605,12.73
760401500100010035,136,1496.0,NCR,100.47,0.739,11.0
760401500100028001,115,1197.0,NCR,57.17,0.497,10.41
760401500100038007,131,1495.0,NCR,166.0,1.267,11.41
760401500100040189,273,3399.0,NCR,259.84,0.952,12.45
760401500100050239,208,2496.0,NCR,103.59,0.498,12.0
760401500100060290,296,3552.0,NCR,311.0,1.051,12.0
760401500100120615,150,1500.0,NCR,179.1,1.194,10.0
760401500100130659,140,1540.0,NCR,192.0,1.371,11.0
760401500100150760,250,3000.0,NCR,517.78,2.071,12.0
760401500100168010,118,1298.0,NCR,245.84,2.083,11.0
760500200000030065,227,2500.0,NCR,372.69,1.642,11.01
760500200000078014,208,2496.0,NCR,26.49,0.127,12.0
760500200000088004,42,500.0,NCR,23.4,0.557,11.9
760500200000088005,83,1000.0,NCR,168.5,2.03,12.05
760509900000018001,300,3200.0,NCR,217.09,0.724,10.67
760509900000018012,200,2348.0,NCR,165.49,0.827,11.74
760509900000028003,441,5267.0,NCR,211.39,0.479,11.94
760509900000030036,80,960.0,NCR,95.24,1.19,12.0
760509900000040052,93,1000.0,NCR,142.27,1.53,10.75
760509900000048013,93,1000.0,NCR,49.2,0.529,10.75
760509900000068004,75,800.0,NCR,69.08,0.921,10.67
760509900000080121,68,730.0,NCR,36.07,0.53,10.74
760509900000108006,41,442.0,NCR,52.72,1.286,10.78
760509900000108016,46,500.0,NCR,39.44,0.857,10.87
760509900000108017,94,1000.0,NCR,87.63,0.932,10.64
760509900000118007,560,6000.0,NCR,950.78,1.698,10.71
760509900000128018,17,149.0,NCR,72.9,4.288,8.76
760509900000138009,92,1100.0,NCR,74.97,0.815,11.96
760509900000148010,73,610.0,NCR,78.06,1.069,8.36
760509900000150228,67,454.0,NCR,141.56,2.113,6.78
760509900000160245,489,5246.0,NCR,137.39,0.281,10.73
760511900000018001,110,1000.0,NCR,104.47,0.95,9.09
760511900000028023,16,200.0,NCR,40.61,2.538,12.5
760511900000058016,125,1600.0,NCR,422.16,3.377,12.8
760511900000060125,308,3700.0,NCR,442.72,1.437,12.01
760511900000078006,122,1500.0,NCR,69.74,0.572,12.3
760511900000088017,240,2700.0,NCR,543.05,2.263,11.25
760511900000100210,119,1200.0,NCR,176.25,1.481,10.08
760511900000120255,129,1900.0,NCR,302.27,2.343,14.73
760511900000130273,95,800.0,NCR,355.82,3.745,8.42
760511900000148012,333,4000.0,NCR,594.93,1.787,12.01
760511900000148022,70,800.0,NCR,68.66,0.981,11.43
760511900000148027,333,4500.0,NCR,1144.14,3.436,13.51
760512700000018001,92,785.0,NCR,88.66,0.964,8.53
760512700000028008,130,1500.0,NCR,159.91,1.23,11.54
760512700000040117,531,7000.0,NCR,1101.54,2.074,13.18
760512700000070207,133,1600.0,NCR,98.36,0.74,12.03
760512700000080236,258,3100.0,NCR,529.31,2.052,12.02
760512700000090269,466,5600.0,NCR,587.22,1.26,12.02
760512700000108004,133,1600.0,NCR,139.99,1.053,12.03
760512700000108013,183,2200.0,NCR,280.52,1.533,12.02
760512700000118005,166,2000.0,NCR,456.54,2.75,12.05
760512700000120378,333,4000.0,NCR,355.17,1.067,12.01
760512700000130421,333,4000.0,NCR,308.39,0.926,12.01
760512700000148011,96,1160.0,NCR,101.54,1.058,12.08
760514500300018001,295,3157.0,NCR,174.22,0.591,10.7
760514500300020052,167,1800.0,NCR,184.92,1.107,10.78
760514500300038002,307,3377.0,NCR,410.03,1.336,11.0
760514500300038003,100,900.0,NCR,63.67,0.637,9.0
760514500300048024,84,700.0,NCR,81.49,0.97,8.33
760514500300058005,225,2500.0,NCR,110.39,0.491,11.11
760514500300058018,255,2500.0,NCR,121.16,0.475,9.8
760514500300058019,111,1200.0,NCR,27.71,0.25,10.81
760514500300068006,89,736.0,NCR,96.93,1.089,8.27
760514500300078007,511,6132.0,NCR,57.88,0.113,12.0
760514500300088025,10,100.0,NCR,2.76,0.276,10.0
760514500300088026,14,150.0,NCR,35.82,2.559,10.71
760514500300090228,205,2200.0,NCR,200.08,0.976,10.73
760514500300108020,158,1700.0,NCR,290.64,1.839,10.76
760514500300108027,28,300.0,NCR,46.0,1.643,10.71
760514500300118020,189,2646.0,NCR,73.02,0.386,14.0
760514500300128011,84,695.0,NCR,115.56,1.376,8.27
760514500300138012,307,3418.0,NCR,111.96,0.365,11.13
760514500300148013,270,3000.0,NCR,124.91,0.463,11.11
760514500300158021,214,2300.0,NCR,109.68,0.513,10.75
760514500300158022,46,500.0,NCR,34.68,0.754,10.87
760514500300158023,36,300.0,NCR,38.71,1.075,8.33
760514500300160403,117,1250.0,NCR,106.41,0.909,10.68
760514500300160404,117,1250.0,NCR,90.53,0.774,10.68
760514500300170432,98,1000.0,NCR,72.34,0.738,10.2
760514500300180461,207,2224.0,NCR,162.72,0.786,10.74
760514500300198016,110,1152.0,NCR,146.52,1.332,10.47
760514500300198017,124,1299.0,NCR,77.76,0.627,10.48
760514500300200513,205,2200.0,NCR,136.92,0.668,10.73
760514500300210539,50,450.0,NCR,69.64,1.393,9.0
760514500300220565,40,400.0,NCR,71.55,1.789,10.0
760514500300230590,28,300.0,NCR,54.9,1.961,10.71
760514500300238028,56,600.0,NCR,112.95,2.017,10.71
760514500300238029,37,300.0,NCR,55.5,1.5,8.11
760516500000038001,253,3044.0,NCR,208.97,0.826,12.03
760516500000048002,78,720.0,NCR,70.78,0.907,9.23
760516500000050275,175,2100.0,NCR,67.5,0.386,12.0
760516500000060339,125,1500.0,NCR,157.77,1.262,12.0
760516500000108005,225,2700.0,NCR,191.09,0.849,12.0
760516500000140840,167,2000.0,NCR,165.99,0.994,11.98
760518301700018003,190,2000.0,NCR,201.43,1.06,10.53
760518301700028001,495,5509.0,NCR,663.25,1.34,11.13
760518301700038002,213,2289.0,NCR,201.0,0.944,10.75
760520100400028001,290,3195.0,NCR,223.01,0.769,11.02
760520100400048007,85,700.0,NCR,46.82,0.551,8.24
760520100400068006,102,1069.0,NCR,122.44,1.2,10.48
760600200000010016,130,1500.0,NCR,387.96,2.984,11.54
760600200000020045,87,957.0,NCR,212.56,2.443,11.0
760600200000038003,39,500.0,NCR,48.23,1.237,12.82
760600200000040103,349,3860.0,NCR,402.46,1.153,11.06
760600200000060158,200,3500.0,NCR,471.55,2.358,17.5
760600200000070187,200,2000.0,NCR,27.78,0.139,10.0
760600200000080215,200,2400.0,NCR,299.38,1.497,12.0
760600200000090243,190,1831.0,NCR,570.93,3.005,9.64
760600200000108001,180,1700.0,NCR,321.78,1.788,9.44
760600200000110300,30,360.0,NCR,67.4,2.247,12.0
760600200000128002,77,1000.0,NCR,375.25,4.873,12.99
760600700400018004,159,1700.0,NCR,156.28,0.983,10.69
760600700400038003,94,1000.0,NCR,50.72,0.54,10.64
760600700400058009,65,700.0,NCR,46.97,0.723,10.77
760600700400068005,357,3800.0,NCR,175.52,0.492,10.64
760600700400078010,112,1200.0,NCR,74.28,0.663,10.71
760600700400088007,235,2500.0,NCR,697.35,2.967,10.64
760600700400098008,329,3500.0,NCR,142.94,0.434,10.64
760600800300010018,424,3500.0,NCR,353.19,0.833,8.25
760600800300020053,206,2204.0,NCR,335.82,1.63,10.7
760600800300048002,339,2800.0,NCR,255.23,0.753,8.26
760600800300050156,60,500.0,NCR,25.8,0.43,8.33
760600800300050157,376,4023.0,NCR,336.93,0.896,10.7
760600800300078004,36,300.0,NCR,74.4,2.067,8.33
760600800300088003,242,2000.0,NCR,260.75,1.077,8.26
760600800300108005,145,1200.0,NCR,77.94,0.538,8.28
760700100500018005,227,2500.0,NCR,213.45,0.94,11.01
760700100500030253,136,1500.0,NCR,216.73,1.594,11.03
760700100500048006,116,1277.0,NCR,177.49,1.53,11.01
760700100500058003,18,130.0,NCR,202.19,11.233,7.22
760700100500068007,54,600.0,NCR,86.34,1.599,11.11
760700201300010049,251,2600.0,NCR,222.68,0.887,10.36
760700201300028008,117,1213.0,NCR,193.49,1.654,10.37
760700201300038002,492,5100.0,NCR,237.0,0.482,10.37
760700201300040260,328,3400.0,NCR,46.99,0.143,10.37
760700201300058009,77,800.0,NCR,93.72,1.217,10.39
760700201300060061,135,1400.0,NCR,120.25,0.891,10.37
760700201300078010,45,468.0,NCR,167.47,3.722,10.4
760700201300088005,174,1800.0,NCR,37.14,0.213,10.34
760700201300098011,270,2800.0,NCR,125.5,0.465,10.37
760700201300108007,145,1500.0,NCR,156.69,1.081,10.34
760700802000010035,42,440.0,NCR,109.15,2.599,10.48
760700802000020066,55,600.0,NCR,101.84,1.852,10.91
760700802000038001,153,1600.0,NCR,39.17,0.256,10.46
760700802000048002,76,800.0,NCR,114.88,1.512,10.53
760700802000050157,115,1200.0,NCR,64.95,0.565,10.43
760700802000068003,300,3210.0,NCR,304.67,1.016,10.7
760700802000078004,153,1606.0,NCR,185.68,1.214,10.5
760700802000080250,421,4400.0,NCR,477.56,1.134,10.45
760700802000090280,86,900.0,NCR,132.11,1.536,10.47
760700802000108005,239,2500.0,NCR,80.61,0.337,10.46
760700802000118006,115,1200.0,NCR,186.72,1.624,10.43
760700802000120373,71,750.0,NCR,144.67,2.038,10.56
760700802000130405,260,3000.0,NCR,93.19,0.358,11.54
760700802000148010,57,600.0,NCR,67.18,1.179,10.53
760700802000158011,28,300.0,NCR,29.57,1.056,10.71
760700802000158012,28,300.0,NCR,39.03,1.394,10.71
760701000300010137,100,1000.0,NCR,187.93,1.879,10.0
760701000300028003,100,1000.0,NCR,131.93,1.319,10.0
760701000300038004,110,1100.0,NCR,225.99,2.054,10.0
760701200400018004,80,550.0,NCR,37.62,0.47,6.88
760701200400028006,155,1620.0,NCR,128.8,0.831,10.45
760701200400030090,220,2600.0,NCR,243.39,1.106,11.82
760701200400040130,92,800.0,NCR,56.52,0.614,8.7
760701200400050027,123,1300.0,NCR,165.36,1.344,10.57
760701200400068002,69,470.0,NCR,59.94,0.869,6.81
760701200400070112,300,3100.0,NCR,465.26,1.551,10.33
760701200400088005,396,2200.0,NCR,209.92,0.53,5.56
760701200400088007,100,1200.0,NCR,56.02,0.56,12.0
760701200400090197,56,550.0,NCR,63.36,1.131,9.82
760701304200010027,125,1300.0,NCR,210.0,1.68,10.4
760701304200020078,96,800.0,NCR,337.1,3.511,8.33
760701304200030129,61,635.0,NCR,156.22,2.561,10.41
760701304200048004,100,1400.0,NCR,165.08,1.651,14.0
760701304200058001,100,850.0,NCR,258.61,2.586,8.5
760701304200060280,122,1270.0,NCR,204.51,1.676,10.41
760701304200078002,100,1200.0,NCR,234.76,2.348,12.0
760701304200088007,211,2300.0,NCR,271.33,1.286,10.9
760701304200090433,150,1900.0,NCR,99.17,0.661,12.67
760701304200100480,10,120.0,NCR,21.86,2.186,12.0
760701304200118003,122,1300.0,NCR,894.27,7.33,10.66
760701304200138006,243,2600.0,NCR,241.59,0.994,10.7
760701304200140655,100,850.0,NCR,204.71,2.047,8.5
760701501600010024,120,1253.0,NCR,90.46,0.754,10.44
760701501600028001,100,1200.0,NCR,90.28,0.903,12.0
760701501600028002,52,356.0,NCR,88.27,1.698,6.85
760701501600048003,250,2900.0,NCR,96.12,0.384,11.6
760701501600058004,213,2299.0,NCR,117.86,0.553,10.79
760701501600068005,45,500.0,NCR,118.56,2.635,11.11
760701501600070236,130,1300.0,NCR,62.14,0.478,10.0
760701501600088006,34,170.0,NCR,25.65,0.754,5.0
760701501600098007,136,1500.0,NCR,156.35,1.15,11.03
760701501600100336,87,720.0,NCR,81.25,0.934,8.28
760701501600118011,128,1300.0,NCR,235.31,1.838,10.16
760701501600128012,56,583.0,NCR,216.1,3.859,10.41
760701501600130439,72,850.0,NCR,129.08,1.793,11.81
760701501600140474,128,1300.0,NCR,56.1,0.438,10.16
760701501600150507,59,600.0,NCR,141.24,2.394,10.17
760701501600168010,154,1700.0,NCR,307.12,1.994,11.04
760701600500018005,118,2400.0,NCR,129.09,1.094,20.34
760701600500030083,1172,10000.0,NCR,1263.78,1.078,8.53
760701600500048004,759,6500.0,NCR,413.4,0.545,8.56
760701600500058010,55,578.0,NCR,142.26,2.587,10.51
760701600500068011,175,1500.0,NCR,170.84,0.976,8.57
760701600500078012,246,2800.0,NCR,622.62,2.531,11.38
760701600500088003,140,1470.0,NCR,167.26,1.195,10.5
760701600500108009,240,2500.0,NCR,260.04,1.084,10.42
760701803600038002,120,1300.0,NCR,182.29,1.519,10.83
760701803600048013,50,500.0,NCR,111.95,2.239,10.0
760701803600048014,50,600.0,NCR,45.86,0.917,12.0
760701803600050196,114,1215.0,NCR,56.53,0.496,10.66
760701803600058012,114,1215.0,NCR,40.84,0.358,10.66
760701803600068021,70,700.0,NCR,197.71,2.824,10.0
760701803600068022,110,1100.0,NCR,123.92,1.127,10.0
760701803600078023,180,1800.0,NCR,455.7,2.532,10.0
760701803600080327,100,1000.0,NCR,233.34,2.333,10.0
760701803600100412,101,1500.0,NCR,160.37,1.588,14.85
760701803600128007,203,3000.0,NCR,145.16,0.715,14.78
760701803600138008,144,1500.0,NCR,183.35,1.273,10.42
760701803600148009,43,227.0,NCR,34.48,0.802,5.28
760701803600158016,106,1100.0,NCR,211.37,1.994,10.38
100502200000010027,100,780.0,CALABARZON,19.83,0.198,7.8
100502200000020053,11,120.0,CALABARZON,20.17,1.834,10.91
100502200000030079,16,150.0,CALABARZON,22.72,1.42,9.38
100502200000040106,28,280.0,CALABARZON,14.91,0.532,10.0
100502200000050130,11,100.0,CALABARZON,5.4,0.491,9.09
100502200000060156,11,100.0,CALABARZON,22.58,2.053,9.09
100502200000108001,33,337.0,CALABARZON,33.66,1.02,10.21
100502200000110273,11,100.0,CALABARZON,29.12,2.647,9.09
100502200000120299,49,500.0,CALABARZON,32.06,0.654,10.2
100502200000130323,44,450.0,CALABARZON,35.72,0.812,10.23
100502200000140350,24,249.0,CALABARZON,151.88,6.328,10.38
100502200000160402,3,30.0,CALABARZON,11.79,3.93,10.0
100502200000180456,11,100.0,CALABARZON,13.74,1.249,9.09
100502200000190483,11,100.0,CALABARZON,12.21,1.11,9.09
100511200000020039,57,484.0,CALABARZON,98.13,1.722,8.49
100511200000030065,31,250.0,CALABARZON,138.27,4.46,8.06
100511200000040092,68,470.0,CALABARZON,90.95,1.338,6.91
100511200000050119,101,1082.0,CALABARZON,140.69,1.393,10.71
100511200000060145,29,205.0,CALABARZON,37.56,1.295,7.07
100511200000098001,200,2100.0,CALABARZON,123.33,0.617,10.5
100511200000100249,37,340.0,CALABARZON,84.62,2.287,9.19
100511200000110269,74,600.0,CALABARZON,58.9,0.796,8.11
100511200000120293,33,350.0,CALABARZON,39.64,1.201,10.61
100511200000130319,9,75.0,CALABARZON,2.75,0.306,8.33
100511200000150371,86,695.0,CALABARZON,148.51,1.727,8.08
100511200000160396,61,414.0,CALABARZON,122.13,2.002,6.79
100511200000170423,74,600.0,CALABARZON,35.09,0.474,8.11
100511200000180450,22,175.0,CALABARZON,24.11,1.096,7.95
100600200200018002,127,1300.0,CALABARZON,395.05,3.111,10.24
100600200200020032,143,1500.0,CALABARZON,233.53,1.633,10.49
100600200200030056,78,800.0,CALABARZON,157.1,2.014,10.26
100600200200040079,190,2000.0,CALABARZON,191.24,1.007,10.53
100602200300010046,83,850.0,CALABARZON,116.06,1.398,10.24
100602200300040141,62,600.0,CALABARZON,55.3,0.892,9.68
100602200300050176,42,400.0,CALABARZON,15.88,0.378,9.52
100602200300060202,109,1100.0,CALABARZON,47.68,0.437,10.09
100602200300070235,38,365.0,CALABARZON,28.23,0.743,9.61
100602200300080268,39,400.0,CALABARZON,25.75,0.66,10.26
100602200300090298,203,2014.0,CALABARZON,175.66,0.865,9.92
100602200300108002,89,855.0,CALABARZON,169.62,1.906,9.61
100602200300110361,79,800.0,CALABARZON,107.32,1.358,10.13
100602200300120391,158,1613.0,CALABARZON,200.63,1.27,10.21
100602200300130421,73,700.0,CALABARZON,271.68,3.722,9.59
100602200300140450,364,3500.0,CALABARZON,402.37,1.105,9.62
100602200300150480,33,340.0,CALABARZON,55.51,1.682,10.3
101407700200018001,222,1200.0,CALABARZON,212.84,0.959,5.41
101407700200038003,166,900.0,CALABARZON,97.95,0.59,5.42
101407700200040083,75,405.0,CALABARZON,145.12,1.935,5.4
101407700200058004,83,450.0,CALABARZON,102.56,1.236,5.42
101407700200078005,138,750.0,CALABARZON,173.89,1.26,5.43
101407700200088006,92,500.0,CALABARZON,92.78,1.008,5.43
101407700200108010,148,800.0,CALABARZON,201.7,1.363,5.41
101407700200110228,130,705.0,CALABARZON,172.29,1.325,5.42
101407700200120249,129,700.0,CALABARZON,132.18,1.025,5.43
101407700200138008,111,600.0,CALABARZON,257.61,2.321,5.41
101407700200140291,185,1000.0,CALABARZON,301.12,1.628,5.41
101407700200158009,111,600.0,CALABARZON,228.74,2.061,5.41
101407700200170353,90,486.0,CALABARZON,154.33,1.715,5.4
102601900000010003,86,850.0,CALABARZON,146.12,1.699,9.88
102601900000020014,24,250.0,CALABARZON,66.01,2.75,10.42
102601900000030023,81,843.0,CALABARZON,197.69,2.441,10.41
102601900000040035,24,250.0,CALABARZON,18.45,0.769,10.42
102601900000060056,48,500.0,CALABARZON,98.7,2.056,10.42
102601900000060057,36,380.0,CALABARZON,87.34,2.426,10.56
102601900000080079,532,5540.0,CALABARZON,433.15,0.814,10.41
102601900000090089,13,140.0,CALABARZON,8.58,0.66,10.77
102601900000100100,79,800.0,CALABARZON,108.74,1.376,10.13
102601900000110111,38,400.0,CALABARZON,25.39,0.668,10.53
102601900000120119,160,1668.0,CALABARZON,206.45,1.29,10.42
102601900000140139,31,322.0,CALABARZON,13.82,0.446,10.39
102601900000150151,34,184.0,CALABARZON,17.35,0.51,5.41
102601900000160163,104,1100.0,CALABARZON,121.9,1.172,10.58
102602500100018001,167,1700.0,CALABARZON,96.28,0.577,10.18
102602500100020048,295,3000.0,CALABARZON,298.08,1.01,10.17
102602500100030080,245,2500.0,CALABARZON,266.31,1.087,10.2
102602500100050146,294,3000.0,CALABARZON,167.41,0.569,10.2
102602500100068002,20,200.0,CALABARZON,39.05,1.952,10.0
102602500100070209,314,3200.0,CALABARZON,390.22,1.243,10.19
102602500100090275,17,180.0,CALABARZON,34.59,2.035,10.59
102602500100100307,35,360.0,CALABARZON,42.68,1.219,10.29
102602500100110342,58,500.0,CALABARZON,79.99,1.379,8.62
102602500100120376,603,7000.0,CALABARZON,386.47,0.641,11.61
102602500100130411,44,460.0,CALABARZON,43.39,0.986,10.45
102602500100140442,127,1300.0,CALABARZON,176.12,1.387,10.24
102602500100158004,140,1200.0,CALABARZON,43.82,0.313,8.57
102602500100168006,41,420.0,CALABARZON,38.92,0.949,10.24
102602500100178005,225,2300.0,CALABARZON,378.0,1.68,10.22
102602500100200636,147,1500.0,CALABARZON,205.05,1.395,10.2
102602500100210669,29,300.0,CALABARZON,39.16,1.35,10.34
102802000200010017,10,110.0,CALABARZON,48.05,4.805,11.0
102802000200020049,97,950.0,CALABARZON,94.22,0.971,9.79
102802000200040113,136,1500.0,CALABARZON,198.75,1.461,11.03
102802000200050143,10,100.0,CALABARZON,0.9,0.09,10.0
102802000200060174,59,600.0,CALABARZON,136.35,2.311,10.17
102802000200078001,52,450.0,CALABARZON,137.13,2.637,8.65
102802000200080242,65,700.0,CALABARZON,115.84,1.782,10.77
102802000200088004,84,700.0,CALABARZON,81.46,0.97,8.33
102802000200090278,103,1100.0,CALABARZON,129.75,1.26,10.68
102802000200108005,20,170.0,CALABARZON,101.5,5.075,8.5
102802000200118008,68,650.0,CALABARZON,119.66,1.76,9.56
102802000200130406,152,1500.0,CALABARZON,119.37,0.785,9.87
102802000200140440,170,1800.0,CALABARZON,150.11,0.883,10.59
102802000200170539,68,750.0,CALABARZON,111.04,1.633,11.03
102802000200180569,72,800.0,CALABARZON,34.85,0.484,11.11
102802000200218007,47,500.0,CALABARZON,110.21,2.345,10.64
102802000200220700,100,1000.0,CALABARZON,125.01,1.25,10.0
102802000200230733,187,1900.0,CALABARZON,161.98,0.866,10.16
102802000200250797,82,700.0,CALABARZON,136.62,1.666,8.54
102802900000020065,120,1000.0,CALABARZON,33.12,0.276,8.33
102802900000040148,75,621.0,CALABARZON,23.62,0.315,8.28
102802900000050190,56,449.0,CALABARZON,87.98,1.571,8.02
102802900000060233,59,500.0,CALABARZON,35.79,0.607,8.47
102802900000078004,175,1800.0,CALABARZON,48.12,0.275,10.29
102802900000098002,84,750.0,CALABARZON,52.33,0.623,8.93
102802900000108003,141,1456.0,CALABARZON,103.42,0.733,10.33
102802900000110460,40,350.0,CALABARZON,49.25,1.231,8.75
102802900000130545,59,500.0,CALABARZON,19.74,0.335,8.47
102802900000140591,49,485.0,CALABARZON,84.4,1.722,9.9
102802900000150636,104,1081.0,CALABARZON,53.1,0.511,10.39
102802900000180757,154,1620.0,CALABARZON,43.29,0.281,10.52
210300600000010023,260,3000.0,CALABARZON,531.37,2.044,11.54
210300600000028006,120,1200.0,CALABARZON,210.27,1.752,10.0
210300600000030059,145,1500.0,CALABARZON,31.32,0.216,10.34
210300600000040079,145,1500.0,CALABARZON,193.56,1.335,10.34
210300600000058002,205,2300.0,CALABARZON,209.18,1.02,11.22
210300600000060123,52,345.0,CALABARZON,78.37,1.507,6.63
210300600000078007,80,580.0,CALABARZON,147.14,1.839,7.25
210300600000080168,152,1600.0,CALABARZON,57.48,0.378,10.53
210300600000138001,50,350.0,CALABARZON,112.0,2.24,7.0
210300600000140295,83,600.0,CALABARZON,61.32,0.739,7.23
210300600000188005,220,2500.0,CALABARZON,503.45,2.288,11.36
210303800100010006,115,900.0,CALABARZON,75.79,0.659,7.83
210303800100038004,125,1400.0,CALABARZON,45.77,0.366,11.2
210303800100048003,149,1200.0,CALABARZON,178.47,1.198,8.05
210303800100050065,121,1100.0,CALABARZON,150.11,1.241,9.09
210303800100060083,100,900.0,CALABARZON,148.15,1.482,9.0
210303800100070098,33,300.0,CALABARZON,46.51,1.409,9.09
210303800100080116,87,600.0,CALABARZON,96.25,1.106,6.9
210303800100090131,240,2000.0,CALABARZON,370.59,1.544,8.33
210303800100108007,45,250.0,CALABARZON,65.54,1.456,5.56
210303800100118006,100,1000.0,CALABARZON,189.48,1.895,10.0
210303800100120170,155,1500.0,CALABARZON,200.07,1.291,9.68
210303800100130186,11,100.0,CALABARZON,37.08,3.371,9.09
210303800100140198,156,1500.0,CALABARZON,63.56,0.407,9.62
210303800100160226,280,2500.0,CALABARZON,143.72,0.513,8.93
210303800100170240,159,1300.0,CALABARZON,112.64,0.708,8.18
210303800100200282,77,500.0,CALABARZON,52.08,0.676,6.49
210303800100220311,240,2000.0,CALABARZON,135.7,0.565,8.33
210303800100230325,180,2000.0,CALABARZON,242.61,1.348,11.11
210303800100240339,81,672.0,CALABARZON,127.1,1.569,8.3
210303800100250353,257,2300.0,CALABARZON,365.94,1.424,8.95
210303800100268008,87,600.0,CALABARZON,115.31,1.325,6.9
210304601700020142,78,600.0,CALABARZON,77.81,0.998,7.69
210304601700038005,156,1500.0,CALABARZON,147.18,0.943,9.62
210304601700078003,75,500.0,CALABARZON,51.23,0.683,6.67
210304700200018001,260,3000.0,CALABARZON,312.81,1.203,11.54
210304700200028010,150,1600.0,CALABARZON,108.19,0.721,10.67
210304700200030098,323,3500.0,CALABARZON,693.37,2.147,10.84
210304700200040144,46,300.0,CALABARZON,42.62,0.927,6.52
210304700200058002,189,2032.0,CALABARZON,121.51,0.643,10.75
210304700200068011,170,1700.0,CALABARZON,200.12,1.177,10.0
210304700200070264,95,785.0,CALABARZON,119.36,1.256,8.26
210304700200088004,144,1568.0,CALABARZON,180.72,1.255,10.89
210304700200100396,114,1182.0,CALABARZON,319.61,2.804,10.37
210304700200118012,130,1500.0,CALABARZON,41.67,0.321,11.54
210304700200120471,235,2500.0,CALABARZON,430.57,1.832,10.64
210304700200138005,290,3000.0,CALABARZON,439.5,1.516,10.34
210304700200148008,227,2400.0,CALABARZON,252.08,1.11,10.57
210304700200158009,260,3000.0,CALABARZON,226.19,0.87,11.54
210304700200168007,190,2000.0,CALABARZON,203.12,1.069,10.53
210304700200170082,110,1200.0,CALABARZON,411.57,3.742,10.91
210304700200188006,121,1253.0,CALABARZON,238.1,1.968,10.36
210304700200198013,80,600.0,CALABARZON,119.78,1.497,7.5
210304700200208014,73,520.0,CALABARZON,11.17,0.153,7.12
210305500100010014,110,1000.0,CALABARZON,84.55,0.769,9.09
210305500100028007,155,1610.0,CALABARZON,110.17,0.711,10.39
210305500100030051,146,1500.0,CALABARZON,178.25,1.221,10.27
210305500100048003,100,830.0,CALABARZON,123.67,1.237,8.3
210305500100058013,104,1082.0,CALABARZON,253.38,2.436,10.4
210305500100068009,56,382.0,CALABARZON,26.98,0.482,6.82
210305500100070138,136,1400.0,CALABARZON,197.14,1.45,10.29
210305500100088012,62,450.0,CALABARZON,94.98,1.532,7.26
210305500100098006,358,4000.0,CALABARZON,813.87,2.273,11.17
210305500100100201,236,2500.0,CALABARZON,145.24,0.615,10.59
210305500100110220,200,2000.0,CALABARZON,201.13,1.006,10.0
210305500100120238,573,6500.0,CALABARZON,277.13,0.484,11.34
210305500100130261,1000,12000.0,CALABARZON,934.08,0.934,12.0
210305500100140284,162,1680.0,CALABARZON,305.14,1.884,10.37
210305500100150302,214,2292.0,CALABARZON,135.38,0.633,10.71
210305500100160323,396,4000.0,CALABARZON,181.54,0.458,10.1
210305500100170343,14,150.0,CALABARZON,5.47,0.391,10.71
210305500100188014,110,1000.0,CALABARZON,178.32,1.621,9.09
210306100200010013,580,6000.0,CALABARZON,534.17,0.921,10.34
210306100200038023,110,1000.0,CALABARZON,147.95,1.345,9.09
210306100200058025,594,6000.0,CALABARZON,472.27,0.795,10.1
210306100200068009,148,1500.0,CALABARZON,287.11,1.94,10.14
210306100200070096,90,800.0,CALABARZON,159.8,1.776,8.89
210306100200088016,125,1200.0,CALABARZON,137.13,1.097,9.6
210306100200090125,160,1700.0,CALABARZON,171.65,1.073,10.62
210306100200118005,178,1800.0,CALABARZON,305.37,1.716,10.11
210306100200128018,210,2300.0,CALABARZON,225.23,1.073,10.95
210306100200138006,297,3000.0,CALABARZON,303.4,1.022,10.1
210306100200140196,128,1300.0,CALABARZON,284.76,2.225,10.16
210306100200158022,347,3500.0,CALABARZON,619.07,1.784,10.09
210306100200178007,50,500.0,CALABARZON,52.92,1.058,10.0
210306100200188020,160,1700.0,CALABARZON,242.49,1.516,10.62
210306100200198019,188,1900.0,CALABARZON,167.96,0.893,10.11
210306100200210307,160,1700.0,CALABARZON,126.93,0.793,10.62
210306100200228017,166,1800.0,CALABARZON,405.87,2.445,10.84
210306100200238003,178,1800.0,CALABARZON,792.21,4.451,10.11
210306600100010014,117,1000.0,CALABARZON,39.81,0.34,8.55
210306600100028014,160,1500.0,CALABARZON,198.73,1.242,9.38
210306600100040062,157,1500.0,CALABARZON,92.34,0.588,9.55
210306600100080128,92,700.0,CALABARZON,37.09,0.403,7.61
210306600100090144,155,1500.0,CALABARZON,153.4,0.99,9.68
210306600100100161,160,1300.0,CALABARZON,109.1,0.682,8.12
210306600100118004,420,4500.0,CALABARZON,289.76,0.69,10.71
210306600100120193,149,1200.0,CALABARZON,503.65,3.38,8.05
210306600100130209,250,2600.0,CALABARZON,470.18,1.881,10.4
210306600100158016,90,750.0,CALABARZON,100.23,1.114,8.33
210306600100178017,64,350.0,CALABARZON,32.18,0.503,5.47
210306600100218008,102,800.0,CALABARZON,42.29,0.415,7.84
210306800100018006,98,833.0,CALABARZON,234.38,2.392,8.5
210306800100048016,75,700.0,CALABARZON,41.77,0.557,9.33
210306800100050065,390,4000.0,CALABARZON,175.65,0.45,10.26
210306800100078017,77,500.0,CALABARZON,38.7,0.503,6.49
210306800100108004,159,1600.0,CALABARZON,312.95,1.968,10.06
210306800100118005,89,700.0,CALABARZON,133.24,1.497,7.87
210306800100120162,256,2800.0,CALABARZON,285.63,1.116,10.94
210306800100130176,240,2000.0,CALABARZON,89.33,0.372,8.33
210306800100140189,420,4000.0,CALABARZON,843.66,2.009,9.52
210306800100180245,210,2400.0,CALABARZON,153.8,0.732,11.43
210306800100190259,163,1400.0,CALABARZON,178.69,1.096,8.59
210306800100220298,288,3000.0,CALABARZON,97.96,0.34,10.42
210306800100238014,70,400.0,CALABARZON,48.4,0.691,5.71
210306800100258013,87,900.0,CALABARZON,62.69,0.721,10.34
210306800100260348,77,638.0,CALABARZON,51.61,0.67,8.29
210306800100298003,236,1800.0,CALABARZON,221.22,0.937,7.63
210401100500018009,280,3000.0,CALABARZON,200.14,0.715,10.71
210401100500020044,75,650.0,CALABARZON,193.54,2.581,8.67
210401100500038002,85,1000.0,CALABARZON,208.19,2.449,11.76
210401100500048010,55,600.0,CALABARZON,100.36,1.825,10.91
210401100500058011,120,1300.0,CALABARZON,57.56,0.48,10.83
210401100500068004,360,4000.0,CALABARZON,151.21,0.42,11.11
210401100500070164,90,1000.0,CALABARZON,249.69,2.774,11.11
210401100500080188,250,2800.0,CALABARZON,355.07,1.42,11.2
210401100500090212,95,700.0,CALABARZON,61.93,0.652,7.37
210401100500100237,170,1500.0,CALABARZON,225.79,1.328,8.82
210401100500110264,22,220.0,CALABARZON,29.74,1.352,10.0
210401100500120287,100,900.0,CALABARZON,164.43,1.644,9.0
210401100500138012,110,1000.0,CALABARZON,146.99,1.336,9.09
210401100500140339,215,2500.0,CALABARZON,228.8,1.064,11.63
210401100500158008,40,300.0,CALABARZON,112.74,2.818,7.5
210401100500160387,65,400.0,CALABARZON,60.59,0.932,6.15
210401100500178006,138,1500.0,CALABARZON,87.42,0.633,10.87
210401100500180441,60,450.0,CALABARZON,35.29,0.588,7.5
210401100500198013,35,300.0,CALABARZON,31.29,0.894,8.57
210601102500018007,118,1200.0,CALABARZON,99.48,0.843,10.17
210601102500020045,207,2100.0,CALABARZON,211.24,1.02,10.14
210601102500038001,394,4000.0,CALABARZON,256.4,0.651,10.15
210601102500040101,128,1300.0,CALABARZON,242.95,1.898,10.16
210601102500058005,236,2400.0,CALABARZON,267.79,1.135,10.17
210601102500060159,98,1000.0,CALABARZON,78.25,0.798,10.2
210601102500078004,177,1800.0,CALABARZON,186.47,1.054,10.17
210601102500080221,333,3600.0,CALABARZON,302.44,0.908,10.81
210601102500098003,39,400.0,CALABARZON,73.75,1.891,10.26
210601600100010015,45,500.0,CALABARZON,41.48,0.922,11.11
210601600100020031,59,600.0,CALABARZON,61.32,1.039,10.17
210601600100038006,197,2000.0,CALABARZON,125.23,0.636,10.15
210601600100048011,142,1500.0,CALABARZON,124.13,0.874,10.56
210601600100050069,39,400.0,CALABARZON,46.25,1.186,10.26
210601600100078009,98,1000.0,CALABARZON,130.47,1.331,10.2
210601600100088003,197,2000.0,CALABARZON,156.67,0.795,10.15
210601600100090117,226,2300.0,CALABARZON,26.53,0.117,10.18
210601600100100130,250,2500.0,CALABARZON,235.41,0.942,10.0
210601600100110138,41,420.0,CALABARZON,144.25,3.518,10.24
210601600100148012,98,1000.0,CALABARZON,137.25,1.401,10.2
210601600100158010,49,500.0,CALABARZON,31.62,0.645,10.2
210601600100170210,149,1500.0,CALABARZON,168.98,1.134,10.07
210601600100188005,128,1300.0,CALABARZON,143.91,1.124,10.16
210601600100190236,69,700.0,CALABARZON,105.9,1.535,10.14
210601600100200251,50,400.0,CALABARZON,91.14,1.823,8.0
210601600100218004,84,850.0,CALABARZON,163.1,1.942,10.12
210604200100018014,15,150.0,CALABARZON,37.44,2.496,10.0
210604200100020031,210,2200.0,CALABARZON,160.15,0.763,10.48
210604200100048001,115,1200.0,CALABARZON,79.17,0.688,10.43
210604200100058003,199,2012.0,CALABARZON,41.52,0.209,10.11
210604200100068012,67,700.0,CALABARZON,76.14,1.136,10.45
210604200100078013,190,1800.0,CALABARZON,126.98,0.668,9.47
210604200100080149,48,400.0,CALABARZON,46.71,0.973,8.33
210604200100098004,62,640.0,CALABARZON,60.89,0.982,10.32
210604200100108016,115,1200.0,CALABARZON,103.25,0.898,10.43
210604200100118010,144,1500.0,CALABARZON,110.62,0.768,10.42
210604200100148015,98,1000.0,CALABARZON,65.44,0.668,10.2
210604200100150286,77,800.0,CALABARZON,85.11,1.105,10.39
210604700200018003,58,600.0,CALABARZON,140.26,2.418,10.34
210604700200020037,48,500.0,CALABARZON,51.32,1.069,10.42
210604700200030056,172,1800.0,CALABARZON,184.94,1.075,10.47
210604700200048007,105,1100.0,CALABARZON,119.1,1.134,10.48
210604700200058005,158,1600.0,CALABARZON,136.96,0.867,10.13
210604700200068006,69,700.0,CALABARZON,202.35,2.933,10.14
210604700200070155,115,1200.0,CALABARZON,161.36,1.403,10.43
210604700200088004,144,1500.0,CALABARZON,81.43,0.565,10.42
210604700200100226,98,1000.0,CALABARZON,121.73,1.242,10.2
210604700200110252,98,1000.0,CALABARZON,77.2,0.788,10.2
210605602900018004,59,600.0,CALABARZON,157.27,2.666,10.17
210605602900030060,12,120.0,CALABARZON,18.9,1.575,10.0
210605602900048003,59,600.0,CALABARZON,57.26,0.971,10.17
210605602900058001,197,2000.0,CALABARZON,97.56,0.495,10.15
210605602900060118,44,450.0,CALABARZON,42.48,0.965,10.23
210605602900070137,128,1300.0,CALABARZON,48.06,0.375,10.16
210605602900080153,57,600.0,CALABARZON,63.56,1.115,10.53
210605602900090172,142,1500.0,CALABARZON,45.42,0.32,10.56
210606301300028006,167,1700.0,CALABARZON,168.83,1.011,10.18
210606301300038004,148,1500.0,CALABARZON,151.52,1.024,10.14
210606301300050107,108,1100.0,CALABARZON,129.4,1.198,10.19
210801400200018009,170,1700.0,CALABARZON,46.04,0.271,10.0
210801400200020033,110,1140.0,CALABARZON,238.51,2.168,10.36
210801400200030065,140,1500.0,CALABARZON,177.67,1.269,10.71
210801400200048006,30,300.0,CALABARZON,128.31,4.277,10.0
210801400200058003,188,1850.0,CALABARZON,42.27,0.225,9.84
210801400200060147,55,500.0,CALABARZON,66.01,1.2,9.09
210801400200078008,275,2500.0,CALABARZON,50.73,0.184,9.09
210801400200100273,76,700.0,CALABARZON,49.2,0.647,9.21
210801400200110292,169,1800.0,CALABARZON,237.51,1.405,10.65
210801400200128011,90,800.0,CALABARZON,73.97,0.822,8.89
210801400200148012,15,150.0,CALABARZON,216.14,14.409,10.0
210801400200150392,98,900.0,CALABARZON,147.93,1.509,9.18
210801400200178013,65,700.0,CALABARZON,92.42,1.422,10.77
210802301300018003,65,600.0,CALABARZON,325.29,5.004,9.23
210802301300028004,14,160.0,CALABARZON,15.15,1.082,11.43
210802301300030106,145,1500.0,CALABARZON,53.77,0.371,10.34
210802301300050165,112,1200.0,CALABARZON,140.52,1.255,10.71
210802301300060194,85,900.0,CALABARZON,5.97,0.07,10.59
210802301300088005,27,275.0,CALABARZON,24.4,0.904,10.19
210802301300090295,195,2000.0,CALABARZON,244.49,1.254,10.26
210802301300108002,55,600.0,CALABARZON,22.81,0.415,10.91
210902600100010010,200,2000.0,CALABARZON,75.42,0.377,10.0
210902600100020032,330,3200.0,CALABARZON,249.84,0.757,9.7
210902600100038001,85,900.0,CALABARZON,40.48,0.476,10.59
210902600100050102,450,5000.0,CALABARZON,408.82,0.908,11.11
210902600100060126,300,3000.0,CALABARZON,322.15,1.074,10.0
210902600100070150,135,1400.0,CALABARZON,155.52,1.152,10.37
210902600100080171,635,6500.0,CALABARZON,346.9,0.546,10.24
210902600100090190,165,1700.0,CALABARZON,349.57,2.119,10.3
210902600100118002,190,2000.0,CALABARZON,251.32,1.323,10.53
210902600400010007,195,2000.0,CALABARZON,90.32,0.463,10.26
210903300100010001,148,1500.0,CALABARZON,172.08,1.163,10.14
210903300100020012,89,900.0,CALABARZON,83.27,0.936,10.11
210903300100030021,110,1200.0,CALABARZON,167.0,1.518,10.91
210903300100040028,200,2000.0,CALABARZON,189.88,0.949,10.0
210903300100068001,186,2000.0,CALABARZON,544.22,2.926,10.75
210903300100070057,80,700.0,CALABARZON,171.32,2.141,8.75
210903300100090075,250,2500.0,CALABARZON,183.01,0.732,10.0
210903300100118002,180,1800.0,CALABARZON,99.13,0.551,10.0
210903300100120102,160,1700.0,CALABARZON,330.96,2.068,10.62
210903300100130112,420,4500.0,CALABARZON,295.12,0.703,10.71
210903300100140121,495,5000.0,CALABARZON,1019.31,2.059,10.1
210903300100150132,136,1400.0,CALABARZON,184.91,1.36,10.29
210903300200018001,350,4000.0,CALABARZON,291.86,0.834,11.43
210903900400010029,145,1500.0,CALABARZON,207.49,1.431,10.34
210903900400020048,115,1200.0,CALABARZON,73.51,0.639,10.43
210903900400048010,115,1200.0,CALABARZON,175.62,1.527,10.43
210903900400050105,185,1900.0,CALABARZON,166.74,0.901,10.27
210903900400070144,285,3000.0,CALABARZON,242.4,0.851,10.53
210903900400088002,290,3000.0,CALABARZON,121.16,0.418,10.34
210903900400108001,195,2000.0,CALABARZON,139.47,0.715,10.26
210903900400118005,105,1000.0,CALABARZON,184.86,1.761,9.52
210903900400120242,680,7000.0,CALABARZON,784.06,1.153,10.29
210903900400138008,145,1500.0,CALABARZON,29.32,0.202,10.34
210903900400140280,400,4200.0,CALABARZON,368.74,0.922,10.5
210903900400158009,480,5000.0,CALABARZON,336.66,0.701,10.42
210903900400168007,155,1500.0,CALABARZON,184.45,1.19,9.68
210908000200018007,60,500.0,CALABARZON,29.29,0.488,8.33
210908000200028013,290,3000.0,CALABARZON,62.89,0.217,10.34
210908000200030073,250,2800.0,CALABARZON,138.81,0.555,11.2
210908000200048006,190,2000.0,CALABARZON,52.72,0.277,10.53
210908000200050129,140,1500.0,CALABARZON,51.34,0.367,10.71
210908000200098002,60,500.0,CALABARZON,23.28,0.388,8.33
210908000200110293,380,4000.0,CALABARZON,410.79,1.081,10.53
210908000200138014,55,500.0,CALABARZON,34.04,0.619,9.09
210908000200148012,112,1200.0,CALABARZON,61.3,0.547,10.71
210908000200158010,83,800.0,CALABARZON,44.99,0.542,9.64
210908000200178015,55,500.0,CALABARZON,45.2,0.822,9.09
211100500200018010,59,600.0,CALABARZON,22.38,0.379,10.17
211100500200020047,96,900.0,CALABARZON,55.58,0.579,9.38
211100500200048002,390,4000.0,CALABARZON,667.04,1.71,10.26
211100500200050115,325,3500.0,CALABARZON,621.75,1.913,10.77
211100500200060143,230,2500.0,CALABARZON,222.77,0.969,10.87
211100500200080192,10,100.0,CALABARZON,17.22,1.722,10.0
211100500200090215,29,300.0,CALABARZON,56.93,1.963,10.34
211100500200100241,29,300.0,CALABARZON,72.75,2.509,10.34
211100500200110273,198,2000.0,CALABARZON,100.8,0.509,10.1
211100500200138006,690,7000.0,CALABARZON,627.43,0.909,10.14
211100500200140348,500,5000.0,CALABARZON,1146.8,2.294,10.0
211100500200168008,75,800.0,CALABARZON,164.67,2.196,10.67
211100500200170420,200,2000.0,CALABARZON,241.0,1.205,10.0
211100500200190467,78,800.0,CALABARZON,101.21,1.298,10.26
211100500200200494,120,1200.0,CALABARZON,109.59,0.913,10.0
211100500200218009,180,1800.0,CALABARZON,247.82,1.377,10.0
211100500200228001,390,4000.0,CALABARZON,498.99,1.279,10.26
211100500200238011,290,3000.0,CALABARZON,359.7,1.24,10.34
211100500200240582,145,1500.0,CALABARZON,119.69,0.825,10.34
211101200000038001,290,3000.0,CALABARZON,309.69,1.068,10.34
211101200000040102,91,753.0,CALABARZON,115.0,1.264,8.27
211101200000060156,685,7000.0,CALABARZON,260.6,0.38,10.22
211101200000070183,130,1400.0,CALABARZON,162.56,1.25,10.77
211101200000080210,135,1400.0,CALABARZON,193.98,1.437,10.37
211101200000090237,250,2400.0,CALABARZON,150.36,0.601,9.6
211101200000100265,50,500.0,CALABARZON,158.24,3.165,10.0
211101200000110293,29,300.0,CALABARZON,60.96,2.102,10.34
211101200000120321,269,2900.0,CALABARZON,253.4,0.942,10.78
211101200000130349,300,2300.0,CALABARZON,312.87,1.043,7.67
211101200000150403,529,6000.0,CALABARZON,610.21,1.154,11.34
211101200000170455,190,1800.0,CALABARZON,169.11,0.89,9.47
211101200000188002,200,2000.0,CALABARZON,221.74,1.109,10.0
211101200000190508,630,6500.0,CALABARZON,693.52,1.101,10.32
211200100000010001,18,100.0,CALABARZON,37.69,2.094,5.56
211200100000030035,35,360.0,CALABARZON,54.41,1.555,10.29
211200100000040050,16,170.0,CALABARZON,50.04,3.128,10.62
211200100000050066,65,500.0,CALABARZON,133.72,2.057,7.69
211200100000060082,25,150.0,CALABARZON,35.17,1.407,6.0
211200100000070098,52,400.0,CALABARZON,107.43,2.066,7.69
211200100000090130,45,300.0,CALABARZON,99.2,2.204,6.67
211200100000100145,32,200.0,CALABARZON,36.45,1.139,6.25
211200100000110160,22,205.0,CALABARZON,42.23,1.92,9.32
211200100000120176,50,400.0,CALABARZON,144.37,2.887,8.0
211200100000130192,30,200.0,CALABARZON,101.05,3.368,6.67
211200100000140209,90,800.0,CALABARZON,201.72,2.241,8.89
211200100000150225,60,500.0,CALABARZON,184.86,3.081,8.33
211200100000160241,32,235.0,CALABARZON,50.79,1.587,7.34
211601500000010019,187,2200.0,CALABARZON,236.07,1.262,11.76
211601500000020034,190,2000.0,CALABARZON,118.54,0.624,10.53
211601500000030049,68,600.0,CALABARZON,95.03,1.398,8.82
211601500000040064,90,1000.0,CALABARZON,43.54,0.484,11.11
211601500000058002,114,1200.0,CALABARZON,53.34,0.468,10.53
211601500000068006,75,700.0,CALABARZON,148.81,1.984,9.33
211601500000090136,85,800.0,CALABARZON,144.67,1.702,9.41
211601500000100151,90,1000.0,CALABARZON,69.57,0.773,11.11
211601500000110166,54,500.0,CALABARZON,50.1,0.928,9.26
211601500000128005,50,400.0,CALABARZON,35.01,0.7,8.0
211601500000138003,60,500.0,CALABARZON,89.03,1.484,8.33
211601500000140211,50,400.0,CALABARZON,35.28,0.706,8.0
211601500000150226,60,500.0,CALABARZON,71.7,1.195,8.33
211601500000160241,30,250.0,CALABARZON,21.6,0.72,8.33
211601500000180271,65,600.0,CALABARZON,57.85,0.89,9.23
211701100200030070,148,1500.0,CALABARZON,36.75,0.248,10.14
211701100200050120,29,300.0,CALABARZON,28.08,0.968,10.34
211701100200070169,94,770.0,CALABARZON,48.83,0.519,8.19
211701100200080195,58,600.0,CALABARZON,90.92,1.568,10.34
211701100200090220,50,500.0,CALABARZON,40.39,0.808,10.0
211701100200120290,50,500.0,CALABARZON,66.74,1.335,10.0
211701100200158005,65,700.0,CALABARZON,77.34,1.19,10.77
211701100200168004,18,200.0,CALABARZON,88.46,4.914,11.11
211701100200170414,60,500.0,CALABARZON,77.42,1.29,8.33
211701600200028006,150,1600.0,CALABARZON,186.8,1.245,10.67
211701600200040100,529,4935.0,CALABARZON,105.84,0.2,9.33
211701600200088003,21,200.0,CALABARZON,80.57,3.837,9.52
211701600200100241,131,1400.0,CALABARZON,36.71,0.28,10.69
211701600200110266,100,1000.0,CALABARZON,23.6,0.236,10.0
211701600200120292,139,1500.0,CALABARZON,90.96,0.654,10.79
211701600200138002,30,200.0,CALABARZON,85.8,2.86,6.67
211701600200140344,50,350.0,CALABARZON,14.11,0.282,7.0
211701600200160396,237,2540.0,CALABARZON,276.18,1.165,10.72
211701600200180448,31,200.0,CALABARZON,34.98,1.128,6.45
211800800000010019,28,233.0,CALABARZON,82.52,2.947,8.32
211800800000020041,190,1952.0,CALABARZON,42.42,0.223,10.27
211800800000038001,22,180.0,CALABARZON,94.28,4.285,8.18
211800800000050108,198,2090.0,CALABARZON,240.39,1.214,10.56
211800800000060130,28,230.0,CALABARZON,134.31,4.797,8.21
211800800000070152,103,1045.0,CALABARZON,168.87,1.64,10.15
211800800000080173,92,820.0,CALABARZON,44.76,0.487,8.91
211800800000098003,63,600.0,CALABARZON,67.55,1.072,9.52
211800800000100219,104,1100.0,CALABARZON,104.5,1.005,10.58
211800800000110242,76,727.0,CALABARZON,123.79,1.629,9.57
211800800000128002,37,430.0,CALABARZON,118.5,3.203,11.62
211800800000138004,52,500.0,CALABARZON,38.66,0.743,9.62
211800800000140309,20,180.0,CALABARZON,2.16,0.108,9.0
211800800000150331,85,752.0,CALABARZON,111.1,1.307,8.85
211800800000188005,23,200.0,CALABARZON,8.07,0.351,8.7
211800800000190415,197,2230.0,CALABARZON,258.63,1.313,11.32
211800800000200438,61,592.0,CALABARZON,76.61,1.256,9.7
211800800000210459,21,180.0,CALABARZON,2.4,0.114,8.57
211802600100010027,37,410.0,CALABARZON,126.33,3.414,11.08
211802600100020074,30,260.0,CALABARZON,26.22,0.874,8.67
211802600100038004,52,500.0,CALABARZON,17.42,0.335,9.62
211802600100048008,73,700.0,CALABARZON,39.78,0.545,9.59
211802600100058010,57,600.0,CALABARZON,29.38,0.515,10.53
211802600100068014,68,650.0,CALABARZON,46.21,0.68,9.56
211802600100078015,39,314.0,CALABARZON,94.44,2.422,8.05
211802600100080329,217,2300.0,CALABARZON,76.15,0.351,10.6
211802600100110466,47,410.0,CALABARZON,14.66,0.312,8.72
211802600100120508,49,410.0,CALABARZON,114.27,2.332,8.37
211802600100130552,116,1200.0,CALABARZON,155.17,1.338,10.34
211802600100140586,184,1700.0,CALABARZON,290.31,1.578,9.24
211802600100150615,146,1518.0,CALABARZON,164.61,1.127,10.4
211802600100160653,94,776.0,CALABARZON,150.19,1.598,8.26
211802600100178005,27,205.0,CALABARZON,23.04,0.853,7.59
211802600100188013,42,350.0,CALABARZON,24.26,0.578,8.33
211802600100190128,47,400.0,CALABARZON,92.12,1.96,8.51
211802600100210216,82,680.0,CALABARZON,30.98,0.378,8.29
211802600100220258,79,700.0,CALABARZON,10.26,0.13,8.86
211805200300010001,211,2300.0,CALABARZON,207.56,0.984,10.9
211805200300020019,156,1500.0,CALABARZON,125.54,0.805,9.62
211805200300030032,38,310.0,CALABARZON,29.18,0.768,8.16
211805200300048012,63,570.0,CALABARZON,28.7,0.456,9.05
211805200300058004,85,760.0,CALABARZON,124.78,1.468,8.94
211805200300068013,127,1223.0,CALABARZON,70.72,0.557,9.63
211805200300070087,40,340.0,CALABARZON,39.21,0.98,8.5
211805200300080101,128,1200.0,CALABARZON,137.93,1.078,9.38
211805200300090115,43,342.0,CALABARZON,55.69,1.295,7.95
211805200300100129,69,630.0,CALABARZON,29.41,0.426,9.13
211805200300110145,32,240.0,CALABARZON,31.98,0.999,7.5
211805200300120158,90,820.0,CALABARZON,110.75,1.231,9.11
211805200300130172,160,1500.0,CALABARZON,162.18,1.014,9.38
211805200300140186,23,180.0,CALABARZON,47.04,2.045,7.83
211805200300158009,36,270.0,CALABARZON,24.61,0.684,7.5
211805200300160214,30,230.0,CALABARZON,48.91,1.63,7.67
211805200300170229,35,298.0,CALABARZON,47.39,1.354,8.51
211805200300180243,141,1300.0,CALABARZON,145.28,1.03,9.22
211805200300198011,57,510.0,CALABARZON,46.41,0.814,8.95
211805200300218008,68,657.0,CALABARZON,41.73,0.614,9.66
211805200300228010,122,1263.0,CALABARZON,147.89,1.212,10.35
211805200300230313,6,60.0,CALABARZON,2.16,0.36,10.0
211805200300240327,40,310.0,CALABARZON,24.82,0.62,7.75
211806500000020016,90,700.0,CALABARZON,205.68,2.285,7.78
211806500000030031,40,300.0,CALABARZON,51.52,1.288,7.5
211806500000068001,35,200.0,CALABARZON,48.46,1.385,5.71
211806500000070091,85,700.0,CALABARZON,126.56,1.489,8.24
211806500000080107,45,300.0,CALABARZON,99.23,2.205,6.67
211806500000090124,65,500.0,CALABARZON,111.44,1.714,7.69
211806500000100141,15,120.0,CALABARZON,45.14,3.009,8.0
211806500000110156,30,200.0,CALABARZON,38.55,1.285,6.67
211806500000120173,45,300.0,CALABARZON,106.68,2.371,6.67
211806500000130187,90,800.0,CALABARZON,68.2,0.758,8.89
211806500000150217,85,700.0,CALABARZON,110.84,1.304,8.24
211806500000160234,120,1000.0,CALABARZON,22.51,0.188,8.33
211903300000010022,66,500.0,CALABARZON,118.39,1.794,7.58
211903300000020041,60,500.0,CALABARZON,146.48,2.441,8.33
211903300000030061,36,299.0,CALABARZON,46.85,1.301,8.31
211903300000040081,90,700.0,CALABARZON,141.66,1.574,7.78
211903300000050100,75,600.0,CALABARZON,126.1,1.681,8.0
211903300000078005,30,200.0,CALABARZON,26.68,0.889,6.67
211903300000088004,60,450.0,CALABARZON,137.52,2.292,7.5
211903300000090180,88,700.0,CALABARZON,148.78,1.691,7.95
211903300000108009,35,200.0,CALABARZON,53.47,1.528,5.71
211903300000118006,25,150.0,CALABARZON,18.41,0.736,6.0
211903300000140245,15,125.0,CALABARZON,4.6,0.307,8.33
211903300000150261,230,2500.0,CALABARZON,277.18,1.205,10.87
211903300000160279,42,300.0,CALABARZON,42.46,1.011,7.14
211903300000170299,25,150.0,CALABARZON,19.76,0.79,6.0
211903300000188007,35,250.0,CALABARZON,51.05,1.459,7.14
211903300000188008,35,200.0,CALABARZON,32.34,0.924,5.71
211903300000190329,96,600.0,CALABARZON,81.29,0.847,6.25
211903300000220375,45,300.0,CALABARZON,49.07,1.09,6.67
211903300000240410,36,200.0,CALABARZON,45.49,1.264,5.56
211903300000260439,60,420.0,CALABARZON,132.87,2.214,7.0
212300200100010024,33,250.0,CALABARZON,82.52,2.501,7.58
212300200100020053,80,600.0,CALABARZON,175.91,2.199,7.5
212300200100048005,132,1100.0,CALABARZON,87.89,0.666,8.33
212300200100060171,50,300.0,CALABARZON,40.52,0.81,6.0
212300200100070201,36,300.0,CALABARZON,49.7,1.381,8.33
212300200100088006,12,100.0,CALABARZON,72.26,6.022,8.33
212300200100100291,69,600.0,CALABARZON,84.34,1.222,8.7
212300200100110319,131,900.0,CALABARZON,112.57,0.859,6.87
212300200100120349,70,500.0,CALABARZON,114.48,1.635,7.14
212300200100130379,180,1900.0,CALABARZON,320.16,1.779,10.56
212300200100148004,210,2300.0,CALABARZON,219.83,1.047,10.95
212300200100150439,47,300.0,CALABARZON,48.27,1.027,6.38
340100900100010020,85,600.0,CALABARZON,70.58,0.83,7.06
340100900100028004,80,500.0,CALABARZON,34.14,0.427,6.25
340100900100030066,38,300.0,CALABARZON,87.57,2.304,7.89
340100900100050109,46,250.0,CALABARZON,38.59,0.839,5.43
340100900100060132,95,750.0,CALABARZON,104.5,1.1,7.89
340100900100078005,80,532.0,CALABARZON,99.13,1.239,6.65
340100900100100220,65,440.0,CALABARZON,100.36,1.544,6.77
340100900100110242,525,6000.0,CALABARZON,521.04,0.992,11.43
340100900100138006,157,1600.0,CALABARZON,243.5,1.551,10.19
340300301500018001,247,2500.0,CALABARZON,28.72,0.116,10.12
340300301500020088,100,800.0,CALABARZON,55.2,0.552,8.0
340300301500040196,85,600.0,CALABARZON,47.68,0.561,7.06
340300601000018001,159,1638.0,CALABARZON,148.29,0.933,10.3
340300601000028002,41,258.0,CALABARZON,43.99,1.073,6.29
340301200400018001,250,2700.0,CALABARZON,441.69,1.767,10.8
340301200400020097,173,1800.0,CALABARZON,120.99,0.699,10.4
340301200400040220,410,4112.0,CALABARZON,410.85,1.002,10.03
340301200400050284,223,2300.0,CALABARZON,489.1,2.193,10.31
340301200400070409,127,1016.0,CALABARZON,126.55,0.996,8.0
340301200400098004,100,1050.0,CALABARZON,77.8,0.778,10.5
340302200200010023,109,600.0,CALABARZON,54.98,0.504,5.5
340302200200040108,34,200.0,CALABARZON,7.59,0.223,5.88
340302200200050137,70,600.0,CALABARZON,34.86,0.498,8.57
340302200200078012,107,1111.0,CALABARZON,163.76,1.53,10.38
340302200200098011,53,370.0,CALABARZON,53.0,1.0,6.98
340302200200100279,188,1300.0,CALABARZON,196.27,1.044,6.91
340302200200110307,38,220.0,CALABARZON,108.74,2.862,5.79
340302200200128003,449,3100.0,CALABARZON,121.32,0.27,6.9
340302200200138016,39,237.0,CALABARZON,38.49,0.987,6.08
340302200200140390,108,750.0,CALABARZON,431.59,3.996,6.94
340302200200158020,28,163.0,CALABARZON,14.49,0.518,5.82
340302200200180504,169,1800.0,CALABARZON,490.32,2.901,10.65
340302200200208008,183,1800.0,CALABARZON,194.51,1.063,9.84
340302200200210589,135,1300.0,CALABARZON,118.93,0.881,9.63
340302200200230646,170,1600.0,CALABARZON,171.7,1.01,9.41
340302200200248009,43,237.0,CALABARZON,68.66,1.597,5.51
340302200200250701,190,2000.0,CALABARZON,160.64,0.845,10.53
340302200200268014,70,600.0,CALABARZON,79.64,1.138,8.57
340302200200278018,49,334.0,CALABARZON,25.09,0.512,6.82
340302200200298015,48,331.0,CALABARZON,67.51,1.406,6.9
340302200200300842,200,2200.0,CALABARZON,420.31,2.102,11.0
340400100100010010,235,2300.0,CALABARZON,549.03,2.336,9.79
340400100100020033,304,2500.0,CALABARZON,311.56,1.025,8.22
340400100100030055,60,400.0,CALABARZON,45.67,0.761,6.67
340400100100050105,145,1500.0,CALABARZON,462.43,3.189,10.34
340400100100068001,158,1700.0,CALABARZON,131.24,0.831,10.76
340400100100070152,110,900.0,CALABARZON,34.88,0.317,8.18
340400100100080177,156,1500.0,CALABARZON,574.32,3.682,9.62
340400100100090199,145,1500.0,CALABARZON,111.58,0.77,10.34
340400100100110247,97,800.0,CALABARZON,18.93,0.195,8.25
340400100100120270,217,1900.0,CALABARZON,45.11,0.208,8.76
340400100100130295,19,192.0,CALABARZON,16.88,0.888,10.11
340400100100150344,245,2500.0,CALABARZON,282.63,1.154,10.2
340400100100160368,101,1000.0,CALABARZON,130.83,1.295,9.9
340400100100170393,67,453.0,CALABARZON,60.84,0.908,6.76
340401100400040070,91,754.0,CALABARZON,33.84,0.372,8.29
340401100400050085,88,725.0,CALABARZON,51.79,0.589,8.24
340401100400070111,78,650.0,CALABARZON,120.68,1.547,8.33
340401100400088012,313,3500.0,CALABARZON,340.41,1.088,11.18
340401100400090130,162,1300.0,CALABARZON,110.29,0.681,8.02
340401100400110160,725,5800.0,CALABARZON,1014.08,1.399,8.0
340401100400130188,110,1100.0,CALABARZON,110.87,1.008,10.0
340401100400158007,28,280.0,CALABARZON,45.38,1.621,10.0
340401100400160225,44,400.0,CALABARZON,9.17,0.208,9.09
340401100400170241,81,650.0,CALABARZON,37.58,0.464,8.02
340401100400180255,88,725.0,CALABARZON,45.78,0.52,8.24
340401100400190268,103,850.0,CALABARZON,63.11,0.613,8.25
340401100400200280,508,5558.0,CALABARZON,217.86,0.429,10.94
340401100400230322,86,688.0,CALABARZON,179.2,2.084,8.0
340401100400248005,188,1550.0,CALABARZON,240.51,1.279,8.24
340401100400278008,68,560.0,CALABARZON,53.29,0.784,8.24
340401100400280386,295,2950.0,CALABARZON,101.0,0.342,10.0
340401100400298010,57,521.0,CALABARZON,120.37,2.112,9.14
340401500100020095,100,815.0,CALABARZON,75.92,0.759,8.15
340401500100030148,64,459.0,CALABARZON,55.08,0.861,7.17
340401500100110107,61,400.0,CALABARZON,36.56,0.599,6.56
340401500100120162,75,600.0,CALABARZON,52.97,0.706,8.0
340401500100128002,51,300.0,CALABARZON,139.49,2.735,5.88
340401500100138006,167,1700.0,CALABARZON,149.93,0.898,10.18
340401500100140263,61,400.0,CALABARZON,84.73,1.389,6.56
340401500100158007,235,2400.0,CALABARZON,190.23,0.809,10.21
340401500100170421,188,1900.0,CALABARZON,232.78,1.238,10.11
340401500100188001,120,1000.0,CALABARZON,135.74,1.131,8.33
340501100100118001,416,4000.0,CALABARZON,277.13,0.666,9.62
340502600300048005,92,750.0,CALABARZON,48.07,0.522,8.15
340502600300050064,98,800.0,CALABARZON,106.58,1.088,8.16
340502600300070096,110,900.0,CALABARZON,30.97,0.282,8.18
340502600300080120,217,2000.0,CALABARZON,192.54,0.887,9.22
340502600300100170,145,1500.0,CALABARZON,138.35,0.954,10.34
340502600300110195,145,1500.0,CALABARZON,200.34,1.382,10.34
340502600300130239,145,1500.0,CALABARZON,163.66,1.129,10.34
340502600300148003,142,1400.0,CALABARZON,164.79,1.16,9.86
340502600300160305,44,250.0,CALABARZON,92.73,2.108,5.68
340502600300170328,61,400.0,CALABARZON,37.84,0.62,6.56
340502600300218006,61,400.0,CALABARZON,39.36,0.645,6.56
340502600300230472,110,900.0,CALABARZON,119.53,1.087,8.18
340502600300240498,51,350.0,CALABARZON,19.11,0.375,6.86
340502600300250524,145,1500.0,CALABARZON,224.78,1.55,10.34
340503200400010006,125,1200.0,CALABARZON,192.93,1.543,9.6
340503200400028011,50,350.0,CALABARZON,24.31,0.486,7.0
340503200400030108,213,2000.0,CALABARZON,626.2,2.94,9.39
340503200400050206,225,2000.0,CALABARZON,391.19,1.739,8.89
340503200400068008,106,800.0,CALABARZON,19.84,0.187,7.55
340503200400098013,21,200.0,CALABARZON,28.0,1.333,9.52
340503200400108003,117,900.0,CALABARZON,70.41,0.602,7.69
340503200400110150,520,6000.0,CALABARZON,1103.27,2.122,11.54
340503200400120197,162,1700.0,CALABARZON,151.01,0.932,10.49
340503200400138014,85,600.0,CALABARZON,163.14,1.919,7.06
340503200400148015,80,600.0,CALABARZON,48.8,0.61,7.5
340503200400158007,157,1600.0,CALABARZON,92.25,0.588,10.19
340503500000010028,185,2000.0,CALABARZON,522.24,2.823,10.81
340503500000020048,90,700.0,CALABARZON,37.18,0.413,7.78
340503500000058008,185,2000.0,CALABARZON,218.76,1.182,10.81
340503500000070162,294,3300.0,CALABARZON,139.66,0.475,11.22
340503500000100258,85,600.0,CALABARZON,77.46,0.911,7.06
340503500000118010,207,2000.0,CALABARZON,209.86,1.014,9.66
340503500000120329,105,850.0,CALABARZON,107.98,1.028,8.1
340503500000140399,52,300.0,CALABARZON,11.25,0.216,5.77
340503500000158010,57,400.0,CALABARZON,38.71,0.679,7.02
340503500000168002,98,800.0,CALABARZON,140.82,1.437,8.16
340503500000180535,280,3000.0,CALABARZON,695.63,2.484,10.71
340503500000190567,98,800.0,CALABARZON,31.2,0.318,8.16
340503500000220665,90,700.0,CALABARZON,25.61,0.285,7.78
340503800100018005,100,1000.0,CALABARZON,94.94,0.949,10.0
340503800100030048,108,1000.0,CALABARZON,39.0,0.361,9.26
340503800100060094,700,7000.0,CALABARZON,299.61,0.428,10.0
340503800100078006,89,700.0,CALABARZON,54.23,0.609,7.87
340503800100148001,85,600.0,CALABARZON,34.37,0.404,7.06
340503800100150228,383,4000.0,CALABARZON,68.83,0.18,10.44
340503800100170257,120,1000.0,CALABARZON,94.33,0.786,8.33
340700500000020028,8,52.0,CALABARZON,2.28,0.285,6.5
340700500000060085,25,261.0,CALABARZON,18.67,0.747,10.44
340700500000110156,33,320.0,CALABARZON,30.09,0.912,9.7
340700500000130185,13,74.0,CALABARZON,6.92,0.532,5.69
340700500000150213,8,89.0,CALABARZON,8.32,1.04,11.12
340701500400010013,65,630.0,CALABARZON,139.6,2.148,9.69
340701500400020037,20,179.0,CALABARZON,43.36,2.168,8.95
340701500400040077,92,997.0,CALABARZON,44.62,0.485,10.84
340701500400050100,41,407.0,CALABARZON,60.5,1.476,9.93
340701500400060124,30,214.0,CALABARZON,81.7,2.723,7.13
340701500400078002,54,522.0,CALABARZON,139.2,2.578,9.67
340701500400080174,26,255.0,CALABARZON,60.54,2.328,9.81
340701500400098001,12,100.0,CALABARZON,26.46,2.205,8.33
340701500400100222,62,606.0,CALABARZON,94.56,1.525,9.77
340701500400110247,14,120.0,CALABARZON,20.78,1.484,8.57
340701500400120270,28,274.0,CALABARZON,46.75,1.67,9.79
340701500400130294,24,251.0,CALABARZON,49.13,2.047,10.46
340701500400140318,29,300.0,CALABARZON,68.88,2.375,10.34
340701500400160369,60,500.0,CALABARZON,11.07,0.184,8.33
340702000000018001,73,700.0,CALABARZON,154.76,2.12,9.59
341002800200010006,32,175.0,CALABARZON,15.01,0.469,5.47
341002800200020032,125,1200.0,CALABARZON,122.94,0.984,9.6
341002800200040070,51,348.0,CALABARZON,117.42,2.302,6.82
341002800200060114,47,321.0,CALABARZON,82.27,1.75,6.83
341002800200070136,80,500.0,CALABARZON,84.05,1.051,6.25
341002800200088003,19,180.0,CALABARZON,26.19,1.378,9.47
341002800200108002,58,393.0,CALABARZON,34.94,0.602,6.78
341002800200120243,56,381.0,CALABARZON,102.03,1.822,6.8
341002800200130265,20,187.0,CALABARZON,44.34,2.217,9.35
341002800200140287,120,1000.0,CALABARZON,298.06,2.484,8.33
341002800200158001,145,1500.0,CALABARZON,119.71,0.826,10.34
341002800200160328,200,1700.0,CALABARZON,97.98,0.49,8.5
341100300200018008,98,800.0,CALABARZON,24.9,0.254,8.16
341100300200020036,80,500.0,CALABARZON,31.68,0.396,6.25
341100300200040103,525,4200.0,CALABARZON,375.27,0.715,8.0
341100300200058001,125,1200.0,CALABARZON,137.12,1.097,9.6
341100300200060168,145,1500.0,CALABARZON,69.01,0.476,10.34
341100300200070207,125,1200.0,CALABARZON,87.3,0.698,9.6
341100300200118002,230,2200.0,CALABARZON,183.51,0.798,9.57
341100300200128009,158,1700.0,CALABARZON,102.41,0.648,10.76
341100300200138006,130,1300.0,CALABARZON,136.7,1.052,10.0
341100300200170512,23,130.0,CALABARZON,8.89,0.387,5.65
341101000400010031,287,3023.0,CALABARZON,272.24,0.949,10.53
341101000400028001,36,250.0,CALABARZON,20.0,0.556,6.94
341101000400038002,85,600.0,CALABARZON,54.51,0.641,7.06
341101000400040112,55,300.0,CALABARZON,78.61,1.429,5.45
341101000400050140,51,300.0,CALABARZON,36.42,0.714,5.88
341101000400080222,152,1200.0,CALABARZON,77.76,0.512,7.89
341101000400090252,121,1000.0,CALABARZON,64.23,0.531,8.26
341101000400100280,59,400.0,CALABARZON,45.45,0.77,6.78
341101000400110308,286,3000.0,CALABARZON,413.29,1.445,10.49
341101000400120336,61,400.0,CALABARZON,54.08,0.887,6.56
341101000400130363,44,237.0,CALABARZON,37.74,0.858,5.39
341101000400140391,85,700.0,CALABARZON,26.71,0.314,8.24
341101000400150419,65,445.0,CALABARZON,69.35,1.067,6.85
341101000400160447,102,1000.0,CALABARZON,161.29,1.581,9.8
341101000400170474,60,476.0,CALABARZON,137.75,2.296,7.93
341101000400180502,125,1200.0,CALABARZON,70.21,0.562,9.6
341703400200028006,22,200.0,CALABARZON,33.75,1.534,9.09
341703400200030047,225,2000.0,CALABARZON,135.63,0.603,8.89
341703400200040064,300,3500.0,CALABARZON,157.69,0.526,11.67
341703400200050080,97,800.0,CALABARZON,149.2,1.538,8.25
341703400200060097,345,3000.0,CALABARZON,254.67,0.738,8.7
341703400200078007,125,1200.0,CALABARZON,181.54,1.452,9.6
341703400200080128,158,1700.0,CALABARZON,133.19,0.843,10.76
341703400200090144,131,1181.0,CALABARZON,151.25,1.155,9.02
341703400200118008,125,1200.0,CALABARZON,118.32,0.947,9.6
341703400200120193,159,1800.0,CALABARZON,119.8,0.753,11.32
341703400200140226,26,234.0,CALABARZON,91.81,3.531,9.0
341703400200150243,105,1000.0,CALABARZON,252.67,2.406,9.52
341703400200160257,87,692.0,CALABARZON,93.22,1.071,7.95
341704500000010021,125,1200.0,CALABARZON,184.28,1.474,9.6
341704500000048001,61,400.0,CALABARZON,41.64,0.683,6.56
341704500000050116,53,310.0,CALABARZON,39.3,0.742,5.85
341704500000068006,35,200.0,CALABARZON,46.78,1.337,5.71
341704500000088002,92,742.0,CALABARZON,58.1,0.632,8.07
341704500000090208,26,153.0,CALABARZON,20.51,0.789,5.88
341704500000100233,35,200.0,CALABARZON,8.2,0.234,5.71
341704500000110249,85,600.0,CALABARZON,12.01,0.141,7.06
341704500000130287,26,140.0,CALABARZON,22.77,0.876,5.38
341704500000140311,85,600.0,CALABARZON,27.14,0.319,7.06
341704500000150331,80,600.0,CALABARZON,54.28,0.678,7.5
341704500000178005,97,800.0,CALABARZON,48.53,0.5,8.25
341704500000180400,23,130.0,CALABARZON,34.71,1.509,5.65
341704500000190423,98,800.0,CALABARZON,116.62,1.19,8.16
341704900200018004,80,500.0,CALABARZON,98.22,1.228,6.25
341704900200020040,98,800.0,CALABARZON,57.36,0.585,8.16
341704900200030058,320,2000.0,CALABARZON,632.95,1.978,6.25
341704900200048002,62,400.0,CALABARZON,112.39,1.813,6.45
341704900200060115,120,1000.0,CALABARZON,51.46,0.429,8.33
341704900200070132,37,300.0,CALABARZON,81.59,2.205,8.11
341704900200100189,125,1200.0,CALABARZON,115.92,0.927,9.6
341704900200120227,52,300.0,CALABARZON,120.42,2.316,5.77
342200100000010042,132,1300.0,CALABARZON,44.02,0.333,9.85
342200100000020085,478,5000.0,CALABARZON,866.19,1.812,10.46
342200100000030126,239,2500.0,CALABARZON,159.69,0.668,10.46
342200100000050207,29,300.0,CALABARZON,39.43,1.36,10.34
342200100000070285,53,550.0,CALABARZON,401.64,7.578,10.38
342200100000100056,105,1100.0,CALABARZON,396.72,3.778,10.48
342200100000110095,38,400.0,CALABARZON,35.06,0.923,10.53
342200100000120134,22,200.0,CALABARZON,48.32,2.196,9.09
342200100000140212,54,369.0,CALABARZON,39.93,0.739,6.83
342200100000158001,116,1200.0,CALABARZON,337.39,2.909,10.34
342200500000010032,145,1200.0,CALABARZON,175.7,1.212,8.28
342200500000040132,82,678.0,CALABARZON,44.37,0.541,8.27
342200500000060199,187,1500.0,CALABARZON,298.82,1.598,8.02
342200500000078001,50,400.0,CALABARZON,79.03,1.581,8.0
342200500000088002,87,720.0,CALABARZON,144.96,1.666,8.28
342200500000090301,70,600.0,CALABARZON,366.95,5.242,8.57
342200500000100336,170,1700.0,CALABARZON,170.55,1.003,10.0
342200500000110369,338,2800.0,CALABARZON,386.83,1.144,8.28
342200500000120408,338,2700.0,CALABARZON,708.04,2.095,7.99
342200500000130438,264,2821.0,CALABARZON,437.55,1.657,10.69
342200500000140471,37,300.0,CALABARZON,78.52,2.122,8.11
342200500000150505,121,1263.0,CALABARZON,95.43,0.789,10.44
342200500000170576,251,2684.0,CALABARZON,260.03,1.036,10.69
342300600000010005,80,500.0,CALABARZON,109.0,1.362,6.25
342300600000028004,80,500.0,CALABARZON,25.05,0.313,6.25
342300600000030023,16,100.0,CALABARZON,7.15,0.447,6.25
342300600000040033,52,300.0,CALABARZON,14.36,0.276,5.77
342300600000050043,240,2300.0,CALABARZON,56.4,0.235,9.58
342300600000060051,88,700.0,CALABARZON,38.08,0.433,7.95
342300600000070061,165,1700.0,CALABARZON,137.5,0.833,10.3
342300600000080071,17,120.0,CALABARZON,34.58,2.034,7.06
342300600000100092,550,6000.0,CALABARZON,117.43,0.214,10.91
342300600000130119,81,550.0,CALABARZON,112.5,1.389,6.79
342300600000148003,125,1200.0,CALABARZON,63.91,0.511,9.6
342300600000158002,142,1400.0,CALABARZON,169.5,1.194,9.86
342300600000168001,369,2500.0,CALABARZON,159.03,0.431,6.78
342400200000010017,90,700.0,CALABARZON,96.92,1.077,7.78
342400200000020044,90,700.0,CALABARZON,99.29,1.103,7.78
342400200000030071,85,600.0,CALABARZON,133.05,1.565,7.06
342400200000048001,20,120.0,CALABARZON,17.25,0.862,6.0
342400200000060151,125,1200.0,CALABARZON,63.0,0.504,9.6
342400200000078002,26,200.0,CALABARZON,33.02,1.27,7.69
342400200000080206,84,580.0,CALABARZON,81.47,0.97,6.9
342400200000098003,32,250.0,CALABARZON,22.41,0.7,7.81
342400200000100261,145,1600.0,CALABARZON,104.61,0.721,11.03
342400200000110287,78,700.0,CALABARZON,70.55,0.904,8.97
342400200000130343,285,3000.0,CALABARZON,478.61,1.679,10.53
342400200000140368,180,1400.0,CALABARZON,130.05,0.722,7.78
342400200000150393,145,1500.0,CALABARZON,171.31,1.181,10.34
342403600400030065,245,2500.0,CALABARZON,468.53,1.912,10.2
342403600400060156,85,600.0,CALABARZON,66.01,0.777,7.06
342403600400090244,47,493.0,CALABARZON,48.44,1.031,10.49
342403600400110306,82,550.0,CALABARZON,112.29,1.369,6.71
342403600400120338,18,186.0,CALABARZON,17.79,0.988,10.33
342403600400138007,85,600.0,CALABARZON,164.31,1.933,7.06
342403600400150418,98,800.0,CALABARZON,72.23,0.737,8.16
342403600400168001,80,500.0,CALABARZON,37.17,0.465,6.25
342403600400178005,120,1000.0,CALABARZON,167.48,1.396,8.33
342403600400200568,92,750.0,CALABARZON,29.43,0.32,8.15
342406100200010005,130,1300.0,CALABARZON,185.77,1.429,10.0
342406100200020028,95,700.0,CALABARZON,78.19,0.823,7.37
342406100200030047,57,400.0,CALABARZON,112.42,1.972,7.02
342406100200060099,102,800.0,CALABARZON,28.85,0.283,7.84
342406100200070112,45,254.0,CALABARZON,4.98,0.111,5.64
342406100200080130,245,2500.0,CALABARZON,123.12,0.503,10.2
342406100200090150,408,4000.0,CALABARZON,258.72,0.634,9.8
342406100200140244,102,800.0,CALABARZON,153.89,1.509,7.84
342406100200160279,125,1200.0,CALABARZON,129.2,1.034,9.6
342500500700018001,32,200.0,CALABARZON,16.2,0.506,6.25
342500500700028011,65,426.0,CALABARZON,33.85,0.521,6.55
342500500700030093,80,700.0,CALABARZON,67.67,0.846,8.75
342500500700040129,177,1500.0,CALABARZON,44.84,0.253,8.47
342500500700058013,85,719.0,CALABARZON,55.72,0.656,8.46
342500500700060203,141,1300.0,CALABARZON,41.38,0.293,9.22
342500500700078014,164,1700.0,CALABARZON,142.97,0.872,10.37
342500500700080268,173,1800.0,CALABARZON,224.73,1.299,10.4
342500500700110359,373,4000.0,CALABARZON,275.2,0.738,10.72
342500500700130422,175,2000.0,CALABARZON,554.59,3.169,11.43
342500500700158012,35,200.0,CALABARZON,38.84,1.11,5.71
342500500700160519,223,2300.0,CALABARZON,105.97,0.475,10.31
342500500700190627,451,5100.0,CALABARZON,377.14,0.836,11.31
342500500700200003,147,1700.0,CALABARZON,206.93,1.408,11.56
342500500700220078,241,2598.0,CALABARZON,693.28,2.877,10.78
342500500700238008,146,1500.0,CALABARZON,229.56,1.572,10.27
342500500700240144,230,2500.0,CALABARZON,318.01,1.383,10.87
342500500700268017,293,3000.0,CALABARZON,458.98,1.566,10.24
342500500700278009,190,1900.0,CALABARZON,344.79,1.815,10.0
342500500700288018,33,300.0,CALABARZON,27.9,0.845,9.09
342501401200018002,326,3500.0,CALABARZON,244.73,0.751,10.74
342501401200038003,457,5000.0,CALABARZON,205.94,0.451,10.94
342501401200050130,584,6000.0,CALABARZON,297.33,0.509,10.27
342501401200070182,275,3000.0,CALABARZON,160.65,0.584,10.91
342501401200090234,158,1600.0,CALABARZON,174.69,1.106,10.13
342501600700010008,273,2900.0,CALABARZON,153.98,0.564,10.62
342501600700020031,132,1400.0,CALABARZON,110.53,0.837,10.61
342501600700038006,438,3000.0,CALABARZON,585.1,1.336,6.85
342501600700040075,150,1200.0,CALABARZON,205.09,1.367,8.0
342501600700050097,212,2250.0,CALABARZON,442.24,2.086,10.61
342501600700060117,270,2900.0,CALABARZON,483.19,1.79,10.74
342501600700098008,160,1500.0,CALABARZON,186.2,1.164,9.38
342501600700100199,680,7000.0,CALABARZON,395.47,0.582,10.29
342501600700110222,413,4250.0,CALABARZON,427.17,1.034,10.29
342501600700130262,261,2500.0,CALABARZON,207.7,0.796,9.58
342501600700140285,190,2000.0,CALABARZON,114.15,0.601,10.53
342501600700158003,190,1900.0,CALABARZON,241.89,1.273,10.0
342501600700170353,167,1700.0,CALABARZON,51.87,0.311,10.18
342501600700188004,199,2100.0,CALABARZON,719.62,3.616,10.55
342501600700198012,105,1200.0,CALABARZON,88.38,0.842,11.43
342501600700200415,130,1000.0,CALABARZON,175.17,1.347,7.69
342501600700220457,250,2700.0,CALABARZON,48.41,0.194,10.8
342501600700248001,149,1500.0,CALABARZON,51.93,0.349,10.07
342501600700250520,157,1600.0,CALABARZON,146.37,0.932,10.19
342501600700260542,199,2000.0,CALABARZON,456.25,2.293,10.05
342501600700288005,285,3000.0,CALABARZON,313.61,1.1,10.53
342501600700298009,354,3800.0,CALABARZON,268.15,0.757,10.73
342501600700300627,235,2500.0,CALABARZON,514.44,2.189,10.64
342802300300010032,148,1100.0,CALABARZON,398.27,2.691,7.43
342802300300040096,66,700.0,CALABARZON,340.56,5.16,10.61
342802300300068003,44,270.0,CALABARZON,101.25,2.301,6.14
342802300300078005,185,2000.0,CALABARZON,244.78,1.323,10.81
342802300300088010,212,1484.0,CALABARZON,140.53,0.663,7.0
342802300300098011,93,1000.0,CALABARZON,113.58,1.221,10.75
342802300300108012,85,600.0,CALABARZON,24.12,0.284,7.06
342802300300118004,255,2800.0,CALABARZON,307.43,1.206,10.98
342802300300120272,297,3100.0,CALABARZON,49.19,0.166,10.44
342802300300138013,22,154.0,CALABARZON,70.32,3.196,7.0
342802300300148014,170,1800.0,CALABARZON,188.33,1.108,10.59
342802300300168016,36,194.0,CALABARZON,38.26,1.063,5.39
342802300300178017,10,100.0,CALABARZON,12.26,1.226,10.0
342802300300180392,275,3000.0,CALABARZON,136.15,0.495,10.91
342802300300190410,105,1053.0,CALABARZON,81.97,0.781,10.03
342802300300208018,30,200.0,CALABARZON,59.08,1.969,6.67
560800800300018003,191,1220.0,CALABARZON,1258.41,6.589,6.39
560800800300030052,219,1400.0,CALABARZON,96.76,0.442,6.39
560800800300048004,24,156.0,CALABARZON,30.61,1.275,6.5
560800800300058005,172,1100.0,CALABARZON,175.26,1.019,6.4
560800800300068006,110,700.0,CALABARZON,42.84,0.389,6.36
560800800300070140,195,1250.0,CALABARZON,106.0,0.544,6.41
560800800300080168,165,990.0,CALABARZON,102.96,0.624,6.0
560800800300098001,203,1300.0,CALABARZON,104.93,0.517,6.4
560800800300100222,115,740.0,CALABARZON,30.29,0.263,6.43
560800800300120274,114,730.0,CALABARZON,31.96,0.28,6.4
560800800300140328,184,1180.0,CALABARZON,106.73,0.58,6.41
560800800300150357,127,812.0,CALABARZON,129.96,1.023,6.39
560800800300170415,52,330.0,CALABARZON,20.27,0.39,6.35
560800800300180443,344,2200.0,CALABARZON,130.1,0.378,6.4
560800800300190473,55,350.0,CALABARZON,21.6,0.393,6.36
560800800300200503,66,420.0,CALABARZON,20.48,0.31,6.36
562300600200010007,18,150.0,CALABARZON,18.92,1.051,8.33
562300600200020025,5,50.0,CALABARZON,31.2,6.24,10.0
562300600200038003,60,500.0,CALABARZON,106.45,1.774,8.33
562300600200040067,80,800.0,CALABARZON,144.68,1.808,10.0
562300600200050083,150,1700.0,CALABARZON,181.34,1.209,11.33
562300600200068001,24,200.0,CALABARZON,26.79,1.116,8.33
562300600200070116,60,600.0,CALABARZON,29.15,0.486,10.0
562300600200080136,60,500.0,CALABARZON,101.78,1.696,8.33
562300600200108002,144,1200.0,CALABARZON,97.93,0.68,8.33
562300600200110192,182,1521.0,CALABARZON,171.74,0.944,8.36
562300600200120212,300,2100.0,CALABARZON,205.68,0.686,7.0
562400200100010002,150,1600.0,CALABARZON,133.0,0.887,10.67
562400200100028004,98,810.0,CALABARZON,108.34,1.106,8.27
562400200100030035,284,3000.0,CALABARZON,191.85,0.676,10.56
562400200100040055,173,1700.0,CALABARZON,188.32,1.089,9.83
562400200100050073,200,2100.0,CALABARZON,73.53,0.368,10.5
562400200100060090,60,500.0,CALABARZON,43.85,0.731,8.33
562400200100100160,30,200.0,CALABARZON,47.97,1.599,6.67
562400200100110176,45,500.0,CALABARZON,72.94,1.621,11.11
562400200100128003,250,2500.0,CALABARZON,211.09,0.844,10.0
562400200100130211,115,1200.0,CALABARZON,70.59,0.614,10.43
562400200100148002,45,500.0,CALABARZON,50.7,1.127,11.11
562400200100150247,19,168.0,CALABARZON,46.48,2.446,8.84
562400200100170283,50,500.0,CALABARZON,47.75,0.955,10.0
562400200100180300,226,2100.0,CALABARZON,173.18,0.766,9.29
562400200100200335,56,520.0,CALABARZON,48.65,0.869,9.29
562400200100210349,324,3500.0,CALABARZON,80.55,0.249,10.8
562400200100220365,224,1440.0,CALABARZON,153.49,0.685,6.43
562400200100230381,16,130.0,CALABARZON,11.06,0.691,8.12
562400200100240400,140,1300.0,CALABARZON,133.32,0.952,9.29
562400200100250417,28,250.0,CALABARZON,13.85,0.495,8.93
562400200100270451,581,4841.0,CALABARZON,494.23,0.851,8.33
562400200100280466,234,2500.0,CALABARZON,424.37,1.814,10.68
562401700400018001,102,740.0,CALABARZON,189.81,1.861,7.25
562401700400030274,332,3000.0,CALABARZON,269.57,0.812,9.04
562401700400040397,133,1200.0,CALABARZON,239.17,1.798,9.02
562401700400060141,66,432.0,CALABARZON,10.98,0.166,6.55
562401800200020030,67,600.0,CALABARZON,58.97,0.88,8.96
562401800200040074,89,800.0,CALABARZON,81.97,0.921,8.99
562401800200080167,88,700.0,CALABARZON,30.17,0.343,7.95
562401800200090190,88,700.0,CALABARZON,39.81,0.452,7.95
562401800200100214,32,257.0,CALABARZON,28.64,0.895,8.03
562401800200110237,133,1200.0,CALABARZON,126.43,0.951,9.02
562401800200130284,278,2500.0,CALABARZON,244.25,0.879,8.99
562401800200140308,167,1500.0,CALABARZON,192.78,1.154,8.98
562401800200150331,47,422.0,CALABARZON,82.73,1.76,8.98
562401800200160355,72,650.0,CALABARZON,155.58,2.161,9.03
562401800200180402,133,1200.0,CALABARZON,138.97,1.045,9.02
562401800200190425,75,600.0,CALABARZON,77.04,1.027,8.0
562401800200200449,69,620.0,CALABARZON,63.48,0.92,8.99
562401800200210472,72,650.0,CALABARZON,14.93,0.207,9.03
562401800200220496,64,600.0,CALABARZON,63.76,0.996,9.38
563000600200038001,25,200.0,CALABARZON,28.55,1.142,8.0
563000600200048002,42,400.0,CALABARZON,48.6,1.157,9.52
563000600200050074,55,400.0,CALABARZON,59.66,1.085,7.27
563000600200070102,90,820.0,CALABARZON,129.48,1.439,9.11
563000600200080114,20,150.0,CALABARZON,22.8,1.14,7.5
563000600200110156,90,835.0,CALABARZON,39.25,0.436,9.28
563000600200140193,250,2400.0,CALABARZON,155.29,0.621,9.6
563001700000040025,41,400.0,CALABARZON,28.69,0.7,9.76
563001700000050032,30,300.0,CALABARZON,34.07,1.136,10.0
563001700000060038,20,150.0,CALABARZON,23.14,1.157,7.5
563001700000070046,60,500.0,CALABARZON,49.62,0.827,8.33
563001700000100064,30,360.0,CALABARZON,98.77,3.292,12.0
563001700000110071,30,200.0,CALABARZON,80.11,2.67,6.67
563001700000120079,250,2700.0,CALABARZON,142.46,0.57,10.8
563001700000150100,31,350.0,CALABARZON,33.9,1.094,11.29
563001700000160107,56,400.0,CALABARZON,102.73,1.834,7.14
563001700000170114,110,1200.0,CALABARZON,136.8,1.244,10.91
563001700000180121,200,2000.0,CALABARZON,198.6,0.993,10.0
564502300100010027,138,1250.0,CALABARZON,149.1,1.08,9.06
564502300100020046,86,600.0,CALABARZON,47.22,0.549,6.98
564502300100040083,652,7000.0,CALABARZON,977.4,1.499,10.74
564502300100070139,359,3500.0,CALABARZON,392.88,1.094,9.75
564502300100080156,204,1800.0,CALABARZON,222.38,1.09,8.82
564502300100090175,91,700.0,CALABARZON,35.33,0.388,7.69
564502300100108001,91,700.0,CALABARZON,229.64,2.524,7.69
564502300100118002,49,300.0,CALABARZON,78.73,1.607,6.12
564502300100120234,94,720.0,CALABARZON,39.41,0.419,7.66
564502300100150293,94,755.0,CALABARZON,156.53,1.665,8.03
564502300100160313,16,200.0,CALABARZON,21.56,1.348,12.5
564502300100170333,93,700.0,CALABARZON,122.54,1.318,7.53
564503000000010028,59,470.0,CALABARZON,96.77,1.64,7.97
564503000000020047,22,125.0,CALABARZON,10.46,0.475,5.68
564503000000030065,69,650.0,CALABARZON,49.92,0.723,9.42
564503000000048001,48,300.0,CALABARZON,61.49,1.281,6.25
564503000000060121,52,305.0,CALABARZON,80.37,1.546,5.87
564503000000070139,189,1600.0,CALABARZON,78.6,0.416,8.47
564503000000090177,90,700.0,CALABARZON,55.5,0.617,7.78
564503000000100196,112,950.0,CALABARZON,145.42,1.298,8.48
564503500100010030,132,1240.0,CALABARZON,160.82,1.218,9.39
564503500100030075,191,2100.0,CALABARZON,330.31,1.729,10.99
564503500100040097,68,460.0,CALABARZON,46.57,0.685,6.76
564503500100070166,14,120.0,CALABARZON,35.19,2.514,8.57
564503500100100235,73,850.0,CALABARZON,116.86,1.601,11.64
564503500100140324,61,350.0,CALABARZON,44.12,0.723,5.74
564503500100160366,34,300.0,CALABARZON,11.32,0.333,8.82
564702800000020017,80,700.0,CALABARZON,55.08,0.688,8.75
564702800000040034,99,900.0,CALABARZON,100.38,1.014,9.09
564801500100010003,149,1450.0,CALABARZON,168.32,1.13,9.73
564801500100040049,158,1300.0,CALABARZON,130.8,0.828,8.23
564801500100058002,119,1000.0,CALABARZON,178.04,1.496,8.4
564801500100078001,48,308.0,CALABARZON,24.37,0.508,6.42
564801500100090115,94,870.0,CALABARZON,41.05,0.437,9.26
564801500100120157,116,1000.0,CALABARZON,131.77,1.136,8.62
580101200400020055,320,3264.0,CALABARZON,279.66,0.874,10.2
580101200400058008,118,1200.0,CALABARZON,132.74,1.125,10.17
580101200400068013,178,1800.0,CALABARZON,309.25,1.737,10.11
580101200400070200,221,2500.0,CALABARZON,572.32,2.59,11.31
580101200400088006,224,2500.0,CALABARZON,301.9,1.348,11.16
580101200400108010,55,500.0,CALABARZON,74.34,1.352,9.09
580101200400138005,380,4000.0,CALABARZON,344.3,0.906,10.53
580101200400158014,245,2500.0,CALABARZON,231.96,0.947,10.2
580101200400160457,140,1500.0,CALABARZON,104.44,0.746,10.71
580101200400168011,100,1000.0,CALABARZON,83.54,0.835,10.0
580101200400168012,110,1100.0,CALABARZON,99.31,0.903,10.0
580101200400188002,88,900.0,CALABARZON,85.37,0.97,10.23
580101200400190548,298,3000.0,CALABARZON,181.76,0.61,10.07
580200202700018009,291,3000.0,CALABARZON,157.76,0.542,10.31
580200202700020035,213,2200.0,CALABARZON,269.96,1.267,10.33
580200202700030061,174,1800.0,CALABARZON,229.39,1.318,10.34
580200202700050104,58,600.0,CALABARZON,48.21,0.831,10.34
580200202700068011,233,2400.0,CALABARZON,153.29,0.658,10.3
580200202700070144,58,600.0,CALABARZON,193.43,3.335,10.34
580200202700108010,145,1500.0,CALABARZON,73.11,0.504,10.34
580200202700118001,38,400.0,CALABARZON,112.26,2.954,10.53
580200202700120252,137,1419.0,CALABARZON,142.82,1.042,10.36
580200202700138007,24,256.0,CALABARZON,37.44,1.56,10.67
580200202700148005,29,300.0,CALABARZON,77.11,2.659,10.34
580200300600028002,500,5500.0,CALABARZON,919.59,1.839,11.0
580200300600030064,109,1200.0,CALABARZON,175.8,1.613,11.01
580200300600048001,78,800.0,CALABARZON,126.6,1.623,10.26
580200300600050139,115,1200.0,CALABARZON,214.63,1.866,10.43
580200300600060176,224,2464.0,CALABARZON,246.8,1.102,11.0
580200300600070213,289,3000.0,CALABARZON,392.89,1.359,10.38
580200300600108005,113,1200.0,CALABARZON,107.15,0.948,10.62
580200300600110356,180,1974.0,CALABARZON,139.2,0.773,10.97
580200300600128004,115,1200.0,CALABARZON,23.8,0.207,10.43
580200400900020053,56,490.0,CALABARZON,68.55,1.224,8.75
580200400900048005,200,2000.0,CALABARZON,389.16,1.946,10.0
580200400900050187,200,2000.0,CALABARZON,266.13,1.331,10.0
580200400900068006,36,300.0,CALABARZON,43.19,1.2,8.33
580200400900078004,164,1900.0,CALABARZON,293.67,1.791,11.59
580200400900090389,349,3000.0,CALABARZON,421.07,1.207,8.6
580200700600038005,110,1200.0,CALABARZON,67.53,0.614,10.91
580200700600048003,209,2200.0,CALABARZON,166.33,0.796,10.53
580200700600068002,140,1500.0,CALABARZON,173.18,1.237,10.71
580200700600070280,38,400.0,CALABARZON,30.34,0.798,10.53
580200800600010019,207,2000.0,CALABARZON,95.16,0.46,9.66
580200800600020058,310,3000.0,CALABARZON,70.79,0.228,9.68
580200901500018007,233,2400.0,CALABARZON,205.42,0.882,10.3
580200901500030057,155,1600.0,CALABARZON,117.95,0.761,10.32
580200901500068005,116,1200.0,CALABARZON,210.5,1.815,10.34
580200901500080167,374,4131.0,CALABARZON,503.31,1.346,11.05
580201000100018004,220,2500.0,CALABARZON,122.83,0.558,11.36
580201000100050150,520,6000.0,CALABARZON,554.8,1.067,11.54
580201000100060184,676,7000.0,CALABARZON,792.64,1.173,10.36
580201000100090304,262,2700.0,CALABARZON,239.12,0.913,10.31
580201100800010041,94,989.0,CALABARZON,58.93,0.627,10.52
580201100800028001,350,4000.0,CALABARZON,268.85,0.768,11.43
580201100800038005,107,1100.0,CALABARZON,242.56,2.267,10.28
580201100800040169,104,1200.0,CALABARZON,103.12,0.992,11.54
580201100800058004,128,1200.0,CALABARZON,79.2,0.619,9.38
580201300200010010,120,1200.0,CALABARZON,137.67,1.147,10.0
580201300200020060,80,800.0,CALABARZON,196.77,2.46,10.0
580201300200038002,90,900.0,CALABARZON,70.22,0.78,10.0
580201300200040169,45,400.0,CALABARZON,96.59,2.146,8.89
580201300200058003,60,500.0,CALABARZON,38.39,0.64,8.33
580201300200060285,60,550.0,CALABARZON,103.01,1.717,9.17
580201300200070349,104,1100.0,CALABARZON,99.1,0.953,10.58
580201500400020032,15,100.0,CALABARZON,15.9,1.06,6.67
580201500400030051,20,150.0,CALABARZON,24.27,1.214,7.5
580201500400108001,77,600.0,CALABARZON,33.33,0.433,7.79
580201500400120218,15,100.0,CALABARZON,20.4,1.36,6.67
580201500400130235,22,148.0,CALABARZON,31.35,1.425,6.73
580201500400140253,100,1100.0,CALABARZON,85.85,0.858,11.0
580201500400160295,22,150.0,CALABARZON,16.81,0.764,6.82
580201601400010023,141,1460.0,CALABARZON,256.42,1.819,10.35
580201601400028002,19,200.0,CALABARZON,42.99,2.263,10.53
580201601400030098,67,700.0,CALABARZON,55.9,0.834,10.45
580201601400048001,58,600.0,CALABARZON,115.6,1.993,10.34
580201601400088003,97,1000.0,CALABARZON,138.99,1.433,10.31
580201601400090292,60,650.0,CALABARZON,123.56,2.059,10.83
580201702000018004,10,100.0,CALABARZON,11.4,1.14,10.0
580201702000028002,36,250.0,CALABARZON,49.23,1.368,6.94
580201702000040219,48,500.0,CALABARZON,63.3,1.319,10.42
580201702000070404,36,250.0,CALABARZON,8.55,0.238,6.94
580300500200010004,32,300.0,CALABARZON,97.79,3.056,9.38
580300500200020032,192,2000.0,CALABARZON,162.31,0.845,10.42
580300500200040070,32,300.0,CALABARZON,53.7,1.678,9.38
580300500200058003,192,2000.0,CALABARZON,476.93,2.484,10.42
580300500200060115,144,1500.0,CALABARZON,147.35,1.023,10.42
580300500200070138,164,1700.0,CALABARZON,90.16,0.55,10.37
580300500200088004,32,300.0,CALABARZON,26.28,0.821,9.38
580300500200090175,22,200.0,CALABARZON,10.8,0.491,9.09
580300500200100191,134,1400.0,CALABARZON,73.91,0.552,10.45
580300500200110210,79,750.0,CALABARZON,101.61,1.286,9.49
580300500200120234,21,190.0,CALABARZON,21.15,1.007,9.05
580300500200130251,43,400.0,CALABARZON,42.54,0.989,9.3
580300500200140268,21,200.0,CALABARZON,40.2,1.914,9.52
580400200300010011,83,850.0,CALABARZON,58.62,0.706,10.24
580400200300030069,77,800.0,CALABARZON,58.18,0.756,10.39
580400200300040101,38,400.0,CALABARZON,56.41,1.484,10.53
580400200300058001,67,700.0,CALABARZON,186.87,2.789,10.45
580400200300060159,77,800.0,CALABARZON,61.49,0.799,10.39
580400200300078002,53,550.0,CALABARZON,58.89,1.111,10.38
580400200300080217,115,1200.0,CALABARZON,45.54,0.396,10.43
580400200300090250,220,2300.0,CALABARZON,417.53,1.898,10.45
580400200300110314,42,400.0,CALABARZON,52.68,1.254,9.52
580400200300138010,58,600.0,CALABARZON,36.85,0.635,10.34
580400200300158012,21,168.0,CALABARZON,59.94,2.854,8.0
580400200300160458,53,550.0,CALABARZON,110.17,2.079,10.38
580400200300178005,163,1700.0,CALABARZON,179.14,1.099,10.43
580400200300180521,34,350.0,CALABARZON,75.2,2.212,10.29
580400300100010011,95,900.0,CALABARZON,53.37,0.562,9.47
580400300100028007,195,2000.0,CALABARZON,149.7,0.768,10.26
580400300100058006,197,2000.0,CALABARZON,54.24,0.275,10.15
580400300100060148,795,8000.0,CALABARZON,413.16,0.52,10.06
580400300100070177,298,3000.0,CALABARZON,228.29,0.766,10.07
580400300100080203,248,2500.0,CALABARZON,321.1,1.295,10.08
580400300100098010,100,1000.0,CALABARZON,81.55,0.816,10.0
580400300100100257,295,3000.0,CALABARZON,94.29,0.32,10.17
580400300100110282,52,500.0,CALABARZON,20.34,0.391,9.62
580400300100138008,29,300.0,CALABARZON,13.58,0.468,10.34
580400300100138009,70,700.0,CALABARZON,62.73,0.896,10.0
580400300100140374,48,500.0,CALABARZON,41.4,0.862,10.42
580400300100150408,77,800.0,CALABARZON,65.54,0.851,10.39
580400300100160437,130,1300.0,CALABARZON,89.24,0.686,10.0
580402700200038003,63,650.0,CALABARZON,155.51,2.468,10.32
580402700200048004,48,420.0,CALABARZON,39.67,0.826,8.75
580402700200050337,23,177.0,CALABARZON,9.12,0.397,7.7
580402700200060406,50,380.0,CALABARZON,35.58,0.712,7.6
580402700200090603,200,2100.0,CALABARZON,147.27,0.736,10.5
580403200000010004,50,465.0,CALABARZON,162.59,3.252,9.3
580403200000020037,22,200.0,CALABARZON,57.35,2.607,9.09
580403200000030061,48,450.0,CALABARZON,74.21,1.546,9.38
580403200000040085,43,400.0,CALABARZON,48.35,1.124,9.3
580403200000050109,32,300.0,CALABARZON,39.47,1.233,9.38
580403200000070157,33,300.0,CALABARZON,148.36,4.496,9.09
580403200000088001,69,642.0,CALABARZON,41.4,0.6,9.3
580403200000100235,79,653.0,CALABARZON,261.8,3.314,8.27
580403200000110262,28,260.0,CALABARZON,77.64,2.773,9.29
580403200000120288,43,396.0,CALABARZON,89.66,2.085,9.21
580403200000160386,66,600.0,CALABARZON,26.04,0.395,9.09
580403200000170411,76,700.0,CALABARZON,73.68,0.969,9.21
580501403300018005,86,693.0,CALABARZON,201.8,2.347,8.06
580501403300038003,310,3530.0,CALABARZON,303.16,0.978,11.39
580501403300040090,30,252.0,CALABARZON,80.67,2.689,8.4
580501403300058002,182,1885.0,CALABARZON,220.27,1.21,10.36
580501403300060140,146,1419.0,CALABARZON,202.77,1.389,9.72
580501403300070164,50,500.0,CALABARZON,95.2,1.904,10.0
580501403300080190,79,670.0,CALABARZON,108.11,1.368,8.48
580501403300100240,30,222.0,CALABARZON,81.33,2.711,7.4
580501403300110265,60,463.0,CALABARZON,69.75,1.162,7.72
580501403300120290,254,2700.0,CALABARZON,292.63,1.152,10.63
580501403300130317,134,1423.0,CALABARZON,94.85,0.708,10.62
580501403300148001,74,616.0,CALABARZON,98.53,1.331,8.32
580501601200028009,268,2886.0,CALABARZON,160.51,0.599,10.77
580501601200040118,65,677.0,CALABARZON,68.85,1.059,10.42
580501601200050155,520,6032.0,CALABARZON,310.9,0.598,11.6
580501601200068006,47,390.0,CALABARZON,82.01,1.745,8.3
580501601200070228,185,2000.0,CALABARZON,179.84,0.972,10.81
580501601200080263,75,800.0,CALABARZON,91.19,1.216,10.67
580501601200090299,185,1888.0,CALABARZON,341.7,1.847,10.21
580501601200108001,130,1400.0,CALABARZON,120.19,0.925,10.77
580501601200138008,82,677.0,CALABARZON,100.17,1.222,8.26
580501601200140478,87,720.0,CALABARZON,58.98,0.678,8.28
580501601200158007,292,3000.0,CALABARZON,257.34,0.881,10.27
580501602500010013,194,1600.0,CALABARZON,37.42,0.193,8.25
580501602500020043,250,2600.0,CALABARZON,143.78,0.575,10.4
580501602500030076,116,1212.0,CALABARZON,127.35,1.098,10.45
580501602500048007,145,1500.0,CALABARZON,96.09,0.663,10.34
580501602500058002,87,715.0,CALABARZON,123.16,1.416,8.22
580501602500068003,60,450.0,CALABARZON,88.95,1.483,7.5
580501602500078001,90,740.0,CALABARZON,89.95,0.999,8.22
580501602500080258,223,2300.0,CALABARZON,290.83,1.304,10.31
580501602500098004,98,781.0,CALABARZON,141.4,1.443,7.97
580501602500110364,73,600.0,CALABARZON,65.64,0.899,8.22
580501602500120402,326,3000.0,CALABARZON,155.76,0.478,9.2
580501602500130437,185,1700.0,CALABARZON,148.52,0.803,9.19
580501602500140468,127,1300.0,CALABARZON,134.63,1.06,10.24
580502000600010015,303,2700.0,CALABARZON,178.95,0.591,8.91
580502000600038006,78,700.0,CALABARZON,95.24,1.221,8.97
580502000600040184,146,1300.0,CALABARZON,156.42,1.071,8.9
580502000600078007,490,5000.0,CALABARZON,300.02,0.612,10.2
580502000600088003,636,6500.0,CALABARZON,197.51,0.311,10.22
580502000600090506,427,4290.0,CALABARZON,216.53,0.507,10.05
580502000600100567,416,3700.0,CALABARZON,129.19,0.311,8.89
580800200400018003,105,1111.0,CALABARZON,97.46,0.928,10.58
580800200400030147,42,400.0,CALABARZON,45.67,1.087,9.52
580800200400040206,212,2200.0,CALABARZON,177.11,0.835,10.38
580800200400058001,115,1100.0,CALABARZON,171.94,1.495,9.57
580801001400020068,19,200.0,CALABARZON,16.27,0.856,10.53
580801001400038003,156,1620.0,CALABARZON,151.85,0.973,10.38
580801001400058002,68,450.0,CALABARZON,90.74,1.334,6.62
580801001400060221,99,1000.0,CALABARZON,113.46,1.146,10.1
580801001400090345,49,360.0,CALABARZON,29.86,0.609,7.35
580801100400090318,53,556.0,CALABARZON,65.06,1.228,10.49
580801100400108006,178,1847.0,CALABARZON,98.55,0.554,10.38
580801100400128008,65,600.0,CALABARZON,84.45,1.299,9.23
580801100400140502,85,700.0,CALABARZON,45.55,0.536,8.24
580801100400168005,184,1943.0,CALABARZON,213.94,1.163,10.56
580900700200020043,123,1150.0,CALABARZON,49.49,0.402,9.35
580900700200040086,43,400.0,CALABARZON,67.47,1.569,9.3
580900700200058004,160,1500.0,CALABARZON,171.28,1.07,9.38
580900700200060133,118,1100.0,CALABARZON,187.4,1.588,9.32
580900700200078002,76,700.0,CALABARZON,47.05,0.619,9.21
580900700200080159,298,2800.0,CALABARZON,170.53,0.572,9.4
580900700200090177,213,2000.0,CALABARZON,159.23,0.748,9.39
580900700200108003,22,150.0,CALABARZON,6.35,0.289,6.82
580900700200118005,212,2000.0,CALABARZON,167.42,0.79,9.43
580900700200120227,42,400.0,CALABARZON,99.95,2.38,9.52
580900700200138001,160,1500.0,CALABARZON,202.04,1.263,9.38
580900700200140264,192,1800.0,CALABARZON,199.88,1.041,9.38
580900700200150283,74,700.0,CALABARZON,114.01,1.541,9.46
580900700200160302,128,1200.0,CALABARZON,215.36,1.682,9.38
581000600200010010,121,1287.0,CALABARZON,115.69,0.956,10.64
581000600200020037,23,242.0,CALABARZON,18.67,0.812,10.52
581000600200050111,136,1400.0,CALABARZON,139.69,1.027,10.29
581000600200060141,145,1537.0,CALABARZON,73.0,0.503,10.6
581000600200070170,99,816.0,CALABARZON,102.32,1.034,8.24
581000600200090227,71,592.0,CALABARZON,58.93,0.83,8.34
581000600200100256,36,200.0,CALABARZON,14.4,0.4,5.56
581000600200118003,136,1277.0,CALABARZON,123.15,0.906,9.39
581000600200120316,116,1202.0,CALABARZON,130.43,1.124,10.36
581000600200130342,190,1967.0,CALABARZON,178.85,0.941,10.35
581000600200140370,83,688.0,CALABARZON,99.92,1.204,8.29
581000600200158001,22,222.0,CALABARZON,50.66,2.303,10.09
581000700200020058,28,200.0,CALABARZON,41.38,1.478,7.14
581000700200028005,10,95.0,CALABARZON,2.65,0.265,9.5
581000700200040134,62,450.0,CALABARZON,14.83,0.239,7.26
581000700200050170,43,400.0,CALABARZON,42.38,0.986,9.3
581000700200078003,136,1416.0,CALABARZON,67.97,0.5,10.41
581000700200080279,20,188.0,CALABARZON,63.7,3.185,9.4
581000700200110395,9,100.0,CALABARZON,7.22,0.802,11.11
581000700200120434,135,1500.0,CALABARZON,320.03,2.371,11.11
581100600100010014,43,400.0,CALABARZON,52.35,1.217,9.3
581100600100030070,106,1101.0,CALABARZON,120.05,1.133,10.39
581100600100040098,94,773.0,CALABARZON,154.78,1.647,8.22
581100600100050150,71,733.0,CALABARZON,39.63,0.558,10.32
581100600100060178,240,2500.0,CALABARZON,266.17,1.109,10.42
581100600100080238,53,500.0,CALABARZON,136.51,2.576,9.43
581100600100110336,302,3200.0,CALABARZON,251.47,0.833,10.6
581100600100128005,85,704.0,CALABARZON,50.92,0.599,8.28
581100600100140464,85,700.0,CALABARZON,123.49,1.453,8.24
581101000300018010,292,3000.0,CALABARZON,406.5,1.392,10.27
581101000300028003,540,5000.0,CALABARZON,142.31,0.264,9.26
581101000300030067,866,8000.0,CALABARZON,193.54,0.223,9.24
581101000300040094,326,2800.0,CALABARZON,292.6,0.898,8.59
581101000300050123,25,238.0,CALABARZON,32.29,1.292,9.52
581101000300060150,173,1500.0,CALABARZON,196.86,1.138,8.67
581101000300070173,210,2126.0,CALABARZON,345.46,1.645,10.12
581101000300080200,303,2200.0,CALABARZON,138.82,0.458,7.26
581101000300098011,28,262.0,CALABARZON,82.03,2.93,9.36
581101000300108004,138,1300.0,CALABARZON,43.63,0.316,9.42
581101000300118008,140,1200.0,CALABARZON,104.89,0.749,8.57
581101000300128009,160,1648.0,CALABARZON,151.45,0.947,10.3
581101000300140353,213,2200.0,CALABARZON,285.55,1.341,10.33
581101000300158001,131,1318.0,CALABARZON,164.11,1.253,10.06
581200300100028001,22,202.0,CALABARZON,39.71,1.805,9.18
581200300100030046,73,605.0,CALABARZON,18.81,0.258,8.29
581200300100100170,35,189.0,CALABARZON,35.04,1.001,5.4
581200300100120211,38,205.0,CALABARZON,74.05,1.949,5.39
581201100300020038,116,1200.0,CALABARZON,85.42,0.736,10.34
581201100300040115,70,610.0,CALABARZON,53.56,0.765,8.71
581201100300060187,158,1641.0,CALABARZON,147.86,0.936,10.39
581201100300070222,146,1505.0,CALABARZON,37.47,0.257,10.31
581201100300080257,12,130.0,CALABARZON,4.83,0.402,10.83
581201100300100324,128,1323.0,CALABARZON,66.34,0.518,10.34
581201100300128003,76,591.0,CALABARZON,45.42,0.598,7.78
581201100300130440,95,784.0,CALABARZON,19.71,0.207,8.25
581201100300178001,46,371.0,CALABARZON,91.76,1.995,8.07
581300101500010055,100,950.0,CALABARZON,137.45,1.374,9.5
581300101500020116,310,3300.0,CALABARZON,244.78,0.79,10.65
581300101500038002,76,800.0,CALABARZON,59.27,0.78,10.53
581300101500060349,140,1600.0,CALABARZON,179.86,1.285,11.43
581300101500070399,130,1500.0,CALABARZON,72.01,0.554,11.54
581300101500088001,69,750.0,CALABARZON,105.09,1.523,10.87
581300101500098003,110,1100.0,CALABARZON,45.98,0.418,10.0
581300101500100587,97,760.0,CALABARZON,40.32,0.416,7.84
581300101500120715,118,1200.0,CALABARZON,135.82,1.151,10.17
581300300800050450,53,521.0,CALABARZON,76.69,1.447,9.83
581300300800060530,787,7000.0,CALABARZON,540.58,0.687,8.89
581300300800070610,83,688.0,CALABARZON,195.63,2.357,8.29
581300402500018004,90,600.0,CALABARZON,96.84,1.076,6.67
581300402500020126,50,300.0,CALABARZON,24.25,0.485,6.0
581300402500038001,93,784.0,CALABARZON,179.59,1.931,8.43
581300402500040394,151,1350.0,CALABARZON,164.1,1.087,8.94
581300402500058005,158,1600.0,CALABARZON,200.95,1.272,10.13
581300402500060128,167,1700.0,CALABARZON,245.62,1.471,10.18
581300402500070264,185,1900.0,CALABARZON,123.35,0.667,10.27
581300402500128003,51,300.0,CALABARZON,96.68,1.896,5.88
581300402500130473,32,325.0,CALABARZON,56.32,1.76,10.16
581300500900010011,120,1250.0,CALABARZON,145.78,1.215,10.42
581300500900028005,300,3000.0,CALABARZON,200.01,0.667,10.0
581300500900030064,220,2350.0,CALABARZON,125.78,0.572,10.68
581300500900060132,210,2300.0,CALABARZON,314.07,1.496,10.95
581300500900070159,176,1800.0,CALABARZON,199.09,1.131,10.23
581300500900088009,142,1500.0,CALABARZON,93.75,0.66,10.56
581300500900098007,90,800.0,CALABARZON,38.6,0.429,8.89
581300500900130313,240,2500.0,CALABARZON,315.76,1.316,10.42
581300500900140339,110,1000.0,CALABARZON,120.74,1.098,9.09
581300500900158008,125,1400.0,CALABARZON,153.39,1.227,11.2
581300500900160385,65,600.0,CALABARZON,52.61,0.809,9.23
