profile,mode,budget,appliance,type,priority,hours_per_use_day,desired_hours,monthly_kwh,status
low,strict,500,Lighting - Linear fluorescent tube,variable,1.0,5.0,5.0,3.0,full
low,strict,500,Electric fan #1,variable,2.0,8.0,8.0,28.8,full
low,strict,500,Electric fan #2,variable,3.0,0.25,10.0,0.45,reduced
low,strict,500,Electric flat iron,variable,4.0,0.0,0.5,0.0,OFF (sacrificed)
low,strict,500,"Washing machine, manual",variable,5.0,0.25,0.5,0.3,reduced
low,strict,500,Color TV - CRT screen,variable,6.0,0.0,7.5,0.0,OFF (sacrificed)
low,strict,500,"Personal computer, LCD monitor",variable,7.0,0.0,0.75,0.0,OFF (sacrificed)
low,strict,500,Others (miscellaneous),variable,8.0,2.0,2.0,0.017,full
low,strict,600,Lighting - Linear fluorescent tube,variable,1.0,5.0,5.0,3.0,full
low,strict,600,Electric fan #1,variable,2.0,8.0,8.0,28.8,full
low,strict,600,Electric fan #2,variable,3.0,4.25,10.0,7.65,reduced
low,strict,600,Electric flat iron,variable,4.0,0.0,0.5,0.0,OFF (sacrificed)
low,strict,600,"Washing machine, manual",variable,5.0,0.0,0.5,0.0,OFF (sacrificed)
low,strict,600,Color TV - CRT screen,variable,6.0,0.0,7.5,0.0,OFF (sacrificed)
low,strict,600,"Personal computer, LCD monitor",variable,7.0,0.0,0.75,0.0,OFF (sacrificed)
low,strict,600,Others (miscellaneous),variable,8.0,2.0,2.0,0.017,full
low,strict,700,Lighting - Linear fluorescent tube,variable,1.0,5.0,5.0,3.0,full
low,strict,700,Electric fan #1,variable,2.0,8.0,8.0,28.8,full
low,strict,700,Electric fan #2,variable,3.0,8.0,10.0,14.4,reduced
low,strict,700,Electric flat iron,variable,4.0,0.0,0.5,0.0,OFF (sacrificed)
low,strict,700,"Washing machine, manual",variable,5.0,0.0,0.5,0.0,OFF (sacrificed)
low,strict,700,Color TV - CRT screen,variable,6.0,0.0,7.5,0.0,OFF (sacrificed)
low,strict,700,"Personal computer, LCD monitor",variable,7.0,0.0,0.75,0.0,OFF (sacrificed)
low,strict,700,Others (miscellaneous),variable,8.0,2.0,2.0,0.017,full
low,strict,800,Lighting - Linear fluorescent tube,variable,1.0,5.0,5.0,3.0,full
low,strict,800,Electric fan #1,variable,2.0,8.0,8.0,28.8,full
low,strict,800,Electric fan #2,variable,3.0,10.0,10.0,18.0,full
low,strict,800,Electric flat iron,variable,4.0,0.5,0.5,1.286,full
low,strict,800,"Washing machine, manual",variable,5.0,0.5,0.5,0.6,full
low,strict,800,Color TV - CRT screen,variable,6.0,0.25,7.5,0.825,reduced
low,strict,800,"Personal computer, LCD monitor",variable,7.0,0.0,0.75,0.0,OFF (sacrificed)
low,strict,800,Others (miscellaneous),variable,8.0,2.0,2.0,0.017,full
low,strict,900,Lighting - Linear fluorescent tube,variable,1.0,5.0,5.0,3.0,full
low,strict,900,Electric fan #1,variable,2.0,8.0,8.0,28.8,full
low,strict,900,Electric fan #2,variable,3.0,10.0,10.0,18.0,full
low,strict,900,Electric flat iron,variable,4.0,0.5,0.5,1.286,full
low,strict,900,"Washing machine, manual",variable,5.0,0.5,0.5,0.6,full
low,strict,900,Color TV - CRT screen,variable,6.0,2.5,7.5,8.25,reduced
low,strict,900,"Personal computer, LCD monitor",variable,7.0,0.0,0.75,0.0,OFF (sacrificed)
low,strict,900,Others (miscellaneous),variable,8.0,2.0,2.0,0.017,full
low,strict,1000,Lighting - Linear fluorescent tube,variable,1.0,5.0,5.0,3.0,full
low,strict,1000,Electric fan #1,variable,2.0,8.0,8.0,28.8,full
low,strict,1000,Electric fan #2,variable,3.0,10.0,10.0,18.0,full
low,strict,1000,Electric flat iron,variable,4.0,0.5,0.5,1.286,full
low,strict,1000,"Washing machine, manual",variable,5.0,0.5,0.5,0.6,full
low,strict,1000,Color TV - CRT screen,variable,6.0,4.5,7.5,14.85,reduced
low,strict,1000,"Personal computer, LCD monitor",variable,7.0,0.0,0.75,0.0,OFF (sacrificed)
low,strict,1000,Others (miscellaneous),variable,8.0,2.0,2.0,0.017,full
low,strict,1100,Lighting - Linear fluorescent tube,variable,1.0,5.0,5.0,3.0,full
low,strict,1100,Electric fan #1,variable,2.0,8.0,8.0,28.8,full
low,strict,1100,Electric fan #2,variable,3.0,10.0,10.0,18.0,full
low,strict,1100,Electric flat iron,variable,4.0,0.5,0.5,1.286,full
low,strict,1100,"Washing machine, manual",variable,5.0,0.5,0.5,0.6,full
low,strict,1100,Color TV - CRT screen,variable,6.0,6.5,7.5,21.45,reduced
low,strict,1100,"Personal computer, LCD monitor",variable,7.0,0.0,0.75,0.0,OFF (sacrificed)
low,strict,1100,Others (miscellaneous),variable,8.0,2.0,2.0,0.017,full
low,strict,1200,Lighting - Linear fluorescent tube,variable,1.0,5.0,5.0,3.0,full
low,strict,1200,Electric fan #1,variable,2.0,8.0,8.0,28.8,full
low,strict,1200,Electric fan #2,variable,3.0,10.0,10.0,18.0,full
low,strict,1200,Electric flat iron,variable,4.0,0.5,0.5,1.286,full
low,strict,1200,"Washing machine, manual",variable,5.0,0.5,0.5,0.6,full
low,strict,1200,Color TV - CRT screen,variable,6.0,7.5,7.5,24.75,full
low,strict,1200,"Personal computer, LCD monitor",variable,7.0,0.5,0.75,3.375,reduced
low,strict,1200,Others (miscellaneous),variable,8.0,2.0,2.0,0.017,full
low,strict,1300,Lighting - Linear fluorescent tube,variable,1.0,5.0,5.0,3.0,full
low,strict,1300,Electric fan #1,variable,2.0,8.0,8.0,28.8,full
low,strict,1300,Electric fan #2,variable,3.0,10.0,10.0,18.0,full
low,strict,1300,Electric flat iron,variable,4.0,0.5,0.5,1.286,full
low,strict,1300,"Washing machine, manual",variable,5.0,0.5,0.5,0.6,full
low,strict,1300,Color TV - CRT screen,variable,6.0,7.5,7.5,24.75,full
low,strict,1300,"Personal computer, LCD monitor",variable,7.0,0.75,0.75,5.062,full
low,strict,1300,Others (miscellaneous),variable,8.0,2.0,2.0,0.017,full
low,strict,1400,Lighting - Linear fluorescent tube,variable,1.0,5.0,5.0,3.0,full
low,strict,1400,Electric fan #1,variable,2.0,8.0,8.0,28.8,full
low,strict,1400,Electric fan #2,variable,3.0,10.0,10.0,18.0,full
low,strict,1400,Electric flat iron,variable,4.0,0.5,0.5,1.286,full
low,strict,1400,"Washing machine, manual",variable,5.0,0.5,0.5,0.6,full
low,strict,1400,Color TV - CRT screen,variable,6.0,7.5,7.5,24.75,full
low,strict,1400,"Personal computer, LCD monitor",variable,7.0,0.75,0.75,5.062,full
low,strict,1400,Others (miscellaneous),variable,8.0,2.0,2.0,0.017,full
low,strict,1500,Lighting - Linear fluorescent tube,variable,1.0,5.0,5.0,3.0,full
low,strict,1500,Electric fan #1,variable,2.0,8.0,8.0,28.8,full
low,strict,1500,Electric fan #2,variable,3.0,10.0,10.0,18.0,full
low,strict,1500,Electric flat iron,variable,4.0,0.5,0.5,1.286,full
low,strict,1500,"Washing machine, manual",variable,5.0,0.5,0.5,0.6,full
low,strict,1500,Color TV - CRT screen,variable,6.0,7.5,7.5,24.75,full
low,strict,1500,"Personal computer, LCD monitor",variable,7.0,0.75,0.75,5.062,full
low,strict,1500,Others (miscellaneous),variable,8.0,2.0,2.0,0.017,full
low,strict,1600,Lighting - Linear fluorescent tube,variable,1.0,5.0,5.0,3.0,full
low,strict,1600,Electric fan #1,variable,2.0,8.0,8.0,28.8,full
low,strict,1600,Electric fan #2,variable,3.0,10.0,10.0,18.0,full
low,strict,1600,Electric flat iron,variable,4.0,0.5,0.5,1.286,full
low,strict,1600,"Washing machine, manual",variable,5.0,0.5,0.5,0.6,full
low,strict,1600,Color TV - CRT screen,variable,6.0,7.5,7.5,24.75,full
low,strict,1600,"Personal computer, LCD monitor",variable,7.0,0.75,0.75,5.062,full
low,strict,1600,Others (miscellaneous),variable,8.0,2.0,2.0,0.017,full
low,strict,1700,Lighting - Linear fluorescent tube,variable,1.0,5.0,5.0,3.0,full
low,strict,1700,Electric fan #1,variable,2.0,8.0,8.0,28.8,full
low,strict,1700,Electric fan #2,variable,3.0,10.0,10.0,18.0,full
low,strict,1700,Electric flat iron,variable,4.0,0.5,0.5,1.286,full
low,strict,1700,"Washing machine, manual",variable,5.0,0.5,0.5,0.6,full
low,strict,1700,Color TV - CRT screen,variable,6.0,7.5,7.5,24.75,full
low,strict,1700,"Personal computer, LCD monitor",variable,7.0,0.75,0.75,5.062,full
low,strict,1700,Others (miscellaneous),variable,8.0,2.0,2.0,0.017,full
low,strict,1800,Lighting - Linear fluorescent tube,variable,1.0,5.0,5.0,3.0,full
low,strict,1800,Electric fan #1,variable,2.0,8.0,8.0,28.8,full
low,strict,1800,Electric fan #2,variable,3.0,10.0,10.0,18.0,full
low,strict,1800,Electric flat iron,variable,4.0,0.5,0.5,1.286,full
low,strict,1800,"Washing machine, manual",variable,5.0,0.5,0.5,0.6,full
low,strict,1800,Color TV - CRT screen,variable,6.0,7.5,7.5,24.75,full
low,strict,1800,"Personal computer, LCD monitor",variable,7.0,0.75,0.75,5.062,full
low,strict,1800,Others (miscellaneous),variable,8.0,2.0,2.0,0.017,full
low,strict,1900,Lighting - Linear fluorescent tube,variable,1.0,5.0,5.0,3.0,full
low,strict,1900,Electric fan #1,variable,2.0,8.0,8.0,28.8,full
low,strict,1900,Electric fan #2,variable,3.0,10.0,10.0,18.0,full
low,strict,1900,Electric flat iron,variable,4.0,0.5,0.5,1.286,full
low,strict,1900,"Washing machine, manual",variable,5.0,0.5,0.5,0.6,full
low,strict,1900,Color TV - CRT screen,variable,6.0,7.5,7.5,24.75,full
low,strict,1900,"Personal computer, LCD monitor",variable,7.0,0.75,0.75,5.062,full
low,strict,1900,Others (miscellaneous),variable,8.0,2.0,2.0,0.017,full
low,strict,2000,Lighting - Linear fluorescent tube,variable,1.0,5.0,5.0,3.0,full
low,strict,2000,Electric fan #1,variable,2.0,8.0,8.0,28.8,full
low,strict,2000,Electric fan #2,variable,3.0,10.0,10.0,18.0,full
low,strict,2000,Electric flat iron,variable,4.0,0.5,0.5,1.286,full
low,strict,2000,"Washing machine, manual",variable,5.0,0.5,0.5,0.6,full
low,strict,2000,Color TV - CRT screen,variable,6.0,7.5,7.5,24.75,full
low,strict,2000,"Personal computer, LCD monitor",variable,7.0,0.75,0.75,5.062,full
low,strict,2000,Others (miscellaneous),variable,8.0,2.0,2.0,0.017,full
low,strict,2100,Lighting - Linear fluorescent tube,variable,1.0,5.0,5.0,3.0,full
low,strict,2100,Electric fan #1,variable,2.0,8.0,8.0,28.8,full
low,strict,2100,Electric fan #2,variable,3.0,10.0,10.0,18.0,full
low,strict,2100,Electric flat iron,variable,4.0,0.5,0.5,1.286,full
low,strict,2100,"Washing machine, manual",variable,5.0,0.5,0.5,0.6,full
low,strict,2100,Color TV - CRT screen,variable,6.0,7.5,7.5,24.75,full
low,strict,2100,"Personal computer, LCD monitor",variable,7.0,0.75,0.75,5.062,full
low,strict,2100,Others (miscellaneous),variable,8.0,2.0,2.0,0.017,full
low,strict,2200,Lighting - Linear fluorescent tube,variable,1.0,5.0,5.0,3.0,full
low,strict,2200,Electric fan #1,variable,2.0,8.0,8.0,28.8,full
low,strict,2200,Electric fan #2,variable,3.0,10.0,10.0,18.0,full
low,strict,2200,Electric flat iron,variable,4.0,0.5,0.5,1.286,full
low,strict,2200,"Washing machine, manual",variable,5.0,0.5,0.5,0.6,full
low,strict,2200,Color TV - CRT screen,variable,6.0,7.5,7.5,24.75,full
low,strict,2200,"Personal computer, LCD monitor",variable,7.0,0.75,0.75,5.062,full
low,strict,2200,Others (miscellaneous),variable,8.0,2.0,2.0,0.017,full
low,strict,2300,Lighting - Linear fluorescent tube,variable,1.0,5.0,5.0,3.0,full
low,strict,2300,Electric fan #1,variable,2.0,8.0,8.0,28.8,full
low,strict,2300,Electric fan #2,variable,3.0,10.0,10.0,18.0,full
low,strict,2300,Electric flat iron,variable,4.0,0.5,0.5,1.286,full
low,strict,2300,"Washing machine, manual",variable,5.0,0.5,0.5,0.6,full
low,strict,2300,Color TV - CRT screen,variable,6.0,7.5,7.5,24.75,full
low,strict,2300,"Personal computer, LCD monitor",variable,7.0,0.75,0.75,5.062,full
low,strict,2300,Others (miscellaneous),variable,8.0,2.0,2.0,0.017,full
low,strict,2400,Lighting - Linear fluorescent tube,variable,1.0,5.0,5.0,3.0,full
low,strict,2400,Electric fan #1,variable,2.0,8.0,8.0,28.8,full
low,strict,2400,Electric fan #2,variable,3.0,10.0,10.0,18.0,full
low,strict,2400,Electric flat iron,variable,4.0,0.5,0.5,1.286,full
low,strict,2400,"Washing machine, manual",variable,5.0,0.5,0.5,0.6,full
low,strict,2400,Color TV - CRT screen,variable,6.0,7.5,7.5,24.75,full
low,strict,2400,"Personal computer, LCD monitor",variable,7.0,0.75,0.75,5.062,full
low,strict,2400,Others (miscellaneous),variable,8.0,2.0,2.0,0.017,full
low,strict,2500,Lighting - Linear fluorescent tube,variable,1.0,5.0,5.0,3.0,full
low,strict,2500,Electric fan #1,variable,2.0,8.0,8.0,28.8,full
low,strict,2500,Electric fan #2,variable,3.0,10.0,10.0,18.0,full
low,strict,2500,Electric flat iron,variable,4.0,0.5,0.5,1.286,full
low,strict,2500,"Washing machine, manual",variable,5.0,0.5,0.5,0.6,full
low,strict,2500,Color TV - CRT screen,variable,6.0,7.5,7.5,24.75,full
low,strict,2500,"Personal computer, LCD monitor",variable,7.0,0.75,0.75,5.062,full
low,strict,2500,Others (miscellaneous),variable,8.0,2.0,2.0,0.017,full
low,strict,2600,Lighting - Linear fluorescent tube,variable,1.0,5.0,5.0,3.0,full
low,strict,2600,Electric fan #1,variable,2.0,8.0,8.0,28.8,full
low,strict,2600,Electric fan #2,variable,3.0,10.0,10.0,18.0,full
low,strict,2600,Electric flat iron,variable,4.0,0.5,0.5,1.286,full
low,strict,2600,"Washing machine, manual",variable,5.0,0.5,0.5,0.6,full
low,strict,2600,Color TV - CRT screen,variable,6.0,7.5,7.5,24.75,full
low,strict,2600,"Personal computer, LCD monitor",variable,7.0,0.75,0.75,5.062,full
low,strict,2600,Others (miscellaneous),variable,8.0,2.0,2.0,0.017,full
low,strict,2700,Lighting - Linear fluorescent tube,variable,1.0,5.0,5.0,3.0,full
low,strict,2700,Electric fan #1,variable,2.0,8.0,8.0,28.8,full
low,strict,2700,Electric fan #2,variable,3.0,10.0,10.0,18.0,full
low,strict,2700,Electric flat iron,variable,4.0,0.5,0.5,1.286,full
low,strict,2700,"Washing machine, manual",variable,5.0,0.5,0.5,0.6,full
low,strict,2700,Color TV - CRT screen,variable,6.0,7.5,7.5,24.75,full
low,strict,2700,"Personal computer, LCD monitor",variable,7.0,0.75,0.75,5.062,full
low,strict,2700,Others (miscellaneous),variable,8.0,2.0,2.0,0.017,full
low,strict,2800,Lighting - Linear fluorescent tube,variable,1.0,5.0,5.0,3.0,full
low,strict,2800,Electric fan #1,variable,2.0,8.0,8.0,28.8,full
low,strict,2800,Electric fan #2,variable,3.0,10.0,10.0,18.0,full
low,strict,2800,Electric flat iron,variable,4.0,0.5,0.5,1.286,full
low,strict,2800,"Washing machine, manual",variable,5.0,0.5,0.5,0.6,full
low,strict,2800,Color TV - CRT screen,variable,6.0,7.5,7.5,24.75,full
low,strict,2800,"Personal computer, LCD monitor",variable,7.0,0.75,0.75,5.062,full
low,strict,2800,Others (miscellaneous),variable,8.0,2.0,2.0,0.017,full
low,strict,2900,Lighting - Linear fluorescent tube,variable,1.0,5.0,5.0,3.0,full
low,strict,2900,Electric fan #1,variable,2.0,8.0,8.0,28.8,full
low,strict,2900,Electric fan #2,variable,3.0,10.0,10.0,18.0,full
low,strict,2900,Electric flat iron,variable,4.0,0.5,0.5,1.286,full
low,strict,2900,"Washing machine, manual",variable,5.0,0.5,0.5,0.6,full
low,strict,2900,Color TV - CRT screen,variable,6.0,7.5,7.5,24.75,full
low,strict,2900,"Personal computer, LCD monitor",variable,7.0,0.75,0.75,5.062,full
low,strict,2900,Others (miscellaneous),variable,8.0,2.0,2.0,0.017,full
low,strict,3000,Lighting - Linear fluorescent tube,variable,1.0,5.0,5.0,3.0,full
low,strict,3000,Electric fan #1,variable,2.0,8.0,8.0,28.8,full
low,strict,3000,Electric fan #2,variable,3.0,10.0,10.0,18.0,full
low,strict,3000,Electric flat iron,variable,4.0,0.5,0.5,1.286,full
low,strict,3000,"Washing machine, manual",variable,5.0,0.5,0.5,0.6,full
low,strict,3000,Color TV - CRT screen,variable,6.0,7.5,7.5,24.75,full
low,strict,3000,"Personal computer, LCD monitor",variable,7.0,0.75,0.75,5.062,full
low,strict,3000,Others (miscellaneous),variable,8.0,2.0,2.0,0.017,full
low,strict,3100,Lighting - Linear fluorescent tube,variable,1.0,5.0,5.0,3.0,full
low,strict,3100,Electric fan #1,variable,2.0,8.0,8.0,28.8,full
low,strict,3100,Electric fan #2,variable,3.0,10.0,10.0,18.0,full
low,strict,3100,Electric flat iron,variable,4.0,0.5,0.5,1.286,full
low,strict,3100,"Washing machine, manual",variable,5.0,0.5,0.5,0.6,full
low,strict,3100,Color TV - CRT screen,variable,6.0,7.5,7.5,24.75,full
low,strict,3100,"Personal computer, LCD monitor",variable,7.0,0.75,0.75,5.062,full
low,strict,3100,Others (miscellaneous),variable,8.0,2.0,2.0,0.017,full
low,strict,3200,Lighting - Linear fluorescent tube,variable,1.0,5.0,5.0,3.0,full
low,strict,3200,Electric fan #1,variable,2.0,8.0,8.0,28.8,full
low,strict,3200,Electric fan #2,variable,3.0,10.0,10.0,18.0,full
low,strict,3200,Electric flat iron,variable,4.0,0.5,0.5,1.286,full
low,strict,3200,"Washing machine, manual",variable,5.0,0.5,0.5,0.6,full
low,strict,3200,Color TV - CRT screen,variable,6.0,7.5,7.5,24.75,full
low,strict,3200,"Personal computer, LCD monitor",variable,7.0,0.75,0.75,5.062,full
low,strict,3200,Others (miscellaneous),variable,8.0,2.0,2.0,0.017,full
low,strict,3300,Lighting - Linear fluorescent tube,variable,1.0,5.0,5.0,3.0,full
low,strict,3300,Electric fan #1,variable,2.0,8.0,8.0,28.8,full
low,strict,3300,Electric fan #2,variable,3.0,10.0,10.0,18.0,full
low,strict,3300,Electric flat iron,variable,4.0,0.5,0.5,1.286,full
low,strict,3300,"Washing machine, manual",variable,5.0,0.5,0.5,0.6,full
low,strict,3300,Color TV - CRT screen,variable,6.0,7.5,7.5,24.75,full
low,strict,3300,"Personal computer, LCD monitor",variable,7.0,0.75,0.75,5.062,full
low,strict,3300,Others (miscellaneous),variable,8.0,2.0,2.0,0.017,full
low,strict,3400,Lighting - Linear fluorescent tube,variable,1.0,5.0,5.0,3.0,full
low,strict,3400,Electric fan #1,variable,2.0,8.0,8.0,28.8,full
low,strict,3400,Electric fan #2,variable,3.0,10.0,10.0,18.0,full
low,strict,3400,Electric flat iron,variable,4.0,0.5,0.5,1.286,full
low,strict,3400,"Washing machine, manual",variable,5.0,0.5,0.5,0.6,full
low,strict,3400,Color TV - CRT screen,variable,6.0,7.5,7.5,24.75,full
low,strict,3400,"Personal computer, LCD monitor",variable,7.0,0.75,0.75,5.062,full
low,strict,3400,Others (miscellaneous),variable,8.0,2.0,2.0,0.017,full
low,strict,3500,Lighting - Linear fluorescent tube,variable,1.0,5.0,5.0,3.0,full
low,strict,3500,Electric fan #1,variable,2.0,8.0,8.0,28.8,full
low,strict,3500,Electric fan #2,variable,3.0,10.0,10.0,18.0,full
low,strict,3500,Electric flat iron,variable,4.0,0.5,0.5,1.286,full
low,strict,3500,"Washing machine, manual",variable,5.0,0.5,0.5,0.6,full
low,strict,3500,Color TV - CRT screen,variable,6.0,7.5,7.5,24.75,full
low,strict,3500,"Personal computer, LCD monitor",variable,7.0,0.75,0.75,5.062,full
low,strict,3500,Others (miscellaneous),variable,8.0,2.0,2.0,0.017,full
low,strict,3600,Lighting - Linear fluorescent tube,variable,1.0,5.0,5.0,3.0,full
low,strict,3600,Electric fan #1,variable,2.0,8.0,8.0,28.8,full
low,strict,3600,Electric fan #2,variable,3.0,10.0,10.0,18.0,full
low,strict,3600,Electric flat iron,variable,4.0,0.5,0.5,1.286,full
low,strict,3600,"Washing machine, manual",variable,5.0,0.5,0.5,0.6,full
low,strict,3600,Color TV - CRT screen,variable,6.0,7.5,7.5,24.75,full
low,strict,3600,"Personal computer, LCD monitor",variable,7.0,0.75,0.75,5.062,full
low,strict,3600,Others (miscellaneous),variable,8.0,2.0,2.0,0.017,full
low,strict,3700,Lighting - Linear fluorescent tube,variable,1.0,5.0,5.0,3.0,full
low,strict,3700,Electric fan #1,variable,2.0,8.0,8.0,28.8,full
low,strict,3700,Electric fan #2,variable,3.0,10.0,10.0,18.0,full
low,strict,3700,Electric flat iron,variable,4.0,0.5,0.5,1.286,full
low,strict,3700,"Washing machine, manual",variable,5.0,0.5,0.5,0.6,full
low,strict,3700,Color TV - CRT screen,variable,6.0,7.5,7.5,24.75,full
low,strict,3700,"Personal computer, LCD monitor",variable,7.0,0.75,0.75,5.062,full
low,strict,3700,Others (miscellaneous),variable,8.0,2.0,2.0,0.017,full
low,strict,3800,Lighting - Linear fluorescent tube,variable,1.0,5.0,5.0,3.0,full
low,strict,3800,Electric fan #1,variable,2.0,8.0,8.0,28.8,full
low,strict,3800,Electric fan #2,variable,3.0,10.0,10.0,18.0,full
low,strict,3800,Electric flat iron,variable,4.0,0.5,0.5,1.286,full
low,strict,3800,"Washing machine, manual",variable,5.0,0.5,0.5,0.6,full
low,strict,3800,Color TV - CRT screen,variable,6.0,7.5,7.5,24.75,full
low,strict,3800,"Personal computer, LCD monitor",variable,7.0,0.75,0.75,5.062,full
low,strict,3800,Others (miscellaneous),variable,8.0,2.0,2.0,0.017,full
low,strict,3900,Lighting - Linear fluorescent tube,variable,1.0,5.0,5.0,3.0,full
low,strict,3900,Electric fan #1,variable,2.0,8.0,8.0,28.8,full
low,strict,3900,Electric fan #2,variable,3.0,10.0,10.0,18.0,full
low,strict,3900,Electric flat iron,variable,4.0,0.5,0.5,1.286,full
low,strict,3900,"Washing machine, manual",variable,5.0,0.5,0.5,0.6,full
low,strict,3900,Color TV - CRT screen,variable,6.0,7.5,7.5,24.75,full
low,strict,3900,"Personal computer, LCD monitor",variable,7.0,0.75,0.75,5.062,full
low,strict,3900,Others (miscellaneous),variable,8.0,2.0,2.0,0.017,full
low,strict,4000,Lighting - Linear fluorescent tube,variable,1.0,5.0,5.0,3.0,full
low,strict,4000,Electric fan #1,variable,2.0,8.0,8.0,28.8,full
low,strict,4000,Electric fan #2,variable,3.0,10.0,10.0,18.0,full
low,strict,4000,Electric flat iron,variable,4.0,0.5,0.5,1.286,full
low,strict,4000,"Washing machine, manual",variable,5.0,0.5,0.5,0.6,full
low,strict,4000,Color TV - CRT screen,variable,6.0,7.5,7.5,24.75,full
low,strict,4000,"Personal computer, LCD monitor",variable,7.0,0.75,0.75,5.062,full
low,strict,4000,Others (miscellaneous),variable,8.0,2.0,2.0,0.017,full
low,strict,4100,Lighting - Linear fluorescent tube,variable,1.0,5.0,5.0,3.0,full
low,strict,4100,Electric fan #1,variable,2.0,8.0,8.0,28.8,full
low,strict,4100,Electric fan #2,variable,3.0,10.0,10.0,18.0,full
low,strict,4100,Electric flat iron,variable,4.0,0.5,0.5,1.286,full
low,strict,4100,"Washing machine, manual",variable,5.0,0.5,0.5,0.6,full
low,strict,4100,Color TV - CRT screen,variable,6.0,7.5,7.5,24.75,full
low,strict,4100,"Personal computer, LCD monitor",variable,7.0,0.75,0.75,5.062,full
low,strict,4100,Others (miscellaneous),variable,8.0,2.0,2.0,0.017,full
low,strict,4200,Lighting - Linear fluorescent tube,variable,1.0,5.0,5.0,3.0,full
low,strict,4200,Electric fan #1,variable,2.0,8.0,8.0,28.8,full
low,strict,4200,Electric fan #2,variable,3.0,10.0,10.0,18.0,full
low,strict,4200,Electric flat iron,variable,4.0,0.5,0.5,1.286,full
low,strict,4200,"Washing machine, manual",variable,5.0,0.5,0.5,0.6,full
low,strict,4200,Color TV - CRT screen,variable,6.0,7.5,7.5,24.75,full
low,strict,4200,"Personal computer, LCD monitor",variable,7.0,0.75,0.75,5.062,full
low,strict,4200,Others (miscellaneous),variable,8.0,2.0,2.0,0.017,full
low,strict,4300,Lighting - Linear fluorescent tube,variable,1.0,5.0,5.0,3.0,full
low,strict,4300,Electric fan #1,variable,2.0,8.0,8.0,28.8,full
low,strict,4300,Electric fan #2,variable,3.0,10.0,10.0,18.0,full
low,strict,4300,Electric flat iron,variable,4.0,0.5,0.5,1.286,full
low,strict,4300,"Washing machine, manual",variable,5.0,0.5,0.5,0.6,full
low,strict,4300,Color TV - CRT screen,variable,6.0,7.5,7.5,24.75,full
low,strict,4300,"Personal computer, LCD monitor",variable,7.0,0.75,0.75,5.062,full
low,strict,4300,Others (miscellaneous),variable,8.0,2.0,2.0,0.017,full
low,strict,4400,Lighting - Linear fluorescent tube,variable,1.0,5.0,5.0,3.0,full
low,strict,4400,Electric fan #1,variable,2.0,8.0,8.0,28.8,full
low,strict,4400,Electric fan #2,variable,3.0,10.0,10.0,18.0,full
low,strict,4400,Electric flat iron,variable,4.0,0.5,0.5,1.286,full
low,strict,4400,"Washing machine, manual",variable,5.0,0.5,0.5,0.6,full
low,strict,4400,Color TV - CRT screen,variable,6.0,7.5,7.5,24.75,full
low,strict,4400,"Personal computer, LCD monitor",variable,7.0,0.75,0.75,5.062,full
low,strict,4400,Others (miscellaneous),variable,8.0,2.0,2.0,0.017,full
low,strict,4500,Lighting - Linear fluorescent tube,variable,1.0,5.0,5.0,3.0,full
low,strict,4500,Electric fan #1,variable,2.0,8.0,8.0,28.8,full
low,strict,4500,Electric fan #2,variable,3.0,10.0,10.0,18.0,full
low,strict,4500,Electric flat iron,variable,4.0,0.5,0.5,1.286,full
low,strict,4500,"Washing machine, manual",variable,5.0,0.5,0.5,0.6,full
low,strict,4500,Color TV - CRT screen,variable,6.0,7.5,7.5,24.75,full
low,strict,4500,"Personal computer, LCD monitor",variable,7.0,0.75,0.75,5.062,full
low,strict,4500,Others (miscellaneous),variable,8.0,2.0,2.0,0.017,full
low,strict,4600,Lighting - Linear fluorescent tube,variable,1.0,5.0,5.0,3.0,full
low,strict,4600,Electric fan #1,variable,2.0,8.0,8.0,28.8,full
low,strict,4600,Electric fan #2,variable,3.0,10.0,10.0,18.0,full
low,strict,4600,Electric flat iron,variable,4.0,0.5,0.5,1.286,full
low,strict,4600,"Washing machine, manual",variable,5.0,0.5,0.5,0.6,full
low,strict,4600,Color TV - CRT screen,variable,6.0,7.5,7.5,24.75,full
low,strict,4600,"Personal computer, LCD monitor",variable,7.0,0.75,0.75,5.062,full
low,strict,4600,Others (miscellaneous),variable,8.0,2.0,2.0,0.017,full
low,strict,4700,Lighting - Linear fluorescent tube,variable,1.0,5.0,5.0,3.0,full
low,strict,4700,Electric fan #1,variable,2.0,8.0,8.0,28.8,full
low,strict,4700,Electric fan #2,variable,3.0,10.0,10.0,18.0,full
low,strict,4700,Electric flat iron,variable,4.0,0.5,0.5,1.286,full
low,strict,4700,"Washing machine, manual",variable,5.0,0.5,0.5,0.6,full
low,strict,4700,Color TV - CRT screen,variable,6.0,7.5,7.5,24.75,full
low,strict,4700,"Personal computer, LCD monitor",variable,7.0,0.75,0.75,5.062,full
low,strict,4700,Others (miscellaneous),variable,8.0,2.0,2.0,0.017,full
low,strict,4800,Lighting - Linear fluorescent tube,variable,1.0,5.0,5.0,3.0,full
low,strict,4800,Electric fan #1,variable,2.0,8.0,8.0,28.8,full
low,strict,4800,Electric fan #2,variable,3.0,10.0,10.0,18.0,full
low,strict,4800,Electric flat iron,variable,4.0,0.5,0.5,1.286,full
low,strict,4800,"Washing machine, manual",variable,5.0,0.5,0.5,0.6,full
low,strict,4800,Color TV - CRT screen,variable,6.0,7.5,7.5,24.75,full
low,strict,4800,"Personal computer, LCD monitor",variable,7.0,0.75,0.75,5.062,full
low,strict,4800,Others (miscellaneous),variable,8.0,2.0,2.0,0.017,full
low,strict,4900,Lighting - Linear fluorescent tube,variable,1.0,5.0,5.0,3.0,full
low,strict,4900,Electric fan #1,variable,2.0,8.0,8.0,28.8,full
low,strict,4900,Electric fan #2,variable,3.0,10.0,10.0,18.0,full
low,strict,4900,Electric flat iron,variable,4.0,0.5,0.5,1.286,full
low,strict,4900,"Washing machine, manual",variable,5.0,0.5,0.5,0.6,full
low,strict,4900,Color TV - CRT screen,variable,6.0,7.5,7.5,24.75,full
low,strict,4900,"Personal computer, LCD monitor",variable,7.0,0.75,0.75,5.062,full
low,strict,4900,Others (miscellaneous),variable,8.0,2.0,2.0,0.017,full
low,strict,5000,Lighting - Linear fluorescent tube,variable,1.0,5.0,5.0,3.0,full
low,strict,5000,Electric fan #1,variable,2.0,8.0,8.0,28.8,full
low,strict,5000,Electric fan #2,variable,3.0,10.0,10.0,18.0,full
low,strict,5000,Electric flat iron,variable,4.0,0.5,0.5,1.286,full
low,strict,5000,"Washing machine, manual",variable,5.0,0.5,0.5,0.6,full
low,strict,5000,Color TV - CRT screen,variable,6.0,7.5,7.5,24.75,full
low,strict,5000,"Personal computer, LCD monitor",variable,7.0,0.75,0.75,5.062,full
low,strict,5000,Others (miscellaneous),variable,8.0,2.0,2.0,0.017,full
low,strict,5100,Lighting - Linear fluorescent tube,variable,1.0,5.0,5.0,3.0,full
low,strict,5100,Electric fan #1,variable,2.0,8.0,8.0,28.8,full
low,strict,5100,Electric fan #2,variable,3.0,10.0,10.0,18.0,full
low,strict,5100,Electric flat iron,variable,4.0,0.5,0.5,1.286,full
low,strict,5100,"Washing machine, manual",variable,5.0,0.5,0.5,0.6,full
low,strict,5100,Color TV - CRT screen,variable,6.0,7.5,7.5,24.75,full
low,strict,5100,"Personal computer, LCD monitor",variable,7.0,0.75,0.75,5.062,full
low,strict,5100,Others (miscellaneous),variable,8.0,2.0,2.0,0.017,full
low,strict,5200,Lighting - Linear fluorescent tube,variable,1.0,5.0,5.0,3.0,full
low,strict,5200,Electric fan #1,variable,2.0,8.0,8.0,28.8,full
low,strict,5200,Electric fan #2,variable,3.0,10.0,10.0,18.0,full
low,strict,5200,Electric flat iron,variable,4.0,0.5,0.5,1.286,full
low,strict,5200,"Washing machine, manual",variable,5.0,0.5,0.5,0.6,full
low,strict,5200,Color TV - CRT screen,variable,6.0,7.5,7.5,24.75,full
low,strict,5200,"Personal computer, LCD monitor",variable,7.0,0.75,0.75,5.062,full
low,strict,5200,Others (miscellaneous),variable,8.0,2.0,2.0,0.017,full
low,strict,5300,Lighting - Linear fluorescent tube,variable,1.0,5.0,5.0,3.0,full
low,strict,5300,Electric fan #1,variable,2.0,8.0,8.0,28.8,full
low,strict,5300,Electric fan #2,variable,3.0,10.0,10.0,18.0,full
low,strict,5300,Electric flat iron,variable,4.0,0.5,0.5,1.286,full
low,strict,5300,"Washing machine, manual",variable,5.0,0.5,0.5,0.6,full
low,strict,5300,Color TV - CRT screen,variable,6.0,7.5,7.5,24.75,full
low,strict,5300,"Personal computer, LCD monitor",variable,7.0,0.75,0.75,5.062,full
low,strict,5300,Others (miscellaneous),variable,8.0,2.0,2.0,0.017,full
low,strict,5400,Lighting - Linear fluorescent tube,variable,1.0,5.0,5.0,3.0,full
low,strict,5400,Electric fan #1,variable,2.0,8.0,8.0,28.8,full
low,strict,5400,Electric fan #2,variable,3.0,10.0,10.0,18.0,full
low,strict,5400,Electric flat iron,variable,4.0,0.5,0.5,1.286,full
low,strict,5400,"Washing machine, manual",variable,5.0,0.5,0.5,0.6,full
low,strict,5400,Color TV - CRT screen,variable,6.0,7.5,7.5,24.75,full
low,strict,5400,"Personal computer, LCD monitor",variable,7.0,0.75,0.75,5.062,full
low,strict,5400,Others (miscellaneous),variable,8.0,2.0,2.0,0.017,full
low,strict,5500,Lighting - Linear fluorescent tube,variable,1.0,5.0,5.0,3.0,full
low,strict,5500,Electric fan #1,variable,2.0,8.0,8.0,28.8,full
low,strict,5500,Electric fan #2,variable,3.0,10.0,10.0,18.0,full
low,strict,5500,Electric flat iron,variable,4.0,0.5,0.5,1.286,full
low,strict,5500,"Washing machine, manual",variable,5.0,0.5,0.5,0.6,full
low,strict,5500,Color TV - CRT screen,variable,6.0,7.5,7.5,24.75,full
low,strict,5500,"Personal computer, LCD monitor",variable,7.0,0.75,0.75,5.062,full
low,strict,5500,Others (miscellaneous),variable,8.0,2.0,2.0,0.017,full
low,strict,5600,Lighting - Linear fluorescent tube,variable,1.0,5.0,5.0,3.0,full
low,strict,5600,Electric fan #1,variable,2.0,8.0,8.0,28.8,full
low,strict,5600,Electric fan #2,variable,3.0,10.0,10.0,18.0,full
low,strict,5600,Electric flat iron,variable,4.0,0.5,0.5,1.286,full
low,strict,5600,"Washing machine, manual",variable,5.0,0.5,0.5,0.6,full
low,strict,5600,Color TV - CRT screen,variable,6.0,7.5,7.5,24.75,full
low,strict,5600,"Personal computer, LCD monitor",variable,7.0,0.75,0.75,5.062,full
low,strict,5600,Others (miscellaneous),variable,8.0,2.0,2.0,0.017,full
low,strict,5700,Lighting - Linear fluorescent tube,variable,1.0,5.0,5.0,3.0,full
low,strict,5700,Electric fan #1,variable,2.0,8.0,8.0,28.8,full
low,strict,5700,Electric fan #2,variable,3.0,10.0,10.0,18.0,full
low,strict,5700,Electric flat iron,variable,4.0,0.5,0.5,1.286,full
low,strict,5700,"Washing machine, manual",variable,5.0,0.5,0.5,0.6,full
low,strict,5700,Color TV - CRT screen,variable,6.0,7.5,7.5,24.75,full
low,strict,5700,"Personal computer, LCD monitor",variable,7.0,0.75,0.75,5.062,full
low,strict,5700,Others (miscellaneous),variable,8.0,2.0,2.0,0.017,full
low,strict,5800,Lighting - Linear fluorescent tube,variable,1.0,5.0,5.0,3.0,full
low,strict,5800,Electric fan #1,variable,2.0,8.0,8.0,28.8,full
low,strict,5800,Electric fan #2,variable,3.0,10.0,10.0,18.0,full
low,strict,5800,Electric flat iron,variable,4.0,0.5,0.5,1.286,full
low,strict,5800,"Washing machine, manual",variable,5.0,0.5,0.5,0.6,full
low,strict,5800,Color TV - CRT screen,variable,6.0,7.5,7.5,24.75,full
low,strict,5800,"Personal computer, LCD monitor",variable,7.0,0.75,0.75,5.062,full
low,strict,5800,Others (miscellaneous),variable,8.0,2.0,2.0,0.017,full
low,strict,5900,Lighting - Linear fluorescent tube,variable,1.0,5.0,5.0,3.0,full
low,strict,5900,Electric fan #1,variable,2.0,8.0,8.0,28.8,full
low,strict,5900,Electric fan #2,variable,3.0,10.0,10.0,18.0,full
low,strict,5900,Electric flat iron,variable,4.0,0.5,0.5,1.286,full
low,strict,5900,"Washing machine, manual",variable,5.0,0.5,0.5,0.6,full
low,strict,5900,Color TV - CRT screen,variable,6.0,7.5,7.5,24.75,full
low,strict,5900,"Personal computer, LCD monitor",variable,7.0,0.75,0.75,5.062,full
low,strict,5900,Others (miscellaneous),variable,8.0,2.0,2.0,0.017,full
low,strict,6000,Lighting - Linear fluorescent tube,variable,1.0,5.0,5.0,3.0,full
low,strict,6000,Electric fan #1,variable,2.0,8.0,8.0,28.8,full
low,strict,6000,Electric fan #2,variable,3.0,10.0,10.0,18.0,full
low,strict,6000,Electric flat iron,variable,4.0,0.5,0.5,1.286,full
low,strict,6000,"Washing machine, manual",variable,5.0,0.5,0.5,0.6,full
low,strict,6000,Color TV - CRT screen,variable,6.0,7.5,7.5,24.75,full
low,strict,6000,"Personal computer, LCD monitor",variable,7.0,0.75,0.75,5.062,full
low,strict,6000,Others (miscellaneous),variable,8.0,2.0,2.0,0.017,full
low,strict,6100,Lighting - Linear fluorescent tube,variable,1.0,5.0,5.0,3.0,full
low,strict,6100,Electric fan #1,variable,2.0,8.0,8.0,28.8,full
low,strict,6100,Electric fan #2,variable,3.0,10.0,10.0,18.0,full
low,strict,6100,Electric flat iron,variable,4.0,0.5,0.5,1.286,full
low,strict,6100,"Washing machine, manual",variable,5.0,0.5,0.5,0.6,full
low,strict,6100,Color TV - CRT screen,variable,6.0,7.5,7.5,24.75,full
low,strict,6100,"Personal computer, LCD monitor",variable,7.0,0.75,0.75,5.062,full
low,strict,6100,Others (miscellaneous),variable,8.0,2.0,2.0,0.017,full
low,strict,6200,Lighting - Linear fluorescent tube,variable,1.0,5.0,5.0,3.0,full
low,strict,6200,Electric fan #1,variable,2.0,8.0,8.0,28.8,full
low,strict,6200,Electric fan #2,variable,3.0,10.0,10.0,18.0,full
low,strict,6200,Electric flat iron,variable,4.0,0.5,0.5,1.286,full
low,strict,6200,"Washing machine, manual",variable,5.0,0.5,0.5,0.6,full
low,strict,6200,Color TV - CRT screen,variable,6.0,7.5,7.5,24.75,full
low,strict,6200,"Personal computer, LCD monitor",variable,7.0,0.75,0.75,5.062,full
low,strict,6200,Others (miscellaneous),variable,8.0,2.0,2.0,0.017,full
low,strict,6300,Lighting - Linear fluorescent tube,variable,1.0,5.0,5.0,3.0,full
low,strict,6300,Electric fan #1,variable,2.0,8.0,8.0,28.8,full
low,strict,6300,Electric fan #2,variable,3.0,10.0,10.0,18.0,full
low,strict,6300,Electric flat iron,variable,4.0,0.5,0.5,1.286,full
low,strict,6300,"Washing machine, manual",variable,5.0,0.5,0.5,0.6,full
low,strict,6300,Color TV - CRT screen,variable,6.0,7.5,7.5,24.75,full
low,strict,6300,"Personal computer, LCD monitor",variable,7.0,0.75,0.75,5.062,full
low,strict,6300,Others (miscellaneous),variable,8.0,2.0,2.0,0.017,full
low,strict,6400,Lighting - Linear fluorescent tube,variable,1.0,5.0,5.0,3.0,full
low,strict,6400,Electric fan #1,variable,2.0,8.0,8.0,28.8,full
low,strict,6400,Electric fan #2,variable,3.0,10.0,10.0,18.0,full
low,strict,6400,Electric flat iron,variable,4.0,0.5,0.5,1.286,full
low,strict,6400,"Washing machine, manual",variable,5.0,0.5,0.5,0.6,full
low,strict,6400,Color TV - CRT screen,variable,6.0,7.5,7.5,24.75,full
low,strict,6400,"Personal computer, LCD monitor",variable,7.0,0.75,0.75,5.062,full
low,strict,6400,Others (miscellaneous),variable,8.0,2.0,2.0,0.017,full
low,strict,6500,Lighting - Linear fluorescent tube,variable,1.0,5.0,5.0,3.0,full
low,strict,6500,Electric fan #1,variable,2.0,8.0,8.0,28.8,full
low,strict,6500,Electric fan #2,variable,3.0,10.0,10.0,18.0,full
low,strict,6500,Electric flat iron,variable,4.0,0.5,0.5,1.286,full
low,strict,6500,"Washing machine, manual",variable,5.0,0.5,0.5,0.6,full
low,strict,6500,Color TV - CRT screen,variable,6.0,7.5,7.5,24.75,full
low,strict,6500,"Personal computer, LCD monitor",variable,7.0,0.75,0.75,5.062,full
low,strict,6500,Others (miscellaneous),variable,8.0,2.0,2.0,0.017,full
low,strict,6600,Lighting - Linear fluorescent tube,variable,1.0,5.0,5.0,3.0,full
low,strict,6600,Electric fan #1,variable,2.0,8.0,8.0,28.8,full
low,strict,6600,Electric fan #2,variable,3.0,10.0,10.0,18.0,full
low,strict,6600,Electric flat iron,variable,4.0,0.5,0.5,1.286,full
low,strict,6600,"Washing machine, manual",variable,5.0,0.5,0.5,0.6,full
low,strict,6600,Color TV - CRT screen,variable,6.0,7.5,7.5,24.75,full
low,strict,6600,"Personal computer, LCD monitor",variable,7.0,0.75,0.75,5.062,full
low,strict,6600,Others (miscellaneous),variable,8.0,2.0,2.0,0.017,full
low,strict,6700,Lighting - Linear fluorescent tube,variable,1.0,5.0,5.0,3.0,full
low,strict,6700,Electric fan #1,variable,2.0,8.0,8.0,28.8,full
low,strict,6700,Electric fan #2,variable,3.0,10.0,10.0,18.0,full
low,strict,6700,Electric flat iron,variable,4.0,0.5,0.5,1.286,full
low,strict,6700,"Washing machine, manual",variable,5.0,0.5,0.5,0.6,full
low,strict,6700,Color TV - CRT screen,variable,6.0,7.5,7.5,24.75,full
low,strict,6700,"Personal computer, LCD monitor",variable,7.0,0.75,0.75,5.062,full
low,strict,6700,Others (miscellaneous),variable,8.0,2.0,2.0,0.017,full
low,strict,6800,Lighting - Linear fluorescent tube,variable,1.0,5.0,5.0,3.0,full
low,strict,6800,Electric fan #1,variable,2.0,8.0,8.0,28.8,full
low,strict,6800,Electric fan #2,variable,3.0,10.0,10.0,18.0,full
low,strict,6800,Electric flat iron,variable,4.0,0.5,0.5,1.286,full
low,strict,6800,"Washing machine, manual",variable,5.0,0.5,0.5,0.6,full
low,strict,6800,Color TV - CRT screen,variable,6.0,7.5,7.5,24.75,full
low,strict,6800,"Personal computer, LCD monitor",variable,7.0,0.75,0.75,5.062,full
low,strict,6800,Others (miscellaneous),variable,8.0,2.0,2.0,0.017,full
low,strict,6900,Lighting - Linear fluorescent tube,variable,1.0,5.0,5.0,3.0,full
low,strict,6900,Electric fan #1,variable,2.0,8.0,8.0,28.8,full
low,strict,6900,Electric fan #2,variable,3.0,10.0,10.0,18.0,full
low,strict,6900,Electric flat iron,variable,4.0,0.5,0.5,1.286,full
low,strict,6900,"Washing machine, manual",variable,5.0,0.5,0.5,0.6,full
low,strict,6900,Color TV - CRT screen,variable,6.0,7.5,7.5,24.75,full
low,strict,6900,"Personal computer, LCD monitor",variable,7.0,0.75,0.75,5.062,full
low,strict,6900,Others (miscellaneous),variable,8.0,2.0,2.0,0.017,full
low,strict,7000,Lighting - Linear fluorescent tube,variable,1.0,5.0,5.0,3.0,full
low,strict,7000,Electric fan #1,variable,2.0,8.0,8.0,28.8,full
low,strict,7000,Electric fan #2,variable,3.0,10.0,10.0,18.0,full
low,strict,7000,Electric flat iron,variable,4.0,0.5,0.5,1.286,full
low,strict,7000,"Washing machine, manual",variable,5.0,0.5,0.5,0.6,full
low,strict,7000,Color TV - CRT screen,variable,6.0,7.5,7.5,24.75,full
low,strict,7000,"Personal computer, LCD monitor",variable,7.0,0.75,0.75,5.062,full
low,strict,7000,Others (miscellaneous),variable,8.0,2.0,2.0,0.017,full
low,strict,7100,Lighting - Linear fluorescent tube,variable,1.0,5.0,5.0,3.0,full
low,strict,7100,Electric fan #1,variable,2.0,8.0,8.0,28.8,full
low,strict,7100,Electric fan #2,variable,3.0,10.0,10.0,18.0,full
low,strict,7100,Electric flat iron,variable,4.0,0.5,0.5,1.286,full
low,strict,7100,"Washing machine, manual",variable,5.0,0.5,0.5,0.6,full
low,strict,7100,Color TV - CRT screen,variable,6.0,7.5,7.5,24.75,full
low,strict,7100,"Personal computer, LCD monitor",variable,7.0,0.75,0.75,5.062,full
low,strict,7100,Others (miscellaneous),variable,8.0,2.0,2.0,0.017,full
low,strict,7200,Lighting - Linear fluorescent tube,variable,1.0,5.0,5.0,3.0,full
low,strict,7200,Electric fan #1,variable,2.0,8.0,8.0,28.8,full
low,strict,7200,Electric fan #2,variable,3.0,10.0,10.0,18.0,full
low,strict,7200,Electric flat iron,variable,4.0,0.5,0.5,1.286,full
low,strict,7200,"Washing machine, manual",variable,5.0,0.5,0.5,0.6,full
low,strict,7200,Color TV - CRT screen,variable,6.0,7.5,7.5,24.75,full
low,strict,7200,"Personal computer, LCD monitor",variable,7.0,0.75,0.75,5.062,full
low,strict,7200,Others (miscellaneous),variable,8.0,2.0,2.0,0.017,full
low,strict,7300,Lighting - Linear fluorescent tube,variable,1.0,5.0,5.0,3.0,full
low,strict,7300,Electric fan #1,variable,2.0,8.0,8.0,28.8,full
low,strict,7300,Electric fan #2,variable,3.0,10.0,10.0,18.0,full
low,strict,7300,Electric flat iron,variable,4.0,0.5,0.5,1.286,full
low,strict,7300,"Washing machine, manual",variable,5.0,0.5,0.5,0.6,full
low,strict,7300,Color TV - CRT screen,variable,6.0,7.5,7.5,24.75,full
low,strict,7300,"Personal computer, LCD monitor",variable,7.0,0.75,0.75,5.062,full
low,strict,7300,Others (miscellaneous),variable,8.0,2.0,2.0,0.017,full
low,strict,7400,Lighting - Linear fluorescent tube,variable,1.0,5.0,5.0,3.0,full
low,strict,7400,Electric fan #1,variable,2.0,8.0,8.0,28.8,full
low,strict,7400,Electric fan #2,variable,3.0,10.0,10.0,18.0,full
low,strict,7400,Electric flat iron,variable,4.0,0.5,0.5,1.286,full
low,strict,7400,"Washing machine, manual",variable,5.0,0.5,0.5,0.6,full
low,strict,7400,Color TV - CRT screen,variable,6.0,7.5,7.5,24.75,full
low,strict,7400,"Personal computer, LCD monitor",variable,7.0,0.75,0.75,5.062,full
low,strict,7400,Others (miscellaneous),variable,8.0,2.0,2.0,0.017,full
low,strict,7500,Lighting - Linear fluorescent tube,variable,1.0,5.0,5.0,3.0,full
low,strict,7500,Electric fan #1,variable,2.0,8.0,8.0,28.8,full
low,strict,7500,Electric fan #2,variable,3.0,10.0,10.0,18.0,full
low,strict,7500,Electric flat iron,variable,4.0,0.5,0.5,1.286,full
low,strict,7500,"Washing machine, manual",variable,5.0,0.5,0.5,0.6,full
low,strict,7500,Color TV - CRT screen,variable,6.0,7.5,7.5,24.75,full
low,strict,7500,"Personal computer, LCD monitor",variable,7.0,0.75,0.75,5.062,full
low,strict,7500,Others (miscellaneous),variable,8.0,2.0,2.0,0.017,full
low,strict,7600,Lighting - Linear fluorescent tube,variable,1.0,5.0,5.0,3.0,full
low,strict,7600,Electric fan #1,variable,2.0,8.0,8.0,28.8,full
low,strict,7600,Electric fan #2,variable,3.0,10.0,10.0,18.0,full
low,strict,7600,Electric flat iron,variable,4.0,0.5,0.5,1.286,full
low,strict,7600,"Washing machine, manual",variable,5.0,0.5,0.5,0.6,full
low,strict,7600,Color TV - CRT screen,variable,6.0,7.5,7.5,24.75,full
low,strict,7600,"Personal computer, LCD monitor",variable,7.0,0.75,0.75,5.062,full
low,strict,7600,Others (miscellaneous),variable,8.0,2.0,2.0,0.017,full
low,strict,7700,Lighting - Linear fluorescent tube,variable,1.0,5.0,5.0,3.0,full
low,strict,7700,Electric fan #1,variable,2.0,8.0,8.0,28.8,full
low,strict,7700,Electric fan #2,variable,3.0,10.0,10.0,18.0,full
low,strict,7700,Electric flat iron,variable,4.0,0.5,0.5,1.286,full
low,strict,7700,"Washing machine, manual",variable,5.0,0.5,0.5,0.6,full
low,strict,7700,Color TV - CRT screen,variable,6.0,7.5,7.5,24.75,full
low,strict,7700,"Personal computer, LCD monitor",variable,7.0,0.75,0.75,5.062,full
low,strict,7700,Others (miscellaneous),variable,8.0,2.0,2.0,0.017,full
low,strict,7800,Lighting - Linear fluorescent tube,variable,1.0,5.0,5.0,3.0,full
low,strict,7800,Electric fan #1,variable,2.0,8.0,8.0,28.8,full
low,strict,7800,Electric fan #2,variable,3.0,10.0,10.0,18.0,full
low,strict,7800,Electric flat iron,variable,4.0,0.5,0.5,1.286,full
low,strict,7800,"Washing machine, manual",variable,5.0,0.5,0.5,0.6,full
low,strict,7800,Color TV - CRT screen,variable,6.0,7.5,7.5,24.75,full
low,strict,7800,"Personal computer, LCD monitor",variable,7.0,0.75,0.75,5.062,full
low,strict,7800,Others (miscellaneous),variable,8.0,2.0,2.0,0.017,full
low,strict,7900,Lighting - Linear fluorescent tube,variable,1.0,5.0,5.0,3.0,full
low,strict,7900,Electric fan #1,variable,2.0,8.0,8.0,28.8,full
low,strict,7900,Electric fan #2,variable,3.0,10.0,10.0,18.0,full
low,strict,7900,Electric flat iron,variable,4.0,0.5,0.5,1.286,full
low,strict,7900,"Washing machine, manual",variable,5.0,0.5,0.5,0.6,full
low,strict,7900,Color TV - CRT screen,variable,6.0,7.5,7.5,24.75,full
low,strict,7900,"Personal computer, LCD monitor",variable,7.0,0.75,0.75,5.062,full
low,strict,7900,Others (miscellaneous),variable,8.0,2.0,2.0,0.017,full
low,strict,8000,Lighting - Linear fluorescent tube,variable,1.0,5.0,5.0,3.0,full
low,strict,8000,Electric fan #1,variable,2.0,8.0,8.0,28.8,full
low,strict,8000,Electric fan #2,variable,3.0,10.0,10.0,18.0,full
low,strict,8000,Electric flat iron,variable,4.0,0.5,0.5,1.286,full
low,strict,8000,"Washing machine, manual",variable,5.0,0.5,0.5,0.6,full
low,strict,8000,Color TV - CRT screen,variable,6.0,7.5,7.5,24.75,full
low,strict,8000,"Personal computer, LCD monitor",variable,7.0,0.75,0.75,5.062,full
low,strict,8000,Others (miscellaneous),variable,8.0,2.0,2.0,0.017,full
low,weighted,500,Lighting - Linear fluorescent tube,variable,1.0,5.0,5.0,3.0,full
low,weighted,500,Electric fan #1,variable,2.0,1.25,8.0,4.5,reduced
low,weighted,500,Electric fan #2,variable,3.0,10.0,10.0,18.0,full
low,weighted,500,Electric flat iron,variable,4.0,0.5,0.5,1.286,full
low,weighted,500,"Washing machine, manual",variable,5.0,0.5,0.5,0.6,full
low,weighted,500,Color TV - CRT screen,variable,6.0,0.0,7.5,0.0,OFF (sacrificed)
low,weighted,500,"Personal computer, LCD monitor",variable,7.0,0.75,0.75,5.062,full
low,weighted,500,Others (miscellaneous),variable,8.0,2.0,2.0,0.017,full
low,weighted,600,Lighting - Linear fluorescent tube,variable,1.0,5.0,5.0,3.0,full
low,weighted,600,Electric fan #1,variable,2.0,3.0,8.0,10.8,reduced
low,weighted,600,Electric fan #2,variable,3.0,10.0,10.0,18.0,full
low,weighted,600,Electric flat iron,variable,4.0,0.5,0.5,1.286,full
low,weighted,600,"Washing machine, manual",variable,5.0,0.5,0.5,0.6,full
low,weighted,600,Color TV - CRT screen,variable,6.0,0.0,7.5,0.0,OFF (sacrificed)
low,weighted,600,"Personal computer, LCD monitor",variable,7.0,0.75,0.75,5.062,full
low,weighted,600,Others (miscellaneous),variable,8.0,2.0,2.0,0.017,full
low,weighted,700,Lighting - Linear fluorescent tube,variable,1.0,5.0,5.0,3.0,full
low,weighted,700,Electric fan #1,variable,2.0,5.0,8.0,18.0,reduced
low,weighted,700,Electric fan #2,variable,3.0,10.0,10.0,18.0,full
low,weighted,700,Electric flat iron,variable,4.0,0.5,0.5,1.286,full
low,weighted,700,"Washing machine, manual",variable,5.0,0.5,0.5,0.6,full
low,weighted,700,Color TV - CRT screen,variable,6.0,0.0,7.5,0.0,OFF (sacrificed)
low,weighted,700,"Personal computer, LCD monitor",variable,7.0,0.75,0.75,5.062,full
low,weighted,700,Others (miscellaneous),variable,8.0,2.0,2.0,0.017,full
low,weighted,800,Lighting - Linear fluorescent tube,variable,1.0,5.0,5.0,3.0,full
low,weighted,800,Electric fan #1,variable,2.0,7.0,8.0,25.2,reduced
low,weighted,800,Electric fan #2,variable,3.0,10.0,10.0,18.0,full
low,weighted,800,Electric flat iron,variable,4.0,0.5,0.5,1.286,full
low,weighted,800,"Washing machine, manual",variable,5.0,0.5,0.5,0.6,full
low,weighted,800,Color TV - CRT screen,variable,6.0,0.0,7.5,0.0,OFF (sacrificed)
low,weighted,800,"Personal computer, LCD monitor",variable,7.0,0.75,0.75,5.062,full
low,weighted,800,Others (miscellaneous),variable,8.0,2.0,2.0,0.017,full
low,weighted,900,Lighting - Linear fluorescent tube,variable,1.0,5.0,5.0,3.0,full
low,weighted,900,Electric fan #1,variable,2.0,8.0,8.0,28.8,full
low,weighted,900,Electric fan #2,variable,3.0,10.0,10.0,18.0,full
low,weighted,900,Electric flat iron,variable,4.0,0.5,0.5,1.286,full
low,weighted,900,"Washing machine, manual",variable,5.0,0.5,0.5,0.6,full
low,weighted,900,Color TV - CRT screen,variable,6.0,1.0,7.5,3.3,reduced
low,weighted,900,"Personal computer, LCD monitor",variable,7.0,0.75,0.75,5.062,full
low,weighted,900,Others (miscellaneous),variable,8.0,2.0,2.0,0.017,full
low,weighted,1000,Lighting - Linear fluorescent tube,variable,1.0,5.0,5.0,3.0,full
low,weighted,1000,Electric fan #1,variable,2.0,8.0,8.0,28.8,full
low,weighted,1000,Electric fan #2,variable,3.0,10.0,10.0,18.0,full
low,weighted,1000,Electric flat iron,variable,4.0,0.5,0.5,1.286,full
low,weighted,1000,"Washing machine, manual",variable,5.0,0.5,0.5,0.6,full
low,weighted,1000,Color TV - CRT screen,variable,6.0,3.0,7.5,9.9,reduced
low,weighted,1000,"Personal computer, LCD monitor",variable,7.0,0.75,0.75,5.062,full
low,weighted,1000,Others (miscellaneous),variable,8.0,2.0,2.0,0.017,full
low,weighted,1100,Lighting - Linear fluorescent tube,variable,1.0,5.0,5.0,3.0,full
low,weighted,1100,Electric fan #1,variable,2.0,8.0,8.0,28.8,full
low,weighted,1100,Electric fan #2,variable,3.0,10.0,10.0,18.0,full
low,weighted,1100,Electric flat iron,variable,4.0,0.5,0.5,1.286,full
low,weighted,1100,"Washing machine, manual",variable,5.0,0.5,0.5,0.6,full
low,weighted,1100,Color TV - CRT screen,variable,6.0,5.0,7.5,16.5,reduced
low,weighted,1100,"Personal computer, LCD monitor",variable,7.0,0.75,0.75,5.062,full
low,weighted,1100,Others (miscellaneous),variable,8.0,2.0,2.0,0.017,full
low,weighted,1200,Lighting - Linear fluorescent tube,variable,1.0,5.0,5.0,3.0,full
low,weighted,1200,Electric fan #1,variable,2.0,8.0,8.0,28.8,full
low,weighted,1200,Electric fan #2,variable,3.0,10.0,10.0,18.0,full
low,weighted,1200,Electric flat iron,variable,4.0,0.5,0.5,1.286,full
low,weighted,1200,"Washing machine, manual",variable,5.0,0.5,0.5,0.6,full
low,weighted,1200,Color TV - CRT screen,variable,6.0,7.25,7.5,23.925,reduced
low,weighted,1200,"Personal computer, LCD monitor",variable,7.0,0.75,0.75,5.062,full
low,weighted,1200,Others (miscellaneous),variable,8.0,2.0,2.0,0.017,full
low,weighted,1300,Lighting - Linear fluorescent tube,variable,1.0,5.0,5.0,3.0,full
low,weighted,1300,Electric fan #1,variable,2.0,8.0,8.0,28.8,full
low,weighted,1300,Electric fan #2,variable,3.0,10.0,10.0,18.0,full
low,weighted,1300,Electric flat iron,variable,4.0,0.5,0.5,1.286,full
low,weighted,1300,"Washing machine, manual",variable,5.0,0.5,0.5,0.6,full
low,weighted,1300,Color TV - CRT screen,variable,6.0,7.5,7.5,24.75,full
low,weighted,1300,"Personal computer, LCD monitor",variable,7.0,0.75,0.75,5.062,full
low,weighted,1300,Others (miscellaneous),variable,8.0,2.0,2.0,0.017,full
low,weighted,1400,Lighting - Linear fluorescent tube,variable,1.0,5.0,5.0,3.0,full
low,weighted,1400,Electric fan #1,variable,2.0,8.0,8.0,28.8,full
low,weighted,1400,Electric fan #2,variable,3.0,10.0,10.0,18.0,full
low,weighted,1400,Electric flat iron,variable,4.0,0.5,0.5,1.286,full
low,weighted,1400,"Washing machine, manual",variable,5.0,0.5,0.5,0.6,full
low,weighted,1400,Color TV - CRT screen,variable,6.0,7.5,7.5,24.75,full
low,weighted,1400,"Personal computer, LCD monitor",variable,7.0,0.75,0.75,5.062,full
low,weighted,1400,Others (miscellaneous),variable,8.0,2.0,2.0,0.017,full
low,weighted,1500,Lighting - Linear fluorescent tube,variable,1.0,5.0,5.0,3.0,full
low,weighted,1500,Electric fan #1,variable,2.0,8.0,8.0,28.8,full
low,weighted,1500,Electric fan #2,variable,3.0,10.0,10.0,18.0,full
low,weighted,1500,Electric flat iron,variable,4.0,0.5,0.5,1.286,full
low,weighted,1500,"Washing machine, manual",variable,5.0,0.5,0.5,0.6,full
low,weighted,1500,Color TV - CRT screen,variable,6.0,7.5,7.5,24.75,full
low,weighted,1500,"Personal computer, LCD monitor",variable,7.0,0.75,0.75,5.062,full
low,weighted,1500,Others (miscellaneous),variable,8.0,2.0,2.0,0.017,full
low,weighted,1600,Lighting - Linear fluorescent tube,variable,1.0,5.0,5.0,3.0,full
low,weighted,1600,Electric fan #1,variable,2.0,8.0,8.0,28.8,full
low,weighted,1600,Electric fan #2,variable,3.0,10.0,10.0,18.0,full
low,weighted,1600,Electric flat iron,variable,4.0,0.5,0.5,1.286,full
low,weighted,1600,"Washing machine, manual",variable,5.0,0.5,0.5,0.6,full
low,weighted,1600,Color TV - CRT screen,variable,6.0,7.5,7.5,24.75,full
low,weighted,1600,"Personal computer, LCD monitor",variable,7.0,0.75,0.75,5.062,full
low,weighted,1600,Others (miscellaneous),variable,8.0,2.0,2.0,0.017,full
low,weighted,1700,Lighting - Linear fluorescent tube,variable,1.0,5.0,5.0,3.0,full
low,weighted,1700,Electric fan #1,variable,2.0,8.0,8.0,28.8,full
low,weighted,1700,Electric fan #2,variable,3.0,10.0,10.0,18.0,full
low,weighted,1700,Electric flat iron,variable,4.0,0.5,0.5,1.286,full
low,weighted,1700,"Washing machine, manual",variable,5.0,0.5,0.5,0.6,full
low,weighted,1700,Color TV - CRT screen,variable,6.0,7.5,7.5,24.75,full
low,weighted,1700,"Personal computer, LCD monitor",variable,7.0,0.75,0.75,5.062,full
low,weighted,1700,Others (miscellaneous),variable,8.0,2.0,2.0,0.017,full
low,weighted,1800,Lighting - Linear fluorescent tube,variable,1.0,5.0,5.0,3.0,full
low,weighted,1800,Electric fan #1,variable,2.0,8.0,8.0,28.8,full
low,weighted,1800,Electric fan #2,variable,3.0,10.0,10.0,18.0,full
low,weighted,1800,Electric flat iron,variable,4.0,0.5,0.5,1.286,full
low,weighted,1800,"Washing machine, manual",variable,5.0,0.5,0.5,0.6,full
low,weighted,1800,Color TV - CRT screen,variable,6.0,7.5,7.5,24.75,full
low,weighted,1800,"Personal computer, LCD monitor",variable,7.0,0.75,0.75,5.062,full
low,weighted,1800,Others (miscellaneous),variable,8.0,2.0,2.0,0.017,full
low,weighted,1900,Lighting - Linear fluorescent tube,variable,1.0,5.0,5.0,3.0,full
low,weighted,1900,Electric fan #1,variable,2.0,8.0,8.0,28.8,full
low,weighted,1900,Electric fan #2,variable,3.0,10.0,10.0,18.0,full
low,weighted,1900,Electric flat iron,variable,4.0,0.5,0.5,1.286,full
low,weighted,1900,"Washing machine, manual",variable,5.0,0.5,0.5,0.6,full
low,weighted,1900,Color TV - CRT screen,variable,6.0,7.5,7.5,24.75,full
low,weighted,1900,"Personal computer, LCD monitor",variable,7.0,0.75,0.75,5.062,full
low,weighted,1900,Others (miscellaneous),variable,8.0,2.0,2.0,0.017,full
low,weighted,2000,Lighting - Linear fluorescent tube,variable,1.0,5.0,5.0,3.0,full
low,weighted,2000,Electric fan #1,variable,2.0,8.0,8.0,28.8,full
low,weighted,2000,Electric fan #2,variable,3.0,10.0,10.0,18.0,full
low,weighted,2000,Electric flat iron,variable,4.0,0.5,0.5,1.286,full
low,weighted,2000,"Washing machine, manual",variable,5.0,0.5,0.5,0.6,full
low,weighted,2000,Color TV - CRT screen,variable,6.0,7.5,7.5,24.75,full
low,weighted,2000,"Personal computer, LCD monitor",variable,7.0,0.75,0.75,5.062,full
low,weighted,2000,Others (miscellaneous),variable,8.0,2.0,2.0,0.017,full
low,weighted,2100,Lighting - Linear fluorescent tube,variable,1.0,5.0,5.0,3.0,full
low,weighted,2100,Electric fan #1,variable,2.0,8.0,8.0,28.8,full
low,weighted,2100,Electric fan #2,variable,3.0,10.0,10.0,18.0,full
low,weighted,2100,Electric flat iron,variable,4.0,0.5,0.5,1.286,full
low,weighted,2100,"Washing machine, manual",variable,5.0,0.5,0.5,0.6,full
low,weighted,2100,Color TV - CRT screen,variable,6.0,7.5,7.5,24.75,full
low,weighted,2100,"Personal computer, LCD monitor",variable,7.0,0.75,0.75,5.062,full
low,weighted,2100,Others (miscellaneous),variable,8.0,2.0,2.0,0.017,full
low,weighted,2200,Lighting - Linear fluorescent tube,variable,1.0,5.0,5.0,3.0,full
low,weighted,2200,Electric fan #1,variable,2.0,8.0,8.0,28.8,full
low,weighted,2200,Electric fan #2,variable,3.0,10.0,10.0,18.0,full
low,weighted,2200,Electric flat iron,variable,4.0,0.5,0.5,1.286,full
low,weighted,2200,"Washing machine, manual",variable,5.0,0.5,0.5,0.6,full
low,weighted,2200,Color TV - CRT screen,variable,6.0,7.5,7.5,24.75,full
low,weighted,2200,"Personal computer, LCD monitor",variable,7.0,0.75,0.75,5.062,full
low,weighted,2200,Others (miscellaneous),variable,8.0,2.0,2.0,0.017,full
low,weighted,2300,Lighting - Linear fluorescent tube,variable,1.0,5.0,5.0,3.0,full
low,weighted,2300,Electric fan #1,variable,2.0,8.0,8.0,28.8,full
low,weighted,2300,Electric fan #2,variable,3.0,10.0,10.0,18.0,full
low,weighted,2300,Electric flat iron,variable,4.0,0.5,0.5,1.286,full
low,weighted,2300,"Washing machine, manual",variable,5.0,0.5,0.5,0.6,full
low,weighted,2300,Color TV - CRT screen,variable,6.0,7.5,7.5,24.75,full
low,weighted,2300,"Personal computer, LCD monitor",variable,7.0,0.75,0.75,5.062,full
low,weighted,2300,Others (miscellaneous),variable,8.0,2.0,2.0,0.017,full
low,weighted,2400,Lighting - Linear fluorescent tube,variable,1.0,5.0,5.0,3.0,full
low,weighted,2400,Electric fan #1,variable,2.0,8.0,8.0,28.8,full
low,weighted,2400,Electric fan #2,variable,3.0,10.0,10.0,18.0,full
low,weighted,2400,Electric flat iron,variable,4.0,0.5,0.5,1.286,full
low,weighted,2400,"Washing machine, manual",variable,5.0,0.5,0.5,0.6,full
low,weighted,2400,Color TV - CRT screen,variable,6.0,7.5,7.5,24.75,full
low,weighted,2400,"Personal computer, LCD monitor",variable,7.0,0.75,0.75,5.062,full
low,weighted,2400,Others (miscellaneous),variable,8.0,2.0,2.0,0.017,full
low,weighted,2500,Lighting - Linear fluorescent tube,variable,1.0,5.0,5.0,3.0,full
low,weighted,2500,Electric fan #1,variable,2.0,8.0,8.0,28.8,full
low,weighted,2500,Electric fan #2,variable,3.0,10.0,10.0,18.0,full
low,weighted,2500,Electric flat iron,variable,4.0,0.5,0.5,1.286,full
low,weighted,2500,"Washing machine, manual",variable,5.0,0.5,0.5,0.6,full
low,weighted,2500,Color TV - CRT screen,variable,6.0,7.5,7.5,24.75,full
low,weighted,2500,"Personal computer, LCD monitor",variable,7.0,0.75,0.75,5.062,full
low,weighted,2500,Others (miscellaneous),variable,8.0,2.0,2.0,0.017,full
low,weighted,2600,Lighting - Linear fluorescent tube,variable,1.0,5.0,5.0,3.0,full
low,weighted,2600,Electric fan #1,variable,2.0,8.0,8.0,28.8,full
low,weighted,2600,Electric fan #2,variable,3.0,10.0,10.0,18.0,full
low,weighted,2600,Electric flat iron,variable,4.0,0.5,0.5,1.286,full
low,weighted,2600,"Washing machine, manual",variable,5.0,0.5,0.5,0.6,full
low,weighted,2600,Color TV - CRT screen,variable,6.0,7.5,7.5,24.75,full
low,weighted,2600,"Personal computer, LCD monitor",variable,7.0,0.75,0.75,5.062,full
low,weighted,2600,Others (miscellaneous),variable,8.0,2.0,2.0,0.017,full
low,weighted,2700,Lighting - Linear fluorescent tube,variable,1.0,5.0,5.0,3.0,full
low,weighted,2700,Electric fan #1,variable,2.0,8.0,8.0,28.8,full
low,weighted,2700,Electric fan #2,variable,3.0,10.0,10.0,18.0,full
low,weighted,2700,Electric flat iron,variable,4.0,0.5,0.5,1.286,full
low,weighted,2700,"Washing machine, manual",variable,5.0,0.5,0.5,0.6,full
low,weighted,2700,Color TV - CRT screen,variable,6.0,7.5,7.5,24.75,full
low,weighted,2700,"Personal computer, LCD monitor",variable,7.0,0.75,0.75,5.062,full
low,weighted,2700,Others (miscellaneous),variable,8.0,2.0,2.0,0.017,full
low,weighted,2800,Lighting - Linear fluorescent tube,variable,1.0,5.0,5.0,3.0,full
low,weighted,2800,Electric fan #1,variable,2.0,8.0,8.0,28.8,full
low,weighted,2800,Electric fan #2,variable,3.0,10.0,10.0,18.0,full
low,weighted,2800,Electric flat iron,variable,4.0,0.5,0.5,1.286,full
low,weighted,2800,"Washing machine, manual",variable,5.0,0.5,0.5,0.6,full
low,weighted,2800,Color TV - CRT screen,variable,6.0,7.5,7.5,24.75,full
low,weighted,2800,"Personal computer, LCD monitor",variable,7.0,0.75,0.75,5.062,full
low,weighted,2800,Others (miscellaneous),variable,8.0,2.0,2.0,0.017,full
low,weighted,2900,Lighting - Linear fluorescent tube,variable,1.0,5.0,5.0,3.0,full
low,weighted,2900,Electric fan #1,variable,2.0,8.0,8.0,28.8,full
low,weighted,2900,Electric fan #2,variable,3.0,10.0,10.0,18.0,full
low,weighted,2900,Electric flat iron,variable,4.0,0.5,0.5,1.286,full
low,weighted,2900,"Washing machine, manual",variable,5.0,0.5,0.5,0.6,full
low,weighted,2900,Color TV - CRT screen,variable,6.0,7.5,7.5,24.75,full
low,weighted,2900,"Personal computer, LCD monitor",variable,7.0,0.75,0.75,5.062,full
low,weighted,2900,Others (miscellaneous),variable,8.0,2.0,2.0,0.017,full
low,weighted,3000,Lighting - Linear fluorescent tube,variable,1.0,5.0,5.0,3.0,full
low,weighted,3000,Electric fan #1,variable,2.0,8.0,8.0,28.8,full
low,weighted,3000,Electric fan #2,variable,3.0,10.0,10.0,18.0,full
low,weighted,3000,Electric flat iron,variable,4.0,0.5,0.5,1.286,full
low,weighted,3000,"Washing machine, manual",variable,5.0,0.5,0.5,0.6,full
low,weighted,3000,Color TV - CRT screen,variable,6.0,7.5,7.5,24.75,full
low,weighted,3000,"Personal computer, LCD monitor",variable,7.0,0.75,0.75,5.062,full
low,weighted,3000,Others (miscellaneous),variable,8.0,2.0,2.0,0.017,full
low,weighted,3100,Lighting - Linear fluorescent tube,variable,1.0,5.0,5.0,3.0,full
low,weighted,3100,Electric fan #1,variable,2.0,8.0,8.0,28.8,full
low,weighted,3100,Electric fan #2,variable,3.0,10.0,10.0,18.0,full
low,weighted,3100,Electric flat iron,variable,4.0,0.5,0.5,1.286,full
low,weighted,3100,"Washing machine, manual",variable,5.0,0.5,0.5,0.6,full
low,weighted,3100,Color TV - CRT screen,variable,6.0,7.5,7.5,24.75,full
low,weighted,3100,"Personal computer, LCD monitor",variable,7.0,0.75,0.75,5.062,full
low,weighted,3100,Others (miscellaneous),variable,8.0,2.0,2.0,0.017,full
low,weighted,3200,Lighting - Linear fluorescent tube,variable,1.0,5.0,5.0,3.0,full
low,weighted,3200,Electric fan #1,variable,2.0,8.0,8.0,28.8,full
low,weighted,3200,Electric fan #2,variable,3.0,10.0,10.0,18.0,full
low,weighted,3200,Electric flat iron,variable,4.0,0.5,0.5,1.286,full
low,weighted,3200,"Washing machine, manual",variable,5.0,0.5,0.5,0.6,full
low,weighted,3200,Color TV - CRT screen,variable,6.0,7.5,7.5,24.75,full
low,weighted,3200,"Personal computer, LCD monitor",variable,7.0,0.75,0.75,5.062,full
low,weighted,3200,Others (miscellaneous),variable,8.0,2.0,2.0,0.017,full
low,weighted,3300,Lighting - Linear fluorescent tube,variable,1.0,5.0,5.0,3.0,full
low,weighted,3300,Electric fan #1,variable,2.0,8.0,8.0,28.8,full
low,weighted,3300,Electric fan #2,variable,3.0,10.0,10.0,18.0,full
low,weighted,3300,Electric flat iron,variable,4.0,0.5,0.5,1.286,full
low,weighted,3300,"Washing machine, manual",variable,5.0,0.5,0.5,0.6,full
low,weighted,3300,Color TV - CRT screen,variable,6.0,7.5,7.5,24.75,full
low,weighted,3300,"Personal computer, LCD monitor",variable,7.0,0.75,0.75,5.062,full
low,weighted,3300,Others (miscellaneous),variable,8.0,2.0,2.0,0.017,full
low,weighted,3400,Lighting - Linear fluorescent tube,variable,1.0,5.0,5.0,3.0,full
low,weighted,3400,Electric fan #1,variable,2.0,8.0,8.0,28.8,full
low,weighted,3400,Electric fan #2,variable,3.0,10.0,10.0,18.0,full
low,weighted,3400,Electric flat iron,variable,4.0,0.5,0.5,1.286,full
low,weighted,3400,"Washing machine, manual",variable,5.0,0.5,0.5,0.6,full
low,weighted,3400,Color TV - CRT screen,variable,6.0,7.5,7.5,24.75,full
low,weighted,3400,"Personal computer, LCD monitor",variable,7.0,0.75,0.75,5.062,full
low,weighted,3400,Others (miscellaneous),variable,8.0,2.0,2.0,0.017,full
low,weighted,3500,Lighting - Linear fluorescent tube,variable,1.0,5.0,5.0,3.0,full
low,weighted,3500,Electric fan #1,variable,2.0,8.0,8.0,28.8,full
low,weighted,3500,Electric fan #2,variable,3.0,10.0,10.0,18.0,full
low,weighted,3500,Electric flat iron,variable,4.0,0.5,0.5,1.286,full
low,weighted,3500,"Washing machine, manual",variable,5.0,0.5,0.5,0.6,full
low,weighted,3500,Color TV - CRT screen,variable,6.0,7.5,7.5,24.75,full
low,weighted,3500,"Personal computer, LCD monitor",variable,7.0,0.75,0.75,5.062,full
low,weighted,3500,Others (miscellaneous),variable,8.0,2.0,2.0,0.017,full
low,weighted,3600,Lighting - Linear fluorescent tube,variable,1.0,5.0,5.0,3.0,full
low,weighted,3600,Electric fan #1,variable,2.0,8.0,8.0,28.8,full
low,weighted,3600,Electric fan #2,variable,3.0,10.0,10.0,18.0,full
low,weighted,3600,Electric flat iron,variable,4.0,0.5,0.5,1.286,full
low,weighted,3600,"Washing machine, manual",variable,5.0,0.5,0.5,0.6,full
low,weighted,3600,Color TV - CRT screen,variable,6.0,7.5,7.5,24.75,full
low,weighted,3600,"Personal computer, LCD monitor",variable,7.0,0.75,0.75,5.062,full
low,weighted,3600,Others (miscellaneous),variable,8.0,2.0,2.0,0.017,full
low,weighted,3700,Lighting - Linear fluorescent tube,variable,1.0,5.0,5.0,3.0,full
low,weighted,3700,Electric fan #1,variable,2.0,8.0,8.0,28.8,full
low,weighted,3700,Electric fan #2,variable,3.0,10.0,10.0,18.0,full
low,weighted,3700,Electric flat iron,variable,4.0,0.5,0.5,1.286,full
low,weighted,3700,"Washing machine, manual",variable,5.0,0.5,0.5,0.6,full
low,weighted,3700,Color TV - CRT screen,variable,6.0,7.5,7.5,24.75,full
low,weighted,3700,"Personal computer, LCD monitor",variable,7.0,0.75,0.75,5.062,full
low,weighted,3700,Others (miscellaneous),variable,8.0,2.0,2.0,0.017,full
low,weighted,3800,Lighting - Linear fluorescent tube,variable,1.0,5.0,5.0,3.0,full
low,weighted,3800,Electric fan #1,variable,2.0,8.0,8.0,28.8,full
low,weighted,3800,Electric fan #2,variable,3.0,10.0,10.0,18.0,full
low,weighted,3800,Electric flat iron,variable,4.0,0.5,0.5,1.286,full
low,weighted,3800,"Washing machine, manual",variable,5.0,0.5,0.5,0.6,full
low,weighted,3800,Color TV - CRT screen,variable,6.0,7.5,7.5,24.75,full
low,weighted,3800,"Personal computer, LCD monitor",variable,7.0,0.75,0.75,5.062,full
low,weighted,3800,Others (miscellaneous),variable,8.0,2.0,2.0,0.017,full
low,weighted,3900,Lighting - Linear fluorescent tube,variable,1.0,5.0,5.0,3.0,full
low,weighted,3900,Electric fan #1,variable,2.0,8.0,8.0,28.8,full
low,weighted,3900,Electric fan #2,variable,3.0,10.0,10.0,18.0,full
low,weighted,3900,Electric flat iron,variable,4.0,0.5,0.5,1.286,full
low,weighted,3900,"Washing machine, manual",variable,5.0,0.5,0.5,0.6,full
low,weighted,3900,Color TV - CRT screen,variable,6.0,7.5,7.5,24.75,full
low,weighted,3900,"Personal computer, LCD monitor",variable,7.0,0.75,0.75,5.062,full
low,weighted,3900,Others (miscellaneous),variable,8.0,2.0,2.0,0.017,full
low,weighted,4000,Lighting - Linear fluorescent tube,variable,1.0,5.0,5.0,3.0,full
low,weighted,4000,Electric fan #1,variable,2.0,8.0,8.0,28.8,full
low,weighted,4000,Electric fan #2,variable,3.0,10.0,10.0,18.0,full
low,weighted,4000,Electric flat iron,variable,4.0,0.5,0.5,1.286,full
low,weighted,4000,"Washing machine, manual",variable,5.0,0.5,0.5,0.6,full
low,weighted,4000,Color TV - CRT screen,variable,6.0,7.5,7.5,24.75,full
low,weighted,4000,"Personal computer, LCD monitor",variable,7.0,0.75,0.75,5.062,full
low,weighted,4000,Others (miscellaneous),variable,8.0,2.0,2.0,0.017,full
low,weighted,4100,Lighting - Linear fluorescent tube,variable,1.0,5.0,5.0,3.0,full
low,weighted,4100,Electric fan #1,variable,2.0,8.0,8.0,28.8,full
low,weighted,4100,Electric fan #2,variable,3.0,10.0,10.0,18.0,full
low,weighted,4100,Electric flat iron,variable,4.0,0.5,0.5,1.286,full
low,weighted,4100,"Washing machine, manual",variable,5.0,0.5,0.5,0.6,full
low,weighted,4100,Color TV - CRT screen,variable,6.0,7.5,7.5,24.75,full
low,weighted,4100,"Personal computer, LCD monitor",variable,7.0,0.75,0.75,5.062,full
low,weighted,4100,Others (miscellaneous),variable,8.0,2.0,2.0,0.017,full
low,weighted,4200,Lighting - Linear fluorescent tube,variable,1.0,5.0,5.0,3.0,full
low,weighted,4200,Electric fan #1,variable,2.0,8.0,8.0,28.8,full
low,weighted,4200,Electric fan #2,variable,3.0,10.0,10.0,18.0,full
low,weighted,4200,Electric flat iron,variable,4.0,0.5,0.5,1.286,full
low,weighted,4200,"Washing machine, manual",variable,5.0,0.5,0.5,0.6,full
low,weighted,4200,Color TV - CRT screen,variable,6.0,7.5,7.5,24.75,full
low,weighted,4200,"Personal computer, LCD monitor",variable,7.0,0.75,0.75,5.062,full
low,weighted,4200,Others (miscellaneous),variable,8.0,2.0,2.0,0.017,full
low,weighted,4300,Lighting - Linear fluorescent tube,variable,1.0,5.0,5.0,3.0,full
low,weighted,4300,Electric fan #1,variable,2.0,8.0,8.0,28.8,full
low,weighted,4300,Electric fan #2,variable,3.0,10.0,10.0,18.0,full
low,weighted,4300,Electric flat iron,variable,4.0,0.5,0.5,1.286,full
low,weighted,4300,"Washing machine, manual",variable,5.0,0.5,0.5,0.6,full
low,weighted,4300,Color TV - CRT screen,variable,6.0,7.5,7.5,24.75,full
low,weighted,4300,"Personal computer, LCD monitor",variable,7.0,0.75,0.75,5.062,full
low,weighted,4300,Others (miscellaneous),variable,8.0,2.0,2.0,0.017,full
low,weighted,4400,Lighting - Linear fluorescent tube,variable,1.0,5.0,5.0,3.0,full
low,weighted,4400,Electric fan #1,variable,2.0,8.0,8.0,28.8,full
low,weighted,4400,Electric fan #2,variable,3.0,10.0,10.0,18.0,full
low,weighted,4400,Electric flat iron,variable,4.0,0.5,0.5,1.286,full
low,weighted,4400,"Washing machine, manual",variable,5.0,0.5,0.5,0.6,full
low,weighted,4400,Color TV - CRT screen,variable,6.0,7.5,7.5,24.75,full
low,weighted,4400,"Personal computer, LCD monitor",variable,7.0,0.75,0.75,5.062,full
low,weighted,4400,Others (miscellaneous),variable,8.0,2.0,2.0,0.017,full
low,weighted,4500,Lighting - Linear fluorescent tube,variable,1.0,5.0,5.0,3.0,full
low,weighted,4500,Electric fan #1,variable,2.0,8.0,8.0,28.8,full
low,weighted,4500,Electric fan #2,variable,3.0,10.0,10.0,18.0,full
low,weighted,4500,Electric flat iron,variable,4.0,0.5,0.5,1.286,full
low,weighted,4500,"Washing machine, manual",variable,5.0,0.5,0.5,0.6,full
low,weighted,4500,Color TV - CRT screen,variable,6.0,7.5,7.5,24.75,full
low,weighted,4500,"Personal computer, LCD monitor",variable,7.0,0.75,0.75,5.062,full
low,weighted,4500,Others (miscellaneous),variable,8.0,2.0,2.0,0.017,full
low,weighted,4600,Lighting - Linear fluorescent tube,variable,1.0,5.0,5.0,3.0,full
low,weighted,4600,Electric fan #1,variable,2.0,8.0,8.0,28.8,full
low,weighted,4600,Electric fan #2,variable,3.0,10.0,10.0,18.0,full
low,weighted,4600,Electric flat iron,variable,4.0,0.5,0.5,1.286,full
low,weighted,4600,"Washing machine, manual",variable,5.0,0.5,0.5,0.6,full
low,weighted,4600,Color TV - CRT screen,variable,6.0,7.5,7.5,24.75,full
low,weighted,4600,"Personal computer, LCD monitor",variable,7.0,0.75,0.75,5.062,full
low,weighted,4600,Others (miscellaneous),variable,8.0,2.0,2.0,0.017,full
low,weighted,4700,Lighting - Linear fluorescent tube,variable,1.0,5.0,5.0,3.0,full
low,weighted,4700,Electric fan #1,variable,2.0,8.0,8.0,28.8,full
low,weighted,4700,Electric fan #2,variable,3.0,10.0,10.0,18.0,full
low,weighted,4700,Electric flat iron,variable,4.0,0.5,0.5,1.286,full
low,weighted,4700,"Washing machine, manual",variable,5.0,0.5,0.5,0.6,full
low,weighted,4700,Color TV - CRT screen,variable,6.0,7.5,7.5,24.75,full
low,weighted,4700,"Personal computer, LCD monitor",variable,7.0,0.75,0.75,5.062,full
low,weighted,4700,Others (miscellaneous),variable,8.0,2.0,2.0,0.017,full
low,weighted,4800,Lighting - Linear fluorescent tube,variable,1.0,5.0,5.0,3.0,full
low,weighted,4800,Electric fan #1,variable,2.0,8.0,8.0,28.8,full
low,weighted,4800,Electric fan #2,variable,3.0,10.0,10.0,18.0,full
low,weighted,4800,Electric flat iron,variable,4.0,0.5,0.5,1.286,full
low,weighted,4800,"Washing machine, manual",variable,5.0,0.5,0.5,0.6,full
low,weighted,4800,Color TV - CRT screen,variable,6.0,7.5,7.5,24.75,full
low,weighted,4800,"Personal computer, LCD monitor",variable,7.0,0.75,0.75,5.062,full
low,weighted,4800,Others (miscellaneous),variable,8.0,2.0,2.0,0.017,full
low,weighted,4900,Lighting - Linear fluorescent tube,variable,1.0,5.0,5.0,3.0,full
low,weighted,4900,Electric fan #1,variable,2.0,8.0,8.0,28.8,full
low,weighted,4900,Electric fan #2,variable,3.0,10.0,10.0,18.0,full
low,weighted,4900,Electric flat iron,variable,4.0,0.5,0.5,1.286,full
low,weighted,4900,"Washing machine, manual",variable,5.0,0.5,0.5,0.6,full
low,weighted,4900,Color TV - CRT screen,variable,6.0,7.5,7.5,24.75,full
low,weighted,4900,"Personal computer, LCD monitor",variable,7.0,0.75,0.75,5.062,full
low,weighted,4900,Others (miscellaneous),variable,8.0,2.0,2.0,0.017,full
low,weighted,5000,Lighting - Linear fluorescent tube,variable,1.0,5.0,5.0,3.0,full
low,weighted,5000,Electric fan #1,variable,2.0,8.0,8.0,28.8,full
low,weighted,5000,Electric fan #2,variable,3.0,10.0,10.0,18.0,full
low,weighted,5000,Electric flat iron,variable,4.0,0.5,0.5,1.286,full
low,weighted,5000,"Washing machine, manual",variable,5.0,0.5,0.5,0.6,full
low,weighted,5000,Color TV - CRT screen,variable,6.0,7.5,7.5,24.75,full
low,weighted,5000,"Personal computer, LCD monitor",variable,7.0,0.75,0.75,5.062,full
low,weighted,5000,Others (miscellaneous),variable,8.0,2.0,2.0,0.017,full
low,weighted,5100,Lighting - Linear fluorescent tube,variable,1.0,5.0,5.0,3.0,full
low,weighted,5100,Electric fan #1,variable,2.0,8.0,8.0,28.8,full
low,weighted,5100,Electric fan #2,variable,3.0,10.0,10.0,18.0,full
low,weighted,5100,Electric flat iron,variable,4.0,0.5,0.5,1.286,full
low,weighted,5100,"Washing machine, manual",variable,5.0,0.5,0.5,0.6,full
low,weighted,5100,Color TV - CRT screen,variable,6.0,7.5,7.5,24.75,full
low,weighted,5100,"Personal computer, LCD monitor",variable,7.0,0.75,0.75,5.062,full
low,weighted,5100,Others (miscellaneous),variable,8.0,2.0,2.0,0.017,full
low,weighted,5200,Lighting - Linear fluorescent tube,variable,1.0,5.0,5.0,3.0,full
low,weighted,5200,Electric fan #1,variable,2.0,8.0,8.0,28.8,full
low,weighted,5200,Electric fan #2,variable,3.0,10.0,10.0,18.0,full
low,weighted,5200,Electric flat iron,variable,4.0,0.5,0.5,1.286,full
low,weighted,5200,"Washing machine, manual",variable,5.0,0.5,0.5,0.6,full
low,weighted,5200,Color TV - CRT screen,variable,6.0,7.5,7.5,24.75,full
low,weighted,5200,"Personal computer, LCD monitor",variable,7.0,0.75,0.75,5.062,full
low,weighted,5200,Others (miscellaneous),variable,8.0,2.0,2.0,0.017,full
low,weighted,5300,Lighting - Linear fluorescent tube,variable,1.0,5.0,5.0,3.0,full
low,weighted,5300,Electric fan #1,variable,2.0,8.0,8.0,28.8,full
low,weighted,5300,Electric fan #2,variable,3.0,10.0,10.0,18.0,full
low,weighted,5300,Electric flat iron,variable,4.0,0.5,0.5,1.286,full
low,weighted,5300,"Washing machine, manual",variable,5.0,0.5,0.5,0.6,full
low,weighted,5300,Color TV - CRT screen,variable,6.0,7.5,7.5,24.75,full
low,weighted,5300,"Personal computer, LCD monitor",variable,7.0,0.75,0.75,5.062,full
low,weighted,5300,Others (miscellaneous),variable,8.0,2.0,2.0,0.017,full
low,weighted,5400,Lighting - Linear fluorescent tube,variable,1.0,5.0,5.0,3.0,full
low,weighted,5400,Electric fan #1,variable,2.0,8.0,8.0,28.8,full
low,weighted,5400,Electric fan #2,variable,3.0,10.0,10.0,18.0,full
low,weighted,5400,Electric flat iron,variable,4.0,0.5,0.5,1.286,full
low,weighted,5400,"Washing machine, manual",variable,5.0,0.5,0.5,0.6,full
low,weighted,5400,Color TV - CRT screen,variable,6.0,7.5,7.5,24.75,full
low,weighted,5400,"Personal computer, LCD monitor",variable,7.0,0.75,0.75,5.062,full
low,weighted,5400,Others (miscellaneous),variable,8.0,2.0,2.0,0.017,full
low,weighted,5500,Lighting - Linear fluorescent tube,variable,1.0,5.0,5.0,3.0,full
low,weighted,5500,Electric fan #1,variable,2.0,8.0,8.0,28.8,full
low,weighted,5500,Electric fan #2,variable,3.0,10.0,10.0,18.0,full
low,weighted,5500,Electric flat iron,variable,4.0,0.5,0.5,1.286,full
low,weighted,5500,"Washing machine, manual",variable,5.0,0.5,0.5,0.6,full
low,weighted,5500,Color TV - CRT screen,variable,6.0,7.5,7.5,24.75,full
low,weighted,5500,"Personal computer, LCD monitor",variable,7.0,0.75,0.75,5.062,full
low,weighted,5500,Others (miscellaneous),variable,8.0,2.0,2.0,0.017,full
low,weighted,5600,Lighting - Linear fluorescent tube,variable,1.0,5.0,5.0,3.0,full
low,weighted,5600,Electric fan #1,variable,2.0,8.0,8.0,28.8,full
low,weighted,5600,Electric fan #2,variable,3.0,10.0,10.0,18.0,full
low,weighted,5600,Electric flat iron,variable,4.0,0.5,0.5,1.286,full
low,weighted,5600,"Washing machine, manual",variable,5.0,0.5,0.5,0.6,full
low,weighted,5600,Color TV - CRT screen,variable,6.0,7.5,7.5,24.75,full
low,weighted,5600,"Personal computer, LCD monitor",variable,7.0,0.75,0.75,5.062,full
low,weighted,5600,Others (miscellaneous),variable,8.0,2.0,2.0,0.017,full
low,weighted,5700,Lighting - Linear fluorescent tube,variable,1.0,5.0,5.0,3.0,full
low,weighted,5700,Electric fan #1,variable,2.0,8.0,8.0,28.8,full
low,weighted,5700,Electric fan #2,variable,3.0,10.0,10.0,18.0,full
low,weighted,5700,Electric flat iron,variable,4.0,0.5,0.5,1.286,full
low,weighted,5700,"Washing machine, manual",variable,5.0,0.5,0.5,0.6,full
low,weighted,5700,Color TV - CRT screen,variable,6.0,7.5,7.5,24.75,full
low,weighted,5700,"Personal computer, LCD monitor",variable,7.0,0.75,0.75,5.062,full
low,weighted,5700,Others (miscellaneous),variable,8.0,2.0,2.0,0.017,full
low,weighted,5800,Lighting - Linear fluorescent tube,variable,1.0,5.0,5.0,3.0,full
low,weighted,5800,Electric fan #1,variable,2.0,8.0,8.0,28.8,full
low,weighted,5800,Electric fan #2,variable,3.0,10.0,10.0,18.0,full
low,weighted,5800,Electric flat iron,variable,4.0,0.5,0.5,1.286,full
low,weighted,5800,"Washing machine, manual",variable,5.0,0.5,0.5,0.6,full
low,weighted,5800,Color TV - CRT screen,variable,6.0,7.5,7.5,24.75,full
low,weighted,5800,"Personal computer, LCD monitor",variable,7.0,0.75,0.75,5.062,full
low,weighted,5800,Others (miscellaneous),variable,8.0,2.0,2.0,0.017,full
low,weighted,5900,Lighting - Linear fluorescent tube,variable,1.0,5.0,5.0,3.0,full
low,weighted,5900,Electric fan #1,variable,2.0,8.0,8.0,28.8,full
low,weighted,5900,Electric fan #2,variable,3.0,10.0,10.0,18.0,full
low,weighted,5900,Electric flat iron,variable,4.0,0.5,0.5,1.286,full
low,weighted,5900,"Washing machine, manual",variable,5.0,0.5,0.5,0.6,full
low,weighted,5900,Color TV - CRT screen,variable,6.0,7.5,7.5,24.75,full
low,weighted,5900,"Personal computer, LCD monitor",variable,7.0,0.75,0.75,5.062,full
low,weighted,5900,Others (miscellaneous),variable,8.0,2.0,2.0,0.017,full
low,weighted,6000,Lighting - Linear fluorescent tube,variable,1.0,5.0,5.0,3.0,full
low,weighted,6000,Electric fan #1,variable,2.0,8.0,8.0,28.8,full
low,weighted,6000,Electric fan #2,variable,3.0,10.0,10.0,18.0,full
low,weighted,6000,Electric flat iron,variable,4.0,0.5,0.5,1.286,full
low,weighted,6000,"Washing machine, manual",variable,5.0,0.5,0.5,0.6,full
low,weighted,6000,Color TV - CRT screen,variable,6.0,7.5,7.5,24.75,full
low,weighted,6000,"Personal computer, LCD monitor",variable,7.0,0.75,0.75,5.062,full
low,weighted,6000,Others (miscellaneous),variable,8.0,2.0,2.0,0.017,full
low,weighted,6100,Lighting - Linear fluorescent tube,variable,1.0,5.0,5.0,3.0,full
low,weighted,6100,Electric fan #1,variable,2.0,8.0,8.0,28.8,full
low,weighted,6100,Electric fan #2,variable,3.0,10.0,10.0,18.0,full
low,weighted,6100,Electric flat iron,variable,4.0,0.5,0.5,1.286,full
low,weighted,6100,"Washing machine, manual",variable,5.0,0.5,0.5,0.6,full
low,weighted,6100,Color TV - CRT screen,variable,6.0,7.5,7.5,24.75,full
low,weighted,6100,"Personal computer, LCD monitor",variable,7.0,0.75,0.75,5.062,full
low,weighted,6100,Others (miscellaneous),variable,8.0,2.0,2.0,0.017,full
low,weighted,6200,Lighting - Linear fluorescent tube,variable,1.0,5.0,5.0,3.0,full
low,weighted,6200,Electric fan #1,variable,2.0,8.0,8.0,28.8,full
low,weighted,6200,Electric fan #2,variable,3.0,10.0,10.0,18.0,full
low,weighted,6200,Electric flat iron,variable,4.0,0.5,0.5,1.286,full
low,weighted,6200,"Washing machine, manual",variable,5.0,0.5,0.5,0.6,full
low,weighted,6200,Color TV - CRT screen,variable,6.0,7.5,7.5,24.75,full
low,weighted,6200,"Personal computer, LCD monitor",variable,7.0,0.75,0.75,5.062,full
low,weighted,6200,Others (miscellaneous),variable,8.0,2.0,2.0,0.017,full
low,weighted,6300,Lighting - Linear fluorescent tube,variable,1.0,5.0,5.0,3.0,full
low,weighted,6300,Electric fan #1,variable,2.0,8.0,8.0,28.8,full
low,weighted,6300,Electric fan #2,variable,3.0,10.0,10.0,18.0,full
low,weighted,6300,Electric flat iron,variable,4.0,0.5,0.5,1.286,full
low,weighted,6300,"Washing machine, manual",variable,5.0,0.5,0.5,0.6,full
low,weighted,6300,Color TV - CRT screen,variable,6.0,7.5,7.5,24.75,full
low,weighted,6300,"Personal computer, LCD monitor",variable,7.0,0.75,0.75,5.062,full
low,weighted,6300,Others (miscellaneous),variable,8.0,2.0,2.0,0.017,full
low,weighted,6400,Lighting - Linear fluorescent tube,variable,1.0,5.0,5.0,3.0,full
low,weighted,6400,Electric fan #1,variable,2.0,8.0,8.0,28.8,full
low,weighted,6400,Electric fan #2,variable,3.0,10.0,10.0,18.0,full
low,weighted,6400,Electric flat iron,variable,4.0,0.5,0.5,1.286,full
low,weighted,6400,"Washing machine, manual",variable,5.0,0.5,0.5,0.6,full
low,weighted,6400,Color TV - CRT screen,variable,6.0,7.5,7.5,24.75,full
low,weighted,6400,"Personal computer, LCD monitor",variable,7.0,0.75,0.75,5.062,full
low,weighted,6400,Others (miscellaneous),variable,8.0,2.0,2.0,0.017,full
low,weighted,6500,Lighting - Linear fluorescent tube,variable,1.0,5.0,5.0,3.0,full
low,weighted,6500,Electric fan #1,variable,2.0,8.0,8.0,28.8,full
low,weighted,6500,Electric fan #2,variable,3.0,10.0,10.0,18.0,full
low,weighted,6500,Electric flat iron,variable,4.0,0.5,0.5,1.286,full
low,weighted,6500,"Washing machine, manual",variable,5.0,0.5,0.5,0.6,full
low,weighted,6500,Color TV - CRT screen,variable,6.0,7.5,7.5,24.75,full
low,weighted,6500,"Personal computer, LCD monitor",variable,7.0,0.75,0.75,5.062,full
low,weighted,6500,Others (miscellaneous),variable,8.0,2.0,2.0,0.017,full
low,weighted,6600,Lighting - Linear fluorescent tube,variable,1.0,5.0,5.0,3.0,full
low,weighted,6600,Electric fan #1,variable,2.0,8.0,8.0,28.8,full
low,weighted,6600,Electric fan #2,variable,3.0,10.0,10.0,18.0,full
low,weighted,6600,Electric flat iron,variable,4.0,0.5,0.5,1.286,full
low,weighted,6600,"Washing machine, manual",variable,5.0,0.5,0.5,0.6,full
low,weighted,6600,Color TV - CRT screen,variable,6.0,7.5,7.5,24.75,full
low,weighted,6600,"Personal computer, LCD monitor",variable,7.0,0.75,0.75,5.062,full
low,weighted,6600,Others (miscellaneous),variable,8.0,2.0,2.0,0.017,full
low,weighted,6700,Lighting - Linear fluorescent tube,variable,1.0,5.0,5.0,3.0,full
low,weighted,6700,Electric fan #1,variable,2.0,8.0,8.0,28.8,full
low,weighted,6700,Electric fan #2,variable,3.0,10.0,10.0,18.0,full
low,weighted,6700,Electric flat iron,variable,4.0,0.5,0.5,1.286,full
low,weighted,6700,"Washing machine, manual",variable,5.0,0.5,0.5,0.6,full
low,weighted,6700,Color TV - CRT screen,variable,6.0,7.5,7.5,24.75,full
low,weighted,6700,"Personal computer, LCD monitor",variable,7.0,0.75,0.75,5.062,full
low,weighted,6700,Others (miscellaneous),variable,8.0,2.0,2.0,0.017,full
low,weighted,6800,Lighting - Linear fluorescent tube,variable,1.0,5.0,5.0,3.0,full
low,weighted,6800,Electric fan #1,variable,2.0,8.0,8.0,28.8,full
low,weighted,6800,Electric fan #2,variable,3.0,10.0,10.0,18.0,full
low,weighted,6800,Electric flat iron,variable,4.0,0.5,0.5,1.286,full
low,weighted,6800,"Washing machine, manual",variable,5.0,0.5,0.5,0.6,full
low,weighted,6800,Color TV - CRT screen,variable,6.0,7.5,7.5,24.75,full
low,weighted,6800,"Personal computer, LCD monitor",variable,7.0,0.75,0.75,5.062,full
low,weighted,6800,Others (miscellaneous),variable,8.0,2.0,2.0,0.017,full
low,weighted,6900,Lighting - Linear fluorescent tube,variable,1.0,5.0,5.0,3.0,full
low,weighted,6900,Electric fan #1,variable,2.0,8.0,8.0,28.8,full
low,weighted,6900,Electric fan #2,variable,3.0,10.0,10.0,18.0,full
low,weighted,6900,Electric flat iron,variable,4.0,0.5,0.5,1.286,full
low,weighted,6900,"Washing machine, manual",variable,5.0,0.5,0.5,0.6,full
low,weighted,6900,Color TV - CRT screen,variable,6.0,7.5,7.5,24.75,full
low,weighted,6900,"Personal computer, LCD monitor",variable,7.0,0.75,0.75,5.062,full
low,weighted,6900,Others (miscellaneous),variable,8.0,2.0,2.0,0.017,full
low,weighted,7000,Lighting - Linear fluorescent tube,variable,1.0,5.0,5.0,3.0,full
low,weighted,7000,Electric fan #1,variable,2.0,8.0,8.0,28.8,full
low,weighted,7000,Electric fan #2,variable,3.0,10.0,10.0,18.0,full
low,weighted,7000,Electric flat iron,variable,4.0,0.5,0.5,1.286,full
low,weighted,7000,"Washing machine, manual",variable,5.0,0.5,0.5,0.6,full
low,weighted,7000,Color TV - CRT screen,variable,6.0,7.5,7.5,24.75,full
low,weighted,7000,"Personal computer, LCD monitor",variable,7.0,0.75,0.75,5.062,full
low,weighted,7000,Others (miscellaneous),variable,8.0,2.0,2.0,0.017,full
low,weighted,7100,Lighting - Linear fluorescent tube,variable,1.0,5.0,5.0,3.0,full
low,weighted,7100,Electric fan #1,variable,2.0,8.0,8.0,28.8,full
low,weighted,7100,Electric fan #2,variable,3.0,10.0,10.0,18.0,full
low,weighted,7100,Electric flat iron,variable,4.0,0.5,0.5,1.286,full
low,weighted,7100,"Washing machine, manual",variable,5.0,0.5,0.5,0.6,full
low,weighted,7100,Color TV - CRT screen,variable,6.0,7.5,7.5,24.75,full
low,weighted,7100,"Personal computer, LCD monitor",variable,7.0,0.75,0.75,5.062,full
low,weighted,7100,Others (miscellaneous),variable,8.0,2.0,2.0,0.017,full
low,weighted,7200,Lighting - Linear fluorescent tube,variable,1.0,5.0,5.0,3.0,full
low,weighted,7200,Electric fan #1,variable,2.0,8.0,8.0,28.8,full
low,weighted,7200,Electric fan #2,variable,3.0,10.0,10.0,18.0,full
low,weighted,7200,Electric flat iron,variable,4.0,0.5,0.5,1.286,full
low,weighted,7200,"Washing machine, manual",variable,5.0,0.5,0.5,0.6,full
low,weighted,7200,Color TV - CRT screen,variable,6.0,7.5,7.5,24.75,full
low,weighted,7200,"Personal computer, LCD monitor",variable,7.0,0.75,0.75,5.062,full
low,weighted,7200,Others (miscellaneous),variable,8.0,2.0,2.0,0.017,full
low,weighted,7300,Lighting - Linear fluorescent tube,variable,1.0,5.0,5.0,3.0,full
low,weighted,7300,Electric fan #1,variable,2.0,8.0,8.0,28.8,full
low,weighted,7300,Electric fan #2,variable,3.0,10.0,10.0,18.0,full
low,weighted,7300,Electric flat iron,variable,4.0,0.5,0.5,1.286,full
low,weighted,7300,"Washing machine, manual",variable,5.0,0.5,0.5,0.6,full
low,weighted,7300,Color TV - CRT screen,variable,6.0,7.5,7.5,24.75,full
low,weighted,7300,"Personal computer, LCD monitor",variable,7.0,0.75,0.75,5.062,full
low,weighted,7300,Others (miscellaneous),variable,8.0,2.0,2.0,0.017,full
low,weighted,7400,Lighting - Linear fluorescent tube,variable,1.0,5.0,5.0,3.0,full
low,weighted,7400,Electric fan #1,variable,2.0,8.0,8.0,28.8,full
low,weighted,7400,Electric fan #2,variable,3.0,10.0,10.0,18.0,full
low,weighted,7400,Electric flat iron,variable,4.0,0.5,0.5,1.286,full
low,weighted,7400,"Washing machine, manual",variable,5.0,0.5,0.5,0.6,full
low,weighted,7400,Color TV - CRT screen,variable,6.0,7.5,7.5,24.75,full
low,weighted,7400,"Personal computer, LCD monitor",variable,7.0,0.75,0.75,5.062,full
low,weighted,7400,Others (miscellaneous),variable,8.0,2.0,2.0,0.017,full
low,weighted,7500,Lighting - Linear fluorescent tube,variable,1.0,5.0,5.0,3.0,full
low,weighted,7500,Electric fan #1,variable,2.0,8.0,8.0,28.8,full
low,weighted,7500,Electric fan #2,variable,3.0,10.0,10.0,18.0,full
low,weighted,7500,Electric flat iron,variable,4.0,0.5,0.5,1.286,full
low,weighted,7500,"Washing machine, manual",variable,5.0,0.5,0.5,0.6,full
low,weighted,7500,Color TV - CRT screen,variable,6.0,7.5,7.5,24.75,full
low,weighted,7500,"Personal computer, LCD monitor",variable,7.0,0.75,0.75,5.062,full
low,weighted,7500,Others (miscellaneous),variable,8.0,2.0,2.0,0.017,full
low,weighted,7600,Lighting - Linear fluorescent tube,variable,1.0,5.0,5.0,3.0,full
low,weighted,7600,Electric fan #1,variable,2.0,8.0,8.0,28.8,full
low,weighted,7600,Electric fan #2,variable,3.0,10.0,10.0,18.0,full
low,weighted,7600,Electric flat iron,variable,4.0,0.5,0.5,1.286,full
low,weighted,7600,"Washing machine, manual",variable,5.0,0.5,0.5,0.6,full
low,weighted,7600,Color TV - CRT screen,variable,6.0,7.5,7.5,24.75,full
low,weighted,7600,"Personal computer, LCD monitor",variable,7.0,0.75,0.75,5.062,full
low,weighted,7600,Others (miscellaneous),variable,8.0,2.0,2.0,0.017,full
low,weighted,7700,Lighting - Linear fluorescent tube,variable,1.0,5.0,5.0,3.0,full
low,weighted,7700,Electric fan #1,variable,2.0,8.0,8.0,28.8,full
low,weighted,7700,Electric fan #2,variable,3.0,10.0,10.0,18.0,full
low,weighted,7700,Electric flat iron,variable,4.0,0.5,0.5,1.286,full
low,weighted,7700,"Washing machine, manual",variable,5.0,0.5,0.5,0.6,full
low,weighted,7700,Color TV - CRT screen,variable,6.0,7.5,7.5,24.75,full
low,weighted,7700,"Personal computer, LCD monitor",variable,7.0,0.75,0.75,5.062,full
low,weighted,7700,Others (miscellaneous),variable,8.0,2.0,2.0,0.017,full
low,weighted,7800,Lighting - Linear fluorescent tube,variable,1.0,5.0,5.0,3.0,full
low,weighted,7800,Electric fan #1,variable,2.0,8.0,8.0,28.8,full
low,weighted,7800,Electric fan #2,variable,3.0,10.0,10.0,18.0,full
low,weighted,7800,Electric flat iron,variable,4.0,0.5,0.5,1.286,full
low,weighted,7800,"Washing machine, manual",variable,5.0,0.5,0.5,0.6,full
low,weighted,7800,Color TV - CRT screen,variable,6.0,7.5,7.5,24.75,full
low,weighted,7800,"Personal computer, LCD monitor",variable,7.0,0.75,0.75,5.062,full
low,weighted,7800,Others (miscellaneous),variable,8.0,2.0,2.0,0.017,full
low,weighted,7900,Lighting - Linear fluorescent tube,variable,1.0,5.0,5.0,3.0,full
low,weighted,7900,Electric fan #1,variable,2.0,8.0,8.0,28.8,full
low,weighted,7900,Electric fan #2,variable,3.0,10.0,10.0,18.0,full
low,weighted,7900,Electric flat iron,variable,4.0,0.5,0.5,1.286,full
low,weighted,7900,"Washing machine, manual",variable,5.0,0.5,0.5,0.6,full
low,weighted,7900,Color TV - CRT screen,variable,6.0,7.5,7.5,24.75,full
low,weighted,7900,"Personal computer, LCD monitor",variable,7.0,0.75,0.75,5.062,full
low,weighted,7900,Others (miscellaneous),variable,8.0,2.0,2.0,0.017,full
low,weighted,8000,Lighting - Linear fluorescent tube,variable,1.0,5.0,5.0,3.0,full
low,weighted,8000,Electric fan #1,variable,2.0,8.0,8.0,28.8,full
low,weighted,8000,Electric fan #2,variable,3.0,10.0,10.0,18.0,full
low,weighted,8000,Electric flat iron,variable,4.0,0.5,0.5,1.286,full
low,weighted,8000,"Washing machine, manual",variable,5.0,0.5,0.5,0.6,full
low,weighted,8000,Color TV - CRT screen,variable,6.0,7.5,7.5,24.75,full
low,weighted,8000,"Personal computer, LCD monitor",variable,7.0,0.75,0.75,5.062,full
low,weighted,8000,Others (miscellaneous),variable,8.0,2.0,2.0,0.017,full
median,strict,1100,"Refrigerator, ordinary",fixed,,24.0,24.0,72.0,always on
median,strict,1100,Lighting - Linear fluorescent tube #1,variable,1.0,1.25,3.0,1.875,below minimum
median,strict,1100,Lighting - Linear fluorescent tube #2,variable,2.0,0.0,4.0,0.0,OFF (sacrificed)
median,strict,1100,Lighting - Compact fluorescent lamp (CFL) #2,variable,3.0,0.0,2.0,0.0,OFF (sacrificed)
median,strict,1100,Lighting - Compact fluorescent lamp (CFL) #3,variable,4.0,0.0,6.0,0.0,OFF (sacrificed)
median,strict,1100,Lighting - Compact fluorescent lamp (CFL) #1,variable,5.0,0.0,4.0,0.0,OFF (sacrificed)
median,strict,1100,Electric fan #1,variable,6.0,0.0,4.0,0.0,OFF (sacrificed)
median,strict,1100,Electric fan #2,variable,7.0,0.0,5.0,0.0,OFF (sacrificed)
median,strict,1100,Electric flat iron,variable,8.0,0.0,1.0,0.0,OFF (sacrificed)
median,strict,1100,"Washing machine, manual",variable,9.0,0.0,2.0,0.0,OFF (sacrificed)
median,strict,1100,Color TV - CRT screen #1,variable,10.0,0.0,4.0,0.0,OFF (sacrificed)
median,strict,1100,Color TV - CRT screen #2,variable,11.0,0.0,2.0,0.0,OFF (sacrificed)
median,strict,1100,Oven toaster,variable,12.0,0.0,0.1,0.0,OFF (sacrificed)
median,strict,1100,VHS/Betamax/laser disc (video casette recorder/player & rewinder),variable,13.0,0.25,2.0,0.021,reduced
median,strict,1100,Others (miscellaneous),variable,14.0,0.0,2.0,0.0,OFF (sacrificed)
median,strict,1200,"Refrigerator, ordinary",fixed,,24.0,24.0,72.0,always on
median,strict,1200,Lighting - Linear fluorescent tube #1,variable,1.0,2.0,3.0,3.0,minimum only
median,strict,1200,Lighting - Linear fluorescent tube #2,variable,2.0,2.0,4.0,1.8,minimum only
median,strict,1200,Lighting - Compact fluorescent lamp (CFL) #2,variable,3.0,2.0,2.0,2.16,full
median,strict,1200,Lighting - Compact fluorescent lamp (CFL) #3,variable,4.0,2.0,6.0,1.08,minimum only
median,strict,1200,Lighting - Compact fluorescent lamp (CFL) #1,variable,5.0,0.5,4.0,0.675,below minimum
median,strict,1200,Electric fan #1,variable,6.0,0.0,4.0,0.0,OFF (sacrificed)
median,strict,1200,Electric fan #2,variable,7.0,0.0,5.0,0.0,OFF (sacrificed)
median,strict,1200,Electric flat iron,variable,8.0,0.0,1.0,0.0,OFF (sacrificed)
median,strict,1200,"Washing machine, manual",variable,9.0,0.0,2.0,0.0,OFF (sacrificed)
median,strict,1200,Color TV - CRT screen #1,variable,10.0,0.0,4.0,0.0,OFF (sacrificed)
median,strict,1200,Color TV - CRT screen #2,variable,11.0,0.0,2.0,0.0,OFF (sacrificed)
median,strict,1200,Oven toaster,variable,12.0,0.0,0.1,0.0,OFF (sacrificed)
median,strict,1200,VHS/Betamax/laser disc (video casette recorder/player & rewinder),variable,13.0,0.5,2.0,0.043,reduced
median,strict,1200,Others (miscellaneous),variable,14.0,0.0,2.0,0.0,OFF (sacrificed)
median,strict,1300,"Refrigerator, ordinary",fixed,,24.0,24.0,72.0,always on
median,strict,1300,Lighting - Linear fluorescent tube #1,variable,1.0,3.0,3.0,4.5,full
median,strict,1300,Lighting - Linear fluorescent tube #2,variable,2.0,4.0,4.0,3.6,full
median,strict,1300,Lighting - Compact fluorescent lamp (CFL) #2,variable,3.0,2.0,2.0,2.16,full
median,strict,1300,Lighting - Compact fluorescent lamp (CFL) #3,variable,4.0,4.75,6.0,2.565,reduced
median,strict,1300,Lighting - Compact fluorescent lamp (CFL) #1,variable,5.0,2.0,4.0,2.7,minimum only
median,strict,1300,Electric fan #1,variable,6.0,0.0,4.0,0.0,OFF (sacrificed)
median,strict,1300,Electric fan #2,variable,7.0,0.0,5.0,0.0,OFF (sacrificed)
median,strict,1300,Electric flat iron,variable,8.0,0.0,1.0,0.0,OFF (sacrificed)
median,strict,1300,"Washing machine, manual",variable,9.0,0.0,2.0,0.0,OFF (sacrificed)
median,strict,1300,Color TV - CRT screen #1,variable,10.0,0.0,4.0,0.0,OFF (sacrificed)
median,strict,1300,Color TV - CRT screen #2,variable,11.0,0.0,2.0,0.0,OFF (sacrificed)
median,strict,1300,Oven toaster,variable,12.0,0.0,0.1,0.0,OFF (sacrificed)
median,strict,1300,VHS/Betamax/laser disc (video casette recorder/player & rewinder),variable,13.0,1.25,2.0,0.107,reduced
median,strict,1300,Others (miscellaneous),variable,14.0,0.0,2.0,0.0,OFF (sacrificed)
median,strict,1400,"Refrigerator, ordinary",fixed,,24.0,24.0,72.0,always on
median,strict,1400,Lighting - Linear fluorescent tube #1,variable,1.0,3.0,3.0,4.5,full
median,strict,1400,Lighting - Linear fluorescent tube #2,variable,2.0,4.0,4.0,3.6,full
median,strict,1400,Lighting - Compact fluorescent lamp (CFL) #2,variable,3.0,2.0,2.0,2.16,full
median,strict,1400,Lighting - Compact fluorescent lamp (CFL) #3,variable,4.0,6.0,6.0,3.24,full
median,strict,1400,Lighting - Compact fluorescent lamp (CFL) #1,variable,5.0,4.0,4.0,5.4,full
median,strict,1400,Electric fan #1,variable,6.0,1.5,4.0,3.6,reduced
median,strict,1400,Electric fan #2,variable,7.0,0.0,5.0,0.0,OFF (sacrificed)
median,strict,1400,Electric flat iron,variable,8.0,0.0,1.0,0.0,OFF (sacrificed)
median,strict,1400,"Washing machine, manual",variable,9.0,0.0,2.0,0.0,OFF (sacrificed)
median,strict,1400,Color TV - CRT screen #1,variable,10.0,0.0,4.0,0.0,OFF (sacrificed)
median,strict,1400,Color TV - CRT screen #2,variable,11.0,0.0,2.0,0.0,OFF (sacrificed)
median,strict,1400,Oven toaster,variable,12.0,0.0,0.1,0.0,OFF (sacrificed)
median,strict,1400,VHS/Betamax/laser disc (video casette recorder/player & rewinder),variable,13.0,0.0,2.0,0.0,OFF (sacrificed)
median,strict,1400,Others (miscellaneous),variable,14.0,0.0,2.0,0.0,OFF (sacrificed)
median,strict,1500,"Refrigerator, ordinary",fixed,,24.0,24.0,72.0,always on
median,strict,1500,Lighting - Linear fluorescent tube #1,variable,1.0,3.0,3.0,4.5,full
median,strict,1500,Lighting - Linear fluorescent tube #2,variable,2.0,4.0,4.0,3.6,full
median,strict,1500,Lighting - Compact fluorescent lamp (CFL) #2,variable,3.0,2.0,2.0,2.16,full
median,strict,1500,Lighting - Compact fluorescent lamp (CFL) #3,variable,4.0,6.0,6.0,3.24,full
median,strict,1500,Lighting - Compact fluorescent lamp (CFL) #1,variable,5.0,4.0,4.0,5.4,full
median,strict,1500,Electric fan #1,variable,6.0,4.0,4.0,9.6,full
median,strict,1500,Electric fan #2,variable,7.0,0.25,5.0,0.6,reduced
median,strict,1500,Electric flat iron,variable,8.0,0.0,1.0,0.0,OFF (sacrificed)
median,strict,1500,"Washing machine, manual",variable,9.0,0.0,2.0,0.0,OFF (sacrificed)
median,strict,1500,Color TV - CRT screen #1,variable,10.0,0.0,4.0,0.0,OFF (sacrificed)
median,strict,1500,Color TV - CRT screen #2,variable,11.0,0.0,2.0,0.0,OFF (sacrificed)
median,strict,1500,Oven toaster,variable,12.0,0.0,0.1,0.0,OFF (sacrificed)
median,strict,1500,VHS/Betamax/laser disc (video casette recorder/player & rewinder),variable,13.0,2.0,2.0,0.171,full
median,strict,1500,Others (miscellaneous),variable,14.0,0.75,2.0,0.09,reduced
median,strict,1600,"Refrigerator, ordinary",fixed,,24.0,24.0,72.0,always on
median,strict,1600,Lighting - Linear fluorescent tube #1,variable,1.0,3.0,3.0,4.5,full
median,strict,1600,Lighting - Linear fluorescent tube #2,variable,2.0,4.0,4.0,3.6,full
median,strict,1600,Lighting - Compact fluorescent lamp (CFL) #2,variable,3.0,2.0,2.0,2.16,full
median,strict,1600,Lighting - Compact fluorescent lamp (CFL) #3,variable,4.0,6.0,6.0,3.24,full
median,strict,1600,Lighting - Compact fluorescent lamp (CFL) #1,variable,5.0,4.0,4.0,5.4,full
median,strict,1600,Electric fan #1,variable,6.0,4.0,4.0,9.6,full
median,strict,1600,Electric fan #2,variable,7.0,3.0,5.0,7.2,reduced
median,strict,1600,Electric flat iron,variable,8.0,0.0,1.0,0.0,OFF (sacrificed)
median,strict,1600,"Washing machine, manual",variable,9.0,0.25,2.0,0.3,reduced
median,strict,1600,Color TV - CRT screen #1,variable,10.0,0.0,4.0,0.0,OFF (sacrificed)
median,strict,1600,Color TV - CRT screen #2,variable,11.0,0.0,2.0,0.0,OFF (sacrificed)
median,strict,1600,Oven toaster,variable,12.0,0.0,0.1,0.0,OFF (sacrificed)
median,strict,1600,VHS/Betamax/laser disc (video casette recorder/player & rewinder),variable,13.0,2.0,2.0,0.171,full
median,strict,1600,Others (miscellaneous),variable,14.0,0.5,2.0,0.06,reduced
median,strict,1700,"Refrigerator, ordinary",fixed,,24.0,24.0,72.0,always on
median,strict,1700,Lighting - Linear fluorescent tube #1,variable,1.0,3.0,3.0,4.5,full
median,strict,1700,Lighting - Linear fluorescent tube #2,variable,2.0,4.0,4.0,3.6,full
median,strict,1700,Lighting - Compact fluorescent lamp (CFL) #2,variable,3.0,2.0,2.0,2.16,full
median,strict,1700,Lighting - Compact fluorescent lamp (CFL) #3,variable,4.0,6.0,6.0,3.24,full
median,strict,1700,Lighting - Compact fluorescent lamp (CFL) #1,variable,5.0,4.0,4.0,5.4,full
median,strict,1700,Electric fan #1,variable,6.0,4.0,4.0,9.6,full
median,strict,1700,Electric fan #2,variable,7.0,5.0,5.0,12.0,full
median,strict,1700,Electric flat iron,variable,8.0,1.0,1.0,2.571,full
median,strict,1700,"Washing machine, manual",variable,9.0,0.0,2.0,0.0,OFF (sacrificed)
median,strict,1700,Color TV - CRT screen #1,variable,10.0,0.0,4.0,0.0,OFF (sacrificed)
median,strict,1700,Color TV - CRT screen #2,variable,11.0,0.0,2.0,0.0,OFF (sacrificed)
median,strict,1700,Oven toaster,variable,12.0,0.0,0.1,0.0,OFF (sacrificed)
median,strict,1700,VHS/Betamax/laser disc (video casette recorder/player & rewinder),variable,13.0,0.5,2.0,0.043,reduced
median,strict,1700,Others (miscellaneous),variable,14.0,0.0,2.0,0.0,OFF (sacrificed)
median,strict,1800,"Refrigerator, ordinary",fixed,,24.0,24.0,72.0,always on
median,strict,1800,Lighting - Linear fluorescent tube #1,variable,1.0,3.0,3.0,4.5,full
median,strict,1800,Lighting - Linear fluorescent tube #2,variable,2.0,4.0,4.0,3.6,full
median,strict,1800,Lighting - Compact fluorescent lamp (CFL) #2,variable,3.0,2.0,2.0,2.16,full
median,strict,1800,Lighting - Compact fluorescent lamp (CFL) #3,variable,4.0,6.0,6.0,3.24,full
median,strict,1800,Lighting - Compact fluorescent lamp (CFL) #1,variable,5.0,4.0,4.0,5.4,full
median,strict,1800,Electric fan #1,variable,6.0,4.0,4.0,9.6,full
median,strict,1800,Electric fan #2,variable,7.0,5.0,5.0,12.0,full
median,strict,1800,Electric flat iron,variable,8.0,1.0,1.0,2.571,full
median,strict,1800,"Washing machine, manual",variable,9.0,2.0,2.0,2.4,full
median,strict,1800,Color TV - CRT screen #1,variable,10.0,1.25,4.0,4.125,reduced
median,strict,1800,Color TV - CRT screen #2,variable,11.0,0.0,2.0,0.0,OFF (sacrificed)
median,strict,1800,Oven toaster,variable,12.0,0.1,0.1,0.321,full
median,strict,1800,VHS/Betamax/laser disc (video casette recorder/player & rewinder),variable,13.0,0.75,2.0,0.064,reduced
median,strict,1800,Others (miscellaneous),variable,14.0,0.0,2.0,0.0,OFF (sacrificed)
median,strict,1900,"Refrigerator, ordinary",fixed,,24.0,24.0,72.0,always on
median,strict,1900,Lighting - Linear fluorescent tube #1,variable,1.0,3.0,3.0,4.5,full
median,strict,1900,Lighting - Linear fluorescent tube #2,variable,2.0,4.0,4.0,3.6,full
median,strict,1900,Lighting - Compact fluorescent lamp (CFL) #2,variable,3.0,2.0,2.0,2.16,full
median,strict,1900,Lighting - Compact fluorescent lamp (CFL) #3,variable,4.0,6.0,6.0,3.24,full
median,strict,1900,Lighting - Compact fluorescent lamp (CFL) #1,variable,5.0,4.0,4.0,5.4,full
median,strict,1900,Electric fan #1,variable,6.0,4.0,4.0,9.6,full
median,strict,1900,Electric fan #2,variable,7.0,5.0,5.0,12.0,full
median,strict,1900,Electric flat iron,variable,8.0,1.0,1.0,2.571,full
median,strict,1900,"Washing machine, manual",variable,9.0,2.0,2.0,2.4,full
median,strict,1900,Color TV - CRT screen #1,variable,10.0,3.25,4.0,10.725,reduced
median,strict,1900,Color TV - CRT screen #2,variable,11.0,0.25,2.0,0.6,reduced
median,strict,1900,Oven toaster,variable,12.0,0.0,0.1,0.0,OFF (sacrificed)
median,strict,1900,VHS/Betamax/laser disc (video casette recorder/player & rewinder),variable,13.0,0.5,2.0,0.043,reduced
median,strict,1900,Others (miscellaneous),variable,14.0,0.0,2.0,0.0,OFF (sacrificed)
median,strict,2000,"Refrigerator, ordinary",fixed,,24.0,24.0,72.0,always on
median,strict,2000,Lighting - Linear fluorescent tube #1,variable,1.0,3.0,3.0,4.5,full
median,strict,2000,Lighting - Linear fluorescent tube #2,variable,2.0,4.0,4.0,3.6,full
median,strict,2000,Lighting - Compact fluorescent lamp (CFL) #2,variable,3.0,2.0,2.0,2.16,full
median,strict,2000,Lighting - Compact fluorescent lamp (CFL) #3,variable,4.0,6.0,6.0,3.24,full
median,strict,2000,Lighting - Compact fluorescent lamp (CFL) #1,variable,5.0,4.0,4.0,5.4,full
median,strict,2000,Electric fan #1,variable,6.0,4.0,4.0,9.6,full
median,strict,2000,Electric fan #2,variable,7.0,5.0,5.0,12.0,full
median,strict,2000,Electric flat iron,variable,8.0,1.0,1.0,2.571,full
median,strict,2000,"Washing machine, manual",variable,9.0,2.0,2.0,2.4,full
median,strict,2000,Color TV - CRT screen #1,variable,10.0,4.0,4.0,13.2,full
median,strict,2000,Color TV - CRT screen #2,variable,11.0,2.0,2.0,4.8,full
median,strict,2000,Oven toaster,variable,12.0,0.0,0.1,0.0,OFF (sacrificed)
median,strict,2000,VHS/Betamax/laser disc (video casette recorder/player & rewinder),variable,13.0,2.0,2.0,0.171,full
median,strict,2000,Others (miscellaneous),variable,14.0,0.5,2.0,0.06,reduced
median,strict,2100,"Refrigerator, ordinary",fixed,,24.0,24.0,72.0,always on
median,strict,2100,Lighting - Linear fluorescent tube #1,variable,1.0,3.0,3.0,4.5,full
median,strict,2100,Lighting - Linear fluorescent tube #2,variable,2.0,4.0,4.0,3.6,full
median,strict,2100,Lighting - Compact fluorescent lamp (CFL) #2,variable,3.0,2.0,2.0,2.16,full
median,strict,2100,Lighting - Compact fluorescent lamp (CFL) #3,variable,4.0,6.0,6.0,3.24,full
median,strict,2100,Lighting - Compact fluorescent lamp (CFL) #1,variable,5.0,4.0,4.0,5.4,full
median,strict,2100,Electric fan #1,variable,6.0,4.0,4.0,9.6,full
median,strict,2100,Electric fan #2,variable,7.0,5.0,5.0,12.0,full
median,strict,2100,Electric flat iron,variable,8.0,1.0,1.0,2.571,full
median,strict,2100,"Washing machine, manual",variable,9.0,2.0,2.0,2.4,full
median,strict,2100,Color TV - CRT screen #1,variable,10.0,4.0,4.0,13.2,full
median,strict,2100,Color TV - CRT screen #2,variable,11.0,2.0,2.0,4.8,full
median,strict,2100,Oven toaster,variable,12.0,0.1,0.1,0.321,full
median,strict,2100,VHS/Betamax/laser disc (video casette recorder/player & rewinder),variable,13.0,2.0,2.0,0.171,full
median,strict,2100,Others (miscellaneous),variable,14.0,2.0,2.0,0.24,full
median,strict,2200,"Refrigerator, ordinary",fixed,,24.0,24.0,72.0,always on
median,strict,2200,Lighting - Linear fluorescent tube #1,variable,1.0,3.0,3.0,4.5,full
median,strict,2200,Lighting - Linear fluorescent tube #2,variable,2.0,4.0,4.0,3.6,full
median,strict,2200,Lighting - Compact fluorescent lamp (CFL) #2,variable,3.0,2.0,2.0,2.16,full
median,strict,2200,Lighting - Compact fluorescent lamp (CFL) #3,variable,4.0,6.0,6.0,3.24,full
median,strict,2200,Lighting - Compact fluorescent lamp (CFL) #1,variable,5.0,4.0,4.0,5.4,full
median,strict,2200,Electric fan #1,variable,6.0,4.0,4.0,9.6,full
median,strict,2200,Electric fan #2,variable,7.0,5.0,5.0,12.0,full
median,strict,2200,Electric flat iron,variable,8.0,1.0,1.0,2.571,full
median,strict,2200,"Washing machine, manual",variable,9.0,2.0,2.0,2.4,full
median,strict,2200,Color TV - CRT screen #1,variable,10.0,4.0,4.0,13.2,full
median,strict,2200,Color TV - CRT screen #2,variable,11.0,2.0,2.0,4.8,full
median,strict,2200,Oven toaster,variable,12.0,0.1,0.1,0.321,full
median,strict,2200,VHS/Betamax/laser disc (video casette recorder/player & rewinder),variable,13.0,2.0,2.0,0.171,full
median,strict,2200,Others (miscellaneous),variable,14.0,2.0,2.0,0.24,full
median,strict,2300,"Refrigerator, ordinary",fixed,,24.0,24.0,72.0,always on
median,strict,2300,Lighting - Linear fluorescent tube #1,variable,1.0,3.0,3.0,4.5,full
median,strict,2300,Lighting - Linear fluorescent tube #2,variable,2.0,4.0,4.0,3.6,full
median,strict,2300,Lighting - Compact fluorescent lamp (CFL) #2,variable,3.0,2.0,2.0,2.16,full
median,strict,2300,Lighting - Compact fluorescent lamp (CFL) #3,variable,4.0,6.0,6.0,3.24,full
median,strict,2300,Lighting - Compact fluorescent lamp (CFL) #1,variable,5.0,4.0,4.0,5.4,full
median,strict,2300,Electric fan #1,variable,6.0,4.0,4.0,9.6,full
median,strict,2300,Electric fan #2,variable,7.0,5.0,5.0,12.0,full
median,strict,2300,Electric flat iron,variable,8.0,1.0,1.0,2.571,full
median,strict,2300,"Washing machine, manual",variable,9.0,2.0,2.0,2.4,full
median,strict,2300,Color TV - CRT screen #1,variable,10.0,4.0,4.0,13.2,full
median,strict,2300,Color TV - CRT screen #2,variable,11.0,2.0,2.0,4.8,full
median,strict,2300,Oven toaster,variable,12.0,0.1,0.1,0.321,full
median,strict,2300,VHS/Betamax/laser disc (video casette recorder/player & rewinder),variable,13.0,2.0,2.0,0.171,full
median,strict,2300,Others (miscellaneous),variable,14.0,2.0,2.0,0.24,full
median,strict,2400,"Refrigerator, ordinary",fixed,,24.0,24.0,72.0,always on
median,strict,2400,Lighting - Linear fluorescent tube #1,variable,1.0,3.0,3.0,4.5,full
median,strict,2400,Lighting - Linear fluorescent tube #2,variable,2.0,4.0,4.0,3.6,full
median,strict,2400,Lighting - Compact fluorescent lamp (CFL) #2,variable,3.0,2.0,2.0,2.16,full
median,strict,2400,Lighting - Compact fluorescent lamp (CFL) #3,variable,4.0,6.0,6.0,3.24,full
median,strict,2400,Lighting - Compact fluorescent lamp (CFL) #1,variable,5.0,4.0,4.0,5.4,full
median,strict,2400,Electric fan #1,variable,6.0,4.0,4.0,9.6,full
median,strict,2400,Electric fan #2,variable,7.0,5.0,5.0,12.0,full
median,strict,2400,Electric flat iron,variable,8.0,1.0,1.0,2.571,full
median,strict,2400,"Washing machine, manual",variable,9.0,2.0,2.0,2.4,full
median,strict,2400,Color TV - CRT screen #1,variable,10.0,4.0,4.0,13.2,full
median,strict,2400,Color TV - CRT screen #2,variable,11.0,2.0,2.0,4.8,full
median,strict,2400,Oven toaster,variable,12.0,0.1,0.1,0.321,full
median,strict,2400,VHS/Betamax/laser disc (video casette recorder/player & rewinder),variable,13.0,2.0,2.0,0.171,full
median,strict,2400,Others (miscellaneous),variable,14.0,2.0,2.0,0.24,full
median,strict,2500,"Refrigerator, ordinary",fixed,,24.0,24.0,72.0,always on
median,strict,2500,Lighting - Linear fluorescent tube #1,variable,1.0,3.0,3.0,4.5,full
median,strict,2500,Lighting - Linear fluorescent tube #2,variable,2.0,4.0,4.0,3.6,full
median,strict,2500,Lighting - Compact fluorescent lamp (CFL) #2,variable,3.0,2.0,2.0,2.16,full
median,strict,2500,Lighting - Compact fluorescent lamp (CFL) #3,variable,4.0,6.0,6.0,3.24,full
median,strict,2500,Lighting - Compact fluorescent lamp (CFL) #1,variable,5.0,4.0,4.0,5.4,full
median,strict,2500,Electric fan #1,variable,6.0,4.0,4.0,9.6,full
median,strict,2500,Electric fan #2,variable,7.0,5.0,5.0,12.0,full
median,strict,2500,Electric flat iron,variable,8.0,1.0,1.0,2.571,full
median,strict,2500,"Washing machine, manual",variable,9.0,2.0,2.0,2.4,full
median,strict,2500,Color TV - CRT screen #1,variable,10.0,4.0,4.0,13.2,full
median,strict,2500,Color TV - CRT screen #2,variable,11.0,2.0,2.0,4.8,full
median,strict,2500,Oven toaster,variable,12.0,0.1,0.1,0.321,full
median,strict,2500,VHS/Betamax/laser disc (video casette recorder/player & rewinder),variable,13.0,2.0,2.0,0.171,full
median,strict,2500,Others (miscellaneous),variable,14.0,2.0,2.0,0.24,full
median,strict,2600,"Refrigerator, ordinary",fixed,,24.0,24.0,72.0,always on
median,strict,2600,Lighting - Linear fluorescent tube #1,variable,1.0,3.0,3.0,4.5,full
median,strict,2600,Lighting - Linear fluorescent tube #2,variable,2.0,4.0,4.0,3.6,full
median,strict,2600,Lighting - Compact fluorescent lamp (CFL) #2,variable,3.0,2.0,2.0,2.16,full
median,strict,2600,Lighting - Compact fluorescent lamp (CFL) #3,variable,4.0,6.0,6.0,3.24,full
median,strict,2600,Lighting - Compact fluorescent lamp (CFL) #1,variable,5.0,4.0,4.0,5.4,full
median,strict,2600,Electric fan #1,variable,6.0,4.0,4.0,9.6,full
median,strict,2600,Electric fan #2,variable,7.0,5.0,5.0,12.0,full
median,strict,2600,Electric flat iron,variable,8.0,1.0,1.0,2.571,full
median,strict,2600,"Washing machine, manual",variable,9.0,2.0,2.0,2.4,full
median,strict,2600,Color TV - CRT screen #1,variable,10.0,4.0,4.0,13.2,full
median,strict,2600,Color TV - CRT screen #2,variable,11.0,2.0,2.0,4.8,full
median,strict,2600,Oven toaster,variable,12.0,0.1,0.1,0.321,full
median,strict,2600,VHS/Betamax/laser disc (video casette recorder/player & rewinder),variable,13.0,2.0,2.0,0.171,full
median,strict,2600,Others (miscellaneous),variable,14.0,2.0,2.0,0.24,full
median,strict,2700,"Refrigerator, ordinary",fixed,,24.0,24.0,72.0,always on
median,strict,2700,Lighting - Linear fluorescent tube #1,variable,1.0,3.0,3.0,4.5,full
median,strict,2700,Lighting - Linear fluorescent tube #2,variable,2.0,4.0,4.0,3.6,full
median,strict,2700,Lighting - Compact fluorescent lamp (CFL) #2,variable,3.0,2.0,2.0,2.16,full
median,strict,2700,Lighting - Compact fluorescent lamp (CFL) #3,variable,4.0,6.0,6.0,3.24,full
median,strict,2700,Lighting - Compact fluorescent lamp (CFL) #1,variable,5.0,4.0,4.0,5.4,full
median,strict,2700,Electric fan #1,variable,6.0,4.0,4.0,9.6,full
median,strict,2700,Electric fan #2,variable,7.0,5.0,5.0,12.0,full
median,strict,2700,Electric flat iron,variable,8.0,1.0,1.0,2.571,full
median,strict,2700,"Washing machine, manual",variable,9.0,2.0,2.0,2.4,full
median,strict,2700,Color TV - CRT screen #1,variable,10.0,4.0,4.0,13.2,full
median,strict,2700,Color TV - CRT screen #2,variable,11.0,2.0,2.0,4.8,full
median,strict,2700,Oven toaster,variable,12.0,0.1,0.1,0.321,full
median,strict,2700,VHS/Betamax/laser disc (video casette recorder/player & rewinder),variable,13.0,2.0,2.0,0.171,full
median,strict,2700,Others (miscellaneous),variable,14.0,2.0,2.0,0.24,full
median,strict,2800,"Refrigerator, ordinary",fixed,,24.0,24.0,72.0,always on
median,strict,2800,Lighting - Linear fluorescent tube #1,variable,1.0,3.0,3.0,4.5,full
median,strict,2800,Lighting - Linear fluorescent tube #2,variable,2.0,4.0,4.0,3.6,full
median,strict,2800,Lighting - Compact fluorescent lamp (CFL) #2,variable,3.0,2.0,2.0,2.16,full
median,strict,2800,Lighting - Compact fluorescent lamp (CFL) #3,variable,4.0,6.0,6.0,3.24,full
median,strict,2800,Lighting - Compact fluorescent lamp (CFL) #1,variable,5.0,4.0,4.0,5.4,full
median,strict,2800,Electric fan #1,variable,6.0,4.0,4.0,9.6,full
median,strict,2800,Electric fan #2,variable,7.0,5.0,5.0,12.0,full
median,strict,2800,Electric flat iron,variable,8.0,1.0,1.0,2.571,full
median,strict,2800,"Washing machine, manual",variable,9.0,2.0,2.0,2.4,full
median,strict,2800,Color TV - CRT screen #1,variable,10.0,4.0,4.0,13.2,full
median,strict,2800,Color TV - CRT screen #2,variable,11.0,2.0,2.0,4.8,full
median,strict,2800,Oven toaster,variable,12.0,0.1,0.1,0.321,full
median,strict,2800,VHS/Betamax/laser disc (video casette recorder/player & rewinder),variable,13.0,2.0,2.0,0.171,full
median,strict,2800,Others (miscellaneous),variable,14.0,2.0,2.0,0.24,full
median,strict,2900,"Refrigerator, ordinary",fixed,,24.0,24.0,72.0,always on
median,strict,2900,Lighting - Linear fluorescent tube #1,variable,1.0,3.0,3.0,4.5,full
median,strict,2900,Lighting - Linear fluorescent tube #2,variable,2.0,4.0,4.0,3.6,full
median,strict,2900,Lighting - Compact fluorescent lamp (CFL) #2,variable,3.0,2.0,2.0,2.16,full
median,strict,2900,Lighting - Compact fluorescent lamp (CFL) #3,variable,4.0,6.0,6.0,3.24,full
median,strict,2900,Lighting - Compact fluorescent lamp (CFL) #1,variable,5.0,4.0,4.0,5.4,full
median,strict,2900,Electric fan #1,variable,6.0,4.0,4.0,9.6,full
median,strict,2900,Electric fan #2,variable,7.0,5.0,5.0,12.0,full
median,strict,2900,Electric flat iron,variable,8.0,1.0,1.0,2.571,full
median,strict,2900,"Washing machine, manual",variable,9.0,2.0,2.0,2.4,full
median,strict,2900,Color TV - CRT screen #1,variable,10.0,4.0,4.0,13.2,full
median,strict,2900,Color TV - CRT screen #2,variable,11.0,2.0,2.0,4.8,full
median,strict,2900,Oven toaster,variable,12.0,0.1,0.1,0.321,full
median,strict,2900,VHS/Betamax/laser disc (video casette recorder/player & rewinder),variable,13.0,2.0,2.0,0.171,full
median,strict,2900,Others (miscellaneous),variable,14.0,2.0,2.0,0.24,full
median,strict,3000,"Refrigerator, ordinary",fixed,,24.0,24.0,72.0,always on
median,strict,3000,Lighting - Linear fluorescent tube #1,variable,1.0,3.0,3.0,4.5,full
median,strict,3000,Lighting - Linear fluorescent tube #2,variable,2.0,4.0,4.0,3.6,full
median,strict,3000,Lighting - Compact fluorescent lamp (CFL) #2,variable,3.0,2.0,2.0,2.16,full
median,strict,3000,Lighting - Compact fluorescent lamp (CFL) #3,variable,4.0,6.0,6.0,3.24,full
median,strict,3000,Lighting - Compact fluorescent lamp (CFL) #1,variable,5.0,4.0,4.0,5.4,full
median,strict,3000,Electric fan #1,variable,6.0,4.0,4.0,9.6,full
median,strict,3000,Electric fan #2,variable,7.0,5.0,5.0,12.0,full
median,strict,3000,Electric flat iron,variable,8.0,1.0,1.0,2.571,full
median,strict,3000,"Washing machine, manual",variable,9.0,2.0,2.0,2.4,full
median,strict,3000,Color TV - CRT screen #1,variable,10.0,4.0,4.0,13.2,full
median,strict,3000,Color TV - CRT screen #2,variable,11.0,2.0,2.0,4.8,full
median,strict,3000,Oven toaster,variable,12.0,0.1,0.1,0.321,full
median,strict,3000,VHS/Betamax/laser disc (video casette recorder/player & rewinder),variable,13.0,2.0,2.0,0.171,full
median,strict,3000,Others (miscellaneous),variable,14.0,2.0,2.0,0.24,full
median,strict,3100,"Refrigerator, ordinary",fixed,,24.0,24.0,72.0,always on
median,strict,3100,Lighting - Linear fluorescent tube #1,variable,1.0,3.0,3.0,4.5,full
median,strict,3100,Lighting - Linear fluorescent tube #2,variable,2.0,4.0,4.0,3.6,full
median,strict,3100,Lighting - Compact fluorescent lamp (CFL) #2,variable,3.0,2.0,2.0,2.16,full
median,strict,3100,Lighting - Compact fluorescent lamp (CFL) #3,variable,4.0,6.0,6.0,3.24,full
median,strict,3100,Lighting - Compact fluorescent lamp (CFL) #1,variable,5.0,4.0,4.0,5.4,full
median,strict,3100,Electric fan #1,variable,6.0,4.0,4.0,9.6,full
median,strict,3100,Electric fan #2,variable,7.0,5.0,5.0,12.0,full
median,strict,3100,Electric flat iron,variable,8.0,1.0,1.0,2.571,full
median,strict,3100,"Washing machine, manual",variable,9.0,2.0,2.0,2.4,full
median,strict,3100,Color TV - CRT screen #1,variable,10.0,4.0,4.0,13.2,full
median,strict,3100,Color TV - CRT screen #2,variable,11.0,2.0,2.0,4.8,full
median,strict,3100,Oven toaster,variable,12.0,0.1,0.1,0.321,full
median,strict,3100,VHS/Betamax/laser disc (video casette recorder/player & rewinder),variable,13.0,2.0,2.0,0.171,full
median,strict,3100,Others (miscellaneous),variable,14.0,2.0,2.0,0.24,full
median,strict,3200,"Refrigerator, ordinary",fixed,,24.0,24.0,72.0,always on
median,strict,3200,Lighting - Linear fluorescent tube #1,variable,1.0,3.0,3.0,4.5,full
median,strict,3200,Lighting - Linear fluorescent tube #2,variable,2.0,4.0,4.0,3.6,full
median,strict,3200,Lighting - Compact fluorescent lamp (CFL) #2,variable,3.0,2.0,2.0,2.16,full
median,strict,3200,Lighting - Compact fluorescent lamp (CFL) #3,variable,4.0,6.0,6.0,3.24,full
median,strict,3200,Lighting - Compact fluorescent lamp (CFL) #1,variable,5.0,4.0,4.0,5.4,full
median,strict,3200,Electric fan #1,variable,6.0,4.0,4.0,9.6,full
median,strict,3200,Electric fan #2,variable,7.0,5.0,5.0,12.0,full
median,strict,3200,Electric flat iron,variable,8.0,1.0,1.0,2.571,full
median,strict,3200,"Washing machine, manual",variable,9.0,2.0,2.0,2.4,full
median,strict,3200,Color TV - CRT screen #1,variable,10.0,4.0,4.0,13.2,full
median,strict,3200,Color TV - CRT screen #2,variable,11.0,2.0,2.0,4.8,full
median,strict,3200,Oven toaster,variable,12.0,0.1,0.1,0.321,full
median,strict,3200,VHS/Betamax/laser disc (video casette recorder/player & rewinder),variable,13.0,2.0,2.0,0.171,full
median,strict,3200,Others (miscellaneous),variable,14.0,2.0,2.0,0.24,full
median,strict,3300,"Refrigerator, ordinary",fixed,,24.0,24.0,72.0,always on
median,strict,3300,Lighting - Linear fluorescent tube #1,variable,1.0,3.0,3.0,4.5,full
median,strict,3300,Lighting - Linear fluorescent tube #2,variable,2.0,4.0,4.0,3.6,full
median,strict,3300,Lighting - Compact fluorescent lamp (CFL) #2,variable,3.0,2.0,2.0,2.16,full
median,strict,3300,Lighting - Compact fluorescent lamp (CFL) #3,variable,4.0,6.0,6.0,3.24,full
median,strict,3300,Lighting - Compact fluorescent lamp (CFL) #1,variable,5.0,4.0,4.0,5.4,full
median,strict,3300,Electric fan #1,variable,6.0,4.0,4.0,9.6,full
median,strict,3300,Electric fan #2,variable,7.0,5.0,5.0,12.0,full
median,strict,3300,Electric flat iron,variable,8.0,1.0,1.0,2.571,full
median,strict,3300,"Washing machine, manual",variable,9.0,2.0,2.0,2.4,full
median,strict,3300,Color TV - CRT screen #1,variable,10.0,4.0,4.0,13.2,full
median,strict,3300,Color TV - CRT screen #2,variable,11.0,2.0,2.0,4.8,full
median,strict,3300,Oven toaster,variable,12.0,0.1,0.1,0.321,full
median,strict,3300,VHS/Betamax/laser disc (video casette recorder/player & rewinder),variable,13.0,2.0,2.0,0.171,full
median,strict,3300,Others (miscellaneous),variable,14.0,2.0,2.0,0.24,full
median,strict,3400,"Refrigerator, ordinary",fixed,,24.0,24.0,72.0,always on
median,strict,3400,Lighting - Linear fluorescent tube #1,variable,1.0,3.0,3.0,4.5,full
median,strict,3400,Lighting - Linear fluorescent tube #2,variable,2.0,4.0,4.0,3.6,full
median,strict,3400,Lighting - Compact fluorescent lamp (CFL) #2,variable,3.0,2.0,2.0,2.16,full
median,strict,3400,Lighting - Compact fluorescent lamp (CFL) #3,variable,4.0,6.0,6.0,3.24,full
median,strict,3400,Lighting - Compact fluorescent lamp (CFL) #1,variable,5.0,4.0,4.0,5.4,full
median,strict,3400,Electric fan #1,variable,6.0,4.0,4.0,9.6,full
median,strict,3400,Electric fan #2,variable,7.0,5.0,5.0,12.0,full
median,strict,3400,Electric flat iron,variable,8.0,1.0,1.0,2.571,full
median,strict,3400,"Washing machine, manual",variable,9.0,2.0,2.0,2.4,full
median,strict,3400,Color TV - CRT screen #1,variable,10.0,4.0,4.0,13.2,full
median,strict,3400,Color TV - CRT screen #2,variable,11.0,2.0,2.0,4.8,full
median,strict,3400,Oven toaster,variable,12.0,0.1,0.1,0.321,full
median,strict,3400,VHS/Betamax/laser disc (video casette recorder/player & rewinder),variable,13.0,2.0,2.0,0.171,full
median,strict,3400,Others (miscellaneous),variable,14.0,2.0,2.0,0.24,full
median,strict,3500,"Refrigerator, ordinary",fixed,,24.0,24.0,72.0,always on
median,strict,3500,Lighting - Linear fluorescent tube #1,variable,1.0,3.0,3.0,4.5,full
median,strict,3500,Lighting - Linear fluorescent tube #2,variable,2.0,4.0,4.0,3.6,full
median,strict,3500,Lighting - Compact fluorescent lamp (CFL) #2,variable,3.0,2.0,2.0,2.16,full
median,strict,3500,Lighting - Compact fluorescent lamp (CFL) #3,variable,4.0,6.0,6.0,3.24,full
median,strict,3500,Lighting - Compact fluorescent lamp (CFL) #1,variable,5.0,4.0,4.0,5.4,full
median,strict,3500,Electric fan #1,variable,6.0,4.0,4.0,9.6,full
median,strict,3500,Electric fan #2,variable,7.0,5.0,5.0,12.0,full
median,strict,3500,Electric flat iron,variable,8.0,1.0,1.0,2.571,full
median,strict,3500,"Washing machine, manual",variable,9.0,2.0,2.0,2.4,full
median,strict,3500,Color TV - CRT screen #1,variable,10.0,4.0,4.0,13.2,full
median,strict,3500,Color TV - CRT screen #2,variable,11.0,2.0,2.0,4.8,full
median,strict,3500,Oven toaster,variable,12.0,0.1,0.1,0.321,full
median,strict,3500,VHS/Betamax/laser disc (video casette recorder/player & rewinder),variable,13.0,2.0,2.0,0.171,full
median,strict,3500,Others (miscellaneous),variable,14.0,2.0,2.0,0.24,full
median,strict,3600,"Refrigerator, ordinary",fixed,,24.0,24.0,72.0,always on
median,strict,3600,Lighting - Linear fluorescent tube #1,variable,1.0,3.0,3.0,4.5,full
median,strict,3600,Lighting - Linear fluorescent tube #2,variable,2.0,4.0,4.0,3.6,full
median,strict,3600,Lighting - Compact fluorescent lamp (CFL) #2,variable,3.0,2.0,2.0,2.16,full
median,strict,3600,Lighting - Compact fluorescent lamp (CFL) #3,variable,4.0,6.0,6.0,3.24,full
median,strict,3600,Lighting - Compact fluorescent lamp (CFL) #1,variable,5.0,4.0,4.0,5.4,full
median,strict,3600,Electric fan #1,variable,6.0,4.0,4.0,9.6,full
median,strict,3600,Electric fan #2,variable,7.0,5.0,5.0,12.0,full
median,strict,3600,Electric flat iron,variable,8.0,1.0,1.0,2.571,full
median,strict,3600,"Washing machine, manual",variable,9.0,2.0,2.0,2.4,full
median,strict,3600,Color TV - CRT screen #1,variable,10.0,4.0,4.0,13.2,full
median,strict,3600,Color TV - CRT screen #2,variable,11.0,2.0,2.0,4.8,full
median,strict,3600,Oven toaster,variable,12.0,0.1,0.1,0.321,full
median,strict,3600,VHS/Betamax/laser disc (video casette recorder/player & rewinder),variable,13.0,2.0,2.0,0.171,full
median,strict,3600,Others (miscellaneous),variable,14.0,2.0,2.0,0.24,full
median,strict,3700,"Refrigerator, ordinary",fixed,,24.0,24.0,72.0,always on
median,strict,3700,Lighting - Linear fluorescent tube #1,variable,1.0,3.0,3.0,4.5,full
median,strict,3700,Lighting - Linear fluorescent tube #2,variable,2.0,4.0,4.0,3.6,full
median,strict,3700,Lighting - Compact fluorescent lamp (CFL) #2,variable,3.0,2.0,2.0,2.16,full
median,strict,3700,Lighting - Compact fluorescent lamp (CFL) #3,variable,4.0,6.0,6.0,3.24,full
median,strict,3700,Lighting - Compact fluorescent lamp (CFL) #1,variable,5.0,4.0,4.0,5.4,full
median,strict,3700,Electric fan #1,variable,6.0,4.0,4.0,9.6,full
median,strict,3700,Electric fan #2,variable,7.0,5.0,5.0,12.0,full
median,strict,3700,Electric flat iron,variable,8.0,1.0,1.0,2.571,full
median,strict,3700,"Washing machine, manual",variable,9.0,2.0,2.0,2.4,full
median,strict,3700,Color TV - CRT screen #1,variable,10.0,4.0,4.0,13.2,full
median,strict,3700,Color TV - CRT screen #2,variable,11.0,2.0,2.0,4.8,full
median,strict,3700,Oven toaster,variable,12.0,0.1,0.1,0.321,full
median,strict,3700,VHS/Betamax/laser disc (video casette recorder/player & rewinder),variable,13.0,2.0,2.0,0.171,full
median,strict,3700,Others (miscellaneous),variable,14.0,2.0,2.0,0.24,full
median,strict,3800,"Refrigerator, ordinary",fixed,,24.0,24.0,72.0,always on
median,strict,3800,Lighting - Linear fluorescent tube #1,variable,1.0,3.0,3.0,4.5,full
median,strict,3800,Lighting - Linear fluorescent tube #2,variable,2.0,4.0,4.0,3.6,full
median,strict,3800,Lighting - Compact fluorescent lamp (CFL) #2,variable,3.0,2.0,2.0,2.16,full
median,strict,3800,Lighting - Compact fluorescent lamp (CFL) #3,variable,4.0,6.0,6.0,3.24,full
median,strict,3800,Lighting - Compact fluorescent lamp (CFL) #1,variable,5.0,4.0,4.0,5.4,full
median,strict,3800,Electric fan #1,variable,6.0,4.0,4.0,9.6,full
median,strict,3800,Electric fan #2,variable,7.0,5.0,5.0,12.0,full
median,strict,3800,Electric flat iron,variable,8.0,1.0,1.0,2.571,full
median,strict,3800,"Washing machine, manual",variable,9.0,2.0,2.0,2.4,full
median,strict,3800,Color TV - CRT screen #1,variable,10.0,4.0,4.0,13.2,full
median,strict,3800,Color TV - CRT screen #2,variable,11.0,2.0,2.0,4.8,full
median,strict,3800,Oven toaster,variable,12.0,0.1,0.1,0.321,full
median,strict,3800,VHS/Betamax/laser disc (video casette recorder/player & rewinder),variable,13.0,2.0,2.0,0.171,full
median,strict,3800,Others (miscellaneous),variable,14.0,2.0,2.0,0.24,full
median,strict,3900,"Refrigerator, ordinary",fixed,,24.0,24.0,72.0,always on
median,strict,3900,Lighting - Linear fluorescent tube #1,variable,1.0,3.0,3.0,4.5,full
median,strict,3900,Lighting - Linear fluorescent tube #2,variable,2.0,4.0,4.0,3.6,full
median,strict,3900,Lighting - Compact fluorescent lamp (CFL) #2,variable,3.0,2.0,2.0,2.16,full
median,strict,3900,Lighting - Compact fluorescent lamp (CFL) #3,variable,4.0,6.0,6.0,3.24,full
median,strict,3900,Lighting - Compact fluorescent lamp (CFL) #1,variable,5.0,4.0,4.0,5.4,full
median,strict,3900,Electric fan #1,variable,6.0,4.0,4.0,9.6,full
median,strict,3900,Electric fan #2,variable,7.0,5.0,5.0,12.0,full
median,strict,3900,Electric flat iron,variable,8.0,1.0,1.0,2.571,full
median,strict,3900,"Washing machine, manual",variable,9.0,2.0,2.0,2.4,full
median,strict,3900,Color TV - CRT screen #1,variable,10.0,4.0,4.0,13.2,full
median,strict,3900,Color TV - CRT screen #2,variable,11.0,2.0,2.0,4.8,full
median,strict,3900,Oven toaster,variable,12.0,0.1,0.1,0.321,full
median,strict,3900,VHS/Betamax/laser disc (video casette recorder/player & rewinder),variable,13.0,2.0,2.0,0.171,full
median,strict,3900,Others (miscellaneous),variable,14.0,2.0,2.0,0.24,full
median,strict,4000,"Refrigerator, ordinary",fixed,,24.0,24.0,72.0,always on
median,strict,4000,Lighting - Linear fluorescent tube #1,variable,1.0,3.0,3.0,4.5,full
median,strict,4000,Lighting - Linear fluorescent tube #2,variable,2.0,4.0,4.0,3.6,full
median,strict,4000,Lighting - Compact fluorescent lamp (CFL) #2,variable,3.0,2.0,2.0,2.16,full
median,strict,4000,Lighting - Compact fluorescent lamp (CFL) #3,variable,4.0,6.0,6.0,3.24,full
median,strict,4000,Lighting - Compact fluorescent lamp (CFL) #1,variable,5.0,4.0,4.0,5.4,full
median,strict,4000,Electric fan #1,variable,6.0,4.0,4.0,9.6,full
median,strict,4000,Electric fan #2,variable,7.0,5.0,5.0,12.0,full
median,strict,4000,Electric flat iron,variable,8.0,1.0,1.0,2.571,full
median,strict,4000,"Washing machine, manual",variable,9.0,2.0,2.0,2.4,full
median,strict,4000,Color TV - CRT screen #1,variable,10.0,4.0,4.0,13.2,full
median,strict,4000,Color TV - CRT screen #2,variable,11.0,2.0,2.0,4.8,full
median,strict,4000,Oven toaster,variable,12.0,0.1,0.1,0.321,full
median,strict,4000,VHS/Betamax/laser disc (video casette recorder/player & rewinder),variable,13.0,2.0,2.0,0.171,full
median,strict,4000,Others (miscellaneous),variable,14.0,2.0,2.0,0.24,full
median,strict,4100,"Refrigerator, ordinary",fixed,,24.0,24.0,72.0,always on
median,strict,4100,Lighting - Linear fluorescent tube #1,variable,1.0,3.0,3.0,4.5,full
median,strict,4100,Lighting - Linear fluorescent tube #2,variable,2.0,4.0,4.0,3.6,full
median,strict,4100,Lighting - Compact fluorescent lamp (CFL) #2,variable,3.0,2.0,2.0,2.16,full
median,strict,4100,Lighting - Compact fluorescent lamp (CFL) #3,variable,4.0,6.0,6.0,3.24,full
median,strict,4100,Lighting - Compact fluorescent lamp (CFL) #1,variable,5.0,4.0,4.0,5.4,full
median,strict,4100,Electric fan #1,variable,6.0,4.0,4.0,9.6,full
median,strict,4100,Electric fan #2,variable,7.0,5.0,5.0,12.0,full
median,strict,4100,Electric flat iron,variable,8.0,1.0,1.0,2.571,full
median,strict,4100,"Washing machine, manual",variable,9.0,2.0,2.0,2.4,full
median,strict,4100,Color TV - CRT screen #1,variable,10.0,4.0,4.0,13.2,full
median,strict,4100,Color TV - CRT screen #2,variable,11.0,2.0,2.0,4.8,full
median,strict,4100,Oven toaster,variable,12.0,0.1,0.1,0.321,full
median,strict,4100,VHS/Betamax/laser disc (video casette recorder/player & rewinder),variable,13.0,2.0,2.0,0.171,full
median,strict,4100,Others (miscellaneous),variable,14.0,2.0,2.0,0.24,full
median,strict,4200,"Refrigerator, ordinary",fixed,,24.0,24.0,72.0,always on
median,strict,4200,Lighting - Linear fluorescent tube #1,variable,1.0,3.0,3.0,4.5,full
median,strict,4200,Lighting - Linear fluorescent tube #2,variable,2.0,4.0,4.0,3.6,full
median,strict,4200,Lighting - Compact fluorescent lamp (CFL) #2,variable,3.0,2.0,2.0,2.16,full
median,strict,4200,Lighting - Compact fluorescent lamp (CFL) #3,variable,4.0,6.0,6.0,3.24,full
median,strict,4200,Lighting - Compact fluorescent lamp (CFL) #1,variable,5.0,4.0,4.0,5.4,full
median,strict,4200,Electric fan #1,variable,6.0,4.0,4.0,9.6,full
median,strict,4200,Electric fan #2,variable,7.0,5.0,5.0,12.0,full
median,strict,4200,Electric flat iron,variable,8.0,1.0,1.0,2.571,full
median,strict,4200,"Washing machine, manual",variable,9.0,2.0,2.0,2.4,full
median,strict,4200,Color TV - CRT screen #1,variable,10.0,4.0,4.0,13.2,full
median,strict,4200,Color TV - CRT screen #2,variable,11.0,2.0,2.0,4.8,full
median,strict,4200,Oven toaster,variable,12.0,0.1,0.1,0.321,full
median,strict,4200,VHS/Betamax/laser disc (video casette recorder/player & rewinder),variable,13.0,2.0,2.0,0.171,full
median,strict,4200,Others (miscellaneous),variable,14.0,2.0,2.0,0.24,full
median,strict,4300,"Refrigerator, ordinary",fixed,,24.0,24.0,72.0,always on
median,strict,4300,Lighting - Linear fluorescent tube #1,variable,1.0,3.0,3.0,4.5,full
median,strict,4300,Lighting - Linear fluorescent tube #2,variable,2.0,4.0,4.0,3.6,full
median,strict,4300,Lighting - Compact fluorescent lamp (CFL) #2,variable,3.0,2.0,2.0,2.16,full
median,strict,4300,Lighting - Compact fluorescent lamp (CFL) #3,variable,4.0,6.0,6.0,3.24,full
median,strict,4300,Lighting - Compact fluorescent lamp (CFL) #1,variable,5.0,4.0,4.0,5.4,full
median,strict,4300,Electric fan #1,variable,6.0,4.0,4.0,9.6,full
median,strict,4300,Electric fan #2,variable,7.0,5.0,5.0,12.0,full
median,strict,4300,Electric flat iron,variable,8.0,1.0,1.0,2.571,full
median,strict,4300,"Washing machine, manual",variable,9.0,2.0,2.0,2.4,full
median,strict,4300,Color TV - CRT screen #1,variable,10.0,4.0,4.0,13.2,full
median,strict,4300,Color TV - CRT screen #2,variable,11.0,2.0,2.0,4.8,full
median,strict,4300,Oven toaster,variable,12.0,0.1,0.1,0.321,full
median,strict,4300,VHS/Betamax/laser disc (video casette recorder/player & rewinder),variable,13.0,2.0,2.0,0.171,full
median,strict,4300,Others (miscellaneous),variable,14.0,2.0,2.0,0.24,full
median,strict,4400,"Refrigerator, ordinary",fixed,,24.0,24.0,72.0,always on
median,strict,4400,Lighting - Linear fluorescent tube #1,variable,1.0,3.0,3.0,4.5,full
median,strict,4400,Lighting - Linear fluorescent tube #2,variable,2.0,4.0,4.0,3.6,full
median,strict,4400,Lighting - Compact fluorescent lamp (CFL) #2,variable,3.0,2.0,2.0,2.16,full
median,strict,4400,Lighting - Compact fluorescent lamp (CFL) #3,variable,4.0,6.0,6.0,3.24,full
median,strict,4400,Lighting - Compact fluorescent lamp (CFL) #1,variable,5.0,4.0,4.0,5.4,full
median,strict,4400,Electric fan #1,variable,6.0,4.0,4.0,9.6,full
median,strict,4400,Electric fan #2,variable,7.0,5.0,5.0,12.0,full
median,strict,4400,Electric flat iron,variable,8.0,1.0,1.0,2.571,full
median,strict,4400,"Washing machine, manual",variable,9.0,2.0,2.0,2.4,full
median,strict,4400,Color TV - CRT screen #1,variable,10.0,4.0,4.0,13.2,full
median,strict,4400,Color TV - CRT screen #2,variable,11.0,2.0,2.0,4.8,full
median,strict,4400,Oven toaster,variable,12.0,0.1,0.1,0.321,full
median,strict,4400,VHS/Betamax/laser disc (video casette recorder/player & rewinder),variable,13.0,2.0,2.0,0.171,full
median,strict,4400,Others (miscellaneous),variable,14.0,2.0,2.0,0.24,full
median,strict,4500,"Refrigerator, ordinary",fixed,,24.0,24.0,72.0,always on
median,strict,4500,Lighting - Linear fluorescent tube #1,variable,1.0,3.0,3.0,4.5,full
median,strict,4500,Lighting - Linear fluorescent tube #2,variable,2.0,4.0,4.0,3.6,full
median,strict,4500,Lighting - Compact fluorescent lamp (CFL) #2,variable,3.0,2.0,2.0,2.16,full
median,strict,4500,Lighting - Compact fluorescent lamp (CFL) #3,variable,4.0,6.0,6.0,3.24,full
median,strict,4500,Lighting - Compact fluorescent lamp (CFL) #1,variable,5.0,4.0,4.0,5.4,full
median,strict,4500,Electric fan #1,variable,6.0,4.0,4.0,9.6,full
median,strict,4500,Electric fan #2,variable,7.0,5.0,5.0,12.0,full
median,strict,4500,Electric flat iron,variable,8.0,1.0,1.0,2.571,full
median,strict,4500,"Washing machine, manual",variable,9.0,2.0,2.0,2.4,full
median,strict,4500,Color TV - CRT screen #1,variable,10.0,4.0,4.0,13.2,full
median,strict,4500,Color TV - CRT screen #2,variable,11.0,2.0,2.0,4.8,full
median,strict,4500,Oven toaster,variable,12.0,0.1,0.1,0.321,full
median,strict,4500,VHS/Betamax/laser disc (video casette recorder/player & rewinder),variable,13.0,2.0,2.0,0.171,full
median,strict,4500,Others (miscellaneous),variable,14.0,2.0,2.0,0.24,full
median,strict,4600,"Refrigerator, ordinary",fixed,,24.0,24.0,72.0,always on
median,strict,4600,Lighting - Linear fluorescent tube #1,variable,1.0,3.0,3.0,4.5,full
median,strict,4600,Lighting - Linear fluorescent tube #2,variable,2.0,4.0,4.0,3.6,full
median,strict,4600,Lighting - Compact fluorescent lamp (CFL) #2,variable,3.0,2.0,2.0,2.16,full
median,strict,4600,Lighting - Compact fluorescent lamp (CFL) #3,variable,4.0,6.0,6.0,3.24,full
median,strict,4600,Lighting - Compact fluorescent lamp (CFL) #1,variable,5.0,4.0,4.0,5.4,full
median,strict,4600,Electric fan #1,variable,6.0,4.0,4.0,9.6,full
median,strict,4600,Electric fan #2,variable,7.0,5.0,5.0,12.0,full
median,strict,4600,Electric flat iron,variable,8.0,1.0,1.0,2.571,full
median,strict,4600,"Washing machine, manual",variable,9.0,2.0,2.0,2.4,full
median,strict,4600,Color TV - CRT screen #1,variable,10.0,4.0,4.0,13.2,full
median,strict,4600,Color TV - CRT screen #2,variable,11.0,2.0,2.0,4.8,full
median,strict,4600,Oven toaster,variable,12.0,0.1,0.1,0.321,full
median,strict,4600,VHS/Betamax/laser disc (video casette recorder/player & rewinder),variable,13.0,2.0,2.0,0.171,full
median,strict,4600,Others (miscellaneous),variable,14.0,2.0,2.0,0.24,full
median,strict,4700,"Refrigerator, ordinary",fixed,,24.0,24.0,72.0,always on
median,strict,4700,Lighting - Linear fluorescent tube #1,variable,1.0,3.0,3.0,4.5,full
median,strict,4700,Lighting - Linear fluorescent tube #2,variable,2.0,4.0,4.0,3.6,full
median,strict,4700,Lighting - Compact fluorescent lamp (CFL) #2,variable,3.0,2.0,2.0,2.16,full
median,strict,4700,Lighting - Compact fluorescent lamp (CFL) #3,variable,4.0,6.0,6.0,3.24,full
median,strict,4700,Lighting - Compact fluorescent lamp (CFL) #1,variable,5.0,4.0,4.0,5.4,full
median,strict,4700,Electric fan #1,variable,6.0,4.0,4.0,9.6,full
median,strict,4700,Electric fan #2,variable,7.0,5.0,5.0,12.0,full
median,strict,4700,Electric flat iron,variable,8.0,1.0,1.0,2.571,full
median,strict,4700,"Washing machine, manual",variable,9.0,2.0,2.0,2.4,full
median,strict,4700,Color TV - CRT screen #1,variable,10.0,4.0,4.0,13.2,full
median,strict,4700,Color TV - CRT screen #2,variable,11.0,2.0,2.0,4.8,full
median,strict,4700,Oven toaster,variable,12.0,0.1,0.1,0.321,full
median,strict,4700,VHS/Betamax/laser disc (video casette recorder/player & rewinder),variable,13.0,2.0,2.0,0.171,full
median,strict,4700,Others (miscellaneous),variable,14.0,2.0,2.0,0.24,full
median,strict,4800,"Refrigerator, ordinary",fixed,,24.0,24.0,72.0,always on
median,strict,4800,Lighting - Linear fluorescent tube #1,variable,1.0,3.0,3.0,4.5,full
median,strict,4800,Lighting - Linear fluorescent tube #2,variable,2.0,4.0,4.0,3.6,full
median,strict,4800,Lighting - Compact fluorescent lamp (CFL) #2,variable,3.0,2.0,2.0,2.16,full
median,strict,4800,Lighting - Compact fluorescent lamp (CFL) #3,variable,4.0,6.0,6.0,3.24,full
median,strict,4800,Lighting - Compact fluorescent lamp (CFL) #1,variable,5.0,4.0,4.0,5.4,full
median,strict,4800,Electric fan #1,variable,6.0,4.0,4.0,9.6,full
median,strict,4800,Electric fan #2,variable,7.0,5.0,5.0,12.0,full
median,strict,4800,Electric flat iron,variable,8.0,1.0,1.0,2.571,full
median,strict,4800,"Washing machine, manual",variable,9.0,2.0,2.0,2.4,full
median,strict,4800,Color TV - CRT screen #1,variable,10.0,4.0,4.0,13.2,full
median,strict,4800,Color TV - CRT screen #2,variable,11.0,2.0,2.0,4.8,full
median,strict,4800,Oven toaster,variable,12.0,0.1,0.1,0.321,full
median,strict,4800,VHS/Betamax/laser disc (video casette recorder/player & rewinder),variable,13.0,2.0,2.0,0.171,full
median,strict,4800,Others (miscellaneous),variable,14.0,2.0,2.0,0.24,full
median,strict,4900,"Refrigerator, ordinary",fixed,,24.0,24.0,72.0,always on
median,strict,4900,Lighting - Linear fluorescent tube #1,variable,1.0,3.0,3.0,4.5,full
median,strict,4900,Lighting - Linear fluorescent tube #2,variable,2.0,4.0,4.0,3.6,full
median,strict,4900,Lighting - Compact fluorescent lamp (CFL) #2,variable,3.0,2.0,2.0,2.16,full
median,strict,4900,Lighting - Compact fluorescent lamp (CFL) #3,variable,4.0,6.0,6.0,3.24,full
median,strict,4900,Lighting - Compact fluorescent lamp (CFL) #1,variable,5.0,4.0,4.0,5.4,full
median,strict,4900,Electric fan #1,variable,6.0,4.0,4.0,9.6,full
median,strict,4900,Electric fan #2,variable,7.0,5.0,5.0,12.0,full
median,strict,4900,Electric flat iron,variable,8.0,1.0,1.0,2.571,full
median,strict,4900,"Washing machine, manual",variable,9.0,2.0,2.0,2.4,full
median,strict,4900,Color TV - CRT screen #1,variable,10.0,4.0,4.0,13.2,full
median,strict,4900,Color TV - CRT screen #2,variable,11.0,2.0,2.0,4.8,full
median,strict,4900,Oven toaster,variable,12.0,0.1,0.1,0.321,full
median,strict,4900,VHS/Betamax/laser disc (video casette recorder/player & rewinder),variable,13.0,2.0,2.0,0.171,full
median,strict,4900,Others (miscellaneous),variable,14.0,2.0,2.0,0.24,full
median,strict,5000,"Refrigerator, ordinary",fixed,,24.0,24.0,72.0,always on
median,strict,5000,Lighting - Linear fluorescent tube #1,variable,1.0,3.0,3.0,4.5,full
median,strict,5000,Lighting - Linear fluorescent tube #2,variable,2.0,4.0,4.0,3.6,full
median,strict,5000,Lighting - Compact fluorescent lamp (CFL) #2,variable,3.0,2.0,2.0,2.16,full
median,strict,5000,Lighting - Compact fluorescent lamp (CFL) #3,variable,4.0,6.0,6.0,3.24,full
median,strict,5000,Lighting - Compact fluorescent lamp (CFL) #1,variable,5.0,4.0,4.0,5.4,full
median,strict,5000,Electric fan #1,variable,6.0,4.0,4.0,9.6,full
median,strict,5000,Electric fan #2,variable,7.0,5.0,5.0,12.0,full
median,strict,5000,Electric flat iron,variable,8.0,1.0,1.0,2.571,full
median,strict,5000,"Washing machine, manual",variable,9.0,2.0,2.0,2.4,full
median,strict,5000,Color TV - CRT screen #1,variable,10.0,4.0,4.0,13.2,full
median,strict,5000,Color TV - CRT screen #2,variable,11.0,2.0,2.0,4.8,full
median,strict,5000,Oven toaster,variable,12.0,0.1,0.1,0.321,full
median,strict,5000,VHS/Betamax/laser disc (video casette recorder/player & rewinder),variable,13.0,2.0,2.0,0.171,full
median,strict,5000,Others (miscellaneous),variable,14.0,2.0,2.0,0.24,full
median,strict,5100,"Refrigerator, ordinary",fixed,,24.0,24.0,72.0,always on
median,strict,5100,Lighting - Linear fluorescent tube #1,variable,1.0,3.0,3.0,4.5,full
median,strict,5100,Lighting - Linear fluorescent tube #2,variable,2.0,4.0,4.0,3.6,full
median,strict,5100,Lighting - Compact fluorescent lamp (CFL) #2,variable,3.0,2.0,2.0,2.16,full
median,strict,5100,Lighting - Compact fluorescent lamp (CFL) #3,variable,4.0,6.0,6.0,3.24,full
median,strict,5100,Lighting - Compact fluorescent lamp (CFL) #1,variable,5.0,4.0,4.0,5.4,full
median,strict,5100,Electric fan #1,variable,6.0,4.0,4.0,9.6,full
median,strict,5100,Electric fan #2,variable,7.0,5.0,5.0,12.0,full
median,strict,5100,Electric flat iron,variable,8.0,1.0,1.0,2.571,full
median,strict,5100,"Washing machine, manual",variable,9.0,2.0,2.0,2.4,full
median,strict,5100,Color TV - CRT screen #1,variable,10.0,4.0,4.0,13.2,full
median,strict,5100,Color TV - CRT screen #2,variable,11.0,2.0,2.0,4.8,full
median,strict,5100,Oven toaster,variable,12.0,0.1,0.1,0.321,full
median,strict,5100,VHS/Betamax/laser disc (video casette recorder/player & rewinder),variable,13.0,2.0,2.0,0.171,full
median,strict,5100,Others (miscellaneous),variable,14.0,2.0,2.0,0.24,full
median,strict,5200,"Refrigerator, ordinary",fixed,,24.0,24.0,72.0,always on
median,strict,5200,Lighting - Linear fluorescent tube #1,variable,1.0,3.0,3.0,4.5,full
median,strict,5200,Lighting - Linear fluorescent tube #2,variable,2.0,4.0,4.0,3.6,full
median,strict,5200,Lighting - Compact fluorescent lamp (CFL) #2,variable,3.0,2.0,2.0,2.16,full
median,strict,5200,Lighting - Compact fluorescent lamp (CFL) #3,variable,4.0,6.0,6.0,3.24,full
median,strict,5200,Lighting - Compact fluorescent lamp (CFL) #1,variable,5.0,4.0,4.0,5.4,full
median,strict,5200,Electric fan #1,variable,6.0,4.0,4.0,9.6,full
median,strict,5200,Electric fan #2,variable,7.0,5.0,5.0,12.0,full
median,strict,5200,Electric flat iron,variable,8.0,1.0,1.0,2.571,full
median,strict,5200,"Washing machine, manual",variable,9.0,2.0,2.0,2.4,full
median,strict,5200,Color TV - CRT screen #1,variable,10.0,4.0,4.0,13.2,full
median,strict,5200,Color TV - CRT screen #2,variable,11.0,2.0,2.0,4.8,full
median,strict,5200,Oven toaster,variable,12.0,0.1,0.1,0.321,full
median,strict,5200,VHS/Betamax/laser disc (video casette recorder/player & rewinder),variable,13.0,2.0,2.0,0.171,full
median,strict,5200,Others (miscellaneous),variable,14.0,2.0,2.0,0.24,full
median,strict,5300,"Refrigerator, ordinary",fixed,,24.0,24.0,72.0,always on
median,strict,5300,Lighting - Linear fluorescent tube #1,variable,1.0,3.0,3.0,4.5,full
median,strict,5300,Lighting - Linear fluorescent tube #2,variable,2.0,4.0,4.0,3.6,full
median,strict,5300,Lighting - Compact fluorescent lamp (CFL) #2,variable,3.0,2.0,2.0,2.16,full
median,strict,5300,Lighting - Compact fluorescent lamp (CFL) #3,variable,4.0,6.0,6.0,3.24,full
median,strict,5300,Lighting - Compact fluorescent lamp (CFL) #1,variable,5.0,4.0,4.0,5.4,full
median,strict,5300,Electric fan #1,variable,6.0,4.0,4.0,9.6,full
median,strict,5300,Electric fan #2,variable,7.0,5.0,5.0,12.0,full
median,strict,5300,Electric flat iron,variable,8.0,1.0,1.0,2.571,full
median,strict,5300,"Washing machine, manual",variable,9.0,2.0,2.0,2.4,full
median,strict,5300,Color TV - CRT screen #1,variable,10.0,4.0,4.0,13.2,full
median,strict,5300,Color TV - CRT screen #2,variable,11.0,2.0,2.0,4.8,full
median,strict,5300,Oven toaster,variable,12.0,0.1,0.1,0.321,full
median,strict,5300,VHS/Betamax/laser disc (video casette recorder/player & rewinder),variable,13.0,2.0,2.0,0.171,full
median,strict,5300,Others (miscellaneous),variable,14.0,2.0,2.0,0.24,full
median,strict,5400,"Refrigerator, ordinary",fixed,,24.0,24.0,72.0,always on
median,strict,5400,Lighting - Linear fluorescent tube #1,variable,1.0,3.0,3.0,4.5,full
median,strict,5400,Lighting - Linear fluorescent tube #2,variable,2.0,4.0,4.0,3.6,full
median,strict,5400,Lighting - Compact fluorescent lamp (CFL) #2,variable,3.0,2.0,2.0,2.16,full
median,strict,5400,Lighting - Compact fluorescent lamp (CFL) #3,variable,4.0,6.0,6.0,3.24,full
median,strict,5400,Lighting - Compact fluorescent lamp (CFL) #1,variable,5.0,4.0,4.0,5.4,full
median,strict,5400,Electric fan #1,variable,6.0,4.0,4.0,9.6,full
median,strict,5400,Electric fan #2,variable,7.0,5.0,5.0,12.0,full
median,strict,5400,Electric flat iron,variable,8.0,1.0,1.0,2.571,full
median,strict,5400,"Washing machine, manual",variable,9.0,2.0,2.0,2.4,full
median,strict,5400,Color TV - CRT screen #1,variable,10.0,4.0,4.0,13.2,full
median,strict,5400,Color TV - CRT screen #2,variable,11.0,2.0,2.0,4.8,full
median,strict,5400,Oven toaster,variable,12.0,0.1,0.1,0.321,full
median,strict,5400,VHS/Betamax/laser disc (video casette recorder/player & rewinder),variable,13.0,2.0,2.0,0.171,full
median,strict,5400,Others (miscellaneous),variable,14.0,2.0,2.0,0.24,full
median,strict,5500,"Refrigerator, ordinary",fixed,,24.0,24.0,72.0,always on
median,strict,5500,Lighting - Linear fluorescent tube #1,variable,1.0,3.0,3.0,4.5,full
median,strict,5500,Lighting - Linear fluorescent tube #2,variable,2.0,4.0,4.0,3.6,full
median,strict,5500,Lighting - Compact fluorescent lamp (CFL) #2,variable,3.0,2.0,2.0,2.16,full
median,strict,5500,Lighting - Compact fluorescent lamp (CFL) #3,variable,4.0,6.0,6.0,3.24,full
median,strict,5500,Lighting - Compact fluorescent lamp (CFL) #1,variable,5.0,4.0,4.0,5.4,full
median,strict,5500,Electric fan #1,variable,6.0,4.0,4.0,9.6,full
median,strict,5500,Electric fan #2,variable,7.0,5.0,5.0,12.0,full
median,strict,5500,Electric flat iron,variable,8.0,1.0,1.0,2.571,full
median,strict,5500,"Washing machine, manual",variable,9.0,2.0,2.0,2.4,full
median,strict,5500,Color TV - CRT screen #1,variable,10.0,4.0,4.0,13.2,full
median,strict,5500,Color TV - CRT screen #2,variable,11.0,2.0,2.0,4.8,full
median,strict,5500,Oven toaster,variable,12.0,0.1,0.1,0.321,full
median,strict,5500,VHS/Betamax/laser disc (video casette recorder/player & rewinder),variable,13.0,2.0,2.0,0.171,full
median,strict,5500,Others (miscellaneous),variable,14.0,2.0,2.0,0.24,full
median,strict,5600,"Refrigerator, ordinary",fixed,,24.0,24.0,72.0,always on
median,strict,5600,Lighting - Linear fluorescent tube #1,variable,1.0,3.0,3.0,4.5,full
median,strict,5600,Lighting - Linear fluorescent tube #2,variable,2.0,4.0,4.0,3.6,full
median,strict,5600,Lighting - Compact fluorescent lamp (CFL) #2,variable,3.0,2.0,2.0,2.16,full
median,strict,5600,Lighting - Compact fluorescent lamp (CFL) #3,variable,4.0,6.0,6.0,3.24,full
median,strict,5600,Lighting - Compact fluorescent lamp (CFL) #1,variable,5.0,4.0,4.0,5.4,full
median,strict,5600,Electric fan #1,variable,6.0,4.0,4.0,9.6,full
median,strict,5600,Electric fan #2,variable,7.0,5.0,5.0,12.0,full
median,strict,5600,Electric flat iron,variable,8.0,1.0,1.0,2.571,full
median,strict,5600,"Washing machine, manual",variable,9.0,2.0,2.0,2.4,full
median,strict,5600,Color TV - CRT screen #1,variable,10.0,4.0,4.0,13.2,full
median,strict,5600,Color TV - CRT screen #2,variable,11.0,2.0,2.0,4.8,full
median,strict,5600,Oven toaster,variable,12.0,0.1,0.1,0.321,full
median,strict,5600,VHS/Betamax/laser disc (video casette recorder/player & rewinder),variable,13.0,2.0,2.0,0.171,full
median,strict,5600,Others (miscellaneous),variable,14.0,2.0,2.0,0.24,full
median,strict,5700,"Refrigerator, ordinary",fixed,,24.0,24.0,72.0,always on
median,strict,5700,Lighting - Linear fluorescent tube #1,variable,1.0,3.0,3.0,4.5,full
median,strict,5700,Lighting - Linear fluorescent tube #2,variable,2.0,4.0,4.0,3.6,full
median,strict,5700,Lighting - Compact fluorescent lamp (CFL) #2,variable,3.0,2.0,2.0,2.16,full
median,strict,5700,Lighting - Compact fluorescent lamp (CFL) #3,variable,4.0,6.0,6.0,3.24,full
median,strict,5700,Lighting - Compact fluorescent lamp (CFL) #1,variable,5.0,4.0,4.0,5.4,full
median,strict,5700,Electric fan #1,variable,6.0,4.0,4.0,9.6,full
median,strict,5700,Electric fan #2,variable,7.0,5.0,5.0,12.0,full
median,strict,5700,Electric flat iron,variable,8.0,1.0,1.0,2.571,full
median,strict,5700,"Washing machine, manual",variable,9.0,2.0,2.0,2.4,full
median,strict,5700,Color TV - CRT screen #1,variable,10.0,4.0,4.0,13.2,full
median,strict,5700,Color TV - CRT screen #2,variable,11.0,2.0,2.0,4.8,full
median,strict,5700,Oven toaster,variable,12.0,0.1,0.1,0.321,full
median,strict,5700,VHS/Betamax/laser disc (video casette recorder/player & rewinder),variable,13.0,2.0,2.0,0.171,full
median,strict,5700,Others (miscellaneous),variable,14.0,2.0,2.0,0.24,full
median,strict,5800,"Refrigerator, ordinary",fixed,,24.0,24.0,72.0,always on
median,strict,5800,Lighting - Linear fluorescent tube #1,variable,1.0,3.0,3.0,4.5,full
median,strict,5800,Lighting - Linear fluorescent tube #2,variable,2.0,4.0,4.0,3.6,full
median,strict,5800,Lighting - Compact fluorescent lamp (CFL) #2,variable,3.0,2.0,2.0,2.16,full
median,strict,5800,Lighting - Compact fluorescent lamp (CFL) #3,variable,4.0,6.0,6.0,3.24,full
median,strict,5800,Lighting - Compact fluorescent lamp (CFL) #1,variable,5.0,4.0,4.0,5.4,full
median,strict,5800,Electric fan #1,variable,6.0,4.0,4.0,9.6,full
median,strict,5800,Electric fan #2,variable,7.0,5.0,5.0,12.0,full
median,strict,5800,Electric flat iron,variable,8.0,1.0,1.0,2.571,full
median,strict,5800,"Washing machine, manual",variable,9.0,2.0,2.0,2.4,full
median,strict,5800,Color TV - CRT screen #1,variable,10.0,4.0,4.0,13.2,full
median,strict,5800,Color TV - CRT screen #2,variable,11.0,2.0,2.0,4.8,full
median,strict,5800,Oven toaster,variable,12.0,0.1,0.1,0.321,full
median,strict,5800,VHS/Betamax/laser disc (video casette recorder/player & rewinder),variable,13.0,2.0,2.0,0.171,full
median,strict,5800,Others (miscellaneous),variable,14.0,2.0,2.0,0.24,full
median,strict,5900,"Refrigerator, ordinary",fixed,,24.0,24.0,72.0,always on
median,strict,5900,Lighting - Linear fluorescent tube #1,variable,1.0,3.0,3.0,4.5,full
median,strict,5900,Lighting - Linear fluorescent tube #2,variable,2.0,4.0,4.0,3.6,full
median,strict,5900,Lighting - Compact fluorescent lamp (CFL) #2,variable,3.0,2.0,2.0,2.16,full
median,strict,5900,Lighting - Compact fluorescent lamp (CFL) #3,variable,4.0,6.0,6.0,3.24,full
median,strict,5900,Lighting - Compact fluorescent lamp (CFL) #1,variable,5.0,4.0,4.0,5.4,full
median,strict,5900,Electric fan #1,variable,6.0,4.0,4.0,9.6,full
median,strict,5900,Electric fan #2,variable,7.0,5.0,5.0,12.0,full
median,strict,5900,Electric flat iron,variable,8.0,1.0,1.0,2.571,full
median,strict,5900,"Washing machine, manual",variable,9.0,2.0,2.0,2.4,full
median,strict,5900,Color TV - CRT screen #1,variable,10.0,4.0,4.0,13.2,full
median,strict,5900,Color TV - CRT screen #2,variable,11.0,2.0,2.0,4.8,full
median,strict,5900,Oven toaster,variable,12.0,0.1,0.1,0.321,full
median,strict,5900,VHS/Betamax/laser disc (video casette recorder/player & rewinder),variable,13.0,2.0,2.0,0.171,full
median,strict,5900,Others (miscellaneous),variable,14.0,2.0,2.0,0.24,full
median,strict,6000,"Refrigerator, ordinary",fixed,,24.0,24.0,72.0,always on
median,strict,6000,Lighting - Linear fluorescent tube #1,variable,1.0,3.0,3.0,4.5,full
median,strict,6000,Lighting - Linear fluorescent tube #2,variable,2.0,4.0,4.0,3.6,full
median,strict,6000,Lighting - Compact fluorescent lamp (CFL) #2,variable,3.0,2.0,2.0,2.16,full
median,strict,6000,Lighting - Compact fluorescent lamp (CFL) #3,variable,4.0,6.0,6.0,3.24,full
median,strict,6000,Lighting - Compact fluorescent lamp (CFL) #1,variable,5.0,4.0,4.0,5.4,full
median,strict,6000,Electric fan #1,variable,6.0,4.0,4.0,9.6,full
median,strict,6000,Electric fan #2,variable,7.0,5.0,5.0,12.0,full
median,strict,6000,Electric flat iron,variable,8.0,1.0,1.0,2.571,full
median,strict,6000,"Washing machine, manual",variable,9.0,2.0,2.0,2.4,full
median,strict,6000,Color TV - CRT screen #1,variable,10.0,4.0,4.0,13.2,full
median,strict,6000,Color TV - CRT screen #2,variable,11.0,2.0,2.0,4.8,full
median,strict,6000,Oven toaster,variable,12.0,0.1,0.1,0.321,full
median,strict,6000,VHS/Betamax/laser disc (video casette recorder/player & rewinder),variable,13.0,2.0,2.0,0.171,full
median,strict,6000,Others (miscellaneous),variable,14.0,2.0,2.0,0.24,full
median,strict,6100,"Refrigerator, ordinary",fixed,,24.0,24.0,72.0,always on
median,strict,6100,Lighting - Linear fluorescent tube #1,variable,1.0,3.0,3.0,4.5,full
median,strict,6100,Lighting - Linear fluorescent tube #2,variable,2.0,4.0,4.0,3.6,full
median,strict,6100,Lighting - Compact fluorescent lamp (CFL) #2,variable,3.0,2.0,2.0,2.16,full
median,strict,6100,Lighting - Compact fluorescent lamp (CFL) #3,variable,4.0,6.0,6.0,3.24,full
median,strict,6100,Lighting - Compact fluorescent lamp (CFL) #1,variable,5.0,4.0,4.0,5.4,full
median,strict,6100,Electric fan #1,variable,6.0,4.0,4.0,9.6,full
median,strict,6100,Electric fan #2,variable,7.0,5.0,5.0,12.0,full
median,strict,6100,Electric flat iron,variable,8.0,1.0,1.0,2.571,full
median,strict,6100,"Washing machine, manual",variable,9.0,2.0,2.0,2.4,full
median,strict,6100,Color TV - CRT screen #1,variable,10.0,4.0,4.0,13.2,full
median,strict,6100,Color TV - CRT screen #2,variable,11.0,2.0,2.0,4.8,full
median,strict,6100,Oven toaster,variable,12.0,0.1,0.1,0.321,full
median,strict,6100,VHS/Betamax/laser disc (video casette recorder/player & rewinder),variable,13.0,2.0,2.0,0.171,full
median,strict,6100,Others (miscellaneous),variable,14.0,2.0,2.0,0.24,full
median,strict,6200,"Refrigerator, ordinary",fixed,,24.0,24.0,72.0,always on
median,strict,6200,Lighting - Linear fluorescent tube #1,variable,1.0,3.0,3.0,4.5,full
median,strict,6200,Lighting - Linear fluorescent tube #2,variable,2.0,4.0,4.0,3.6,full
median,strict,6200,Lighting - Compact fluorescent lamp (CFL) #2,variable,3.0,2.0,2.0,2.16,full
median,strict,6200,Lighting - Compact fluorescent lamp (CFL) #3,variable,4.0,6.0,6.0,3.24,full
median,strict,6200,Lighting - Compact fluorescent lamp (CFL) #1,variable,5.0,4.0,4.0,5.4,full
median,strict,6200,Electric fan #1,variable,6.0,4.0,4.0,9.6,full
median,strict,6200,Electric fan #2,variable,7.0,5.0,5.0,12.0,full
median,strict,6200,Electric flat iron,variable,8.0,1.0,1.0,2.571,full
median,strict,6200,"Washing machine, manual",variable,9.0,2.0,2.0,2.4,full
median,strict,6200,Color TV - CRT screen #1,variable,10.0,4.0,4.0,13.2,full
median,strict,6200,Color TV - CRT screen #2,variable,11.0,2.0,2.0,4.8,full
median,strict,6200,Oven toaster,variable,12.0,0.1,0.1,0.321,full
median,strict,6200,VHS/Betamax/laser disc (video casette recorder/player & rewinder),variable,13.0,2.0,2.0,0.171,full
median,strict,6200,Others (miscellaneous),variable,14.0,2.0,2.0,0.24,full
median,strict,6300,"Refrigerator, ordinary",fixed,,24.0,24.0,72.0,always on
median,strict,6300,Lighting - Linear fluorescent tube #1,variable,1.0,3.0,3.0,4.5,full
median,strict,6300,Lighting - Linear fluorescent tube #2,variable,2.0,4.0,4.0,3.6,full
median,strict,6300,Lighting - Compact fluorescent lamp (CFL) #2,variable,3.0,2.0,2.0,2.16,full
median,strict,6300,Lighting - Compact fluorescent lamp (CFL) #3,variable,4.0,6.0,6.0,3.24,full
median,strict,6300,Lighting - Compact fluorescent lamp (CFL) #1,variable,5.0,4.0,4.0,5.4,full
median,strict,6300,Electric fan #1,variable,6.0,4.0,4.0,9.6,full
median,strict,6300,Electric fan #2,variable,7.0,5.0,5.0,12.0,full
median,strict,6300,Electric flat iron,variable,8.0,1.0,1.0,2.571,full
median,strict,6300,"Washing machine, manual",variable,9.0,2.0,2.0,2.4,full
median,strict,6300,Color TV - CRT screen #1,variable,10.0,4.0,4.0,13.2,full
median,strict,6300,Color TV - CRT screen #2,variable,11.0,2.0,2.0,4.8,full
median,strict,6300,Oven toaster,variable,12.0,0.1,0.1,0.321,full
median,strict,6300,VHS/Betamax/laser disc (video casette recorder/player & rewinder),variable,13.0,2.0,2.0,0.171,full
median,strict,6300,Others (miscellaneous),variable,14.0,2.0,2.0,0.24,full
median,strict,6400,"Refrigerator, ordinary",fixed,,24.0,24.0,72.0,always on
median,strict,6400,Lighting - Linear fluorescent tube #1,variable,1.0,3.0,3.0,4.5,full
median,strict,6400,Lighting - Linear fluorescent tube #2,variable,2.0,4.0,4.0,3.6,full
median,strict,6400,Lighting - Compact fluorescent lamp (CFL) #2,variable,3.0,2.0,2.0,2.16,full
median,strict,6400,Lighting - Compact fluorescent lamp (CFL) #3,variable,4.0,6.0,6.0,3.24,full
median,strict,6400,Lighting - Compact fluorescent lamp (CFL) #1,variable,5.0,4.0,4.0,5.4,full
median,strict,6400,Electric fan #1,variable,6.0,4.0,4.0,9.6,full
median,strict,6400,Electric fan #2,variable,7.0,5.0,5.0,12.0,full
median,strict,6400,Electric flat iron,variable,8.0,1.0,1.0,2.571,full
median,strict,6400,"Washing machine, manual",variable,9.0,2.0,2.0,2.4,full
median,strict,6400,Color TV - CRT screen #1,variable,10.0,4.0,4.0,13.2,full
median,strict,6400,Color TV - CRT screen #2,variable,11.0,2.0,2.0,4.8,full
median,strict,6400,Oven toaster,variable,12.0,0.1,0.1,0.321,full
median,strict,6400,VHS/Betamax/laser disc (video casette recorder/player & rewinder),variable,13.0,2.0,2.0,0.171,full
median,strict,6400,Others (miscellaneous),variable,14.0,2.0,2.0,0.24,full
median,strict,6500,"Refrigerator, ordinary",fixed,,24.0,24.0,72.0,always on
median,strict,6500,Lighting - Linear fluorescent tube #1,variable,1.0,3.0,3.0,4.5,full
median,strict,6500,Lighting - Linear fluorescent tube #2,variable,2.0,4.0,4.0,3.6,full
median,strict,6500,Lighting - Compact fluorescent lamp (CFL) #2,variable,3.0,2.0,2.0,2.16,full
median,strict,6500,Lighting - Compact fluorescent lamp (CFL) #3,variable,4.0,6.0,6.0,3.24,full
median,strict,6500,Lighting - Compact fluorescent lamp (CFL) #1,variable,5.0,4.0,4.0,5.4,full
median,strict,6500,Electric fan #1,variable,6.0,4.0,4.0,9.6,full
median,strict,6500,Electric fan #2,variable,7.0,5.0,5.0,12.0,full
median,strict,6500,Electric flat iron,variable,8.0,1.0,1.0,2.571,full
median,strict,6500,"Washing machine, manual",variable,9.0,2.0,2.0,2.4,full
median,strict,6500,Color TV - CRT screen #1,variable,10.0,4.0,4.0,13.2,full
median,strict,6500,Color TV - CRT screen #2,variable,11.0,2.0,2.0,4.8,full
median,strict,6500,Oven toaster,variable,12.0,0.1,0.1,0.321,full
median,strict,6500,VHS/Betamax/laser disc (video casette recorder/player & rewinder),variable,13.0,2.0,2.0,0.171,full
median,strict,6500,Others (miscellaneous),variable,14.0,2.0,2.0,0.24,full
median,strict,6600,"Refrigerator, ordinary",fixed,,24.0,24.0,72.0,always on
median,strict,6600,Lighting - Linear fluorescent tube #1,variable,1.0,3.0,3.0,4.5,full
median,strict,6600,Lighting - Linear fluorescent tube #2,variable,2.0,4.0,4.0,3.6,full
median,strict,6600,Lighting - Compact fluorescent lamp (CFL) #2,variable,3.0,2.0,2.0,2.16,full
median,strict,6600,Lighting - Compact fluorescent lamp (CFL) #3,variable,4.0,6.0,6.0,3.24,full
median,strict,6600,Lighting - Compact fluorescent lamp (CFL) #1,variable,5.0,4.0,4.0,5.4,full
median,strict,6600,Electric fan #1,variable,6.0,4.0,4.0,9.6,full
median,strict,6600,Electric fan #2,variable,7.0,5.0,5.0,12.0,full
median,strict,6600,Electric flat iron,variable,8.0,1.0,1.0,2.571,full
median,strict,6600,"Washing machine, manual",variable,9.0,2.0,2.0,2.4,full
median,strict,6600,Color TV - CRT screen #1,variable,10.0,4.0,4.0,13.2,full
median,strict,6600,Color TV - CRT screen #2,variable,11.0,2.0,2.0,4.8,full
median,strict,6600,Oven toaster,variable,12.0,0.1,0.1,0.321,full
median,strict,6600,VHS/Betamax/laser disc (video casette recorder/player & rewinder),variable,13.0,2.0,2.0,0.171,full
median,strict,6600,Others (miscellaneous),variable,14.0,2.0,2.0,0.24,full
median,strict,6700,"Refrigerator, ordinary",fixed,,24.0,24.0,72.0,always on
median,strict,6700,Lighting - Linear fluorescent tube #1,variable,1.0,3.0,3.0,4.5,full
median,strict,6700,Lighting - Linear fluorescent tube #2,variable,2.0,4.0,4.0,3.6,full
median,strict,6700,Lighting - Compact fluorescent lamp (CFL) #2,variable,3.0,2.0,2.0,2.16,full
median,strict,6700,Lighting - Compact fluorescent lamp (CFL) #3,variable,4.0,6.0,6.0,3.24,full
median,strict,6700,Lighting - Compact fluorescent lamp (CFL) #1,variable,5.0,4.0,4.0,5.4,full
median,strict,6700,Electric fan #1,variable,6.0,4.0,4.0,9.6,full
median,strict,6700,Electric fan #2,variable,7.0,5.0,5.0,12.0,full
median,strict,6700,Electric flat iron,variable,8.0,1.0,1.0,2.571,full
median,strict,6700,"Washing machine, manual",variable,9.0,2.0,2.0,2.4,full
median,strict,6700,Color TV - CRT screen #1,variable,10.0,4.0,4.0,13.2,full
median,strict,6700,Color TV - CRT screen #2,variable,11.0,2.0,2.0,4.8,full
median,strict,6700,Oven toaster,variable,12.0,0.1,0.1,0.321,full
median,strict,6700,VHS/Betamax/laser disc (video casette recorder/player & rewinder),variable,13.0,2.0,2.0,0.171,full
median,strict,6700,Others (miscellaneous),variable,14.0,2.0,2.0,0.24,full
median,strict,6800,"Refrigerator, ordinary",fixed,,24.0,24.0,72.0,always on
median,strict,6800,Lighting - Linear fluorescent tube #1,variable,1.0,3.0,3.0,4.5,full
median,strict,6800,Lighting - Linear fluorescent tube #2,variable,2.0,4.0,4.0,3.6,full
median,strict,6800,Lighting - Compact fluorescent lamp (CFL) #2,variable,3.0,2.0,2.0,2.16,full
median,strict,6800,Lighting - Compact fluorescent lamp (CFL) #3,variable,4.0,6.0,6.0,3.24,full
median,strict,6800,Lighting - Compact fluorescent lamp (CFL) #1,variable,5.0,4.0,4.0,5.4,full
median,strict,6800,Electric fan #1,variable,6.0,4.0,4.0,9.6,full
median,strict,6800,Electric fan #2,variable,7.0,5.0,5.0,12.0,full
median,strict,6800,Electric flat iron,variable,8.0,1.0,1.0,2.571,full
median,strict,6800,"Washing machine, manual",variable,9.0,2.0,2.0,2.4,full
median,strict,6800,Color TV - CRT screen #1,variable,10.0,4.0,4.0,13.2,full
median,strict,6800,Color TV - CRT screen #2,variable,11.0,2.0,2.0,4.8,full
median,strict,6800,Oven toaster,variable,12.0,0.1,0.1,0.321,full
median,strict,6800,VHS/Betamax/laser disc (video casette recorder/player & rewinder),variable,13.0,2.0,2.0,0.171,full
median,strict,6800,Others (miscellaneous),variable,14.0,2.0,2.0,0.24,full
median,strict,6900,"Refrigerator, ordinary",fixed,,24.0,24.0,72.0,always on
median,strict,6900,Lighting - Linear fluorescent tube #1,variable,1.0,3.0,3.0,4.5,full
median,strict,6900,Lighting - Linear fluorescent tube #2,variable,2.0,4.0,4.0,3.6,full
median,strict,6900,Lighting - Compact fluorescent lamp (CFL) #2,variable,3.0,2.0,2.0,2.16,full
median,strict,6900,Lighting - Compact fluorescent lamp (CFL) #3,variable,4.0,6.0,6.0,3.24,full
median,strict,6900,Lighting - Compact fluorescent lamp (CFL) #1,variable,5.0,4.0,4.0,5.4,full
median,strict,6900,Electric fan #1,variable,6.0,4.0,4.0,9.6,full
median,strict,6900,Electric fan #2,variable,7.0,5.0,5.0,12.0,full
median,strict,6900,Electric flat iron,variable,8.0,1.0,1.0,2.571,full
median,strict,6900,"Washing machine, manual",variable,9.0,2.0,2.0,2.4,full
median,strict,6900,Color TV - CRT screen #1,variable,10.0,4.0,4.0,13.2,full
median,strict,6900,Color TV - CRT screen #2,variable,11.0,2.0,2.0,4.8,full
median,strict,6900,Oven toaster,variable,12.0,0.1,0.1,0.321,full
median,strict,6900,VHS/Betamax/laser disc (video casette recorder/player & rewinder),variable,13.0,2.0,2.0,0.171,full
median,strict,6900,Others (miscellaneous),variable,14.0,2.0,2.0,0.24,full
median,strict,7000,"Refrigerator, ordinary",fixed,,24.0,24.0,72.0,always on
median,strict,7000,Lighting - Linear fluorescent tube #1,variable,1.0,3.0,3.0,4.5,full
median,strict,7000,Lighting - Linear fluorescent tube #2,variable,2.0,4.0,4.0,3.6,full
median,strict,7000,Lighting - Compact fluorescent lamp (CFL) #2,variable,3.0,2.0,2.0,2.16,full
median,strict,7000,Lighting - Compact fluorescent lamp (CFL) #3,variable,4.0,6.0,6.0,3.24,full
median,strict,7000,Lighting - Compact fluorescent lamp (CFL) #1,variable,5.0,4.0,4.0,5.4,full
median,strict,7000,Electric fan #1,variable,6.0,4.0,4.0,9.6,full
median,strict,7000,Electric fan #2,variable,7.0,5.0,5.0,12.0,full
median,strict,7000,Electric flat iron,variable,8.0,1.0,1.0,2.571,full
median,strict,7000,"Washing machine, manual",variable,9.0,2.0,2.0,2.4,full
median,strict,7000,Color TV - CRT screen #1,variable,10.0,4.0,4.0,13.2,full
median,strict,7000,Color TV - CRT screen #2,variable,11.0,2.0,2.0,4.8,full
median,strict,7000,Oven toaster,variable,12.0,0.1,0.1,0.321,full
median,strict,7000,VHS/Betamax/laser disc (video casette recorder/player & rewinder),variable,13.0,2.0,2.0,0.171,full
median,strict,7000,Others (miscellaneous),variable,14.0,2.0,2.0,0.24,full
median,strict,7100,"Refrigerator, ordinary",fixed,,24.0,24.0,72.0,always on
median,strict,7100,Lighting - Linear fluorescent tube #1,variable,1.0,3.0,3.0,4.5,full
median,strict,7100,Lighting - Linear fluorescent tube #2,variable,2.0,4.0,4.0,3.6,full
median,strict,7100,Lighting - Compact fluorescent lamp (CFL) #2,variable,3.0,2.0,2.0,2.16,full
median,strict,7100,Lighting - Compact fluorescent lamp (CFL) #3,variable,4.0,6.0,6.0,3.24,full
median,strict,7100,Lighting - Compact fluorescent lamp (CFL) #1,variable,5.0,4.0,4.0,5.4,full
median,strict,7100,Electric fan #1,variable,6.0,4.0,4.0,9.6,full
median,strict,7100,Electric fan #2,variable,7.0,5.0,5.0,12.0,full
median,strict,7100,Electric flat iron,variable,8.0,1.0,1.0,2.571,full
median,strict,7100,"Washing machine, manual",variable,9.0,2.0,2.0,2.4,full
median,strict,7100,Color TV - CRT screen #1,variable,10.0,4.0,4.0,13.2,full
median,strict,7100,Color TV - CRT screen #2,variable,11.0,2.0,2.0,4.8,full
median,strict,7100,Oven toaster,variable,12.0,0.1,0.1,0.321,full
median,strict,7100,VHS/Betamax/laser disc (video casette recorder/player & rewinder),variable,13.0,2.0,2.0,0.171,full
median,strict,7100,Others (miscellaneous),variable,14.0,2.0,2.0,0.24,full
median,strict,7200,"Refrigerator, ordinary",fixed,,24.0,24.0,72.0,always on
median,strict,7200,Lighting - Linear fluorescent tube #1,variable,1.0,3.0,3.0,4.5,full
median,strict,7200,Lighting - Linear fluorescent tube #2,variable,2.0,4.0,4.0,3.6,full
median,strict,7200,Lighting - Compact fluorescent lamp (CFL) #2,variable,3.0,2.0,2.0,2.16,full
median,strict,7200,Lighting - Compact fluorescent lamp (CFL) #3,variable,4.0,6.0,6.0,3.24,full
median,strict,7200,Lighting - Compact fluorescent lamp (CFL) #1,variable,5.0,4.0,4.0,5.4,full
median,strict,7200,Electric fan #1,variable,6.0,4.0,4.0,9.6,full
median,strict,7200,Electric fan #2,variable,7.0,5.0,5.0,12.0,full
median,strict,7200,Electric flat iron,variable,8.0,1.0,1.0,2.571,full
median,strict,7200,"Washing machine, manual",variable,9.0,2.0,2.0,2.4,full
median,strict,7200,Color TV - CRT screen #1,variable,10.0,4.0,4.0,13.2,full
median,strict,7200,Color TV - CRT screen #2,variable,11.0,2.0,2.0,4.8,full
median,strict,7200,Oven toaster,variable,12.0,0.1,0.1,0.321,full
median,strict,7200,VHS/Betamax/laser disc (video casette recorder/player & rewinder),variable,13.0,2.0,2.0,0.171,full
median,strict,7200,Others (miscellaneous),variable,14.0,2.0,2.0,0.24,full
median,strict,7300,"Refrigerator, ordinary",fixed,,24.0,24.0,72.0,always on
median,strict,7300,Lighting - Linear fluorescent tube #1,variable,1.0,3.0,3.0,4.5,full
median,strict,7300,Lighting - Linear fluorescent tube #2,variable,2.0,4.0,4.0,3.6,full
median,strict,7300,Lighting - Compact fluorescent lamp (CFL) #2,variable,3.0,2.0,2.0,2.16,full
median,strict,7300,Lighting - Compact fluorescent lamp (CFL) #3,variable,4.0,6.0,6.0,3.24,full
median,strict,7300,Lighting - Compact fluorescent lamp (CFL) #1,variable,5.0,4.0,4.0,5.4,full
median,strict,7300,Electric fan #1,variable,6.0,4.0,4.0,9.6,full
median,strict,7300,Electric fan #2,variable,7.0,5.0,5.0,12.0,full
median,strict,7300,Electric flat iron,variable,8.0,1.0,1.0,2.571,full
median,strict,7300,"Washing machine, manual",variable,9.0,2.0,2.0,2.4,full
median,strict,7300,Color TV - CRT screen #1,variable,10.0,4.0,4.0,13.2,full
median,strict,7300,Color TV - CRT screen #2,variable,11.0,2.0,2.0,4.8,full
median,strict,7300,Oven toaster,variable,12.0,0.1,0.1,0.321,full
median,strict,7300,VHS/Betamax/laser disc (video casette recorder/player & rewinder),variable,13.0,2.0,2.0,0.171,full
median,strict,7300,Others (miscellaneous),variable,14.0,2.0,2.0,0.24,full
median,strict,7400,"Refrigerator, ordinary",fixed,,24.0,24.0,72.0,always on
median,strict,7400,Lighting - Linear fluorescent tube #1,variable,1.0,3.0,3.0,4.5,full
median,strict,7400,Lighting - Linear fluorescent tube #2,variable,2.0,4.0,4.0,3.6,full
median,strict,7400,Lighting - Compact fluorescent lamp (CFL) #2,variable,3.0,2.0,2.0,2.16,full
median,strict,7400,Lighting - Compact fluorescent lamp (CFL) #3,variable,4.0,6.0,6.0,3.24,full
median,strict,7400,Lighting - Compact fluorescent lamp (CFL) #1,variable,5.0,4.0,4.0,5.4,full
median,strict,7400,Electric fan #1,variable,6.0,4.0,4.0,9.6,full
median,strict,7400,Electric fan #2,variable,7.0,5.0,5.0,12.0,full
median,strict,7400,Electric flat iron,variable,8.0,1.0,1.0,2.571,full
median,strict,7400,"Washing machine, manual",variable,9.0,2.0,2.0,2.4,full
median,strict,7400,Color TV - CRT screen #1,variable,10.0,4.0,4.0,13.2,full
median,strict,7400,Color TV - CRT screen #2,variable,11.0,2.0,2.0,4.8,full
median,strict,7400,Oven toaster,variable,12.0,0.1,0.1,0.321,full
median,strict,7400,VHS/Betamax/laser disc (video casette recorder/player & rewinder),variable,13.0,2.0,2.0,0.171,full
median,strict,7400,Others (miscellaneous),variable,14.0,2.0,2.0,0.24,full
median,strict,7500,"Refrigerator, ordinary",fixed,,24.0,24.0,72.0,always on
median,strict,7500,Lighting - Linear fluorescent tube #1,variable,1.0,3.0,3.0,4.5,full
median,strict,7500,Lighting - Linear fluorescent tube #2,variable,2.0,4.0,4.0,3.6,full
median,strict,7500,Lighting - Compact fluorescent lamp (CFL) #2,variable,3.0,2.0,2.0,2.16,full
median,strict,7500,Lighting - Compact fluorescent lamp (CFL) #3,variable,4.0,6.0,6.0,3.24,full
median,strict,7500,Lighting - Compact fluorescent lamp (CFL) #1,variable,5.0,4.0,4.0,5.4,full
median,strict,7500,Electric fan #1,variable,6.0,4.0,4.0,9.6,full
median,strict,7500,Electric fan #2,variable,7.0,5.0,5.0,12.0,full
median,strict,7500,Electric flat iron,variable,8.0,1.0,1.0,2.571,full
median,strict,7500,"Washing machine, manual",variable,9.0,2.0,2.0,2.4,full
median,strict,7500,Color TV - CRT screen #1,variable,10.0,4.0,4.0,13.2,full
median,strict,7500,Color TV - CRT screen #2,variable,11.0,2.0,2.0,4.8,full
median,strict,7500,Oven toaster,variable,12.0,0.1,0.1,0.321,full
median,strict,7500,VHS/Betamax/laser disc (video casette recorder/player & rewinder),variable,13.0,2.0,2.0,0.171,full
median,strict,7500,Others (miscellaneous),variable,14.0,2.0,2.0,0.24,full
median,strict,7600,"Refrigerator, ordinary",fixed,,24.0,24.0,72.0,always on
median,strict,7600,Lighting - Linear fluorescent tube #1,variable,1.0,3.0,3.0,4.5,full
median,strict,7600,Lighting - Linear fluorescent tube #2,variable,2.0,4.0,4.0,3.6,full
median,strict,7600,Lighting - Compact fluorescent lamp (CFL) #2,variable,3.0,2.0,2.0,2.16,full
median,strict,7600,Lighting - Compact fluorescent lamp (CFL) #3,variable,4.0,6.0,6.0,3.24,full
median,strict,7600,Lighting - Compact fluorescent lamp (CFL) #1,variable,5.0,4.0,4.0,5.4,full
median,strict,7600,Electric fan #1,variable,6.0,4.0,4.0,9.6,full
median,strict,7600,Electric fan #2,variable,7.0,5.0,5.0,12.0,full
median,strict,7600,Electric flat iron,variable,8.0,1.0,1.0,2.571,full
median,strict,7600,"Washing machine, manual",variable,9.0,2.0,2.0,2.4,full
median,strict,7600,Color TV - CRT screen #1,variable,10.0,4.0,4.0,13.2,full
median,strict,7600,Color TV - CRT screen #2,variable,11.0,2.0,2.0,4.8,full
median,strict,7600,Oven toaster,variable,12.0,0.1,0.1,0.321,full
median,strict,7600,VHS/Betamax/laser disc (video casette recorder/player & rewinder),variable,13.0,2.0,2.0,0.171,full
median,strict,7600,Others (miscellaneous),variable,14.0,2.0,2.0,0.24,full
median,strict,7700,"Refrigerator, ordinary",fixed,,24.0,24.0,72.0,always on
median,strict,7700,Lighting - Linear fluorescent tube #1,variable,1.0,3.0,3.0,4.5,full
median,strict,7700,Lighting - Linear fluorescent tube #2,variable,2.0,4.0,4.0,3.6,full
median,strict,7700,Lighting - Compact fluorescent lamp (CFL) #2,variable,3.0,2.0,2.0,2.16,full
median,strict,7700,Lighting - Compact fluorescent lamp (CFL) #3,variable,4.0,6.0,6.0,3.24,full
median,strict,7700,Lighting - Compact fluorescent lamp (CFL) #1,variable,5.0,4.0,4.0,5.4,full
median,strict,7700,Electric fan #1,variable,6.0,4.0,4.0,9.6,full
median,strict,7700,Electric fan #2,variable,7.0,5.0,5.0,12.0,full
median,strict,7700,Electric flat iron,variable,8.0,1.0,1.0,2.571,full
median,strict,7700,"Washing machine, manual",variable,9.0,2.0,2.0,2.4,full
median,strict,7700,Color TV - CRT screen #1,variable,10.0,4.0,4.0,13.2,full
median,strict,7700,Color TV - CRT screen #2,variable,11.0,2.0,2.0,4.8,full
median,strict,7700,Oven toaster,variable,12.0,0.1,0.1,0.321,full
median,strict,7700,VHS/Betamax/laser disc (video casette recorder/player & rewinder),variable,13.0,2.0,2.0,0.171,full
median,strict,7700,Others (miscellaneous),variable,14.0,2.0,2.0,0.24,full
median,strict,7800,"Refrigerator, ordinary",fixed,,24.0,24.0,72.0,always on
median,strict,7800,Lighting - Linear fluorescent tube #1,variable,1.0,3.0,3.0,4.5,full
median,strict,7800,Lighting - Linear fluorescent tube #2,variable,2.0,4.0,4.0,3.6,full
median,strict,7800,Lighting - Compact fluorescent lamp (CFL) #2,variable,3.0,2.0,2.0,2.16,full
median,strict,7800,Lighting - Compact fluorescent lamp (CFL) #3,variable,4.0,6.0,6.0,3.24,full
median,strict,7800,Lighting - Compact fluorescent lamp (CFL) #1,variable,5.0,4.0,4.0,5.4,full
median,strict,7800,Electric fan #1,variable,6.0,4.0,4.0,9.6,full
median,strict,7800,Electric fan #2,variable,7.0,5.0,5.0,12.0,full
median,strict,7800,Electric flat iron,variable,8.0,1.0,1.0,2.571,full
median,strict,7800,"Washing machine, manual",variable,9.0,2.0,2.0,2.4,full
median,strict,7800,Color TV - CRT screen #1,variable,10.0,4.0,4.0,13.2,full
median,strict,7800,Color TV - CRT screen #2,variable,11.0,2.0,2.0,4.8,full
median,strict,7800,Oven toaster,variable,12.0,0.1,0.1,0.321,full
median,strict,7800,VHS/Betamax/laser disc (video casette recorder/player & rewinder),variable,13.0,2.0,2.0,0.171,full
median,strict,7800,Others (miscellaneous),variable,14.0,2.0,2.0,0.24,full
median,strict,7900,"Refrigerator, ordinary",fixed,,24.0,24.0,72.0,always on
median,strict,7900,Lighting - Linear fluorescent tube #1,variable,1.0,3.0,3.0,4.5,full
median,strict,7900,Lighting - Linear fluorescent tube #2,variable,2.0,4.0,4.0,3.6,full
median,strict,7900,Lighting - Compact fluorescent lamp (CFL) #2,variable,3.0,2.0,2.0,2.16,full
median,strict,7900,Lighting - Compact fluorescent lamp (CFL) #3,variable,4.0,6.0,6.0,3.24,full
median,strict,7900,Lighting - Compact fluorescent lamp (CFL) #1,variable,5.0,4.0,4.0,5.4,full
median,strict,7900,Electric fan #1,variable,6.0,4.0,4.0,9.6,full
median,strict,7900,Electric fan #2,variable,7.0,5.0,5.0,12.0,full
median,strict,7900,Electric flat iron,variable,8.0,1.0,1.0,2.571,full
median,strict,7900,"Washing machine, manual",variable,9.0,2.0,2.0,2.4,full
median,strict,7900,Color TV - CRT screen #1,variable,10.0,4.0,4.0,13.2,full
median,strict,7900,Color TV - CRT screen #2,variable,11.0,2.0,2.0,4.8,full
median,strict,7900,Oven toaster,variable,12.0,0.1,0.1,0.321,full
median,strict,7900,VHS/Betamax/laser disc (video casette recorder/player & rewinder),variable,13.0,2.0,2.0,0.171,full
median,strict,7900,Others (miscellaneous),variable,14.0,2.0,2.0,0.24,full
median,strict,8000,"Refrigerator, ordinary",fixed,,24.0,24.0,72.0,always on
median,strict,8000,Lighting - Linear fluorescent tube #1,variable,1.0,3.0,3.0,4.5,full
median,strict,8000,Lighting - Linear fluorescent tube #2,variable,2.0,4.0,4.0,3.6,full
median,strict,8000,Lighting - Compact fluorescent lamp (CFL) #2,variable,3.0,2.0,2.0,2.16,full
median,strict,8000,Lighting - Compact fluorescent lamp (CFL) #3,variable,4.0,6.0,6.0,3.24,full
median,strict,8000,Lighting - Compact fluorescent lamp (CFL) #1,variable,5.0,4.0,4.0,5.4,full
median,strict,8000,Electric fan #1,variable,6.0,4.0,4.0,9.6,full
median,strict,8000,Electric fan #2,variable,7.0,5.0,5.0,12.0,full
median,strict,8000,Electric flat iron,variable,8.0,1.0,1.0,2.571,full
median,strict,8000,"Washing machine, manual",variable,9.0,2.0,2.0,2.4,full
median,strict,8000,Color TV - CRT screen #1,variable,10.0,4.0,4.0,13.2,full
median,strict,8000,Color TV - CRT screen #2,variable,11.0,2.0,2.0,4.8,full
median,strict,8000,Oven toaster,variable,12.0,0.1,0.1,0.321,full
median,strict,8000,VHS/Betamax/laser disc (video casette recorder/player & rewinder),variable,13.0,2.0,2.0,0.171,full
median,strict,8000,Others (miscellaneous),variable,14.0,2.0,2.0,0.24,full
median,weighted,1100,"Refrigerator, ordinary",fixed,,24.0,24.0,72.0,always on
median,weighted,1100,Lighting - Linear fluorescent tube #1,variable,1.0,1.25,3.0,1.875,below minimum
median,weighted,1100,Lighting - Linear fluorescent tube #2,variable,2.0,0.0,4.0,0.0,OFF (sacrificed)
median,weighted,1100,Lighting - Compact fluorescent lamp (CFL) #2,variable,3.0,0.0,2.0,0.0,OFF (sacrificed)
median,weighted,1100,Lighting - Compact fluorescent lamp (CFL) #3,variable,4.0,0.0,6.0,0.0,OFF (sacrificed)
median,weighted,1100,Lighting - Compact fluorescent lamp (CFL) #1,variable,5.0,0.0,4.0,0.0,OFF (sacrificed)
median,weighted,1100,Electric fan #1,variable,6.0,0.0,4.0,0.0,OFF (sacrificed)
median,weighted,1100,Electric fan #2,variable,7.0,0.0,5.0,0.0,OFF (sacrificed)
median,weighted,1100,Electric flat iron,variable,8.0,0.0,1.0,0.0,OFF (sacrificed)
median,weighted,1100,"Washing machine, manual",variable,9.0,0.0,2.0,0.0,OFF (sacrificed)
median,weighted,1100,Color TV - CRT screen #1,variable,10.0,0.0,4.0,0.0,OFF (sacrificed)
median,weighted,1100,Color TV - CRT screen #2,variable,11.0,0.0,2.0,0.0,OFF (sacrificed)
median,weighted,1100,Oven toaster,variable,12.0,0.0,0.1,0.0,OFF (sacrificed)
median,weighted,1100,VHS/Betamax/laser disc (video casette recorder/player & rewinder),variable,13.0,0.25,2.0,0.021,reduced
median,weighted,1100,Others (miscellaneous),variable,14.0,0.0,2.0,0.0,OFF (sacrificed)
median,weighted,1200,"Refrigerator, ordinary",fixed,,24.0,24.0,72.0,always on
median,weighted,1200,Lighting - Linear fluorescent tube #1,variable,1.0,2.0,3.0,3.0,minimum only
median,weighted,1200,Lighting - Linear fluorescent tube #2,variable,2.0,2.0,4.0,1.8,minimum only
median,weighted,1200,Lighting - Compact fluorescent lamp (CFL) #2,variable,3.0,2.0,2.0,2.16,full
median,weighted,1200,Lighting - Compact fluorescent lamp (CFL) #3,variable,4.0,2.0,6.0,1.08,minimum only
median,weighted,1200,Lighting - Compact fluorescent lamp (CFL) #1,variable,5.0,0.5,4.0,0.675,below minimum
median,weighted,1200,Electric fan #1,variable,6.0,0.0,4.0,0.0,OFF (sacrificed)
median,weighted,1200,Electric fan #2,variable,7.0,0.0,5.0,0.0,OFF (sacrificed)
median,weighted,1200,Electric flat iron,variable,8.0,0.0,1.0,0.0,OFF (sacrificed)
median,weighted,1200,"Washing machine, manual",variable,9.0,0.0,2.0,0.0,OFF (sacrificed)
median,weighted,1200,Color TV - CRT screen #1,variable,10.0,0.0,4.0,0.0,OFF (sacrificed)
median,weighted,1200,Color TV - CRT screen #2,variable,11.0,0.0,2.0,0.0,OFF (sacrificed)
median,weighted,1200,Oven toaster,variable,12.0,0.0,0.1,0.0,OFF (sacrificed)
median,weighted,1200,VHS/Betamax/laser disc (video casette recorder/player & rewinder),variable,13.0,0.5,2.0,0.043,reduced
median,weighted,1200,Others (miscellaneous),variable,14.0,0.0,2.0,0.0,OFF (sacrificed)
median,weighted,1300,"Refrigerator, ordinary",fixed,,24.0,24.0,72.0,always on
median,weighted,1300,Lighting - Linear fluorescent tube #1,variable,1.0,2.0,3.0,3.0,minimum only
median,weighted,1300,Lighting - Linear fluorescent tube #2,variable,2.0,4.0,4.0,3.6,full
median,weighted,1300,Lighting - Compact fluorescent lamp (CFL) #2,variable,3.0,2.0,2.0,2.16,full
median,weighted,1300,Lighting - Compact fluorescent lamp (CFL) #3,variable,4.0,6.0,6.0,3.24,full
median,weighted,1300,Lighting - Compact fluorescent lamp (CFL) #1,variable,5.0,2.0,4.0,2.7,minimum only
median,weighted,1300,Electric fan #1,variable,6.0,0.0,4.0,0.0,OFF (sacrificed)
median,weighted,1300,Electric fan #2,variable,7.0,0.0,5.0,0.0,OFF (sacrificed)
median,weighted,1300,Electric flat iron,variable,8.0,0.0,1.0,0.0,OFF (sacrificed)
median,weighted,1300,"Washing machine, manual",variable,9.0,0.0,2.0,0.0,OFF (sacrificed)
median,weighted,1300,Color TV - CRT screen #1,variable,10.0,0.0,4.0,0.0,OFF (sacrificed)
median,weighted,1300,Color TV - CRT screen #2,variable,11.0,0.0,2.0,0.0,OFF (sacrificed)
median,weighted,1300,Oven toaster,variable,12.0,0.1,0.1,0.321,full
median,weighted,1300,VHS/Betamax/laser disc (video casette recorder/player & rewinder),variable,13.0,2.0,2.0,0.171,full
median,weighted,1300,Others (miscellaneous),variable,14.0,2.0,2.0,0.24,full
median,weighted,1400,"Refrigerator, ordinary",fixed,,24.0,24.0,72.0,always on
median,weighted,1400,Lighting - Linear fluorescent tube #1,variable,1.0,3.0,3.0,4.5,full
median,weighted,1400,Lighting - Linear fluorescent tube #2,variable,2.0,4.0,4.0,3.6,full
median,weighted,1400,Lighting - Compact fluorescent lamp (CFL) #2,variable,3.0,2.0,2.0,2.16,full
median,weighted,1400,Lighting - Compact fluorescent lamp (CFL) #3,variable,4.0,6.0,6.0,3.24,full
median,weighted,1400,Lighting - Compact fluorescent lamp (CFL) #1,variable,5.0,2.25,4.0,3.037,reduced
median,weighted,1400,Electric fan #1,variable,6.0,0.0,4.0,0.0,OFF (sacrificed)
median,weighted,1400,Electric fan #2,variable,7.0,0.0,5.0,0.0,OFF (sacrificed)
median,weighted,1400,Electric flat iron,variable,8.0,1.0,1.0,2.571,full
median,weighted,1400,"Washing machine, manual",variable,9.0,2.0,2.0,2.4,full
median,weighted,1400,Color TV - CRT screen #1,variable,10.0,0.0,4.0,0.0,OFF (sacrificed)
median,weighted,1400,Color TV - CRT screen #2,variable,11.0,0.0,2.0,0.0,OFF (sacrificed)
median,weighted,1400,Oven toaster,variable,12.0,0.1,0.1,0.321,full
median,weighted,1400,VHS/Betamax/laser disc (video casette recorder/player & rewinder),variable,13.0,2.0,2.0,0.171,full
median,weighted,1400,Others (miscellaneous),variable,14.0,2.0,2.0,0.24,full
median,weighted,1500,"Refrigerator, ordinary",fixed,,24.0,24.0,72.0,always on
median,weighted,1500,Lighting - Linear fluorescent tube #1,variable,1.0,3.0,3.0,4.5,full
median,weighted,1500,Lighting - Linear fluorescent tube #2,variable,2.0,4.0,4.0,3.6,full
median,weighted,1500,Lighting - Compact fluorescent lamp (CFL) #2,variable,3.0,2.0,2.0,2.16,full
median,weighted,1500,Lighting - Compact fluorescent lamp (CFL) #3,variable,4.0,6.0,6.0,3.24,full
median,weighted,1500,Lighting - Compact fluorescent lamp (CFL) #1,variable,5.0,4.0,4.0,5.4,full
median,weighted,1500,Electric fan #1,variable,6.0,1.75,4.0,4.2,reduced
median,weighted,1500,Electric fan #2,variable,7.0,0.0,5.0,0.0,OFF (sacrificed)
median,weighted,1500,Electric flat iron,variable,8.0,1.0,1.0,2.571,full
median,weighted,1500,"Washing machine, manual",variable,9.0,2.0,2.0,2.4,full
median,weighted,1500,Color TV - CRT screen #1,variable,10.0,0.0,4.0,0.0,OFF (sacrificed)
median,weighted,1500,Color TV - CRT screen #2,variable,11.0,0.0,2.0,0.0,OFF (sacrificed)
median,weighted,1500,Oven toaster,variable,12.0,0.1,0.1,0.321,full
median,weighted,1500,VHS/Betamax/laser disc (video casette recorder/player & rewinder),variable,13.0,2.0,2.0,0.171,full
median,weighted,1500,Others (miscellaneous),variable,14.0,2.0,2.0,0.24,full
median,weighted,1600,"Refrigerator, ordinary",fixed,,24.0,24.0,72.0,always on
median,weighted,1600,Lighting - Linear fluorescent tube #1,variable,1.0,3.0,3.0,4.5,full
median,weighted,1600,Lighting - Linear fluorescent tube #2,variable,2.0,4.0,4.0,3.6,full
median,weighted,1600,Lighting - Compact fluorescent lamp (CFL) #2,variable,3.0,2.0,2.0,2.16,full
median,weighted,1600,Lighting - Compact fluorescent lamp (CFL) #3,variable,4.0,6.0,6.0,3.24,full
median,weighted,1600,Lighting - Compact fluorescent lamp (CFL) #1,variable,5.0,4.0,4.0,5.4,full
median,weighted,1600,Electric fan #1,variable,6.0,4.0,4.0,9.6,full
median,weighted,1600,Electric fan #2,variable,7.0,0.0,5.0,0.0,OFF (sacrificed)
median,weighted,1600,Electric flat iron,variable,8.0,1.0,1.0,2.571,full
median,weighted,1600,"Washing machine, manual",variable,9.0,2.0,2.0,2.4,full
median,weighted,1600,Color TV - CRT screen #1,variable,10.0,0.0,4.0,0.0,OFF (sacrificed)
median,weighted,1600,Color TV - CRT screen #2,variable,11.0,0.75,2.0,1.8,reduced
median,weighted,1600,Oven toaster,variable,12.0,0.1,0.1,0.321,full
median,weighted,1600,VHS/Betamax/laser disc (video casette recorder/player & rewinder),variable,13.0,2.0,2.0,0.171,full
median,weighted,1600,Others (miscellaneous),variable,14.0,2.0,2.0,0.24,full
median,weighted,1700,"Refrigerator, ordinary",fixed,,24.0,24.0,72.0,always on
median,weighted,1700,Lighting - Linear fluorescent tube #1,variable,1.0,3.0,3.0,4.5,full
median,weighted,1700,Lighting - Linear fluorescent tube #2,variable,2.0,4.0,4.0,3.6,full
median,weighted,1700,Lighting - Compact fluorescent lamp (CFL) #2,variable,3.0,2.0,2.0,2.16,full
median,weighted,1700,Lighting - Compact fluorescent lamp (CFL) #3,variable,4.0,6.0,6.0,3.24,full
median,weighted,1700,Lighting - Compact fluorescent lamp (CFL) #1,variable,5.0,4.0,4.0,5.4,full
median,weighted,1700,Electric fan #1,variable,6.0,4.0,4.0,9.6,full
median,weighted,1700,Electric fan #2,variable,7.0,1.5,5.0,3.6,reduced
median,weighted,1700,Electric flat iron,variable,8.0,1.0,1.0,2.571,full
median,weighted,1700,"Washing machine, manual",variable,9.0,2.0,2.0,2.4,full
median,weighted,1700,Color TV - CRT screen #1,variable,10.0,0.0,4.0,0.0,OFF (sacrificed)
median,weighted,1700,Color TV - CRT screen #2,variable,11.0,2.0,2.0,4.8,full
median,weighted,1700,Oven toaster,variable,12.0,0.1,0.1,0.321,full
median,weighted,1700,VHS/Betamax/laser disc (video casette recorder/player & rewinder),variable,13.0,2.0,2.0,0.171,full
median,weighted,1700,Others (miscellaneous),variable,14.0,2.0,2.0,0.24,full
median,weighted,1800,"Refrigerator, ordinary",fixed,,24.0,24.0,72.0,always on
median,weighted,1800,Lighting - Linear fluorescent tube #1,variable,1.0,3.0,3.0,4.5,full
median,weighted,1800,Lighting - Linear fluorescent tube #2,variable,2.0,4.0,4.0,3.6,full
median,weighted,1800,Lighting - Compact fluorescent lamp (CFL) #2,variable,3.0,2.0,2.0,2.16,full
median,weighted,1800,Lighting - Compact fluorescent lamp (CFL) #3,variable,4.0,6.0,6.0,3.24,full
median,weighted,1800,Lighting - Compact fluorescent lamp (CFL) #1,variable,5.0,4.0,4.0,5.4,full
median,weighted,1800,Electric fan #1,variable,6.0,4.0,4.0,9.6,full
median,weighted,1800,Electric fan #2,variable,7.0,4.5,5.0,10.8,reduced
median,weighted,1800,Electric flat iron,variable,8.0,1.0,1.0,2.571,full
median,weighted,1800,"Washing machine, manual",variable,9.0,2.0,2.0,2.4,full
median,weighted,1800,Color TV - CRT screen #1,variable,10.0,0.0,4.0,0.0,OFF (sacrificed)
median,weighted,1800,Color TV - CRT screen #2,variable,11.0,2.0,2.0,4.8,full
median,weighted,1800,Oven toaster,variable,12.0,0.1,0.1,0.321,full
median,weighted,1800,VHS/Betamax/laser disc (video casette recorder/player & rewinder),variable,13.0,2.0,2.0,0.171,full
median,weighted,1800,Others (miscellaneous),variable,14.0,2.0,2.0,0.24,full
median,weighted,1900,"Refrigerator, ordinary",fixed,,24.0,24.0,72.0,always on
median,weighted,1900,Lighting - Linear fluorescent tube #1,variable,1.0,3.0,3.0,4.5,full
median,weighted,1900,Lighting - Linear fluorescent tube #2,variable,2.0,4.0,4.0,3.6,full
median,weighted,1900,Lighting - Compact fluorescent lamp (CFL) #2,variable,3.0,2.0,2.0,2.16,full
median,weighted,1900,Lighting - Compact fluorescent lamp (CFL) #3,variable,4.0,6.0,6.0,3.24,full
median,weighted,1900,Lighting - Compact fluorescent lamp (CFL) #1,variable,5.0,4.0,4.0,5.4,full
median,weighted,1900,Electric fan #1,variable,6.0,4.0,4.0,9.6,full
median,weighted,1900,Electric fan #2,variable,7.0,5.0,5.0,12.0,full
median,weighted,1900,Electric flat iron,variable,8.0,1.0,1.0,2.571,full
median,weighted,1900,"Washing machine, manual",variable,9.0,2.0,2.0,2.4,full
median,weighted,1900,Color TV - CRT screen #1,variable,10.0,1.75,4.0,5.775,reduced
median,weighted,1900,Color TV - CRT screen #2,variable,11.0,2.0,2.0,4.8,full
median,weighted,1900,Oven toaster,variable,12.0,0.1,0.1,0.321,full
median,weighted,1900,VHS/Betamax/laser disc (video casette recorder/player & rewinder),variable,13.0,2.0,2.0,0.171,full
median,weighted,1900,Others (miscellaneous),variable,14.0,2.0,2.0,0.24,full
median,weighted,2000,"Refrigerator, ordinary",fixed,,24.0,24.0,72.0,always on
median,weighted,2000,Lighting - Linear fluorescent tube #1,variable,1.0,3.0,3.0,4.5,full
median,weighted,2000,Lighting - Linear fluorescent tube #2,variable,2.0,4.0,4.0,3.6,full
median,weighted,2000,Lighting - Compact fluorescent lamp (CFL) #2,variable,3.0,2.0,2.0,2.16,full
median,weighted,2000,Lighting - Compact fluorescent lamp (CFL) #3,variable,4.0,6.0,6.0,3.24,full
median,weighted,2000,Lighting - Compact fluorescent lamp (CFL) #1,variable,5.0,4.0,4.0,5.4,full
median,weighted,2000,Electric fan #1,variable,6.0,4.0,4.0,9.6,full
median,weighted,2000,Electric fan #2,variable,7.0,5.0,5.0,12.0,full
median,weighted,2000,Electric flat iron,variable,8.0,1.0,1.0,2.571,full
median,weighted,2000,"Washing machine, manual",variable,9.0,2.0,2.0,2.4,full
median,weighted,2000,Color TV - CRT screen #1,variable,10.0,3.75,4.0,12.375,reduced
median,weighted,2000,Color TV - CRT screen #2,variable,11.0,2.0,2.0,4.8,full
median,weighted,2000,Oven toaster,variable,12.0,0.1,0.1,0.321,full
median,weighted,2000,VHS/Betamax/laser disc (video casette recorder/player & rewinder),variable,13.0,2.0,2.0,0.171,full
median,weighted,2000,Others (miscellaneous),variable,14.0,2.0,2.0,0.24,full
median,weighted,2100,"Refrigerator, ordinary",fixed,,24.0,24.0,72.0,always on
median,weighted,2100,Lighting - Linear fluorescent tube #1,variable,1.0,3.0,3.0,4.5,full
median,weighted,2100,Lighting - Linear fluorescent tube #2,variable,2.0,4.0,4.0,3.6,full
median,weighted,2100,Lighting - Compact fluorescent lamp (CFL) #2,variable,3.0,2.0,2.0,2.16,full
median,weighted,2100,Lighting - Compact fluorescent lamp (CFL) #3,variable,4.0,6.0,6.0,3.24,full
median,weighted,2100,Lighting - Compact fluorescent lamp (CFL) #1,variable,5.0,4.0,4.0,5.4,full
median,weighted,2100,Electric fan #1,variable,6.0,4.0,4.0,9.6,full
median,weighted,2100,Electric fan #2,variable,7.0,5.0,5.0,12.0,full
median,weighted,2100,Electric flat iron,variable,8.0,1.0,1.0,2.571,full
median,weighted,2100,"Washing machine, manual",variable,9.0,2.0,2.0,2.4,full
median,weighted,2100,Color TV - CRT screen #1,variable,10.0,4.0,4.0,13.2,full
median,weighted,2100,Color TV - CRT screen #2,variable,11.0,2.0,2.0,4.8,full
median,weighted,2100,Oven toaster,variable,12.0,0.1,0.1,0.321,full
median,weighted,2100,VHS/Betamax/laser disc (video casette recorder/player & rewinder),variable,13.0,2.0,2.0,0.171,full
median,weighted,2100,Others (miscellaneous),variable,14.0,2.0,2.0,0.24,full
median,weighted,2200,"Refrigerator, ordinary",fixed,,24.0,24.0,72.0,always on
median,weighted,2200,Lighting - Linear fluorescent tube #1,variable,1.0,3.0,3.0,4.5,full
median,weighted,2200,Lighting - Linear fluorescent tube #2,variable,2.0,4.0,4.0,3.6,full
median,weighted,2200,Lighting - Compact fluorescent lamp (CFL) #2,variable,3.0,2.0,2.0,2.16,full
median,weighted,2200,Lighting - Compact fluorescent lamp (CFL) #3,variable,4.0,6.0,6.0,3.24,full
median,weighted,2200,Lighting - Compact fluorescent lamp (CFL) #1,variable,5.0,4.0,4.0,5.4,full
median,weighted,2200,Electric fan #1,variable,6.0,4.0,4.0,9.6,full
median,weighted,2200,Electric fan #2,variable,7.0,5.0,5.0,12.0,full
median,weighted,2200,Electric flat iron,variable,8.0,1.0,1.0,2.571,full
median,weighted,2200,"Washing machine, manual",variable,9.0,2.0,2.0,2.4,full
median,weighted,2200,Color TV - CRT screen #1,variable,10.0,4.0,4.0,13.2,full
median,weighted,2200,Color TV - CRT screen #2,variable,11.0,2.0,2.0,4.8,full
median,weighted,2200,Oven toaster,variable,12.0,0.1,0.1,0.321,full
median,weighted,2200,VHS/Betamax/laser disc (video casette recorder/player & rewinder),variable,13.0,2.0,2.0,0.171,full
median,weighted,2200,Others (miscellaneous),variable,14.0,2.0,2.0,0.24,full
median,weighted,2300,"Refrigerator, ordinary",fixed,,24.0,24.0,72.0,always on
median,weighted,2300,Lighting - Linear fluorescent tube #1,variable,1.0,3.0,3.0,4.5,full
median,weighted,2300,Lighting - Linear fluorescent tube #2,variable,2.0,4.0,4.0,3.6,full
median,weighted,2300,Lighting - Compact fluorescent lamp (CFL) #2,variable,3.0,2.0,2.0,2.16,full
median,weighted,2300,Lighting - Compact fluorescent lamp (CFL) #3,variable,4.0,6.0,6.0,3.24,full
median,weighted,2300,Lighting - Compact fluorescent lamp (CFL) #1,variable,5.0,4.0,4.0,5.4,full
median,weighted,2300,Electric fan #1,variable,6.0,4.0,4.0,9.6,full
median,weighted,2300,Electric fan #2,variable,7.0,5.0,5.0,12.0,full
median,weighted,2300,Electric flat iron,variable,8.0,1.0,1.0,2.571,full
median,weighted,2300,"Washing machine, manual",variable,9.0,2.0,2.0,2.4,full
median,weighted,2300,Color TV - CRT screen #1,variable,10.0,4.0,4.0,13.2,full
median,weighted,2300,Color TV - CRT screen #2,variable,11.0,2.0,2.0,4.8,full
median,weighted,2300,Oven toaster,variable,12.0,0.1,0.1,0.321,full
median,weighted,2300,VHS/Betamax/laser disc (video casette recorder/player & rewinder),variable,13.0,2.0,2.0,0.171,full
median,weighted,2300,Others (miscellaneous),variable,14.0,2.0,2.0,0.24,full
median,weighted,2400,"Refrigerator, ordinary",fixed,,24.0,24.0,72.0,always on
median,weighted,2400,Lighting - Linear fluorescent tube #1,variable,1.0,3.0,3.0,4.5,full
median,weighted,2400,Lighting - Linear fluorescent tube #2,variable,2.0,4.0,4.0,3.6,full
median,weighted,2400,Lighting - Compact fluorescent lamp (CFL) #2,variable,3.0,2.0,2.0,2.16,full
median,weighted,2400,Lighting - Compact fluorescent lamp (CFL) #3,variable,4.0,6.0,6.0,3.24,full
median,weighted,2400,Lighting - Compact fluorescent lamp (CFL) #1,variable,5.0,4.0,4.0,5.4,full
median,weighted,2400,Electric fan #1,variable,6.0,4.0,4.0,9.6,full
median,weighted,2400,Electric fan #2,variable,7.0,5.0,5.0,12.0,full
median,weighted,2400,Electric flat iron,variable,8.0,1.0,1.0,2.571,full
median,weighted,2400,"Washing machine, manual",variable,9.0,2.0,2.0,2.4,full
median,weighted,2400,Color TV - CRT screen #1,variable,10.0,4.0,4.0,13.2,full
median,weighted,2400,Color TV - CRT screen #2,variable,11.0,2.0,2.0,4.8,full
median,weighted,2400,Oven toaster,variable,12.0,0.1,0.1,0.321,full
median,weighted,2400,VHS/Betamax/laser disc (video casette recorder/player & rewinder),variable,13.0,2.0,2.0,0.171,full
median,weighted,2400,Others (miscellaneous),variable,14.0,2.0,2.0,0.24,full
median,weighted,2500,"Refrigerator, ordinary",fixed,,24.0,24.0,72.0,always on
median,weighted,2500,Lighting - Linear fluorescent tube #1,variable,1.0,3.0,3.0,4.5,full
median,weighted,2500,Lighting - Linear fluorescent tube #2,variable,2.0,4.0,4.0,3.6,full
median,weighted,2500,Lighting - Compact fluorescent lamp (CFL) #2,variable,3.0,2.0,2.0,2.16,full
median,weighted,2500,Lighting - Compact fluorescent lamp (CFL) #3,variable,4.0,6.0,6.0,3.24,full
median,weighted,2500,Lighting - Compact fluorescent lamp (CFL) #1,variable,5.0,4.0,4.0,5.4,full
median,weighted,2500,Electric fan #1,variable,6.0,4.0,4.0,9.6,full
median,weighted,2500,Electric fan #2,variable,7.0,5.0,5.0,12.0,full
median,weighted,2500,Electric flat iron,variable,8.0,1.0,1.0,2.571,full
median,weighted,2500,"Washing machine, manual",variable,9.0,2.0,2.0,2.4,full
median,weighted,2500,Color TV - CRT screen #1,variable,10.0,4.0,4.0,13.2,full
median,weighted,2500,Color TV - CRT screen #2,variable,11.0,2.0,2.0,4.8,full
median,weighted,2500,Oven toaster,variable,12.0,0.1,0.1,0.321,full
median,weighted,2500,VHS/Betamax/laser disc (video casette recorder/player & rewinder),variable,13.0,2.0,2.0,0.171,full
median,weighted,2500,Others (miscellaneous),variable,14.0,2.0,2.0,0.24,full
median,weighted,2600,"Refrigerator, ordinary",fixed,,24.0,24.0,72.0,always on
median,weighted,2600,Lighting - Linear fluorescent tube #1,variable,1.0,3.0,3.0,4.5,full
median,weighted,2600,Lighting - Linear fluorescent tube #2,variable,2.0,4.0,4.0,3.6,full
median,weighted,2600,Lighting - Compact fluorescent lamp (CFL) #2,variable,3.0,2.0,2.0,2.16,full
median,weighted,2600,Lighting - Compact fluorescent lamp (CFL) #3,variable,4.0,6.0,6.0,3.24,full
median,weighted,2600,Lighting - Compact fluorescent lamp (CFL) #1,variable,5.0,4.0,4.0,5.4,full
median,weighted,2600,Electric fan #1,variable,6.0,4.0,4.0,9.6,full
median,weighted,2600,Electric fan #2,variable,7.0,5.0,5.0,12.0,full
median,weighted,2600,Electric flat iron,variable,8.0,1.0,1.0,2.571,full
median,weighted,2600,"Washing machine, manual",variable,9.0,2.0,2.0,2.4,full
median,weighted,2600,Color TV - CRT screen #1,variable,10.0,4.0,4.0,13.2,full
median,weighted,2600,Color TV - CRT screen #2,variable,11.0,2.0,2.0,4.8,full
median,weighted,2600,Oven toaster,variable,12.0,0.1,0.1,0.321,full
median,weighted,2600,VHS/Betamax/laser disc (video casette recorder/player & rewinder),variable,13.0,2.0,2.0,0.171,full
median,weighted,2600,Others (miscellaneous),variable,14.0,2.0,2.0,0.24,full
median,weighted,2700,"Refrigerator, ordinary",fixed,,24.0,24.0,72.0,always on
median,weighted,2700,Lighting - Linear fluorescent tube #1,variable,1.0,3.0,3.0,4.5,full
median,weighted,2700,Lighting - Linear fluorescent tube #2,variable,2.0,4.0,4.0,3.6,full
median,weighted,2700,Lighting - Compact fluorescent lamp (CFL) #2,variable,3.0,2.0,2.0,2.16,full
median,weighted,2700,Lighting - Compact fluorescent lamp (CFL) #3,variable,4.0,6.0,6.0,3.24,full
median,weighted,2700,Lighting - Compact fluorescent lamp (CFL) #1,variable,5.0,4.0,4.0,5.4,full
median,weighted,2700,Electric fan #1,variable,6.0,4.0,4.0,9.6,full
median,weighted,2700,Electric fan #2,variable,7.0,5.0,5.0,12.0,full
median,weighted,2700,Electric flat iron,variable,8.0,1.0,1.0,2.571,full
median,weighted,2700,"Washing machine, manual",variable,9.0,2.0,2.0,2.4,full
median,weighted,2700,Color TV - CRT screen #1,variable,10.0,4.0,4.0,13.2,full
median,weighted,2700,Color TV - CRT screen #2,variable,11.0,2.0,2.0,4.8,full
median,weighted,2700,Oven toaster,variable,12.0,0.1,0.1,0.321,full
median,weighted,2700,VHS/Betamax/laser disc (video casette recorder/player & rewinder),variable,13.0,2.0,2.0,0.171,full
median,weighted,2700,Others (miscellaneous),variable,14.0,2.0,2.0,0.24,full
median,weighted,2800,"Refrigerator, ordinary",fixed,,24.0,24.0,72.0,always on
median,weighted,2800,Lighting - Linear fluorescent tube #1,variable,1.0,3.0,3.0,4.5,full
median,weighted,2800,Lighting - Linear fluorescent tube #2,variable,2.0,4.0,4.0,3.6,full
median,weighted,2800,Lighting - Compact fluorescent lamp (CFL) #2,variable,3.0,2.0,2.0,2.16,full
median,weighted,2800,Lighting - Compact fluorescent lamp (CFL) #3,variable,4.0,6.0,6.0,3.24,full
median,weighted,2800,Lighting - Compact fluorescent lamp (CFL) #1,variable,5.0,4.0,4.0,5.4,full
median,weighted,2800,Electric fan #1,variable,6.0,4.0,4.0,9.6,full
median,weighted,2800,Electric fan #2,variable,7.0,5.0,5.0,12.0,full
median,weighted,2800,Electric flat iron,variable,8.0,1.0,1.0,2.571,full
median,weighted,2800,"Washing machine, manual",variable,9.0,2.0,2.0,2.4,full
median,weighted,2800,Color TV - CRT screen #1,variable,10.0,4.0,4.0,13.2,full
median,weighted,2800,Color TV - CRT screen #2,variable,11.0,2.0,2.0,4.8,full
median,weighted,2800,Oven toaster,variable,12.0,0.1,0.1,0.321,full
median,weighted,2800,VHS/Betamax/laser disc (video casette recorder/player & rewinder),variable,13.0,2.0,2.0,0.171,full
median,weighted,2800,Others (miscellaneous),variable,14.0,2.0,2.0,0.24,full
median,weighted,2900,"Refrigerator, ordinary",fixed,,24.0,24.0,72.0,always on
median,weighted,2900,Lighting - Linear fluorescent tube #1,variable,1.0,3.0,3.0,4.5,full
median,weighted,2900,Lighting - Linear fluorescent tube #2,variable,2.0,4.0,4.0,3.6,full
median,weighted,2900,Lighting - Compact fluorescent lamp (CFL) #2,variable,3.0,2.0,2.0,2.16,full
median,weighted,2900,Lighting - Compact fluorescent lamp (CFL) #3,variable,4.0,6.0,6.0,3.24,full
median,weighted,2900,Lighting - Compact fluorescent lamp (CFL) #1,variable,5.0,4.0,4.0,5.4,full
median,weighted,2900,Electric fan #1,variable,6.0,4.0,4.0,9.6,full
median,weighted,2900,Electric fan #2,variable,7.0,5.0,5.0,12.0,full
median,weighted,2900,Electric flat iron,variable,8.0,1.0,1.0,2.571,full
median,weighted,2900,"Washing machine, manual",variable,9.0,2.0,2.0,2.4,full
median,weighted,2900,Color TV - CRT screen #1,variable,10.0,4.0,4.0,13.2,full
median,weighted,2900,Color TV - CRT screen #2,variable,11.0,2.0,2.0,4.8,full
median,weighted,2900,Oven toaster,variable,12.0,0.1,0.1,0.321,full
median,weighted,2900,VHS/Betamax/laser disc (video casette recorder/player & rewinder),variable,13.0,2.0,2.0,0.171,full
median,weighted,2900,Others (miscellaneous),variable,14.0,2.0,2.0,0.24,full
median,weighted,3000,"Refrigerator, ordinary",fixed,,24.0,24.0,72.0,always on
median,weighted,3000,Lighting - Linear fluorescent tube #1,variable,1.0,3.0,3.0,4.5,full
median,weighted,3000,Lighting - Linear fluorescent tube #2,variable,2.0,4.0,4.0,3.6,full
median,weighted,3000,Lighting - Compact fluorescent lamp (CFL) #2,variable,3.0,2.0,2.0,2.16,full
median,weighted,3000,Lighting - Compact fluorescent lamp (CFL) #3,variable,4.0,6.0,6.0,3.24,full
median,weighted,3000,Lighting - Compact fluorescent lamp (CFL) #1,variable,5.0,4.0,4.0,5.4,full
median,weighted,3000,Electric fan #1,variable,6.0,4.0,4.0,9.6,full
median,weighted,3000,Electric fan #2,variable,7.0,5.0,5.0,12.0,full
median,weighted,3000,Electric flat iron,variable,8.0,1.0,1.0,2.571,full
median,weighted,3000,"Washing machine, manual",variable,9.0,2.0,2.0,2.4,full
median,weighted,3000,Color TV - CRT screen #1,variable,10.0,4.0,4.0,13.2,full
median,weighted,3000,Color TV - CRT screen #2,variable,11.0,2.0,2.0,4.8,full
median,weighted,3000,Oven toaster,variable,12.0,0.1,0.1,0.321,full
median,weighted,3000,VHS/Betamax/laser disc (video casette recorder/player & rewinder),variable,13.0,2.0,2.0,0.171,full
median,weighted,3000,Others (miscellaneous),variable,14.0,2.0,2.0,0.24,full
median,weighted,3100,"Refrigerator, ordinary",fixed,,24.0,24.0,72.0,always on
median,weighted,3100,Lighting - Linear fluorescent tube #1,variable,1.0,3.0,3.0,4.5,full
median,weighted,3100,Lighting - Linear fluorescent tube #2,variable,2.0,4.0,4.0,3.6,full
median,weighted,3100,Lighting - Compact fluorescent lamp (CFL) #2,variable,3.0,2.0,2.0,2.16,full
median,weighted,3100,Lighting - Compact fluorescent lamp (CFL) #3,variable,4.0,6.0,6.0,3.24,full
median,weighted,3100,Lighting - Compact fluorescent lamp (CFL) #1,variable,5.0,4.0,4.0,5.4,full
median,weighted,3100,Electric fan #1,variable,6.0,4.0,4.0,9.6,full
median,weighted,3100,Electric fan #2,variable,7.0,5.0,5.0,12.0,full
median,weighted,3100,Electric flat iron,variable,8.0,1.0,1.0,2.571,full
median,weighted,3100,"Washing machine, manual",variable,9.0,2.0,2.0,2.4,full
median,weighted,3100,Color TV - CRT screen #1,variable,10.0,4.0,4.0,13.2,full
median,weighted,3100,Color TV - CRT screen #2,variable,11.0,2.0,2.0,4.8,full
median,weighted,3100,Oven toaster,variable,12.0,0.1,0.1,0.321,full
median,weighted,3100,VHS/Betamax/laser disc (video casette recorder/player & rewinder),variable,13.0,2.0,2.0,0.171,full
median,weighted,3100,Others (miscellaneous),variable,14.0,2.0,2.0,0.24,full
median,weighted,3200,"Refrigerator, ordinary",fixed,,24.0,24.0,72.0,always on
median,weighted,3200,Lighting - Linear fluorescent tube #1,variable,1.0,3.0,3.0,4.5,full
median,weighted,3200,Lighting - Linear fluorescent tube #2,variable,2.0,4.0,4.0,3.6,full
median,weighted,3200,Lighting - Compact fluorescent lamp (CFL) #2,variable,3.0,2.0,2.0,2.16,full
median,weighted,3200,Lighting - Compact fluorescent lamp (CFL) #3,variable,4.0,6.0,6.0,3.24,full
median,weighted,3200,Lighting - Compact fluorescent lamp (CFL) #1,variable,5.0,4.0,4.0,5.4,full
median,weighted,3200,Electric fan #1,variable,6.0,4.0,4.0,9.6,full
median,weighted,3200,Electric fan #2,variable,7.0,5.0,5.0,12.0,full
median,weighted,3200,Electric flat iron,variable,8.0,1.0,1.0,2.571,full
median,weighted,3200,"Washing machine, manual",variable,9.0,2.0,2.0,2.4,full
median,weighted,3200,Color TV - CRT screen #1,variable,10.0,4.0,4.0,13.2,full
median,weighted,3200,Color TV - CRT screen #2,variable,11.0,2.0,2.0,4.8,full
median,weighted,3200,Oven toaster,variable,12.0,0.1,0.1,0.321,full
median,weighted,3200,VHS/Betamax/laser disc (video casette recorder/player & rewinder),variable,13.0,2.0,2.0,0.171,full
median,weighted,3200,Others (miscellaneous),variable,14.0,2.0,2.0,0.24,full
median,weighted,3300,"Refrigerator, ordinary",fixed,,24.0,24.0,72.0,always on
median,weighted,3300,Lighting - Linear fluorescent tube #1,variable,1.0,3.0,3.0,4.5,full
median,weighted,3300,Lighting - Linear fluorescent tube #2,variable,2.0,4.0,4.0,3.6,full
median,weighted,3300,Lighting - Compact fluorescent lamp (CFL) #2,variable,3.0,2.0,2.0,2.16,full
median,weighted,3300,Lighting - Compact fluorescent lamp (CFL) #3,variable,4.0,6.0,6.0,3.24,full
median,weighted,3300,Lighting - Compact fluorescent lamp (CFL) #1,variable,5.0,4.0,4.0,5.4,full
median,weighted,3300,Electric fan #1,variable,6.0,4.0,4.0,9.6,full
median,weighted,3300,Electric fan #2,variable,7.0,5.0,5.0,12.0,full
median,weighted,3300,Electric flat iron,variable,8.0,1.0,1.0,2.571,full
median,weighted,3300,"Washing machine, manual",variable,9.0,2.0,2.0,2.4,full
median,weighted,3300,Color TV - CRT screen #1,variable,10.0,4.0,4.0,13.2,full
median,weighted,3300,Color TV - CRT screen #2,variable,11.0,2.0,2.0,4.8,full
median,weighted,3300,Oven toaster,variable,12.0,0.1,0.1,0.321,full
median,weighted,3300,VHS/Betamax/laser disc (video casette recorder/player & rewinder),variable,13.0,2.0,2.0,0.171,full
median,weighted,3300,Others (miscellaneous),variable,14.0,2.0,2.0,0.24,full
median,weighted,3400,"Refrigerator, ordinary",fixed,,24.0,24.0,72.0,always on
median,weighted,3400,Lighting - Linear fluorescent tube #1,variable,1.0,3.0,3.0,4.5,full
median,weighted,3400,Lighting - Linear fluorescent tube #2,variable,2.0,4.0,4.0,3.6,full
median,weighted,3400,Lighting - Compact fluorescent lamp (CFL) #2,variable,3.0,2.0,2.0,2.16,full
median,weighted,3400,Lighting - Compact fluorescent lamp (CFL) #3,variable,4.0,6.0,6.0,3.24,full
median,weighted,3400,Lighting - Compact fluorescent lamp (CFL) #1,variable,5.0,4.0,4.0,5.4,full
median,weighted,3400,Electric fan #1,variable,6.0,4.0,4.0,9.6,full
median,weighted,3400,Electric fan #2,variable,7.0,5.0,5.0,12.0,full
median,weighted,3400,Electric flat iron,variable,8.0,1.0,1.0,2.571,full
median,weighted,3400,"Washing machine, manual",variable,9.0,2.0,2.0,2.4,full
median,weighted,3400,Color TV - CRT screen #1,variable,10.0,4.0,4.0,13.2,full
median,weighted,3400,Color TV - CRT screen #2,variable,11.0,2.0,2.0,4.8,full
median,weighted,3400,Oven toaster,variable,12.0,0.1,0.1,0.321,full
median,weighted,3400,VHS/Betamax/laser disc (video casette recorder/player & rewinder),variable,13.0,2.0,2.0,0.171,full
median,weighted,3400,Others (miscellaneous),variable,14.0,2.0,2.0,0.24,full
median,weighted,3500,"Refrigerator, ordinary",fixed,,24.0,24.0,72.0,always on
median,weighted,3500,Lighting - Linear fluorescent tube #1,variable,1.0,3.0,3.0,4.5,full
median,weighted,3500,Lighting - Linear fluorescent tube #2,variable,2.0,4.0,4.0,3.6,full
median,weighted,3500,Lighting - Compact fluorescent lamp (CFL) #2,variable,3.0,2.0,2.0,2.16,full
median,weighted,3500,Lighting - Compact fluorescent lamp (CFL) #3,variable,4.0,6.0,6.0,3.24,full
median,weighted,3500,Lighting - Compact fluorescent lamp (CFL) #1,variable,5.0,4.0,4.0,5.4,full
median,weighted,3500,Electric fan #1,variable,6.0,4.0,4.0,9.6,full
median,weighted,3500,Electric fan #2,variable,7.0,5.0,5.0,12.0,full
median,weighted,3500,Electric flat iron,variable,8.0,1.0,1.0,2.571,full
median,weighted,3500,"Washing machine, manual",variable,9.0,2.0,2.0,2.4,full
median,weighted,3500,Color TV - CRT screen #1,variable,10.0,4.0,4.0,13.2,full
median,weighted,3500,Color TV - CRT screen #2,variable,11.0,2.0,2.0,4.8,full
median,weighted,3500,Oven toaster,variable,12.0,0.1,0.1,0.321,full
median,weighted,3500,VHS/Betamax/laser disc (video casette recorder/player & rewinder),variable,13.0,2.0,2.0,0.171,full
median,weighted,3500,Others (miscellaneous),variable,14.0,2.0,2.0,0.24,full
median,weighted,3600,"Refrigerator, ordinary",fixed,,24.0,24.0,72.0,always on
median,weighted,3600,Lighting - Linear fluorescent tube #1,variable,1.0,3.0,3.0,4.5,full
median,weighted,3600,Lighting - Linear fluorescent tube #2,variable,2.0,4.0,4.0,3.6,full
median,weighted,3600,Lighting - Compact fluorescent lamp (CFL) #2,variable,3.0,2.0,2.0,2.16,full
median,weighted,3600,Lighting - Compact fluorescent lamp (CFL) #3,variable,4.0,6.0,6.0,3.24,full
median,weighted,3600,Lighting - Compact fluorescent lamp (CFL) #1,variable,5.0,4.0,4.0,5.4,full
median,weighted,3600,Electric fan #1,variable,6.0,4.0,4.0,9.6,full
median,weighted,3600,Electric fan #2,variable,7.0,5.0,5.0,12.0,full
median,weighted,3600,Electric flat iron,variable,8.0,1.0,1.0,2.571,full
median,weighted,3600,"Washing machine, manual",variable,9.0,2.0,2.0,2.4,full
median,weighted,3600,Color TV - CRT screen #1,variable,10.0,4.0,4.0,13.2,full
median,weighted,3600,Color TV - CRT screen #2,variable,11.0,2.0,2.0,4.8,full
median,weighted,3600,Oven toaster,variable,12.0,0.1,0.1,0.321,full
median,weighted,3600,VHS/Betamax/laser disc (video casette recorder/player & rewinder),variable,13.0,2.0,2.0,0.171,full
median,weighted,3600,Others (miscellaneous),variable,14.0,2.0,2.0,0.24,full
median,weighted,3700,"Refrigerator, ordinary",fixed,,24.0,24.0,72.0,always on
median,weighted,3700,Lighting - Linear fluorescent tube #1,variable,1.0,3.0,3.0,4.5,full
median,weighted,3700,Lighting - Linear fluorescent tube #2,variable,2.0,4.0,4.0,3.6,full
median,weighted,3700,Lighting - Compact fluorescent lamp (CFL) #2,variable,3.0,2.0,2.0,2.16,full
median,weighted,3700,Lighting - Compact fluorescent lamp (CFL) #3,variable,4.0,6.0,6.0,3.24,full
median,weighted,3700,Lighting - Compact fluorescent lamp (CFL) #1,variable,5.0,4.0,4.0,5.4,full
median,weighted,3700,Electric fan #1,variable,6.0,4.0,4.0,9.6,full
median,weighted,3700,Electric fan #2,variable,7.0,5.0,5.0,12.0,full
median,weighted,3700,Electric flat iron,variable,8.0,1.0,1.0,2.571,full
median,weighted,3700,"Washing machine, manual",variable,9.0,2.0,2.0,2.4,full
median,weighted,3700,Color TV - CRT screen #1,variable,10.0,4.0,4.0,13.2,full
median,weighted,3700,Color TV - CRT screen #2,variable,11.0,2.0,2.0,4.8,full
median,weighted,3700,Oven toaster,variable,12.0,0.1,0.1,0.321,full
median,weighted,3700,VHS/Betamax/laser disc (video casette recorder/player & rewinder),variable,13.0,2.0,2.0,0.171,full
median,weighted,3700,Others (miscellaneous),variable,14.0,2.0,2.0,0.24,full
median,weighted,3800,"Refrigerator, ordinary",fixed,,24.0,24.0,72.0,always on
median,weighted,3800,Lighting - Linear fluorescent tube #1,variable,1.0,3.0,3.0,4.5,full
median,weighted,3800,Lighting - Linear fluorescent tube #2,variable,2.0,4.0,4.0,3.6,full
median,weighted,3800,Lighting - Compact fluorescent lamp (CFL) #2,variable,3.0,2.0,2.0,2.16,full
median,weighted,3800,Lighting - Compact fluorescent lamp (CFL) #3,variable,4.0,6.0,6.0,3.24,full
median,weighted,3800,Lighting - Compact fluorescent lamp (CFL) #1,variable,5.0,4.0,4.0,5.4,full
median,weighted,3800,Electric fan #1,variable,6.0,4.0,4.0,9.6,full
median,weighted,3800,Electric fan #2,variable,7.0,5.0,5.0,12.0,full
median,weighted,3800,Electric flat iron,variable,8.0,1.0,1.0,2.571,full
median,weighted,3800,"Washing machine, manual",variable,9.0,2.0,2.0,2.4,full
median,weighted,3800,Color TV - CRT screen #1,variable,10.0,4.0,4.0,13.2,full
median,weighted,3800,Color TV - CRT screen #2,variable,11.0,2.0,2.0,4.8,full
median,weighted,3800,Oven toaster,variable,12.0,0.1,0.1,0.321,full
median,weighted,3800,VHS/Betamax/laser disc (video casette recorder/player & rewinder),variable,13.0,2.0,2.0,0.171,full
median,weighted,3800,Others (miscellaneous),variable,14.0,2.0,2.0,0.24,full
median,weighted,3900,"Refrigerator, ordinary",fixed,,24.0,24.0,72.0,always on
median,weighted,3900,Lighting - Linear fluorescent tube #1,variable,1.0,3.0,3.0,4.5,full
median,weighted,3900,Lighting - Linear fluorescent tube #2,variable,2.0,4.0,4.0,3.6,full
median,weighted,3900,Lighting - Compact fluorescent lamp (CFL) #2,variable,3.0,2.0,2.0,2.16,full
median,weighted,3900,Lighting - Compact fluorescent lamp (CFL) #3,variable,4.0,6.0,6.0,3.24,full
median,weighted,3900,Lighting - Compact fluorescent lamp (CFL) #1,variable,5.0,4.0,4.0,5.4,full
median,weighted,3900,Electric fan #1,variable,6.0,4.0,4.0,9.6,full
median,weighted,3900,Electric fan #2,variable,7.0,5.0,5.0,12.0,full
median,weighted,3900,Electric flat iron,variable,8.0,1.0,1.0,2.571,full
median,weighted,3900,"Washing machine, manual",variable,9.0,2.0,2.0,2.4,full
median,weighted,3900,Color TV - CRT screen #1,variable,10.0,4.0,4.0,13.2,full
median,weighted,3900,Color TV - CRT screen #2,variable,11.0,2.0,2.0,4.8,full
median,weighted,3900,Oven toaster,variable,12.0,0.1,0.1,0.321,full
median,weighted,3900,VHS/Betamax/laser disc (video casette recorder/player & rewinder),variable,13.0,2.0,2.0,0.171,full
median,weighted,3900,Others (miscellaneous),variable,14.0,2.0,2.0,0.24,full
median,weighted,4000,"Refrigerator, ordinary",fixed,,24.0,24.0,72.0,always on
median,weighted,4000,Lighting - Linear fluorescent tube #1,variable,1.0,3.0,3.0,4.5,full
median,weighted,4000,Lighting - Linear fluorescent tube #2,variable,2.0,4.0,4.0,3.6,full
median,weighted,4000,Lighting - Compact fluorescent lamp (CFL) #2,variable,3.0,2.0,2.0,2.16,full
median,weighted,4000,Lighting - Compact fluorescent lamp (CFL) #3,variable,4.0,6.0,6.0,3.24,full
median,weighted,4000,Lighting - Compact fluorescent lamp (CFL) #1,variable,5.0,4.0,4.0,5.4,full
median,weighted,4000,Electric fan #1,variable,6.0,4.0,4.0,9.6,full
median,weighted,4000,Electric fan #2,variable,7.0,5.0,5.0,12.0,full
median,weighted,4000,Electric flat iron,variable,8.0,1.0,1.0,2.571,full
median,weighted,4000,"Washing machine, manual",variable,9.0,2.0,2.0,2.4,full
median,weighted,4000,Color TV - CRT screen #1,variable,10.0,4.0,4.0,13.2,full
median,weighted,4000,Color TV - CRT screen #2,variable,11.0,2.0,2.0,4.8,full
median,weighted,4000,Oven toaster,variable,12.0,0.1,0.1,0.321,full
median,weighted,4000,VHS/Betamax/laser disc (video casette recorder/player & rewinder),variable,13.0,2.0,2.0,0.171,full
median,weighted,4000,Others (miscellaneous),variable,14.0,2.0,2.0,0.24,full
median,weighted,4100,"Refrigerator, ordinary",fixed,,24.0,24.0,72.0,always on
median,weighted,4100,Lighting - Linear fluorescent tube #1,variable,1.0,3.0,3.0,4.5,full
median,weighted,4100,Lighting - Linear fluorescent tube #2,variable,2.0,4.0,4.0,3.6,full
median,weighted,4100,Lighting - Compact fluorescent lamp (CFL) #2,variable,3.0,2.0,2.0,2.16,full
median,weighted,4100,Lighting - Compact fluorescent lamp (CFL) #3,variable,4.0,6.0,6.0,3.24,full
median,weighted,4100,Lighting - Compact fluorescent lamp (CFL) #1,variable,5.0,4.0,4.0,5.4,full
median,weighted,4100,Electric fan #1,variable,6.0,4.0,4.0,9.6,full
median,weighted,4100,Electric fan #2,variable,7.0,5.0,5.0,12.0,full
median,weighted,4100,Electric flat iron,variable,8.0,1.0,1.0,2.571,full
median,weighted,4100,"Washing machine, manual",variable,9.0,2.0,2.0,2.4,full
median,weighted,4100,Color TV - CRT screen #1,variable,10.0,4.0,4.0,13.2,full
median,weighted,4100,Color TV - CRT screen #2,variable,11.0,2.0,2.0,4.8,full
median,weighted,4100,Oven toaster,variable,12.0,0.1,0.1,0.321,full
median,weighted,4100,VHS/Betamax/laser disc (video casette recorder/player & rewinder),variable,13.0,2.0,2.0,0.171,full
median,weighted,4100,Others (miscellaneous),variable,14.0,2.0,2.0,0.24,full
median,weighted,4200,"Refrigerator, ordinary",fixed,,24.0,24.0,72.0,always on
median,weighted,4200,Lighting - Linear fluorescent tube #1,variable,1.0,3.0,3.0,4.5,full
median,weighted,4200,Lighting - Linear fluorescent tube #2,variable,2.0,4.0,4.0,3.6,full
median,weighted,4200,Lighting - Compact fluorescent lamp (CFL) #2,variable,3.0,2.0,2.0,2.16,full
median,weighted,4200,Lighting - Compact fluorescent lamp (CFL) #3,variable,4.0,6.0,6.0,3.24,full
median,weighted,4200,Lighting - Compact fluorescent lamp (CFL) #1,variable,5.0,4.0,4.0,5.4,full
median,weighted,4200,Electric fan #1,variable,6.0,4.0,4.0,9.6,full
median,weighted,4200,Electric fan #2,variable,7.0,5.0,5.0,12.0,full
median,weighted,4200,Electric flat iron,variable,8.0,1.0,1.0,2.571,full
median,weighted,4200,"Washing machine, manual",variable,9.0,2.0,2.0,2.4,full
median,weighted,4200,Color TV - CRT screen #1,variable,10.0,4.0,4.0,13.2,full
median,weighted,4200,Color TV - CRT screen #2,variable,11.0,2.0,2.0,4.8,full
median,weighted,4200,Oven toaster,variable,12.0,0.1,0.1,0.321,full
median,weighted,4200,VHS/Betamax/laser disc (video casette recorder/player & rewinder),variable,13.0,2.0,2.0,0.171,full
median,weighted,4200,Others (miscellaneous),variable,14.0,2.0,2.0,0.24,full
median,weighted,4300,"Refrigerator, ordinary",fixed,,24.0,24.0,72.0,always on
median,weighted,4300,Lighting - Linear fluorescent tube #1,variable,1.0,3.0,3.0,4.5,full
median,weighted,4300,Lighting - Linear fluorescent tube #2,variable,2.0,4.0,4.0,3.6,full
median,weighted,4300,Lighting - Compact fluorescent lamp (CFL) #2,variable,3.0,2.0,2.0,2.16,full
median,weighted,4300,Lighting - Compact fluorescent lamp (CFL) #3,variable,4.0,6.0,6.0,3.24,full
median,weighted,4300,Lighting - Compact fluorescent lamp (CFL) #1,variable,5.0,4.0,4.0,5.4,full
median,weighted,4300,Electric fan #1,variable,6.0,4.0,4.0,9.6,full
median,weighted,4300,Electric fan #2,variable,7.0,5.0,5.0,12.0,full
median,weighted,4300,Electric flat iron,variable,8.0,1.0,1.0,2.571,full
median,weighted,4300,"Washing machine, manual",variable,9.0,2.0,2.0,2.4,full
median,weighted,4300,Color TV - CRT screen #1,variable,10.0,4.0,4.0,13.2,full
median,weighted,4300,Color TV - CRT screen #2,variable,11.0,2.0,2.0,4.8,full
median,weighted,4300,Oven toaster,variable,12.0,0.1,0.1,0.321,full
median,weighted,4300,VHS/Betamax/laser disc (video casette recorder/player & rewinder),variable,13.0,2.0,2.0,0.171,full
median,weighted,4300,Others (miscellaneous),variable,14.0,2.0,2.0,0.24,full
median,weighted,4400,"Refrigerator, ordinary",fixed,,24.0,24.0,72.0,always on
median,weighted,4400,Lighting - Linear fluorescent tube #1,variable,1.0,3.0,3.0,4.5,full
median,weighted,4400,Lighting - Linear fluorescent tube #2,variable,2.0,4.0,4.0,3.6,full
median,weighted,4400,Lighting - Compact fluorescent lamp (CFL) #2,variable,3.0,2.0,2.0,2.16,full
median,weighted,4400,Lighting - Compact fluorescent lamp (CFL) #3,variable,4.0,6.0,6.0,3.24,full
median,weighted,4400,Lighting - Compact fluorescent lamp (CFL) #1,variable,5.0,4.0,4.0,5.4,full
median,weighted,4400,Electric fan #1,variable,6.0,4.0,4.0,9.6,full
median,weighted,4400,Electric fan #2,variable,7.0,5.0,5.0,12.0,full
median,weighted,4400,Electric flat iron,variable,8.0,1.0,1.0,2.571,full
median,weighted,4400,"Washing machine, manual",variable,9.0,2.0,2.0,2.4,full
median,weighted,4400,Color TV - CRT screen #1,variable,10.0,4.0,4.0,13.2,full
median,weighted,4400,Color TV - CRT screen #2,variable,11.0,2.0,2.0,4.8,full
median,weighted,4400,Oven toaster,variable,12.0,0.1,0.1,0.321,full
median,weighted,4400,VHS/Betamax/laser disc (video casette recorder/player & rewinder),variable,13.0,2.0,2.0,0.171,full
median,weighted,4400,Others (miscellaneous),variable,14.0,2.0,2.0,0.24,full
median,weighted,4500,"Refrigerator, ordinary",fixed,,24.0,24.0,72.0,always on
median,weighted,4500,Lighting - Linear fluorescent tube #1,variable,1.0,3.0,3.0,4.5,full
median,weighted,4500,Lighting - Linear fluorescent tube #2,variable,2.0,4.0,4.0,3.6,full
median,weighted,4500,Lighting - Compact fluorescent lamp (CFL) #2,variable,3.0,2.0,2.0,2.16,full
median,weighted,4500,Lighting - Compact fluorescent lamp (CFL) #3,variable,4.0,6.0,6.0,3.24,full
median,weighted,4500,Lighting - Compact fluorescent lamp (CFL) #1,variable,5.0,4.0,4.0,5.4,full
median,weighted,4500,Electric fan #1,variable,6.0,4.0,4.0,9.6,full
median,weighted,4500,Electric fan #2,variable,7.0,5.0,5.0,12.0,full
median,weighted,4500,Electric flat iron,variable,8.0,1.0,1.0,2.571,full
median,weighted,4500,"Washing machine, manual",variable,9.0,2.0,2.0,2.4,full
median,weighted,4500,Color TV - CRT screen #1,variable,10.0,4.0,4.0,13.2,full
median,weighted,4500,Color TV - CRT screen #2,variable,11.0,2.0,2.0,4.8,full
median,weighted,4500,Oven toaster,variable,12.0,0.1,0.1,0.321,full
median,weighted,4500,VHS/Betamax/laser disc (video casette recorder/player & rewinder),variable,13.0,2.0,2.0,0.171,full
median,weighted,4500,Others (miscellaneous),variable,14.0,2.0,2.0,0.24,full
median,weighted,4600,"Refrigerator, ordinary",fixed,,24.0,24.0,72.0,always on
median,weighted,4600,Lighting - Linear fluorescent tube #1,variable,1.0,3.0,3.0,4.5,full
median,weighted,4600,Lighting - Linear fluorescent tube #2,variable,2.0,4.0,4.0,3.6,full
median,weighted,4600,Lighting - Compact fluorescent lamp (CFL) #2,variable,3.0,2.0,2.0,2.16,full
median,weighted,4600,Lighting - Compact fluorescent lamp (CFL) #3,variable,4.0,6.0,6.0,3.24,full
median,weighted,4600,Lighting - Compact fluorescent lamp (CFL) #1,variable,5.0,4.0,4.0,5.4,full
median,weighted,4600,Electric fan #1,variable,6.0,4.0,4.0,9.6,full
median,weighted,4600,Electric fan #2,variable,7.0,5.0,5.0,12.0,full
median,weighted,4600,Electric flat iron,variable,8.0,1.0,1.0,2.571,full
median,weighted,4600,"Washing machine, manual",variable,9.0,2.0,2.0,2.4,full
median,weighted,4600,Color TV - CRT screen #1,variable,10.0,4.0,4.0,13.2,full
median,weighted,4600,Color TV - CRT screen #2,variable,11.0,2.0,2.0,4.8,full
median,weighted,4600,Oven toaster,variable,12.0,0.1,0.1,0.321,full
median,weighted,4600,VHS/Betamax/laser disc (video casette recorder/player & rewinder),variable,13.0,2.0,2.0,0.171,full
median,weighted,4600,Others (miscellaneous),variable,14.0,2.0,2.0,0.24,full
median,weighted,4700,"Refrigerator, ordinary",fixed,,24.0,24.0,72.0,always on
median,weighted,4700,Lighting - Linear fluorescent tube #1,variable,1.0,3.0,3.0,4.5,full
median,weighted,4700,Lighting - Linear fluorescent tube #2,variable,2.0,4.0,4.0,3.6,full
median,weighted,4700,Lighting - Compact fluorescent lamp (CFL) #2,variable,3.0,2.0,2.0,2.16,full
median,weighted,4700,Lighting - Compact fluorescent lamp (CFL) #3,variable,4.0,6.0,6.0,3.24,full
median,weighted,4700,Lighting - Compact fluorescent lamp (CFL) #1,variable,5.0,4.0,4.0,5.4,full
median,weighted,4700,Electric fan #1,variable,6.0,4.0,4.0,9.6,full
median,weighted,4700,Electric fan #2,variable,7.0,5.0,5.0,12.0,full
median,weighted,4700,Electric flat iron,variable,8.0,1.0,1.0,2.571,full
median,weighted,4700,"Washing machine, manual",variable,9.0,2.0,2.0,2.4,full
median,weighted,4700,Color TV - CRT screen #1,variable,10.0,4.0,4.0,13.2,full
median,weighted,4700,Color TV - CRT screen #2,variable,11.0,2.0,2.0,4.8,full
median,weighted,4700,Oven toaster,variable,12.0,0.1,0.1,0.321,full
median,weighted,4700,VHS/Betamax/laser disc (video casette recorder/player & rewinder),variable,13.0,2.0,2.0,0.171,full
median,weighted,4700,Others (miscellaneous),variable,14.0,2.0,2.0,0.24,full
median,weighted,4800,"Refrigerator, ordinary",fixed,,24.0,24.0,72.0,always on
median,weighted,4800,Lighting - Linear fluorescent tube #1,variable,1.0,3.0,3.0,4.5,full
median,weighted,4800,Lighting - Linear fluorescent tube #2,variable,2.0,4.0,4.0,3.6,full
median,weighted,4800,Lighting - Compact fluorescent lamp (CFL) #2,variable,3.0,2.0,2.0,2.16,full
median,weighted,4800,Lighting - Compact fluorescent lamp (CFL) #3,variable,4.0,6.0,6.0,3.24,full
median,weighted,4800,Lighting - Compact fluorescent lamp (CFL) #1,variable,5.0,4.0,4.0,5.4,full
median,weighted,4800,Electric fan #1,variable,6.0,4.0,4.0,9.6,full
median,weighted,4800,Electric fan #2,variable,7.0,5.0,5.0,12.0,full
median,weighted,4800,Electric flat iron,variable,8.0,1.0,1.0,2.571,full
median,weighted,4800,"Washing machine, manual",variable,9.0,2.0,2.0,2.4,full
median,weighted,4800,Color TV - CRT screen #1,variable,10.0,4.0,4.0,13.2,full
median,weighted,4800,Color TV - CRT screen #2,variable,11.0,2.0,2.0,4.8,full
median,weighted,4800,Oven toaster,variable,12.0,0.1,0.1,0.321,full
median,weighted,4800,VHS/Betamax/laser disc (video casette recorder/player & rewinder),variable,13.0,2.0,2.0,0.171,full
median,weighted,4800,Others (miscellaneous),variable,14.0,2.0,2.0,0.24,full
median,weighted,4900,"Refrigerator, ordinary",fixed,,24.0,24.0,72.0,always on
median,weighted,4900,Lighting - Linear fluorescent tube #1,variable,1.0,3.0,3.0,4.5,full
median,weighted,4900,Lighting - Linear fluorescent tube #2,variable,2.0,4.0,4.0,3.6,full
median,weighted,4900,Lighting - Compact fluorescent lamp (CFL) #2,variable,3.0,2.0,2.0,2.16,full
median,weighted,4900,Lighting - Compact fluorescent lamp (CFL) #3,variable,4.0,6.0,6.0,3.24,full
median,weighted,4900,Lighting - Compact fluorescent lamp (CFL) #1,variable,5.0,4.0,4.0,5.4,full
median,weighted,4900,Electric fan #1,variable,6.0,4.0,4.0,9.6,full
median,weighted,4900,Electric fan #2,variable,7.0,5.0,5.0,12.0,full
median,weighted,4900,Electric flat iron,variable,8.0,1.0,1.0,2.571,full
median,weighted,4900,"Washing machine, manual",variable,9.0,2.0,2.0,2.4,full
median,weighted,4900,Color TV - CRT screen #1,variable,10.0,4.0,4.0,13.2,full
median,weighted,4900,Color TV - CRT screen #2,variable,11.0,2.0,2.0,4.8,full
median,weighted,4900,Oven toaster,variable,12.0,0.1,0.1,0.321,full
median,weighted,4900,VHS/Betamax/laser disc (video casette recorder/player & rewinder),variable,13.0,2.0,2.0,0.171,full
median,weighted,4900,Others (miscellaneous),variable,14.0,2.0,2.0,0.24,full
median,weighted,5000,"Refrigerator, ordinary",fixed,,24.0,24.0,72.0,always on
median,weighted,5000,Lighting - Linear fluorescent tube #1,variable,1.0,3.0,3.0,4.5,full
median,weighted,5000,Lighting - Linear fluorescent tube #2,variable,2.0,4.0,4.0,3.6,full
median,weighted,5000,Lighting - Compact fluorescent lamp (CFL) #2,variable,3.0,2.0,2.0,2.16,full
median,weighted,5000,Lighting - Compact fluorescent lamp (CFL) #3,variable,4.0,6.0,6.0,3.24,full
median,weighted,5000,Lighting - Compact fluorescent lamp (CFL) #1,variable,5.0,4.0,4.0,5.4,full
median,weighted,5000,Electric fan #1,variable,6.0,4.0,4.0,9.6,full
median,weighted,5000,Electric fan #2,variable,7.0,5.0,5.0,12.0,full
median,weighted,5000,Electric flat iron,variable,8.0,1.0,1.0,2.571,full
median,weighted,5000,"Washing machine, manual",variable,9.0,2.0,2.0,2.4,full
median,weighted,5000,Color TV - CRT screen #1,variable,10.0,4.0,4.0,13.2,full
median,weighted,5000,Color TV - CRT screen #2,variable,11.0,2.0,2.0,4.8,full
median,weighted,5000,Oven toaster,variable,12.0,0.1,0.1,0.321,full
median,weighted,5000,VHS/Betamax/laser disc (video casette recorder/player & rewinder),variable,13.0,2.0,2.0,0.171,full
median,weighted,5000,Others (miscellaneous),variable,14.0,2.0,2.0,0.24,full
median,weighted,5100,"Refrigerator, ordinary",fixed,,24.0,24.0,72.0,always on
median,weighted,5100,Lighting - Linear fluorescent tube #1,variable,1.0,3.0,3.0,4.5,full
median,weighted,5100,Lighting - Linear fluorescent tube #2,variable,2.0,4.0,4.0,3.6,full
median,weighted,5100,Lighting - Compact fluorescent lamp (CFL) #2,variable,3.0,2.0,2.0,2.16,full
median,weighted,5100,Lighting - Compact fluorescent lamp (CFL) #3,variable,4.0,6.0,6.0,3.24,full
median,weighted,5100,Lighting - Compact fluorescent lamp (CFL) #1,variable,5.0,4.0,4.0,5.4,full
median,weighted,5100,Electric fan #1,variable,6.0,4.0,4.0,9.6,full
median,weighted,5100,Electric fan #2,variable,7.0,5.0,5.0,12.0,full
median,weighted,5100,Electric flat iron,variable,8.0,1.0,1.0,2.571,full
median,weighted,5100,"Washing machine, manual",variable,9.0,2.0,2.0,2.4,full
median,weighted,5100,Color TV - CRT screen #1,variable,10.0,4.0,4.0,13.2,full
median,weighted,5100,Color TV - CRT screen #2,variable,11.0,2.0,2.0,4.8,full
median,weighted,5100,Oven toaster,variable,12.0,0.1,0.1,0.321,full
median,weighted,5100,VHS/Betamax/laser disc (video casette recorder/player & rewinder),variable,13.0,2.0,2.0,0.171,full
median,weighted,5100,Others (miscellaneous),variable,14.0,2.0,2.0,0.24,full
median,weighted,5200,"Refrigerator, ordinary",fixed,,24.0,24.0,72.0,always on
median,weighted,5200,Lighting - Linear fluorescent tube #1,variable,1.0,3.0,3.0,4.5,full
median,weighted,5200,Lighting - Linear fluorescent tube #2,variable,2.0,4.0,4.0,3.6,full
median,weighted,5200,Lighting - Compact fluorescent lamp (CFL) #2,variable,3.0,2.0,2.0,2.16,full
median,weighted,5200,Lighting - Compact fluorescent lamp (CFL) #3,variable,4.0,6.0,6.0,3.24,full
median,weighted,5200,Lighting - Compact fluorescent lamp (CFL) #1,variable,5.0,4.0,4.0,5.4,full
median,weighted,5200,Electric fan #1,variable,6.0,4.0,4.0,9.6,full
median,weighted,5200,Electric fan #2,variable,7.0,5.0,5.0,12.0,full
median,weighted,5200,Electric flat iron,variable,8.0,1.0,1.0,2.571,full
median,weighted,5200,"Washing machine, manual",variable,9.0,2.0,2.0,2.4,full
median,weighted,5200,Color TV - CRT screen #1,variable,10.0,4.0,4.0,13.2,full
median,weighted,5200,Color TV - CRT screen #2,variable,11.0,2.0,2.0,4.8,full
median,weighted,5200,Oven toaster,variable,12.0,0.1,0.1,0.321,full
median,weighted,5200,VHS/Betamax/laser disc (video casette recorder/player & rewinder),variable,13.0,2.0,2.0,0.171,full
median,weighted,5200,Others (miscellaneous),variable,14.0,2.0,2.0,0.24,full
median,weighted,5300,"Refrigerator, ordinary",fixed,,24.0,24.0,72.0,always on
median,weighted,5300,Lighting - Linear fluorescent tube #1,variable,1.0,3.0,3.0,4.5,full
median,weighted,5300,Lighting - Linear fluorescent tube #2,variable,2.0,4.0,4.0,3.6,full
median,weighted,5300,Lighting - Compact fluorescent lamp (CFL) #2,variable,3.0,2.0,2.0,2.16,full
median,weighted,5300,Lighting - Compact fluorescent lamp (CFL) #3,variable,4.0,6.0,6.0,3.24,full
median,weighted,5300,Lighting - Compact fluorescent lamp (CFL) #1,variable,5.0,4.0,4.0,5.4,full
median,weighted,5300,Electric fan #1,variable,6.0,4.0,4.0,9.6,full
median,weighted,5300,Electric fan #2,variable,7.0,5.0,5.0,12.0,full
median,weighted,5300,Electric flat iron,variable,8.0,1.0,1.0,2.571,full
median,weighted,5300,"Washing machine, manual",variable,9.0,2.0,2.0,2.4,full
median,weighted,5300,Color TV - CRT screen #1,variable,10.0,4.0,4.0,13.2,full
median,weighted,5300,Color TV - CRT screen #2,variable,11.0,2.0,2.0,4.8,full
median,weighted,5300,Oven toaster,variable,12.0,0.1,0.1,0.321,full
median,weighted,5300,VHS/Betamax/laser disc (video casette recorder/player & rewinder),variable,13.0,2.0,2.0,0.171,full
median,weighted,5300,Others (miscellaneous),variable,14.0,2.0,2.0,0.24,full
median,weighted,5400,"Refrigerator, ordinary",fixed,,24.0,24.0,72.0,always on
median,weighted,5400,Lighting - Linear fluorescent tube #1,variable,1.0,3.0,3.0,4.5,full
median,weighted,5400,Lighting - Linear fluorescent tube #2,variable,2.0,4.0,4.0,3.6,full
median,weighted,5400,Lighting - Compact fluorescent lamp (CFL) #2,variable,3.0,2.0,2.0,2.16,full
median,weighted,5400,Lighting - Compact fluorescent lamp (CFL) #3,variable,4.0,6.0,6.0,3.24,full
median,weighted,5400,Lighting - Compact fluorescent lamp (CFL) #1,variable,5.0,4.0,4.0,5.4,full
median,weighted,5400,Electric fan #1,variable,6.0,4.0,4.0,9.6,full
median,weighted,5400,Electric fan #2,variable,7.0,5.0,5.0,12.0,full
median,weighted,5400,Electric flat iron,variable,8.0,1.0,1.0,2.571,full
median,weighted,5400,"Washing machine, manual",variable,9.0,2.0,2.0,2.4,full
median,weighted,5400,Color TV - CRT screen #1,variable,10.0,4.0,4.0,13.2,full
median,weighted,5400,Color TV - CRT screen #2,variable,11.0,2.0,2.0,4.8,full
median,weighted,5400,Oven toaster,variable,12.0,0.1,0.1,0.321,full
median,weighted,5400,VHS/Betamax/laser disc (video casette recorder/player & rewinder),variable,13.0,2.0,2.0,0.171,full
median,weighted,5400,Others (miscellaneous),variable,14.0,2.0,2.0,0.24,full
median,weighted,5500,"Refrigerator, ordinary",fixed,,24.0,24.0,72.0,always on
median,weighted,5500,Lighting - Linear fluorescent tube #1,variable,1.0,3.0,3.0,4.5,full
median,weighted,5500,Lighting - Linear fluorescent tube #2,variable,2.0,4.0,4.0,3.6,full
median,weighted,5500,Lighting - Compact fluorescent lamp (CFL) #2,variable,3.0,2.0,2.0,2.16,full
median,weighted,5500,Lighting - Compact fluorescent lamp (CFL) #3,variable,4.0,6.0,6.0,3.24,full
median,weighted,5500,Lighting - Compact fluorescent lamp (CFL) #1,variable,5.0,4.0,4.0,5.4,full
median,weighted,5500,Electric fan #1,variable,6.0,4.0,4.0,9.6,full
median,weighted,5500,Electric fan #2,variable,7.0,5.0,5.0,12.0,full
median,weighted,5500,Electric flat iron,variable,8.0,1.0,1.0,2.571,full
median,weighted,5500,"Washing machine, manual",variable,9.0,2.0,2.0,2.4,full
median,weighted,5500,Color TV - CRT screen #1,variable,10.0,4.0,4.0,13.2,full
median,weighted,5500,Color TV - CRT screen #2,variable,11.0,2.0,2.0,4.8,full
median,weighted,5500,Oven toaster,variable,12.0,0.1,0.1,0.321,full
median,weighted,5500,VHS/Betamax/laser disc (video casette recorder/player & rewinder),variable,13.0,2.0,2.0,0.171,full
median,weighted,5500,Others (miscellaneous),variable,14.0,2.0,2.0,0.24,full
median,weighted,5600,"Refrigerator, ordinary",fixed,,24.0,24.0,72.0,always on
median,weighted,5600,Lighting - Linear fluorescent tube #1,variable,1.0,3.0,3.0,4.5,full
median,weighted,5600,Lighting - Linear fluorescent tube #2,variable,2.0,4.0,4.0,3.6,full
median,weighted,5600,Lighting - Compact fluorescent lamp (CFL) #2,variable,3.0,2.0,2.0,2.16,full
median,weighted,5600,Lighting - Compact fluorescent lamp (CFL) #3,variable,4.0,6.0,6.0,3.24,full
median,weighted,5600,Lighting - Compact fluorescent lamp (CFL) #1,variable,5.0,4.0,4.0,5.4,full
median,weighted,5600,Electric fan #1,variable,6.0,4.0,4.0,9.6,full
median,weighted,5600,Electric fan #2,variable,7.0,5.0,5.0,12.0,full
median,weighted,5600,Electric flat iron,variable,8.0,1.0,1.0,2.571,full
median,weighted,5600,"Washing machine, manual",variable,9.0,2.0,2.0,2.4,full
median,weighted,5600,Color TV - CRT screen #1,variable,10.0,4.0,4.0,13.2,full
median,weighted,5600,Color TV - CRT screen #2,variable,11.0,2.0,2.0,4.8,full
median,weighted,5600,Oven toaster,variable,12.0,0.1,0.1,0.321,full
median,weighted,5600,VHS/Betamax/laser disc (video casette recorder/player & rewinder),variable,13.0,2.0,2.0,0.171,full
median,weighted,5600,Others (miscellaneous),variable,14.0,2.0,2.0,0.24,full
median,weighted,5700,"Refrigerator, ordinary",fixed,,24.0,24.0,72.0,always on
median,weighted,5700,Lighting - Linear fluorescent tube #1,variable,1.0,3.0,3.0,4.5,full
median,weighted,5700,Lighting - Linear fluorescent tube #2,variable,2.0,4.0,4.0,3.6,full
median,weighted,5700,Lighting - Compact fluorescent lamp (CFL) #2,variable,3.0,2.0,2.0,2.16,full
median,weighted,5700,Lighting - Compact fluorescent lamp (CFL) #3,variable,4.0,6.0,6.0,3.24,full
median,weighted,5700,Lighting - Compact fluorescent lamp (CFL) #1,variable,5.0,4.0,4.0,5.4,full
median,weighted,5700,Electric fan #1,variable,6.0,4.0,4.0,9.6,full
median,weighted,5700,Electric fan #2,variable,7.0,5.0,5.0,12.0,full
median,weighted,5700,Electric flat iron,variable,8.0,1.0,1.0,2.571,full
median,weighted,5700,"Washing machine, manual",variable,9.0,2.0,2.0,2.4,full
median,weighted,5700,Color TV - CRT screen #1,variable,10.0,4.0,4.0,13.2,full
median,weighted,5700,Color TV - CRT screen #2,variable,11.0,2.0,2.0,4.8,full
median,weighted,5700,Oven toaster,variable,12.0,0.1,0.1,0.321,full
median,weighted,5700,VHS/Betamax/laser disc (video casette recorder/player & rewinder),variable,13.0,2.0,2.0,0.171,full
median,weighted,5700,Others (miscellaneous),variable,14.0,2.0,2.0,0.24,full
median,weighted,5800,"Refrigerator, ordinary",fixed,,24.0,24.0,72.0,always on
median,weighted,5800,Lighting - Linear fluorescent tube #1,variable,1.0,3.0,3.0,4.5,full
median,weighted,5800,Lighting - Linear fluorescent tube #2,variable,2.0,4.0,4.0,3.6,full
median,weighted,5800,Lighting - Compact fluorescent lamp (CFL) #2,variable,3.0,2.0,2.0,2.16,full
median,weighted,5800,Lighting - Compact fluorescent lamp (CFL) #3,variable,4.0,6.0,6.0,3.24,full
median,weighted,5800,Lighting - Compact fluorescent lamp (CFL) #1,variable,5.0,4.0,4.0,5.4,full
median,weighted,5800,Electric fan #1,variable,6.0,4.0,4.0,9.6,full
median,weighted,5800,Electric fan #2,variable,7.0,5.0,5.0,12.0,full
median,weighted,5800,Electric flat iron,variable,8.0,1.0,1.0,2.571,full
median,weighted,5800,"Washing machine, manual",variable,9.0,2.0,2.0,2.4,full
median,weighted,5800,Color TV - CRT screen #1,variable,10.0,4.0,4.0,13.2,full
median,weighted,5800,Color TV - CRT screen #2,variable,11.0,2.0,2.0,4.8,full
median,weighted,5800,Oven toaster,variable,12.0,0.1,0.1,0.321,full
median,weighted,5800,VHS/Betamax/laser disc (video casette recorder/player & rewinder),variable,13.0,2.0,2.0,0.171,full
median,weighted,5800,Others (miscellaneous),variable,14.0,2.0,2.0,0.24,full
median,weighted,5900,"Refrigerator, ordinary",fixed,,24.0,24.0,72.0,always on
median,weighted,5900,Lighting - Linear fluorescent tube #1,variable,1.0,3.0,3.0,4.5,full
median,weighted,5900,Lighting - Linear fluorescent tube #2,variable,2.0,4.0,4.0,3.6,full
median,weighted,5900,Lighting - Compact fluorescent lamp (CFL) #2,variable,3.0,2.0,2.0,2.16,full
median,weighted,5900,Lighting - Compact fluorescent lamp (CFL) #3,variable,4.0,6.0,6.0,3.24,full
median,weighted,5900,Lighting - Compact fluorescent lamp (CFL) #1,variable,5.0,4.0,4.0,5.4,full
median,weighted,5900,Electric fan #1,variable,6.0,4.0,4.0,9.6,full
median,weighted,5900,Electric fan #2,variable,7.0,5.0,5.0,12.0,full
median,weighted,5900,Electric flat iron,variable,8.0,1.0,1.0,2.571,full
median,weighted,5900,"Washing machine, manual",variable,9.0,2.0,2.0,2.4,full
median,weighted,5900,Color TV - CRT screen #1,variable,10.0,4.0,4.0,13.2,full
median,weighted,5900,Color TV - CRT screen #2,variable,11.0,2.0,2.0,4.8,full
median,weighted,5900,Oven toaster,variable,12.0,0.1,0.1,0.321,full
median,weighted,5900,VHS/Betamax/laser disc (video casette recorder/player & rewinder),variable,13.0,2.0,2.0,0.171,full
median,weighted,5900,Others (miscellaneous),variable,14.0,2.0,2.0,0.24,full
median,weighted,6000,"Refrigerator, ordinary",fixed,,24.0,24.0,72.0,always on
median,weighted,6000,Lighting - Linear fluorescent tube #1,variable,1.0,3.0,3.0,4.5,full
median,weighted,6000,Lighting - Linear fluorescent tube #2,variable,2.0,4.0,4.0,3.6,full
median,weighted,6000,Lighting - Compact fluorescent lamp (CFL) #2,variable,3.0,2.0,2.0,2.16,full
median,weighted,6000,Lighting - Compact fluorescent lamp (CFL) #3,variable,4.0,6.0,6.0,3.24,full
median,weighted,6000,Lighting - Compact fluorescent lamp (CFL) #1,variable,5.0,4.0,4.0,5.4,full
median,weighted,6000,Electric fan #1,variable,6.0,4.0,4.0,9.6,full
median,weighted,6000,Electric fan #2,variable,7.0,5.0,5.0,12.0,full
median,weighted,6000,Electric flat iron,variable,8.0,1.0,1.0,2.571,full
median,weighted,6000,"Washing machine, manual",variable,9.0,2.0,2.0,2.4,full
median,weighted,6000,Color TV - CRT screen #1,variable,10.0,4.0,4.0,13.2,full
median,weighted,6000,Color TV - CRT screen #2,variable,11.0,2.0,2.0,4.8,full
median,weighted,6000,Oven toaster,variable,12.0,0.1,0.1,0.321,full
median,weighted,6000,VHS/Betamax/laser disc (video casette recorder/player & rewinder),variable,13.0,2.0,2.0,0.171,full
median,weighted,6000,Others (miscellaneous),variable,14.0,2.0,2.0,0.24,full
median,weighted,6100,"Refrigerator, ordinary",fixed,,24.0,24.0,72.0,always on
median,weighted,6100,Lighting - Linear fluorescent tube #1,variable,1.0,3.0,3.0,4.5,full
median,weighted,6100,Lighting - Linear fluorescent tube #2,variable,2.0,4.0,4.0,3.6,full
median,weighted,6100,Lighting - Compact fluorescent lamp (CFL) #2,variable,3.0,2.0,2.0,2.16,full
median,weighted,6100,Lighting - Compact fluorescent lamp (CFL) #3,variable,4.0,6.0,6.0,3.24,full
median,weighted,6100,Lighting - Compact fluorescent lamp (CFL) #1,variable,5.0,4.0,4.0,5.4,full
median,weighted,6100,Electric fan #1,variable,6.0,4.0,4.0,9.6,full
median,weighted,6100,Electric fan #2,variable,7.0,5.0,5.0,12.0,full
median,weighted,6100,Electric flat iron,variable,8.0,1.0,1.0,2.571,full
median,weighted,6100,"Washing machine, manual",variable,9.0,2.0,2.0,2.4,full
median,weighted,6100,Color TV - CRT screen #1,variable,10.0,4.0,4.0,13.2,full
median,weighted,6100,Color TV - CRT screen #2,variable,11.0,2.0,2.0,4.8,full
median,weighted,6100,Oven toaster,variable,12.0,0.1,0.1,0.321,full
median,weighted,6100,VHS/Betamax/laser disc (video casette recorder/player & rewinder),variable,13.0,2.0,2.0,0.171,full
median,weighted,6100,Others (miscellaneous),variable,14.0,2.0,2.0,0.24,full
median,weighted,6200,"Refrigerator, ordinary",fixed,,24.0,24.0,72.0,always on
median,weighted,6200,Lighting - Linear fluorescent tube #1,variable,1.0,3.0,3.0,4.5,full
median,weighted,6200,Lighting - Linear fluorescent tube #2,variable,2.0,4.0,4.0,3.6,full
median,weighted,6200,Lighting - Compact fluorescent lamp (CFL) #2,variable,3.0,2.0,2.0,2.16,full
median,weighted,6200,Lighting - Compact fluorescent lamp (CFL) #3,variable,4.0,6.0,6.0,3.24,full
median,weighted,6200,Lighting - Compact fluorescent lamp (CFL) #1,variable,5.0,4.0,4.0,5.4,full
median,weighted,6200,Electric fan #1,variable,6.0,4.0,4.0,9.6,full
median,weighted,6200,Electric fan #2,variable,7.0,5.0,5.0,12.0,full
median,weighted,6200,Electric flat iron,variable,8.0,1.0,1.0,2.571,full
median,weighted,6200,"Washing machine, manual",variable,9.0,2.0,2.0,2.4,full
median,weighted,6200,Color TV - CRT screen #1,variable,10.0,4.0,4.0,13.2,full
median,weighted,6200,Color TV - CRT screen #2,variable,11.0,2.0,2.0,4.8,full
median,weighted,6200,Oven toaster,variable,12.0,0.1,0.1,0.321,full
median,weighted,6200,VHS/Betamax/laser disc (video casette recorder/player & rewinder),variable,13.0,2.0,2.0,0.171,full
median,weighted,6200,Others (miscellaneous),variable,14.0,2.0,2.0,0.24,full
median,weighted,6300,"Refrigerator, ordinary",fixed,,24.0,24.0,72.0,always on
median,weighted,6300,Lighting - Linear fluorescent tube #1,variable,1.0,3.0,3.0,4.5,full
median,weighted,6300,Lighting - Linear fluorescent tube #2,variable,2.0,4.0,4.0,3.6,full
median,weighted,6300,Lighting - Compact fluorescent lamp (CFL) #2,variable,3.0,2.0,2.0,2.16,full
median,weighted,6300,Lighting - Compact fluorescent lamp (CFL) #3,variable,4.0,6.0,6.0,3.24,full
median,weighted,6300,Lighting - Compact fluorescent lamp (CFL) #1,variable,5.0,4.0,4.0,5.4,full
median,weighted,6300,Electric fan #1,variable,6.0,4.0,4.0,9.6,full
median,weighted,6300,Electric fan #2,variable,7.0,5.0,5.0,12.0,full
median,weighted,6300,Electric flat iron,variable,8.0,1.0,1.0,2.571,full
median,weighted,6300,"Washing machine, manual",variable,9.0,2.0,2.0,2.4,full
median,weighted,6300,Color TV - CRT screen #1,variable,10.0,4.0,4.0,13.2,full
median,weighted,6300,Color TV - CRT screen #2,variable,11.0,2.0,2.0,4.8,full
median,weighted,6300,Oven toaster,variable,12.0,0.1,0.1,0.321,full
median,weighted,6300,VHS/Betamax/laser disc (video casette recorder/player & rewinder),variable,13.0,2.0,2.0,0.171,full
median,weighted,6300,Others (miscellaneous),variable,14.0,2.0,2.0,0.24,full
median,weighted,6400,"Refrigerator, ordinary",fixed,,24.0,24.0,72.0,always on
median,weighted,6400,Lighting - Linear fluorescent tube #1,variable,1.0,3.0,3.0,4.5,full
median,weighted,6400,Lighting - Linear fluorescent tube #2,variable,2.0,4.0,4.0,3.6,full
median,weighted,6400,Lighting - Compact fluorescent lamp (CFL) #2,variable,3.0,2.0,2.0,2.16,full
median,weighted,6400,Lighting - Compact fluorescent lamp (CFL) #3,variable,4.0,6.0,6.0,3.24,full
median,weighted,6400,Lighting - Compact fluorescent lamp (CFL) #1,variable,5.0,4.0,4.0,5.4,full
median,weighted,6400,Electric fan #1,variable,6.0,4.0,4.0,9.6,full
median,weighted,6400,Electric fan #2,variable,7.0,5.0,5.0,12.0,full
median,weighted,6400,Electric flat iron,variable,8.0,1.0,1.0,2.571,full
median,weighted,6400,"Washing machine, manual",variable,9.0,2.0,2.0,2.4,full
median,weighted,6400,Color TV - CRT screen #1,variable,10.0,4.0,4.0,13.2,full
median,weighted,6400,Color TV - CRT screen #2,variable,11.0,2.0,2.0,4.8,full
median,weighted,6400,Oven toaster,variable,12.0,0.1,0.1,0.321,full
median,weighted,6400,VHS/Betamax/laser disc (video casette recorder/player & rewinder),variable,13.0,2.0,2.0,0.171,full
median,weighted,6400,Others (miscellaneous),variable,14.0,2.0,2.0,0.24,full
median,weighted,6500,"Refrigerator, ordinary",fixed,,24.0,24.0,72.0,always on
median,weighted,6500,Lighting - Linear fluorescent tube #1,variable,1.0,3.0,3.0,4.5,full
median,weighted,6500,Lighting - Linear fluorescent tube #2,variable,2.0,4.0,4.0,3.6,full
median,weighted,6500,Lighting - Compact fluorescent lamp (CFL) #2,variable,3.0,2.0,2.0,2.16,full
median,weighted,6500,Lighting - Compact fluorescent lamp (CFL) #3,variable,4.0,6.0,6.0,3.24,full
median,weighted,6500,Lighting - Compact fluorescent lamp (CFL) #1,variable,5.0,4.0,4.0,5.4,full
median,weighted,6500,Electric fan #1,variable,6.0,4.0,4.0,9.6,full
median,weighted,6500,Electric fan #2,variable,7.0,5.0,5.0,12.0,full
median,weighted,6500,Electric flat iron,variable,8.0,1.0,1.0,2.571,full
median,weighted,6500,"Washing machine, manual",variable,9.0,2.0,2.0,2.4,full
median,weighted,6500,Color TV - CRT screen #1,variable,10.0,4.0,4.0,13.2,full
median,weighted,6500,Color TV - CRT screen #2,variable,11.0,2.0,2.0,4.8,full
median,weighted,6500,Oven toaster,variable,12.0,0.1,0.1,0.321,full
median,weighted,6500,VHS/Betamax/laser disc (video casette recorder/player & rewinder),variable,13.0,2.0,2.0,0.171,full
median,weighted,6500,Others (miscellaneous),variable,14.0,2.0,2.0,0.24,full
median,weighted,6600,"Refrigerator, ordinary",fixed,,24.0,24.0,72.0,always on
median,weighted,6600,Lighting - Linear fluorescent tube #1,variable,1.0,3.0,3.0,4.5,full
median,weighted,6600,Lighting - Linear fluorescent tube #2,variable,2.0,4.0,4.0,3.6,full
median,weighted,6600,Lighting - Compact fluorescent lamp (CFL) #2,variable,3.0,2.0,2.0,2.16,full
median,weighted,6600,Lighting - Compact fluorescent lamp (CFL) #3,variable,4.0,6.0,6.0,3.24,full
median,weighted,6600,Lighting - Compact fluorescent lamp (CFL) #1,variable,5.0,4.0,4.0,5.4,full
median,weighted,6600,Electric fan #1,variable,6.0,4.0,4.0,9.6,full
median,weighted,6600,Electric fan #2,variable,7.0,5.0,5.0,12.0,full
median,weighted,6600,Electric flat iron,variable,8.0,1.0,1.0,2.571,full
median,weighted,6600,"Washing machine, manual",variable,9.0,2.0,2.0,2.4,full
median,weighted,6600,Color TV - CRT screen #1,variable,10.0,4.0,4.0,13.2,full
median,weighted,6600,Color TV - CRT screen #2,variable,11.0,2.0,2.0,4.8,full
median,weighted,6600,Oven toaster,variable,12.0,0.1,0.1,0.321,full
median,weighted,6600,VHS/Betamax/laser disc (video casette recorder/player & rewinder),variable,13.0,2.0,2.0,0.171,full
median,weighted,6600,Others (miscellaneous),variable,14.0,2.0,2.0,0.24,full
median,weighted,6700,"Refrigerator, ordinary",fixed,,24.0,24.0,72.0,always on
median,weighted,6700,Lighting - Linear fluorescent tube #1,variable,1.0,3.0,3.0,4.5,full
median,weighted,6700,Lighting - Linear fluorescent tube #2,variable,2.0,4.0,4.0,3.6,full
median,weighted,6700,Lighting - Compact fluorescent lamp (CFL) #2,variable,3.0,2.0,2.0,2.16,full
median,weighted,6700,Lighting - Compact fluorescent lamp (CFL) #3,variable,4.0,6.0,6.0,3.24,full
median,weighted,6700,Lighting - Compact fluorescent lamp (CFL) #1,variable,5.0,4.0,4.0,5.4,full
median,weighted,6700,Electric fan #1,variable,6.0,4.0,4.0,9.6,full
median,weighted,6700,Electric fan #2,variable,7.0,5.0,5.0,12.0,full
median,weighted,6700,Electric flat iron,variable,8.0,1.0,1.0,2.571,full
median,weighted,6700,"Washing machine, manual",variable,9.0,2.0,2.0,2.4,full
median,weighted,6700,Color TV - CRT screen #1,variable,10.0,4.0,4.0,13.2,full
median,weighted,6700,Color TV - CRT screen #2,variable,11.0,2.0,2.0,4.8,full
median,weighted,6700,Oven toaster,variable,12.0,0.1,0.1,0.321,full
median,weighted,6700,VHS/Betamax/laser disc (video casette recorder/player & rewinder),variable,13.0,2.0,2.0,0.171,full
median,weighted,6700,Others (miscellaneous),variable,14.0,2.0,2.0,0.24,full
median,weighted,6800,"Refrigerator, ordinary",fixed,,24.0,24.0,72.0,always on
median,weighted,6800,Lighting - Linear fluorescent tube #1,variable,1.0,3.0,3.0,4.5,full
median,weighted,6800,Lighting - Linear fluorescent tube #2,variable,2.0,4.0,4.0,3.6,full
median,weighted,6800,Lighting - Compact fluorescent lamp (CFL) #2,variable,3.0,2.0,2.0,2.16,full
median,weighted,6800,Lighting - Compact fluorescent lamp (CFL) #3,variable,4.0,6.0,6.0,3.24,full
median,weighted,6800,Lighting - Compact fluorescent lamp (CFL) #1,variable,5.0,4.0,4.0,5.4,full
median,weighted,6800,Electric fan #1,variable,6.0,4.0,4.0,9.6,full
median,weighted,6800,Electric fan #2,variable,7.0,5.0,5.0,12.0,full
median,weighted,6800,Electric flat iron,variable,8.0,1.0,1.0,2.571,full
median,weighted,6800,"Washing machine, manual",variable,9.0,2.0,2.0,2.4,full
median,weighted,6800,Color TV - CRT screen #1,variable,10.0,4.0,4.0,13.2,full
median,weighted,6800,Color TV - CRT screen #2,variable,11.0,2.0,2.0,4.8,full
median,weighted,6800,Oven toaster,variable,12.0,0.1,0.1,0.321,full
median,weighted,6800,VHS/Betamax/laser disc (video casette recorder/player & rewinder),variable,13.0,2.0,2.0,0.171,full
median,weighted,6800,Others (miscellaneous),variable,14.0,2.0,2.0,0.24,full
median,weighted,6900,"Refrigerator, ordinary",fixed,,24.0,24.0,72.0,always on
median,weighted,6900,Lighting - Linear fluorescent tube #1,variable,1.0,3.0,3.0,4.5,full
median,weighted,6900,Lighting - Linear fluorescent tube #2,variable,2.0,4.0,4.0,3.6,full
median,weighted,6900,Lighting - Compact fluorescent lamp (CFL) #2,variable,3.0,2.0,2.0,2.16,full
median,weighted,6900,Lighting - Compact fluorescent lamp (CFL) #3,variable,4.0,6.0,6.0,3.24,full
median,weighted,6900,Lighting - Compact fluorescent lamp (CFL) #1,variable,5.0,4.0,4.0,5.4,full
median,weighted,6900,Electric fan #1,variable,6.0,4.0,4.0,9.6,full
median,weighted,6900,Electric fan #2,variable,7.0,5.0,5.0,12.0,full
median,weighted,6900,Electric flat iron,variable,8.0,1.0,1.0,2.571,full
median,weighted,6900,"Washing machine, manual",variable,9.0,2.0,2.0,2.4,full
median,weighted,6900,Color TV - CRT screen #1,variable,10.0,4.0,4.0,13.2,full
median,weighted,6900,Color TV - CRT screen #2,variable,11.0,2.0,2.0,4.8,full
median,weighted,6900,Oven toaster,variable,12.0,0.1,0.1,0.321,full
median,weighted,6900,VHS/Betamax/laser disc (video casette recorder/player & rewinder),variable,13.0,2.0,2.0,0.171,full
median,weighted,6900,Others (miscellaneous),variable,14.0,2.0,2.0,0.24,full
median,weighted,7000,"Refrigerator, ordinary",fixed,,24.0,24.0,72.0,always on
median,weighted,7000,Lighting - Linear fluorescent tube #1,variable,1.0,3.0,3.0,4.5,full
median,weighted,7000,Lighting - Linear fluorescent tube #2,variable,2.0,4.0,4.0,3.6,full
median,weighted,7000,Lighting - Compact fluorescent lamp (CFL) #2,variable,3.0,2.0,2.0,2.16,full
median,weighted,7000,Lighting - Compact fluorescent lamp (CFL) #3,variable,4.0,6.0,6.0,3.24,full
median,weighted,7000,Lighting - Compact fluorescent lamp (CFL) #1,variable,5.0,4.0,4.0,5.4,full
median,weighted,7000,Electric fan #1,variable,6.0,4.0,4.0,9.6,full
median,weighted,7000,Electric fan #2,variable,7.0,5.0,5.0,12.0,full
median,weighted,7000,Electric flat iron,variable,8.0,1.0,1.0,2.571,full
median,weighted,7000,"Washing machine, manual",variable,9.0,2.0,2.0,2.4,full
median,weighted,7000,Color TV - CRT screen #1,variable,10.0,4.0,4.0,13.2,full
median,weighted,7000,Color TV - CRT screen #2,variable,11.0,2.0,2.0,4.8,full
median,weighted,7000,Oven toaster,variable,12.0,0.1,0.1,0.321,full
median,weighted,7000,VHS/Betamax/laser disc (video casette recorder/player & rewinder),variable,13.0,2.0,2.0,0.171,full
median,weighted,7000,Others (miscellaneous),variable,14.0,2.0,2.0,0.24,full
median,weighted,7100,"Refrigerator, ordinary",fixed,,24.0,24.0,72.0,always on
median,weighted,7100,Lighting - Linear fluorescent tube #1,variable,1.0,3.0,3.0,4.5,full
median,weighted,7100,Lighting - Linear fluorescent tube #2,variable,2.0,4.0,4.0,3.6,full
median,weighted,7100,Lighting - Compact fluorescent lamp (CFL) #2,variable,3.0,2.0,2.0,2.16,full
median,weighted,7100,Lighting - Compact fluorescent lamp (CFL) #3,variable,4.0,6.0,6.0,3.24,full
median,weighted,7100,Lighting - Compact fluorescent lamp (CFL) #1,variable,5.0,4.0,4.0,5.4,full
median,weighted,7100,Electric fan #1,variable,6.0,4.0,4.0,9.6,full
median,weighted,7100,Electric fan #2,variable,7.0,5.0,5.0,12.0,full
median,weighted,7100,Electric flat iron,variable,8.0,1.0,1.0,2.571,full
median,weighted,7100,"Washing machine, manual",variable,9.0,2.0,2.0,2.4,full
median,weighted,7100,Color TV - CRT screen #1,variable,10.0,4.0,4.0,13.2,full
median,weighted,7100,Color TV - CRT screen #2,variable,11.0,2.0,2.0,4.8,full
median,weighted,7100,Oven toaster,variable,12.0,0.1,0.1,0.321,full
median,weighted,7100,VHS/Betamax/laser disc (video casette recorder/player & rewinder),variable,13.0,2.0,2.0,0.171,full
median,weighted,7100,Others (miscellaneous),variable,14.0,2.0,2.0,0.24,full
median,weighted,7200,"Refrigerator, ordinary",fixed,,24.0,24.0,72.0,always on
median,weighted,7200,Lighting - Linear fluorescent tube #1,variable,1.0,3.0,3.0,4.5,full
median,weighted,7200,Lighting - Linear fluorescent tube #2,variable,2.0,4.0,4.0,3.6,full
median,weighted,7200,Lighting - Compact fluorescent lamp (CFL) #2,variable,3.0,2.0,2.0,2.16,full
median,weighted,7200,Lighting - Compact fluorescent lamp (CFL) #3,variable,4.0,6.0,6.0,3.24,full
median,weighted,7200,Lighting - Compact fluorescent lamp (CFL) #1,variable,5.0,4.0,4.0,5.4,full
median,weighted,7200,Electric fan #1,variable,6.0,4.0,4.0,9.6,full
median,weighted,7200,Electric fan #2,variable,7.0,5.0,5.0,12.0,full
median,weighted,7200,Electric flat iron,variable,8.0,1.0,1.0,2.571,full
median,weighted,7200,"Washing machine, manual",variable,9.0,2.0,2.0,2.4,full
median,weighted,7200,Color TV - CRT screen #1,variable,10.0,4.0,4.0,13.2,full
median,weighted,7200,Color TV - CRT screen #2,variable,11.0,2.0,2.0,4.8,full
median,weighted,7200,Oven toaster,variable,12.0,0.1,0.1,0.321,full
median,weighted,7200,VHS/Betamax/laser disc (video casette recorder/player & rewinder),variable,13.0,2.0,2.0,0.171,full
median,weighted,7200,Others (miscellaneous),variable,14.0,2.0,2.0,0.24,full
median,weighted,7300,"Refrigerator, ordinary",fixed,,24.0,24.0,72.0,always on
median,weighted,7300,Lighting - Linear fluorescent tube #1,variable,1.0,3.0,3.0,4.5,full
median,weighted,7300,Lighting - Linear fluorescent tube #2,variable,2.0,4.0,4.0,3.6,full
median,weighted,7300,Lighting - Compact fluorescent lamp (CFL) #2,variable,3.0,2.0,2.0,2.16,full
median,weighted,7300,Lighting - Compact fluorescent lamp (CFL) #3,variable,4.0,6.0,6.0,3.24,full
median,weighted,7300,Lighting - Compact fluorescent lamp (CFL) #1,variable,5.0,4.0,4.0,5.4,full
median,weighted,7300,Electric fan #1,variable,6.0,4.0,4.0,9.6,full
median,weighted,7300,Electric fan #2,variable,7.0,5.0,5.0,12.0,full
median,weighted,7300,Electric flat iron,variable,8.0,1.0,1.0,2.571,full
median,weighted,7300,"Washing machine, manual",variable,9.0,2.0,2.0,2.4,full
median,weighted,7300,Color TV - CRT screen #1,variable,10.0,4.0,4.0,13.2,full
median,weighted,7300,Color TV - CRT screen #2,variable,11.0,2.0,2.0,4.8,full
median,weighted,7300,Oven toaster,variable,12.0,0.1,0.1,0.321,full
median,weighted,7300,VHS/Betamax/laser disc (video casette recorder/player & rewinder),variable,13.0,2.0,2.0,0.171,full
median,weighted,7300,Others (miscellaneous),variable,14.0,2.0,2.0,0.24,full
median,weighted,7400,"Refrigerator, ordinary",fixed,,24.0,24.0,72.0,always on
median,weighted,7400,Lighting - Linear fluorescent tube #1,variable,1.0,3.0,3.0,4.5,full
median,weighted,7400,Lighting - Linear fluorescent tube #2,variable,2.0,4.0,4.0,3.6,full
median,weighted,7400,Lighting - Compact fluorescent lamp (CFL) #2,variable,3.0,2.0,2.0,2.16,full
median,weighted,7400,Lighting - Compact fluorescent lamp (CFL) #3,variable,4.0,6.0,6.0,3.24,full
median,weighted,7400,Lighting - Compact fluorescent lamp (CFL) #1,variable,5.0,4.0,4.0,5.4,full
median,weighted,7400,Electric fan #1,variable,6.0,4.0,4.0,9.6,full
median,weighted,7400,Electric fan #2,variable,7.0,5.0,5.0,12.0,full
median,weighted,7400,Electric flat iron,variable,8.0,1.0,1.0,2.571,full
median,weighted,7400,"Washing machine, manual",variable,9.0,2.0,2.0,2.4,full
median,weighted,7400,Color TV - CRT screen #1,variable,10.0,4.0,4.0,13.2,full
median,weighted,7400,Color TV - CRT screen #2,variable,11.0,2.0,2.0,4.8,full
median,weighted,7400,Oven toaster,variable,12.0,0.1,0.1,0.321,full
median,weighted,7400,VHS/Betamax/laser disc (video casette recorder/player & rewinder),variable,13.0,2.0,2.0,0.171,full
median,weighted,7400,Others (miscellaneous),variable,14.0,2.0,2.0,0.24,full
median,weighted,7500,"Refrigerator, ordinary",fixed,,24.0,24.0,72.0,always on
median,weighted,7500,Lighting - Linear fluorescent tube #1,variable,1.0,3.0,3.0,4.5,full
median,weighted,7500,Lighting - Linear fluorescent tube #2,variable,2.0,4.0,4.0,3.6,full
median,weighted,7500,Lighting - Compact fluorescent lamp (CFL) #2,variable,3.0,2.0,2.0,2.16,full
median,weighted,7500,Lighting - Compact fluorescent lamp (CFL) #3,variable,4.0,6.0,6.0,3.24,full
median,weighted,7500,Lighting - Compact fluorescent lamp (CFL) #1,variable,5.0,4.0,4.0,5.4,full
median,weighted,7500,Electric fan #1,variable,6.0,4.0,4.0,9.6,full
median,weighted,7500,Electric fan #2,variable,7.0,5.0,5.0,12.0,full
median,weighted,7500,Electric flat iron,variable,8.0,1.0,1.0,2.571,full
median,weighted,7500,"Washing machine, manual",variable,9.0,2.0,2.0,2.4,full
median,weighted,7500,Color TV - CRT screen #1,variable,10.0,4.0,4.0,13.2,full
median,weighted,7500,Color TV - CRT screen #2,variable,11.0,2.0,2.0,4.8,full
median,weighted,7500,Oven toaster,variable,12.0,0.1,0.1,0.321,full
median,weighted,7500,VHS/Betamax/laser disc (video casette recorder/player & rewinder),variable,13.0,2.0,2.0,0.171,full
median,weighted,7500,Others (miscellaneous),variable,14.0,2.0,2.0,0.24,full
median,weighted,7600,"Refrigerator, ordinary",fixed,,24.0,24.0,72.0,always on
median,weighted,7600,Lighting - Linear fluorescent tube #1,variable,1.0,3.0,3.0,4.5,full
median,weighted,7600,Lighting - Linear fluorescent tube #2,variable,2.0,4.0,4.0,3.6,full
median,weighted,7600,Lighting - Compact fluorescent lamp (CFL) #2,variable,3.0,2.0,2.0,2.16,full
median,weighted,7600,Lighting - Compact fluorescent lamp (CFL) #3,variable,4.0,6.0,6.0,3.24,full
median,weighted,7600,Lighting - Compact fluorescent lamp (CFL) #1,variable,5.0,4.0,4.0,5.4,full
median,weighted,7600,Electric fan #1,variable,6.0,4.0,4.0,9.6,full
median,weighted,7600,Electric fan #2,variable,7.0,5.0,5.0,12.0,full
median,weighted,7600,Electric flat iron,variable,8.0,1.0,1.0,2.571,full
median,weighted,7600,"Washing machine, manual",variable,9.0,2.0,2.0,2.4,full
median,weighted,7600,Color TV - CRT screen #1,variable,10.0,4.0,4.0,13.2,full
median,weighted,7600,Color TV - CRT screen #2,variable,11.0,2.0,2.0,4.8,full
median,weighted,7600,Oven toaster,variable,12.0,0.1,0.1,0.321,full
median,weighted,7600,VHS/Betamax/laser disc (video casette recorder/player & rewinder),variable,13.0,2.0,2.0,0.171,full
median,weighted,7600,Others (miscellaneous),variable,14.0,2.0,2.0,0.24,full
median,weighted,7700,"Refrigerator, ordinary",fixed,,24.0,24.0,72.0,always on
median,weighted,7700,Lighting - Linear fluorescent tube #1,variable,1.0,3.0,3.0,4.5,full
median,weighted,7700,Lighting - Linear fluorescent tube #2,variable,2.0,4.0,4.0,3.6,full
median,weighted,7700,Lighting - Compact fluorescent lamp (CFL) #2,variable,3.0,2.0,2.0,2.16,full
median,weighted,7700,Lighting - Compact fluorescent lamp (CFL) #3,variable,4.0,6.0,6.0,3.24,full
median,weighted,7700,Lighting - Compact fluorescent lamp (CFL) #1,variable,5.0,4.0,4.0,5.4,full
median,weighted,7700,Electric fan #1,variable,6.0,4.0,4.0,9.6,full
median,weighted,7700,Electric fan #2,variable,7.0,5.0,5.0,12.0,full
median,weighted,7700,Electric flat iron,variable,8.0,1.0,1.0,2.571,full
median,weighted,7700,"Washing machine, manual",variable,9.0,2.0,2.0,2.4,full
median,weighted,7700,Color TV - CRT screen #1,variable,10.0,4.0,4.0,13.2,full
median,weighted,7700,Color TV - CRT screen #2,variable,11.0,2.0,2.0,4.8,full
median,weighted,7700,Oven toaster,variable,12.0,0.1,0.1,0.321,full
median,weighted,7700,VHS/Betamax/laser disc (video casette recorder/player & rewinder),variable,13.0,2.0,2.0,0.171,full
median,weighted,7700,Others (miscellaneous),variable,14.0,2.0,2.0,0.24,full
median,weighted,7800,"Refrigerator, ordinary",fixed,,24.0,24.0,72.0,always on
median,weighted,7800,Lighting - Linear fluorescent tube #1,variable,1.0,3.0,3.0,4.5,full
median,weighted,7800,Lighting - Linear fluorescent tube #2,variable,2.0,4.0,4.0,3.6,full
median,weighted,7800,Lighting - Compact fluorescent lamp (CFL) #2,variable,3.0,2.0,2.0,2.16,full
median,weighted,7800,Lighting - Compact fluorescent lamp (CFL) #3,variable,4.0,6.0,6.0,3.24,full
median,weighted,7800,Lighting - Compact fluorescent lamp (CFL) #1,variable,5.0,4.0,4.0,5.4,full
median,weighted,7800,Electric fan #1,variable,6.0,4.0,4.0,9.6,full
median,weighted,7800,Electric fan #2,variable,7.0,5.0,5.0,12.0,full
median,weighted,7800,Electric flat iron,variable,8.0,1.0,1.0,2.571,full
median,weighted,7800,"Washing machine, manual",variable,9.0,2.0,2.0,2.4,full
median,weighted,7800,Color TV - CRT screen #1,variable,10.0,4.0,4.0,13.2,full
median,weighted,7800,Color TV - CRT screen #2,variable,11.0,2.0,2.0,4.8,full
median,weighted,7800,Oven toaster,variable,12.0,0.1,0.1,0.321,full
median,weighted,7800,VHS/Betamax/laser disc (video casette recorder/player & rewinder),variable,13.0,2.0,2.0,0.171,full
median,weighted,7800,Others (miscellaneous),variable,14.0,2.0,2.0,0.24,full
median,weighted,7900,"Refrigerator, ordinary",fixed,,24.0,24.0,72.0,always on
median,weighted,7900,Lighting - Linear fluorescent tube #1,variable,1.0,3.0,3.0,4.5,full
median,weighted,7900,Lighting - Linear fluorescent tube #2,variable,2.0,4.0,4.0,3.6,full
median,weighted,7900,Lighting - Compact fluorescent lamp (CFL) #2,variable,3.0,2.0,2.0,2.16,full
median,weighted,7900,Lighting - Compact fluorescent lamp (CFL) #3,variable,4.0,6.0,6.0,3.24,full
median,weighted,7900,Lighting - Compact fluorescent lamp (CFL) #1,variable,5.0,4.0,4.0,5.4,full
median,weighted,7900,Electric fan #1,variable,6.0,4.0,4.0,9.6,full
median,weighted,7900,Electric fan #2,variable,7.0,5.0,5.0,12.0,full
median,weighted,7900,Electric flat iron,variable,8.0,1.0,1.0,2.571,full
median,weighted,7900,"Washing machine, manual",variable,9.0,2.0,2.0,2.4,full
median,weighted,7900,Color TV - CRT screen #1,variable,10.0,4.0,4.0,13.2,full
median,weighted,7900,Color TV - CRT screen #2,variable,11.0,2.0,2.0,4.8,full
median,weighted,7900,Oven toaster,variable,12.0,0.1,0.1,0.321,full
median,weighted,7900,VHS/Betamax/laser disc (video casette recorder/player & rewinder),variable,13.0,2.0,2.0,0.171,full
median,weighted,7900,Others (miscellaneous),variable,14.0,2.0,2.0,0.24,full
median,weighted,8000,"Refrigerator, ordinary",fixed,,24.0,24.0,72.0,always on
median,weighted,8000,Lighting - Linear fluorescent tube #1,variable,1.0,3.0,3.0,4.5,full
median,weighted,8000,Lighting - Linear fluorescent tube #2,variable,2.0,4.0,4.0,3.6,full
median,weighted,8000,Lighting - Compact fluorescent lamp (CFL) #2,variable,3.0,2.0,2.0,2.16,full
median,weighted,8000,Lighting - Compact fluorescent lamp (CFL) #3,variable,4.0,6.0,6.0,3.24,full
median,weighted,8000,Lighting - Compact fluorescent lamp (CFL) #1,variable,5.0,4.0,4.0,5.4,full
median,weighted,8000,Electric fan #1,variable,6.0,4.0,4.0,9.6,full
median,weighted,8000,Electric fan #2,variable,7.0,5.0,5.0,12.0,full
median,weighted,8000,Electric flat iron,variable,8.0,1.0,1.0,2.571,full
median,weighted,8000,"Washing machine, manual",variable,9.0,2.0,2.0,2.4,full
median,weighted,8000,Color TV - CRT screen #1,variable,10.0,4.0,4.0,13.2,full
median,weighted,8000,Color TV - CRT screen #2,variable,11.0,2.0,2.0,4.8,full
median,weighted,8000,Oven toaster,variable,12.0,0.1,0.1,0.321,full
median,weighted,8000,VHS/Betamax/laser disc (video casette recorder/player & rewinder),variable,13.0,2.0,2.0,0.171,full
median,weighted,8000,Others (miscellaneous),variable,14.0,2.0,2.0,0.24,full
high,strict,1100,"Refrigerator, ordinary",fixed,,24.0,24.0,68.4,always on
high,strict,1100,Lighting - Incandescent bulb #1,variable,1.0,2.0,9.0,1.5,minimum only
high,strict,1100,Lighting - Compact fluorescent lamp (CFL) #1,variable,2.0,2.0,5.0,1.2,minimum only
high,strict,1100,Lighting - Compact fluorescent lamp (CFL) #2,variable,3.0,2.0,4.0,1.2,minimum only
high,strict,1100,Lighting - Compact fluorescent lamp (CFL) #3,variable,4.0,2.0,2.0,1.2,full
high,strict,1100,Lighting - Compact fluorescent lamp (CFL) #4,variable,5.0,0.75,2.0,0.337,below minimum
high,strict,1100,Lighting - Compact fluorescent lamp (CFL) #5,variable,6.0,0.0,4.0,0.0,OFF (sacrificed)
high,strict,1100,Lighting - Incandescent bulb #2,variable,7.0,0.0,2.0,0.0,OFF (sacrificed)
high,strict,1100,Electric fan #1,variable,8.0,0.0,9.0,0.0,OFF (sacrificed)
high,strict,1100,Electric fan #2,variable,9.0,0.0,8.0,0.0,OFF (sacrificed)
high,strict,1100,Rice cooker,variable,10.0,0.0,2.0,0.0,OFF (sacrificed)
high,strict,1100,Electric flat iron,variable,11.0,0.0,2.0,0.0,OFF (sacrificed)
high,strict,1100,"Washing machine, manual",variable,12.0,0.0,3.0,0.0,OFF (sacrificed)
high,strict,1100,Color TV - CRT screen,variable,13.0,0.0,4.0,0.0,OFF (sacrificed)
high,strict,1100,"Personal computer, LCD monitor",variable,14.0,0.0,2.0,0.0,OFF (sacrificed)
high,strict,1100,"Airconditioner, window type",variable,15.0,0.0,4.0,0.0,OFF (sacrificed)
high,strict,1100,Others (miscellaneous),variable,16.0,1.0,2.0,0.06,reduced
high,strict,1200,"Refrigerator, ordinary",fixed,,24.0,24.0,68.4,always on
high,strict,1200,Lighting - Incandescent bulb #1,variable,1.0,8.5,9.0,6.375,reduced
high,strict,1200,Lighting - Compact fluorescent lamp (CFL) #1,variable,2.0,2.0,5.0,1.2,minimum only
high,strict,1200,Lighting - Compact fluorescent lamp (CFL) #2,variable,3.0,2.0,4.0,1.2,minimum only
high,strict,1200,Lighting - Compact fluorescent lamp (CFL) #3,variable,4.0,2.0,2.0,1.2,full
high,strict,1200,Lighting - Compact fluorescent lamp (CFL) #4,variable,5.0,2.0,2.0,0.9,full
high,strict,1200,Lighting - Compact fluorescent lamp (CFL) #5,variable,6.0,2.0,4.0,0.9,minimum only
high,strict,1200,Lighting - Incandescent bulb #2,variable,7.0,2.0,2.0,0.6,full
high,strict,1200,Electric fan #1,variable,8.0,0.0,9.0,0.0,OFF (sacrificed)
high,strict,1200,Electric fan #2,variable,9.0,0.0,8.0,0.0,OFF (sacrificed)
high,strict,1200,Rice cooker,variable,10.0,0.0,2.0,0.0,OFF (sacrificed)
high,strict,1200,Electric flat iron,variable,11.0,0.0,2.0,0.0,OFF (sacrificed)
high,strict,1200,"Washing machine, manual",variable,12.0,0.0,3.0,0.0,OFF (sacrificed)
high,strict,1200,Color TV - CRT screen,variable,13.0,0.0,4.0,0.0,OFF (sacrificed)
high,strict,1200,"Personal computer, LCD monitor",variable,14.0,0.0,2.0,0.0,OFF (sacrificed)
high,strict,1200,"Airconditioner, window type",variable,15.0,0.0,4.0,0.0,OFF (sacrificed)
high,strict,1200,Others (miscellaneous),variable,16.0,0.0,2.0,0.0,OFF (sacrificed)
high,strict,1300,"Refrigerator, ordinary",fixed,,24.0,24.0,68.4,always on
high,strict,1300,Lighting - Incandescent bulb #1,variable,1.0,9.0,9.0,6.75,full
high,strict,1300,Lighting - Compact fluorescent lamp (CFL) #1,variable,2.0,5.0,5.0,3.0,full
high,strict,1300,Lighting - Compact fluorescent lamp (CFL) #2,variable,3.0,4.0,4.0,2.4,full
high,strict,1300,Lighting - Compact fluorescent lamp (CFL) #3,variable,4.0,2.0,2.0,1.2,full
high,strict,1300,Lighting - Compact fluorescent lamp (CFL) #4,variable,5.0,2.0,2.0,0.9,full
high,strict,1300,Lighting - Compact fluorescent lamp (CFL) #5,variable,6.0,4.0,4.0,1.8,full
high,strict,1300,Lighting - Incandescent bulb #2,variable,7.0,2.0,2.0,0.6,full
high,strict,1300,Electric fan #1,variable,8.0,0.5,9.0,2.4,reduced
high,strict,1300,Electric fan #2,variable,9.0,0.0,8.0,0.0,OFF (sacrificed)
high,strict,1300,Rice cooker,variable,10.0,0.0,2.0,0.0,OFF (sacrificed)
high,strict,1300,Electric flat iron,variable,11.0,0.0,2.0,0.0,OFF (sacrificed)
high,strict,1300,"Washing machine, manual",variable,12.0,0.0,3.0,0.0,OFF (sacrificed)
high,strict,1300,Color TV - CRT screen,variable,13.0,0.0,4.0,0.0,OFF (sacrificed)
high,strict,1300,"Personal computer, LCD monitor",variable,14.0,0.0,2.0,0.0,OFF (sacrificed)
high,strict,1300,"Airconditioner, window type",variable,15.0,0.0,4.0,0.0,OFF (sacrificed)
high,strict,1300,Others (miscellaneous),variable,16.0,2.0,2.0,0.12,full
high,strict,1400,"Refrigerator, ordinary",fixed,,24.0,24.0,68.4,always on
high,strict,1400,Lighting - Incandescent bulb #1,variable,1.0,9.0,9.0,6.75,full
high,strict,1400,Lighting - Compact fluorescent lamp (CFL) #1,variable,2.0,5.0,5.0,3.0,full
high,strict,1400,Lighting - Compact fluorescent lamp (CFL) #2,variable,3.0,4.0,4.0,2.4,full
high,strict,1400,Lighting - Compact fluorescent lamp (CFL) #3,variable,4.0,2.0,2.0,1.2,full
high,strict,1400,Lighting - Compact fluorescent lamp (CFL) #4,variable,5.0,2.0,2.0,0.9,full
high,strict,1400,Lighting - Compact fluorescent lamp (CFL) #5,variable,6.0,4.0,4.0,1.8,full
high,strict,1400,Lighting - Incandescent bulb #2,variable,7.0,2.0,2.0,0.6,full
high,strict,1400,Electric fan #1,variable,8.0,1.75,9.0,8.4,reduced
high,strict,1400,Electric fan #2,variable,9.0,0.25,8.0,0.6,reduced
high,strict,1400,Rice cooker,variable,10.0,0.0,2.0,0.0,OFF (sacrificed)
high,strict,1400,Electric flat iron,variable,11.0,0.0,2.0,0.0,OFF (sacrificed)
high,strict,1400,"Washing machine, manual",variable,12.0,0.0,3.0,0.0,OFF (sacrificed)
high,strict,1400,Color TV - CRT screen,variable,13.0,0.0,4.0,0.0,OFF (sacrificed)
high,strict,1400,"Personal computer, LCD monitor",variable,14.0,0.0,2.0,0.0,OFF (sacrificed)
high,strict,1400,"Airconditioner, window type",variable,15.0,0.0,4.0,0.0,OFF (sacrificed)
high,strict,1400,Others (miscellaneous),variable,16.0,2.0,2.0,0.12,full
high,strict,1500,"Refrigerator, ordinary",fixed,,24.0,24.0,68.4,always on
high,strict,1500,Lighting - Incandescent bulb #1,variable,1.0,9.0,9.0,6.75,full
high,strict,1500,Lighting - Compact fluorescent lamp (CFL) #1,variable,2.0,5.0,5.0,3.0,full
high,strict,1500,Lighting - Compact fluorescent lamp (CFL) #2,variable,3.0,4.0,4.0,2.4,full
high,strict,1500,Lighting - Compact fluorescent lamp (CFL) #3,variable,4.0,2.0,2.0,1.2,full
high,strict,1500,Lighting - Compact fluorescent lamp (CFL) #4,variable,5.0,2.0,2.0,0.9,full
high,strict,1500,Lighting - Compact fluorescent lamp (CFL) #5,variable,6.0,4.0,4.0,1.8,full
high,strict,1500,Lighting - Incandescent bulb #2,variable,7.0,2.0,2.0,0.6,full
high,strict,1500,Electric fan #1,variable,8.0,3.25,9.0,15.6,reduced
high,strict,1500,Electric fan #2,variable,9.0,0.25,8.0,0.6,reduced
high,strict,1500,Rice cooker,variable,10.0,0.0,2.0,0.0,OFF (sacrificed)
high,strict,1500,Electric flat iron,variable,11.0,0.0,2.0,0.0,OFF (sacrificed)
high,strict,1500,"Washing machine, manual",variable,12.0,0.0,3.0,0.0,OFF (sacrificed)
high,strict,1500,Color TV - CRT screen,variable,13.0,0.0,4.0,0.0,OFF (sacrificed)
high,strict,1500,"Personal computer, LCD monitor",variable,14.0,0.0,2.0,0.0,OFF (sacrificed)
high,strict,1500,"Airconditioner, window type",variable,15.0,0.0,4.0,0.0,OFF (sacrificed)
high,strict,1500,Others (miscellaneous),variable,16.0,2.0,2.0,0.12,full
high,strict,1600,"Refrigerator, ordinary",fixed,,24.0,24.0,68.4,always on
high,strict,1600,Lighting - Incandescent bulb #1,variable,1.0,9.0,9.0,6.75,full
high,strict,1600,Lighting - Compact fluorescent lamp (CFL) #1,variable,2.0,5.0,5.0,3.0,full
high,strict,1600,Lighting - Compact fluorescent lamp (CFL) #2,variable,3.0,4.0,4.0,2.4,full
high,strict,1600,Lighting - Compact fluorescent lamp (CFL) #3,variable,4.0,2.0,2.0,1.2,full
high,strict,1600,Lighting - Compact fluorescent lamp (CFL) #4,variable,5.0,2.0,2.0,0.9,full
high,strict,1600,Lighting - Compact fluorescent lamp (CFL) #5,variable,6.0,4.0,4.0,1.8,full
high,strict,1600,Lighting - Incandescent bulb #2,variable,7.0,2.0,2.0,0.6,full
high,strict,1600,Electric fan #1,variable,8.0,4.75,9.0,22.8,reduced
high,strict,1600,Electric fan #2,variable,9.0,0.0,8.0,0.0,OFF (sacrificed)
high,strict,1600,Rice cooker,variable,10.0,0.0,2.0,0.0,OFF (sacrificed)
high,strict,1600,Electric flat iron,variable,11.0,0.0,2.0,0.0,OFF (sacrificed)
high,strict,1600,"Washing machine, manual",variable,12.0,0.0,3.0,0.0,OFF (sacrificed)
high,strict,1600,Color TV - CRT screen,variable,13.0,0.0,4.0,0.0,OFF (sacrificed)
high,strict,1600,"Personal computer, LCD monitor",variable,14.0,0.0,2.0,0.0,OFF (sacrificed)
high,strict,1600,"Airconditioner, window type",variable,15.0,0.0,4.0,0.0,OFF (sacrificed)
high,strict,1600,Others (miscellaneous),variable,16.0,2.0,2.0,0.12,full
high,strict,1700,"Refrigerator, ordinary",fixed,,24.0,24.0,68.4,always on
high,strict,1700,Lighting - Incandescent bulb #1,variable,1.0,9.0,9.0,6.75,full
high,strict,1700,Lighting - Compact fluorescent lamp (CFL) #1,variable,2.0,5.0,5.0,3.0,full
high,strict,1700,Lighting - Compact fluorescent lamp (CFL) #2,variable,3.0,4.0,4.0,2.4,full
high,strict,1700,Lighting - Compact fluorescent lamp (CFL) #3,variable,4.0,2.0,2.0,1.2,full
high,strict,1700,Lighting - Compact fluorescent lamp (CFL) #4,variable,5.0,2.0,2.0,0.9,full
high,strict,1700,Lighting - Compact fluorescent lamp (CFL) #5,variable,6.0,4.0,4.0,1.8,full
high,strict,1700,Lighting - Incandescent bulb #2,variable,7.0,2.0,2.0,0.6,full
high,strict,1700,Electric fan #1,variable,8.0,6.25,9.0,30.0,reduced
high,strict,1700,Electric fan #2,variable,9.0,0.0,8.0,0.0,OFF (sacrificed)
high,strict,1700,Rice cooker,variable,10.0,0.0,2.0,0.0,OFF (sacrificed)
high,strict,1700,Electric flat iron,variable,11.0,0.0,2.0,0.0,OFF (sacrificed)
high,strict,1700,"Washing machine, manual",variable,12.0,0.0,3.0,0.0,OFF (sacrificed)
high,strict,1700,Color TV - CRT screen,variable,13.0,0.0,4.0,0.0,OFF (sacrificed)
high,strict,1700,"Personal computer, LCD monitor",variable,14.0,0.0,2.0,0.0,OFF (sacrificed)
high,strict,1700,"Airconditioner, window type",variable,15.0,0.0,4.0,0.0,OFF (sacrificed)
high,strict,1700,Others (miscellaneous),variable,16.0,1.0,2.0,0.06,reduced
high,strict,1800,"Refrigerator, ordinary",fixed,,24.0,24.0,68.4,always on
high,strict,1800,Lighting - Incandescent bulb #1,variable,1.0,9.0,9.0,6.75,full
high,strict,1800,Lighting - Compact fluorescent lamp (CFL) #1,variable,2.0,5.0,5.0,3.0,full
high,strict,1800,Lighting - Compact fluorescent lamp (CFL) #2,variable,3.0,4.0,4.0,2.4,full
high,strict,1800,Lighting - Compact fluorescent lamp (CFL) #3,variable,4.0,2.0,2.0,1.2,full
high,strict,1800,Lighting - Compact fluorescent lamp (CFL) #4,variable,5.0,2.0,2.0,0.9,full
high,strict,1800,Lighting - Compact fluorescent lamp (CFL) #5,variable,6.0,4.0,4.0,1.8,full
high,strict,1800,Lighting - Incandescent bulb #2,variable,7.0,2.0,2.0,0.6,full
high,strict,1800,Electric fan #1,variable,8.0,7.5,9.0,36.0,reduced
high,strict,1800,Electric fan #2,variable,9.0,0.25,8.0,0.6,reduced
high,strict,1800,Rice cooker,variable,10.0,0.0,2.0,0.0,OFF (sacrificed)
high,strict,1800,Electric flat iron,variable,11.0,0.0,2.0,0.0,OFF (sacrificed)
high,strict,1800,"Washing machine, manual",variable,12.0,0.0,3.0,0.0,OFF (sacrificed)
high,strict,1800,Color TV - CRT screen,variable,13.0,0.0,4.0,0.0,OFF (sacrificed)
high,strict,1800,"Personal computer, LCD monitor",variable,14.0,0.0,2.0,0.0,OFF (sacrificed)
high,strict,1800,"Airconditioner, window type",variable,15.0,0.0,4.0,0.0,OFF (sacrificed)
high,strict,1800,Others (miscellaneous),variable,16.0,2.0,2.0,0.12,full
high,strict,1900,"Refrigerator, ordinary",fixed,,24.0,24.0,68.4,always on
high,strict,1900,Lighting - Incandescent bulb #1,variable,1.0,9.0,9.0,6.75,full
high,strict,1900,Lighting - Compact fluorescent lamp (CFL) #1,variable,2.0,5.0,5.0,3.0,full
high,strict,1900,Lighting - Compact fluorescent lamp (CFL) #2,variable,3.0,4.0,4.0,2.4,full
high,strict,1900,Lighting - Compact fluorescent lamp (CFL) #3,variable,4.0,2.0,2.0,1.2,full
high,strict,1900,Lighting - Compact fluorescent lamp (CFL) #4,variable,5.0,2.0,2.0,0.9,full
high,strict,1900,Lighting - Compact fluorescent lamp (CFL) #5,variable,6.0,4.0,4.0,1.8,full
high,strict,1900,Lighting - Incandescent bulb #2,variable,7.0,2.0,2.0,0.6,full
high,strict,1900,Electric fan #1,variable,8.0,9.0,9.0,43.2,full
high,strict,1900,Electric fan #2,variable,9.0,0.25,8.0,0.6,reduced
high,strict,1900,Rice cooker,variable,10.0,0.0,2.0,0.0,OFF (sacrificed)
high,strict,1900,Electric flat iron,variable,11.0,0.0,2.0,0.0,OFF (sacrificed)
high,strict,1900,"Washing machine, manual",variable,12.0,0.0,3.0,0.0,OFF (sacrificed)
high,strict,1900,Color TV - CRT screen,variable,13.0,0.0,4.0,0.0,OFF (sacrificed)
high,strict,1900,"Personal computer, LCD monitor",variable,14.0,0.0,2.0,0.0,OFF (sacrificed)
high,strict,1900,"Airconditioner, window type",variable,15.0,0.0,4.0,0.0,OFF (sacrificed)
high,strict,1900,Others (miscellaneous),variable,16.0,0.0,2.0,0.0,OFF (sacrificed)
high,strict,2000,"Refrigerator, ordinary",fixed,,24.0,24.0,68.4,always on
high,strict,2000,Lighting - Incandescent bulb #1,variable,1.0,9.0,9.0,6.75,full
high,strict,2000,Lighting - Compact fluorescent lamp (CFL) #1,variable,2.0,5.0,5.0,3.0,full
high,strict,2000,Lighting - Compact fluorescent lamp (CFL) #2,variable,3.0,4.0,4.0,2.4,full
high,strict,2000,Lighting - Compact fluorescent lamp (CFL) #3,variable,4.0,2.0,2.0,1.2,full
high,strict,2000,Lighting - Compact fluorescent lamp (CFL) #4,variable,5.0,2.0,2.0,0.9,full
high,strict,2000,Lighting - Compact fluorescent lamp (CFL) #5,variable,6.0,4.0,4.0,1.8,full
high,strict,2000,Lighting - Incandescent bulb #2,variable,7.0,2.0,2.0,0.6,full
high,strict,2000,Electric fan #1,variable,8.0,9.0,9.0,43.2,full
high,strict,2000,Electric fan #2,variable,9.0,3.0,8.0,7.2,reduced
high,strict,2000,Rice cooker,variable,10.0,0.0,2.0,0.0,OFF (sacrificed)
high,strict,2000,Electric flat iron,variable,11.0,0.0,2.0,0.0,OFF (sacrificed)
high,strict,2000,"Washing machine, manual",variable,12.0,0.0,3.0,0.0,OFF (sacrificed)
high,strict,2000,Color TV - CRT screen,variable,13.0,0.0,4.0,0.0,OFF (sacrificed)
high,strict,2000,"Personal computer, LCD monitor",variable,14.0,0.0,2.0,0.0,OFF (sacrificed)
high,strict,2000,"Airconditioner, window type",variable,15.0,0.0,4.0,0.0,OFF (sacrificed)
high,strict,2000,Others (miscellaneous),variable,16.0,2.0,2.0,0.12,full
high,strict,2100,"Refrigerator, ordinary",fixed,,24.0,24.0,68.4,always on
high,strict,2100,Lighting - Incandescent bulb #1,variable,1.0,9.0,9.0,6.75,full
high,strict,2100,Lighting - Compact fluorescent lamp (CFL) #1,variable,2.0,5.0,5.0,3.0,full
high,strict,2100,Lighting - Compact fluorescent lamp (CFL) #2,variable,3.0,4.0,4.0,2.4,full
high,strict,2100,Lighting - Compact fluorescent lamp (CFL) #3,variable,4.0,2.0,2.0,1.2,full
high,strict,2100,Lighting - Compact fluorescent lamp (CFL) #4,variable,5.0,2.0,2.0,0.9,full
high,strict,2100,Lighting - Compact fluorescent lamp (CFL) #5,variable,6.0,4.0,4.0,1.8,full
high,strict,2100,Lighting - Incandescent bulb #2,variable,7.0,2.0,2.0,0.6,full
high,strict,2100,Electric fan #1,variable,8.0,9.0,9.0,43.2,full
high,strict,2100,Electric fan #2,variable,9.0,5.75,8.0,13.8,reduced
high,strict,2100,Rice cooker,variable,10.0,0.0,2.0,0.0,OFF (sacrificed)
high,strict,2100,Electric flat iron,variable,11.0,0.0,2.0,0.0,OFF (sacrificed)
high,strict,2100,"Washing machine, manual",variable,12.0,0.0,3.0,0.0,OFF (sacrificed)
high,strict,2100,Color TV - CRT screen,variable,13.0,0.0,4.0,0.0,OFF (sacrificed)
high,strict,2100,"Personal computer, LCD monitor",variable,14.0,0.0,2.0,0.0,OFF (sacrificed)
high,strict,2100,"Airconditioner, window type",variable,15.0,0.0,4.0,0.0,OFF (sacrificed)
high,strict,2100,Others (miscellaneous),variable,16.0,2.0,2.0,0.12,full
high,strict,2200,"Refrigerator, ordinary",fixed,,24.0,24.0,68.4,always on
high,strict,2200,Lighting - Incandescent bulb #1,variable,1.0,9.0,9.0,6.75,full
high,strict,2200,Lighting - Compact fluorescent lamp (CFL) #1,variable,2.0,5.0,5.0,3.0,full
high,strict,2200,Lighting - Compact fluorescent lamp (CFL) #2,variable,3.0,4.0,4.0,2.4,full
high,strict,2200,Lighting - Compact fluorescent lamp (CFL) #3,variable,4.0,2.0,2.0,1.2,full
high,strict,2200,Lighting - Compact fluorescent lamp (CFL) #4,variable,5.0,2.0,2.0,0.9,full
high,strict,2200,Lighting - Compact fluorescent lamp (CFL) #5,variable,6.0,4.0,4.0,1.8,full
high,strict,2200,Lighting - Incandescent bulb #2,variable,7.0,2.0,2.0,0.6,full
high,strict,2200,Electric fan #1,variable,8.0,9.0,9.0,43.2,full
high,strict,2200,Electric fan #2,variable,9.0,8.0,8.0,19.2,full
high,strict,2200,Rice cooker,variable,10.0,0.0,2.0,0.0,OFF (sacrificed)
high,strict,2200,Electric flat iron,variable,11.0,0.75,2.0,1.929,reduced
high,strict,2200,"Washing machine, manual",variable,12.0,0.0,3.0,0.0,OFF (sacrificed)
high,strict,2200,Color TV - CRT screen,variable,13.0,0.0,4.0,0.0,OFF (sacrificed)
high,strict,2200,"Personal computer, LCD monitor",variable,14.0,0.0,2.0,0.0,OFF (sacrificed)
high,strict,2200,"Airconditioner, window type",variable,15.0,0.0,4.0,0.0,OFF (sacrificed)
high,strict,2200,Others (miscellaneous),variable,16.0,1.25,2.0,0.075,reduced
high,strict,2300,"Refrigerator, ordinary",fixed,,24.0,24.0,68.4,always on
high,strict,2300,Lighting - Incandescent bulb #1,variable,1.0,9.0,9.0,6.75,full
high,strict,2300,Lighting - Compact fluorescent lamp (CFL) #1,variable,2.0,5.0,5.0,3.0,full
high,strict,2300,Lighting - Compact fluorescent lamp (CFL) #2,variable,3.0,4.0,4.0,2.4,full
high,strict,2300,Lighting - Compact fluorescent lamp (CFL) #3,variable,4.0,2.0,2.0,1.2,full
high,strict,2300,Lighting - Compact fluorescent lamp (CFL) #4,variable,5.0,2.0,2.0,0.9,full
high,strict,2300,Lighting - Compact fluorescent lamp (CFL) #5,variable,6.0,4.0,4.0,1.8,full
high,strict,2300,Lighting - Incandescent bulb #2,variable,7.0,2.0,2.0,0.6,full
high,strict,2300,Electric fan #1,variable,8.0,9.0,9.0,43.2,full
high,strict,2300,Electric fan #2,variable,9.0,8.0,8.0,19.2,full
high,strict,2300,Rice cooker,variable,10.0,0.5,2.0,6.75,reduced
high,strict,2300,Electric flat iron,variable,11.0,0.75,2.0,1.929,reduced
high,strict,2300,"Washing machine, manual",variable,12.0,0.0,3.0,0.0,OFF (sacrificed)
high,strict,2300,Color TV - CRT screen,variable,13.0,0.0,4.0,0.0,OFF (sacrificed)
high,strict,2300,"Personal computer, LCD monitor",variable,14.0,0.0,2.0,0.0,OFF (sacrificed)
high,strict,2300,"Airconditioner, window type",variable,15.0,0.0,4.0,0.0,OFF (sacrificed)
high,strict,2300,Others (miscellaneous),variable,16.0,2.0,2.0,0.12,full
high,strict,2400,"Refrigerator, ordinary",fixed,,24.0,24.0,68.4,always on
high,strict,2400,Lighting - Incandescent bulb #1,variable,1.0,9.0,9.0,6.75,full
high,strict,2400,Lighting - Compact fluorescent lamp (CFL) #1,variable,2.0,5.0,5.0,3.0,full
high,strict,2400,Lighting - Compact fluorescent lamp (CFL) #2,variable,3.0,4.0,4.0,2.4,full
high,strict,2400,Lighting - Compact fluorescent lamp (CFL) #3,variable,4.0,2.0,2.0,1.2,full
high,strict,2400,Lighting - Compact fluorescent lamp (CFL) #4,variable,5.0,2.0,2.0,0.9,full
high,strict,2400,Lighting - Compact fluorescent lamp (CFL) #5,variable,6.0,4.0,4.0,1.8,full
high,strict,2400,Lighting - Incandescent bulb #2,variable,7.0,2.0,2.0,0.6,full
high,strict,2400,Electric fan #1,variable,8.0,9.0,9.0,43.2,full
high,strict,2400,Electric fan #2,variable,9.0,8.0,8.0,19.2,full
high,strict,2400,Rice cooker,variable,10.0,1.0,2.0,13.5,reduced
high,strict,2400,Electric flat iron,variable,11.0,0.75,2.0,1.929,reduced
high,strict,2400,"Washing machine, manual",variable,12.0,0.0,3.0,0.0,OFF (sacrificed)
high,strict,2400,Color TV - CRT screen,variable,13.0,0.0,4.0,0.0,OFF (sacrificed)
high,strict,2400,"Personal computer, LCD monitor",variable,14.0,0.0,2.0,0.0,OFF (sacrificed)
high,strict,2400,"Airconditioner, window type",variable,15.0,0.0,4.0,0.0,OFF (sacrificed)
high,strict,2400,Others (miscellaneous),variable,16.0,2.0,2.0,0.12,full
high,strict,2500,"Refrigerator, ordinary",fixed,,24.0,24.0,68.4,always on
high,strict,2500,Lighting - Incandescent bulb #1,variable,1.0,9.0,9.0,6.75,full
high,strict,2500,Lighting - Compact fluorescent lamp (CFL) #1,variable,2.0,5.0,5.0,3.0,full
high,strict,2500,Lighting - Compact fluorescent lamp (CFL) #2,variable,3.0,4.0,4.0,2.4,full
high,strict,2500,Lighting - Compact fluorescent lamp (CFL) #3,variable,4.0,2.0,2.0,1.2,full
high,strict,2500,Lighting - Compact fluorescent lamp (CFL) #4,variable,5.0,2.0,2.0,0.9,full
high,strict,2500,Lighting - Compact fluorescent lamp (CFL) #5,variable,6.0,4.0,4.0,1.8,full
high,strict,2500,Lighting - Incandescent bulb #2,variable,7.0,2.0,2.0,0.6,full
high,strict,2500,Electric fan #1,variable,8.0,9.0,9.0,43.2,full
high,strict,2500,Electric fan #2,variable,9.0,8.0,8.0,19.2,full
high,strict,2500,Rice cooker,variable,10.0,1.5,2.0,20.25,reduced
high,strict,2500,Electric flat iron,variable,11.0,0.75,2.0,1.929,reduced
high,strict,2500,"Washing machine, manual",variable,12.0,0.0,3.0,0.0,OFF (sacrificed)
high,strict,2500,Color TV - CRT screen,variable,13.0,0.0,4.0,0.0,OFF (sacrificed)
high,strict,2500,"Personal computer, LCD monitor",variable,14.0,0.0,2.0,0.0,OFF (sacrificed)
high,strict,2500,"Airconditioner, window type",variable,15.0,0.0,4.0,0.0,OFF (sacrificed)
high,strict,2500,Others (miscellaneous),variable,16.0,2.0,2.0,0.12,full
high,strict,2600,"Refrigerator, ordinary",fixed,,24.0,24.0,68.4,always on
high,strict,2600,Lighting - Incandescent bulb #1,variable,1.0,9.0,9.0,6.75,full
high,strict,2600,Lighting - Compact fluorescent lamp (CFL) #1,variable,2.0,5.0,5.0,3.0,full
high,strict,2600,Lighting - Compact fluorescent lamp (CFL) #2,variable,3.0,4.0,4.0,2.4,full
high,strict,2600,Lighting - Compact fluorescent lamp (CFL) #3,variable,4.0,2.0,2.0,1.2,full
high,strict,2600,Lighting - Compact fluorescent lamp (CFL) #4,variable,5.0,2.0,2.0,0.9,full
high,strict,2600,Lighting - Compact fluorescent lamp (CFL) #5,variable,6.0,4.0,4.0,1.8,full
high,strict,2600,Lighting - Incandescent bulb #2,variable,7.0,2.0,2.0,0.6,full
high,strict,2600,Electric fan #1,variable,8.0,9.0,9.0,43.2,full
high,strict,2600,Electric fan #2,variable,9.0,8.0,8.0,19.2,full
high,strict,2600,Rice cooker,variable,10.0,2.0,2.0,27.0,full
high,strict,2600,Electric flat iron,variable,11.0,0.75,2.0,1.929,reduced
high,strict,2600,"Washing machine, manual",variable,12.0,0.0,3.0,0.0,OFF (sacrificed)
high,strict,2600,Color TV - CRT screen,variable,13.0,0.0,4.0,0.0,OFF (sacrificed)
high,strict,2600,"Personal computer, LCD monitor",variable,14.0,0.0,2.0,0.0,OFF (sacrificed)
high,strict,2600,"Airconditioner, window type",variable,15.0,0.0,4.0,0.0,OFF (sacrificed)
high,strict,2600,Others (miscellaneous),variable,16.0,2.0,2.0,0.12,full
high,strict,2700,"Refrigerator, ordinary",fixed,,24.0,24.0,68.4,always on
high,strict,2700,Lighting - Incandescent bulb #1,variable,1.0,9.0,9.0,6.75,full
high,strict,2700,Lighting - Compact fluorescent lamp (CFL) #1,variable,2.0,5.0,5.0,3.0,full
high,strict,2700,Lighting - Compact fluorescent lamp (CFL) #2,variable,3.0,4.0,4.0,2.4,full
high,strict,2700,Lighting - Compact fluorescent lamp (CFL) #3,variable,4.0,2.0,2.0,1.2,full
high,strict,2700,Lighting - Compact fluorescent lamp (CFL) #4,variable,5.0,2.0,2.0,0.9,full
high,strict,2700,Lighting - Compact fluorescent lamp (CFL) #5,variable,6.0,4.0,4.0,1.8,full
high,strict,2700,Lighting - Incandescent bulb #2,variable,7.0,2.0,2.0,0.6,full
high,strict,2700,Electric fan #1,variable,8.0,9.0,9.0,43.2,full
high,strict,2700,Electric fan #2,variable,9.0,8.0,8.0,19.2,full
high,strict,2700,Rice cooker,variable,10.0,2.0,2.0,27.0,full
high,strict,2700,Electric flat iron,variable,11.0,2.0,2.0,5.143,full
high,strict,2700,"Washing machine, manual",variable,12.0,1.75,3.0,4.2,reduced
high,strict,2700,Color TV - CRT screen,variable,13.0,0.0,4.0,0.0,OFF (sacrificed)
high,strict,2700,"Personal computer, LCD monitor",variable,14.0,0.0,2.0,0.0,OFF (sacrificed)
high,strict,2700,"Airconditioner, window type",variable,15.0,0.0,4.0,0.0,OFF (sacrificed)
high,strict,2700,Others (miscellaneous),variable,16.0,0.0,2.0,0.0,OFF (sacrificed)
high,strict,2800,"Refrigerator, ordinary",fixed,,24.0,24.0,68.4,always on
high,strict,2800,Lighting - Incandescent bulb #1,variable,1.0,9.0,9.0,6.75,full
high,strict,2800,Lighting - Compact fluorescent lamp (CFL) #1,variable,2.0,5.0,5.0,3.0,full
high,strict,2800,Lighting - Compact fluorescent lamp (CFL) #2,variable,3.0,4.0,4.0,2.4,full
high,strict,2800,Lighting - Compact fluorescent lamp (CFL) #3,variable,4.0,2.0,2.0,1.2,full
high,strict,2800,Lighting - Compact fluorescent lamp (CFL) #4,variable,5.0,2.0,2.0,0.9,full
high,strict,2800,Lighting - Compact fluorescent lamp (CFL) #5,variable,6.0,4.0,4.0,1.8,full
high,strict,2800,Lighting - Incandescent bulb #2,variable,7.0,2.0,2.0,0.6,full
high,strict,2800,Electric fan #1,variable,8.0,9.0,9.0,43.2,full
high,strict,2800,Electric fan #2,variable,9.0,8.0,8.0,19.2,full
high,strict,2800,Rice cooker,variable,10.0,2.0,2.0,27.0,full
high,strict,2800,Electric flat iron,variable,11.0,2.0,2.0,5.143,full
high,strict,2800,"Washing machine, manual",variable,12.0,3.0,3.0,7.2,full
high,strict,2800,Color TV - CRT screen,variable,13.0,1.0,4.0,3.3,reduced
high,strict,2800,"Personal computer, LCD monitor",variable,14.0,0.0,2.0,0.0,OFF (sacrificed)
high,strict,2800,"Airconditioner, window type",variable,15.0,0.0,4.0,0.0,OFF (sacrificed)
high,strict,2800,Others (miscellaneous),variable,16.0,2.0,2.0,0.12,full
high,strict,2900,"Refrigerator, ordinary",fixed,,24.0,24.0,68.4,always on
high,strict,2900,Lighting - Incandescent bulb #1,variable,1.0,9.0,9.0,6.75,full
high,strict,2900,Lighting - Compact fluorescent lamp (CFL) #1,variable,2.0,5.0,5.0,3.0,full
high,strict,2900,Lighting - Compact fluorescent lamp (CFL) #2,variable,3.0,4.0,4.0,2.4,full
high,strict,2900,Lighting - Compact fluorescent lamp (CFL) #3,variable,4.0,2.0,2.0,1.2,full
high,strict,2900,Lighting - Compact fluorescent lamp (CFL) #4,variable,5.0,2.0,2.0,0.9,full
high,strict,2900,Lighting - Compact fluorescent lamp (CFL) #5,variable,6.0,4.0,4.0,1.8,full
high,strict,2900,Lighting - Incandescent bulb #2,variable,7.0,2.0,2.0,0.6,full
high,strict,2900,Electric fan #1,variable,8.0,9.0,9.0,43.2,full
high,strict,2900,Electric fan #2,variable,9.0,8.0,8.0,19.2,full
high,strict,2900,Rice cooker,variable,10.0,2.0,2.0,27.0,full
high,strict,2900,Electric flat iron,variable,11.0,2.0,2.0,5.143,full
high,strict,2900,"Washing machine, manual",variable,12.0,3.0,3.0,7.2,full
high,strict,2900,Color TV - CRT screen,variable,13.0,3.25,4.0,10.725,reduced
high,strict,2900,"Personal computer, LCD monitor",variable,14.0,0.0,2.0,0.0,OFF (sacrificed)
high,strict,2900,"Airconditioner, window type",variable,15.0,0.0,4.0,0.0,OFF (sacrificed)
high,strict,2900,Others (miscellaneous),variable,16.0,0.25,2.0,0.015,reduced
high,strict,3000,"Refrigerator, ordinary",fixed,,24.0,24.0,68.4,always on
high,strict,3000,Lighting - Incandescent bulb #1,variable,1.0,9.0,9.0,6.75,full
high,strict,3000,Lighting - Compact fluorescent lamp (CFL) #1,variable,2.0,5.0,5.0,3.0,full
high,strict,3000,Lighting - Compact fluorescent lamp (CFL) #2,variable,3.0,4.0,4.0,2.4,full
high,strict,3000,Lighting - Compact fluorescent lamp (CFL) #3,variable,4.0,2.0,2.0,1.2,full
high,strict,3000,Lighting - Compact fluorescent lamp (CFL) #4,variable,5.0,2.0,2.0,0.9,full
high,strict,3000,Lighting - Compact fluorescent lamp (CFL) #5,variable,6.0,4.0,4.0,1.8,full
high,strict,3000,Lighting - Incandescent bulb #2,variable,7.0,2.0,2.0,0.6,full
high,strict,3000,Electric fan #1,variable,8.0,9.0,9.0,43.2,full
high,strict,3000,Electric fan #2,variable,9.0,8.0,8.0,19.2,full
high,strict,3000,Rice cooker,variable,10.0,2.0,2.0,27.0,full
high,strict,3000,Electric flat iron,variable,11.0,2.0,2.0,5.143,full
high,strict,3000,"Washing machine, manual",variable,12.0,3.0,3.0,7.2,full
high,strict,3000,Color TV - CRT screen,variable,13.0,4.0,4.0,13.2,full
high,strict,3000,"Personal computer, LCD monitor",variable,14.0,0.0,2.0,0.0,OFF (sacrificed)
high,strict,3000,"Airconditioner, window type",variable,15.0,0.0,4.0,0.0,OFF (sacrificed)
high,strict,3000,Others (miscellaneous),variable,16.0,0.0,2.0,0.0,OFF (sacrificed)
high,strict,3100,"Refrigerator, ordinary",fixed,,24.0,24.0,68.4,always on
high,strict,3100,Lighting - Incandescent bulb #1,variable,1.0,9.0,9.0,6.75,full
high,strict,3100,Lighting - Compact fluorescent lamp (CFL) #1,variable,2.0,5.0,5.0,3.0,full
high,strict,3100,Lighting - Compact fluorescent lamp (CFL) #2,variable,3.0,4.0,4.0,2.4,full
high,strict,3100,Lighting - Compact fluorescent lamp (CFL) #3,variable,4.0,2.0,2.0,1.2,full
high,strict,3100,Lighting - Compact fluorescent lamp (CFL) #4,variable,5.0,2.0,2.0,0.9,full
high,strict,3100,Lighting - Compact fluorescent lamp (CFL) #5,variable,6.0,4.0,4.0,1.8,full
high,strict,3100,Lighting - Incandescent bulb #2,variable,7.0,2.0,2.0,0.6,full
high,strict,3100,Electric fan #1,variable,8.0,9.0,9.0,43.2,full
high,strict,3100,Electric fan #2,variable,9.0,8.0,8.0,19.2,full
high,strict,3100,Rice cooker,variable,10.0,2.0,2.0,27.0,full
high,strict,3100,Electric flat iron,variable,11.0,2.0,2.0,5.143,full
high,strict,3100,"Washing machine, manual",variable,12.0,3.0,3.0,7.2,full
high,strict,3100,Color TV - CRT screen,variable,13.0,4.0,4.0,13.2,full
high,strict,3100,"Personal computer, LCD monitor",variable,14.0,2.0,2.0,5.786,full
high,strict,3100,"Airconditioner, window type",variable,15.0,0.0,4.0,0.0,OFF (sacrificed)
high,strict,3100,Others (miscellaneous),variable,16.0,2.0,2.0,0.12,full
high,strict,3200,"Refrigerator, ordinary",fixed,,24.0,24.0,68.4,always on
high,strict,3200,Lighting - Incandescent bulb #1,variable,1.0,9.0,9.0,6.75,full
high,strict,3200,Lighting - Compact fluorescent lamp (CFL) #1,variable,2.0,5.0,5.0,3.0,full
high,strict,3200,Lighting - Compact fluorescent lamp (CFL) #2,variable,3.0,4.0,4.0,2.4,full
high,strict,3200,Lighting - Compact fluorescent lamp (CFL) #3,variable,4.0,2.0,2.0,1.2,full
high,strict,3200,Lighting - Compact fluorescent lamp (CFL) #4,variable,5.0,2.0,2.0,0.9,full
high,strict,3200,Lighting - Compact fluorescent lamp (CFL) #5,variable,6.0,4.0,4.0,1.8,full
high,strict,3200,Lighting - Incandescent bulb #2,variable,7.0,2.0,2.0,0.6,full
high,strict,3200,Electric fan #1,variable,8.0,9.0,9.0,43.2,full
high,strict,3200,Electric fan #2,variable,9.0,8.0,8.0,19.2,full
high,strict,3200,Rice cooker,variable,10.0,2.0,2.0,27.0,full
high,strict,3200,Electric flat iron,variable,11.0,2.0,2.0,5.143,full
high,strict,3200,"Washing machine, manual",variable,12.0,3.0,3.0,7.2,full
high,strict,3200,Color TV - CRT screen,variable,13.0,4.0,4.0,13.2,full
high,strict,3200,"Personal computer, LCD monitor",variable,14.0,2.0,2.0,5.786,full
high,strict,3200,"Airconditioner, window type",variable,15.0,0.0,4.0,0.0,OFF (sacrificed)
high,strict,3200,Others (miscellaneous),variable,16.0,2.0,2.0,0.12,full
high,strict,3300,"Refrigerator, ordinary",fixed,,24.0,24.0,68.4,always on
high,strict,3300,Lighting - Incandescent bulb #1,variable,1.0,9.0,9.0,6.75,full
high,strict,3300,Lighting - Compact fluorescent lamp (CFL) #1,variable,2.0,5.0,5.0,3.0,full
high,strict,3300,Lighting - Compact fluorescent lamp (CFL) #2,variable,3.0,4.0,4.0,2.4,full
high,strict,3300,Lighting - Compact fluorescent lamp (CFL) #3,variable,4.0,2.0,2.0,1.2,full
high,strict,3300,Lighting - Compact fluorescent lamp (CFL) #4,variable,5.0,2.0,2.0,0.9,full
high,strict,3300,Lighting - Compact fluorescent lamp (CFL) #5,variable,6.0,4.0,4.0,1.8,full
high,strict,3300,Lighting - Incandescent bulb #2,variable,7.0,2.0,2.0,0.6,full
high,strict,3300,Electric fan #1,variable,8.0,9.0,9.0,43.2,full
high,strict,3300,Electric fan #2,variable,9.0,8.0,8.0,19.2,full
high,strict,3300,Rice cooker,variable,10.0,2.0,2.0,27.0,full
high,strict,3300,Electric flat iron,variable,11.0,2.0,2.0,5.143,full
high,strict,3300,"Washing machine, manual",variable,12.0,3.0,3.0,7.2,full
high,strict,3300,Color TV - CRT screen,variable,13.0,4.0,4.0,13.2,full
high,strict,3300,"Personal computer, LCD monitor",variable,14.0,2.0,2.0,5.786,full
high,strict,3300,"Airconditioner, window type",variable,15.0,0.25,4.0,13.95,reduced
high,strict,3300,Others (miscellaneous),variable,16.0,0.5,2.0,0.03,reduced
high,strict,3400,"Refrigerator, ordinary",fixed,,24.0,24.0,68.4,always on
high,strict,3400,Lighting - Incandescent bulb #1,variable,1.0,9.0,9.0,6.75,full
high,strict,3400,Lighting - Compact fluorescent lamp (CFL) #1,variable,2.0,5.0,5.0,3.0,full
high,strict,3400,Lighting - Compact fluorescent lamp (CFL) #2,variable,3.0,4.0,4.0,2.4,full
high,strict,3400,Lighting - Compact fluorescent lamp (CFL) #3,variable,4.0,2.0,2.0,1.2,full
high,strict,3400,Lighting - Compact fluorescent lamp (CFL) #4,variable,5.0,2.0,2.0,0.9,full
high,strict,3400,Lighting - Compact fluorescent lamp (CFL) #5,variable,6.0,4.0,4.0,1.8,full
high,strict,3400,Lighting - Incandescent bulb #2,variable,7.0,2.0,2.0,0.6,full
high,strict,3400,Electric fan #1,variable,8.0,9.0,9.0,43.2,full
high,strict,3400,Electric fan #2,variable,9.0,8.0,8.0,19.2,full
high,strict,3400,Rice cooker,variable,10.0,2.0,2.0,27.0,full
high,strict,3400,Electric flat iron,variable,11.0,2.0,2.0,5.143,full
high,strict,3400,"Washing machine, manual",variable,12.0,3.0,3.0,7.2,full
high,strict,3400,Color TV - CRT screen,variable,13.0,4.0,4.0,13.2,full
high,strict,3400,"Personal computer, LCD monitor",variable,14.0,2.0,2.0,5.786,full
high,strict,3400,"Airconditioner, window type",variable,15.0,0.25,4.0,13.95,reduced
high,strict,3400,Others (miscellaneous),variable,16.0,2.0,2.0,0.12,full
high,strict,3500,"Refrigerator, ordinary",fixed,,24.0,24.0,68.4,always on
high,strict,3500,Lighting - Incandescent bulb #1,variable,1.0,9.0,9.0,6.75,full
high,strict,3500,Lighting - Compact fluorescent lamp (CFL) #1,variable,2.0,5.0,5.0,3.0,full
high,strict,3500,Lighting - Compact fluorescent lamp (CFL) #2,variable,3.0,4.0,4.0,2.4,full
high,strict,3500,Lighting - Compact fluorescent lamp (CFL) #3,variable,4.0,2.0,2.0,1.2,full
high,strict,3500,Lighting - Compact fluorescent lamp (CFL) #4,variable,5.0,2.0,2.0,0.9,full
high,strict,3500,Lighting - Compact fluorescent lamp (CFL) #5,variable,6.0,4.0,4.0,1.8,full
high,strict,3500,Lighting - Incandescent bulb #2,variable,7.0,2.0,2.0,0.6,full
high,strict,3500,Electric fan #1,variable,8.0,9.0,9.0,43.2,full
high,strict,3500,Electric fan #2,variable,9.0,8.0,8.0,19.2,full
high,strict,3500,Rice cooker,variable,10.0,2.0,2.0,27.0,full
high,strict,3500,Electric flat iron,variable,11.0,2.0,2.0,5.143,full
high,strict,3500,"Washing machine, manual",variable,12.0,3.0,3.0,7.2,full
high,strict,3500,Color TV - CRT screen,variable,13.0,4.0,4.0,13.2,full
high,strict,3500,"Personal computer, LCD monitor",variable,14.0,2.0,2.0,5.786,full
high,strict,3500,"Airconditioner, window type",variable,15.0,0.25,4.0,13.95,reduced
high,strict,3500,Others (miscellaneous),variable,16.0,2.0,2.0,0.12,full
high,strict,3600,"Refrigerator, ordinary",fixed,,24.0,24.0,68.4,always on
high,strict,3600,Lighting - Incandescent bulb #1,variable,1.0,9.0,9.0,6.75,full
high,strict,3600,Lighting - Compact fluorescent lamp (CFL) #1,variable,2.0,5.0,5.0,3.0,full
high,strict,3600,Lighting - Compact fluorescent lamp (CFL) #2,variable,3.0,4.0,4.0,2.4,full
high,strict,3600,Lighting - Compact fluorescent lamp (CFL) #3,variable,4.0,2.0,2.0,1.2,full
high,strict,3600,Lighting - Compact fluorescent lamp (CFL) #4,variable,5.0,2.0,2.0,0.9,full
high,strict,3600,Lighting - Compact fluorescent lamp (CFL) #5,variable,6.0,4.0,4.0,1.8,full
high,strict,3600,Lighting - Incandescent bulb #2,variable,7.0,2.0,2.0,0.6,full
high,strict,3600,Electric fan #1,variable,8.0,9.0,9.0,43.2,full
high,strict,3600,Electric fan #2,variable,9.0,8.0,8.0,19.2,full
high,strict,3600,Rice cooker,variable,10.0,2.0,2.0,27.0,full
high,strict,3600,Electric flat iron,variable,11.0,2.0,2.0,5.143,full
high,strict,3600,"Washing machine, manual",variable,12.0,3.0,3.0,7.2,full
high,strict,3600,Color TV - CRT screen,variable,13.0,4.0,4.0,13.2,full
high,strict,3600,"Personal computer, LCD monitor",variable,14.0,2.0,2.0,5.786,full
high,strict,3600,"Airconditioner, window type",variable,15.0,0.5,4.0,27.9,reduced
high,strict,3600,Others (miscellaneous),variable,16.0,2.0,2.0,0.12,full
high,strict,3700,"Refrigerator, ordinary",fixed,,24.0,24.0,68.4,always on
high,strict,3700,Lighting - Incandescent bulb #1,variable,1.0,9.0,9.0,6.75,full
high,strict,3700,Lighting - Compact fluorescent lamp (CFL) #1,variable,2.0,5.0,5.0,3.0,full
high,strict,3700,Lighting - Compact fluorescent lamp (CFL) #2,variable,3.0,4.0,4.0,2.4,full
high,strict,3700,Lighting - Compact fluorescent lamp (CFL) #3,variable,4.0,2.0,2.0,1.2,full
high,strict,3700,Lighting - Compact fluorescent lamp (CFL) #4,variable,5.0,2.0,2.0,0.9,full
high,strict,3700,Lighting - Compact fluorescent lamp (CFL) #5,variable,6.0,4.0,4.0,1.8,full
high,strict,3700,Lighting - Incandescent bulb #2,variable,7.0,2.0,2.0,0.6,full
high,strict,3700,Electric fan #1,variable,8.0,9.0,9.0,43.2,full
high,strict,3700,Electric fan #2,variable,9.0,8.0,8.0,19.2,full
high,strict,3700,Rice cooker,variable,10.0,2.0,2.0,27.0,full
high,strict,3700,Electric flat iron,variable,11.0,2.0,2.0,5.143,full
high,strict,3700,"Washing machine, manual",variable,12.0,3.0,3.0,7.2,full
high,strict,3700,Color TV - CRT screen,variable,13.0,4.0,4.0,13.2,full
high,strict,3700,"Personal computer, LCD monitor",variable,14.0,2.0,2.0,5.786,full
high,strict,3700,"Airconditioner, window type",variable,15.0,0.5,4.0,27.9,reduced
high,strict,3700,Others (miscellaneous),variable,16.0,2.0,2.0,0.12,full
high,strict,3800,"Refrigerator, ordinary",fixed,,24.0,24.0,68.4,always on
high,strict,3800,Lighting - Incandescent bulb #1,variable,1.0,9.0,9.0,6.75,full
high,strict,3800,Lighting - Compact fluorescent lamp (CFL) #1,variable,2.0,5.0,5.0,3.0,full
high,strict,3800,Lighting - Compact fluorescent lamp (CFL) #2,variable,3.0,4.0,4.0,2.4,full
high,strict,3800,Lighting - Compact fluorescent lamp (CFL) #3,variable,4.0,2.0,2.0,1.2,full
high,strict,3800,Lighting - Compact fluorescent lamp (CFL) #4,variable,5.0,2.0,2.0,0.9,full
high,strict,3800,Lighting - Compact fluorescent lamp (CFL) #5,variable,6.0,4.0,4.0,1.8,full
high,strict,3800,Lighting - Incandescent bulb #2,variable,7.0,2.0,2.0,0.6,full
high,strict,3800,Electric fan #1,variable,8.0,9.0,9.0,43.2,full
high,strict,3800,Electric fan #2,variable,9.0,8.0,8.0,19.2,full
high,strict,3800,Rice cooker,variable,10.0,2.0,2.0,27.0,full
high,strict,3800,Electric flat iron,variable,11.0,2.0,2.0,5.143,full
high,strict,3800,"Washing machine, manual",variable,12.0,3.0,3.0,7.2,full
high,strict,3800,Color TV - CRT screen,variable,13.0,4.0,4.0,13.2,full
high,strict,3800,"Personal computer, LCD monitor",variable,14.0,2.0,2.0,5.786,full
high,strict,3800,"Airconditioner, window type",variable,15.0,0.75,4.0,41.85,reduced
high,strict,3800,Others (miscellaneous),variable,16.0,2.0,2.0,0.12,full
high,strict,3900,"Refrigerator, ordinary",fixed,,24.0,24.0,68.4,always on
high,strict,3900,Lighting - Incandescent bulb #1,variable,1.0,9.0,9.0,6.75,full
high,strict,3900,Lighting - Compact fluorescent lamp (CFL) #1,variable,2.0,5.0,5.0,3.0,full
high,strict,3900,Lighting - Compact fluorescent lamp (CFL) #2,variable,3.0,4.0,4.0,2.4,full
high,strict,3900,Lighting - Compact fluorescent lamp (CFL) #3,variable,4.0,2.0,2.0,1.2,full
high,strict,3900,Lighting - Compact fluorescent lamp (CFL) #4,variable,5.0,2.0,2.0,0.9,full
high,strict,3900,Lighting - Compact fluorescent lamp (CFL) #5,variable,6.0,4.0,4.0,1.8,full
high,strict,3900,Lighting - Incandescent bulb #2,variable,7.0,2.0,2.0,0.6,full
high,strict,3900,Electric fan #1,variable,8.0,9.0,9.0,43.2,full
high,strict,3900,Electric fan #2,variable,9.0,8.0,8.0,19.2,full
high,strict,3900,Rice cooker,variable,10.0,2.0,2.0,27.0,full
high,strict,3900,Electric flat iron,variable,11.0,2.0,2.0,5.143,full
high,strict,3900,"Washing machine, manual",variable,12.0,3.0,3.0,7.2,full
high,strict,3900,Color TV - CRT screen,variable,13.0,4.0,4.0,13.2,full
high,strict,3900,"Personal computer, LCD monitor",variable,14.0,2.0,2.0,5.786,full
high,strict,3900,"Airconditioner, window type",variable,15.0,0.75,4.0,41.85,reduced
high,strict,3900,Others (miscellaneous),variable,16.0,2.0,2.0,0.12,full
high,strict,4000,"Refrigerator, ordinary",fixed,,24.0,24.0,68.4,always on
high,strict,4000,Lighting - Incandescent bulb #1,variable,1.0,9.0,9.0,6.75,full
high,strict,4000,Lighting - Compact fluorescent lamp (CFL) #1,variable,2.0,5.0,5.0,3.0,full
high,strict,4000,Lighting - Compact fluorescent lamp (CFL) #2,variable,3.0,4.0,4.0,2.4,full
high,strict,4000,Lighting - Compact fluorescent lamp (CFL) #3,variable,4.0,2.0,2.0,1.2,full
high,strict,4000,Lighting - Compact fluorescent lamp (CFL) #4,variable,5.0,2.0,2.0,0.9,full
high,strict,4000,Lighting - Compact fluorescent lamp (CFL) #5,variable,6.0,4.0,4.0,1.8,full
high,strict,4000,Lighting - Incandescent bulb #2,variable,7.0,2.0,2.0,0.6,full
high,strict,4000,Electric fan #1,variable,8.0,9.0,9.0,43.2,full
high,strict,4000,Electric fan #2,variable,9.0,8.0,8.0,19.2,full
high,strict,4000,Rice cooker,variable,10.0,2.0,2.0,27.0,full
high,strict,4000,Electric flat iron,variable,11.0,2.0,2.0,5.143,full
high,strict,4000,"Washing machine, manual",variable,12.0,3.0,3.0,7.2,full
high,strict,4000,Color TV - CRT screen,variable,13.0,4.0,4.0,13.2,full
high,strict,4000,"Personal computer, LCD monitor",variable,14.0,2.0,2.0,5.786,full
high,strict,4000,"Airconditioner, window type",variable,15.0,1.0,4.0,55.8,reduced
high,strict,4000,Others (miscellaneous),variable,16.0,2.0,2.0,0.12,full
high,strict,4100,"Refrigerator, ordinary",fixed,,24.0,24.0,68.4,always on
high,strict,4100,Lighting - Incandescent bulb #1,variable,1.0,9.0,9.0,6.75,full
high,strict,4100,Lighting - Compact fluorescent lamp (CFL) #1,variable,2.0,5.0,5.0,3.0,full
high,strict,4100,Lighting - Compact fluorescent lamp (CFL) #2,variable,3.0,4.0,4.0,2.4,full
high,strict,4100,Lighting - Compact fluorescent lamp (CFL) #3,variable,4.0,2.0,2.0,1.2,full
high,strict,4100,Lighting - Compact fluorescent lamp (CFL) #4,variable,5.0,2.0,2.0,0.9,full
high,strict,4100,Lighting - Compact fluorescent lamp (CFL) #5,variable,6.0,4.0,4.0,1.8,full
high,strict,4100,Lighting - Incandescent bulb #2,variable,7.0,2.0,2.0,0.6,full
high,strict,4100,Electric fan #1,variable,8.0,9.0,9.0,43.2,full
high,strict,4100,Electric fan #2,variable,9.0,8.0,8.0,19.2,full
high,strict,4100,Rice cooker,variable,10.0,2.0,2.0,27.0,full
high,strict,4100,Electric flat iron,variable,11.0,2.0,2.0,5.143,full
high,strict,4100,"Washing machine, manual",variable,12.0,3.0,3.0,7.2,full
high,strict,4100,Color TV - CRT screen,variable,13.0,4.0,4.0,13.2,full
high,strict,4100,"Personal computer, LCD monitor",variable,14.0,2.0,2.0,5.786,full
high,strict,4100,"Airconditioner, window type",variable,15.0,1.0,4.0,55.8,reduced
high,strict,4100,Others (miscellaneous),variable,16.0,2.0,2.0,0.12,full
high,strict,4200,"Refrigerator, ordinary",fixed,,24.0,24.0,68.4,always on
high,strict,4200,Lighting - Incandescent bulb #1,variable,1.0,9.0,9.0,6.75,full
high,strict,4200,Lighting - Compact fluorescent lamp (CFL) #1,variable,2.0,5.0,5.0,3.0,full
high,strict,4200,Lighting - Compact fluorescent lamp (CFL) #2,variable,3.0,4.0,4.0,2.4,full
high,strict,4200,Lighting - Compact fluorescent lamp (CFL) #3,variable,4.0,2.0,2.0,1.2,full
high,strict,4200,Lighting - Compact fluorescent lamp (CFL) #4,variable,5.0,2.0,2.0,0.9,full
high,strict,4200,Lighting - Compact fluorescent lamp (CFL) #5,variable,6.0,4.0,4.0,1.8,full
high,strict,4200,Lighting - Incandescent bulb #2,variable,7.0,2.0,2.0,0.6,full
high,strict,4200,Electric fan #1,variable,8.0,9.0,9.0,43.2,full
high,strict,4200,Electric fan #2,variable,9.0,8.0,8.0,19.2,full
high,strict,4200,Rice cooker,variable,10.0,2.0,2.0,27.0,full
high,strict,4200,Electric flat iron,variable,11.0,2.0,2.0,5.143,full
high,strict,4200,"Washing machine, manual",variable,12.0,3.0,3.0,7.2,full
high,strict,4200,Color TV - CRT screen,variable,13.0,4.0,4.0,13.2,full
high,strict,4200,"Personal computer, LCD monitor",variable,14.0,2.0,2.0,5.786,full
high,strict,4200,"Airconditioner, window type",variable,15.0,1.25,4.0,69.75,reduced
high,strict,4200,Others (miscellaneous),variable,16.0,2.0,2.0,0.12,full
high,strict,4300,"Refrigerator, ordinary",fixed,,24.0,24.0,68.4,always on
high,strict,4300,Lighting - Incandescent bulb #1,variable,1.0,9.0,9.0,6.75,full
high,strict,4300,Lighting - Compact fluorescent lamp (CFL) #1,variable,2.0,5.0,5.0,3.0,full
high,strict,4300,Lighting - Compact fluorescent lamp (CFL) #2,variable,3.0,4.0,4.0,2.4,full
high,strict,4300,Lighting - Compact fluorescent lamp (CFL) #3,variable,4.0,2.0,2.0,1.2,full
high,strict,4300,Lighting - Compact fluorescent lamp (CFL) #4,variable,5.0,2.0,2.0,0.9,full
high,strict,4300,Lighting - Compact fluorescent lamp (CFL) #5,variable,6.0,4.0,4.0,1.8,full
high,strict,4300,Lighting - Incandescent bulb #2,variable,7.0,2.0,2.0,0.6,full
high,strict,4300,Electric fan #1,variable,8.0,9.0,9.0,43.2,full
high,strict,4300,Electric fan #2,variable,9.0,8.0,8.0,19.2,full
high,strict,4300,Rice cooker,variable,10.0,2.0,2.0,27.0,full
high,strict,4300,Electric flat iron,variable,11.0,2.0,2.0,5.143,full
high,strict,4300,"Washing machine, manual",variable,12.0,3.0,3.0,7.2,full
high,strict,4300,Color TV - CRT screen,variable,13.0,4.0,4.0,13.2,full
high,strict,4300,"Personal computer, LCD monitor",variable,14.0,2.0,2.0,5.786,full
high,strict,4300,"Airconditioner, window type",variable,15.0,1.25,4.0,69.75,reduced
high,strict,4300,Others (miscellaneous),variable,16.0,2.0,2.0,0.12,full
high,strict,4400,"Refrigerator, ordinary",fixed,,24.0,24.0,68.4,always on
high,strict,4400,Lighting - Incandescent bulb #1,variable,1.0,9.0,9.0,6.75,full
high,strict,4400,Lighting - Compact fluorescent lamp (CFL) #1,variable,2.0,5.0,5.0,3.0,full
high,strict,4400,Lighting - Compact fluorescent lamp (CFL) #2,variable,3.0,4.0,4.0,2.4,full
high,strict,4400,Lighting - Compact fluorescent lamp (CFL) #3,variable,4.0,2.0,2.0,1.2,full
high,strict,4400,Lighting - Compact fluorescent lamp (CFL) #4,variable,5.0,2.0,2.0,0.9,full
high,strict,4400,Lighting - Compact fluorescent lamp (CFL) #5,variable,6.0,4.0,4.0,1.8,full
high,strict,4400,Lighting - Incandescent bulb #2,variable,7.0,2.0,2.0,0.6,full
high,strict,4400,Electric fan #1,variable,8.0,9.0,9.0,43.2,full
high,strict,4400,Electric fan #2,variable,9.0,8.0,8.0,19.2,full
high,strict,4400,Rice cooker,variable,10.0,2.0,2.0,27.0,full
high,strict,4400,Electric flat iron,variable,11.0,2.0,2.0,5.143,full
high,strict,4400,"Washing machine, manual",variable,12.0,3.0,3.0,7.2,full
high,strict,4400,Color TV - CRT screen,variable,13.0,4.0,4.0,13.2,full
high,strict,4400,"Personal computer, LCD monitor",variable,14.0,2.0,2.0,5.786,full
high,strict,4400,"Airconditioner, window type",variable,15.0,1.5,4.0,83.7,reduced
high,strict,4400,Others (miscellaneous),variable,16.0,2.0,2.0,0.12,full
high,strict,4500,"Refrigerator, ordinary",fixed,,24.0,24.0,68.4,always on
high,strict,4500,Lighting - Incandescent bulb #1,variable,1.0,9.0,9.0,6.75,full
high,strict,4500,Lighting - Compact fluorescent lamp (CFL) #1,variable,2.0,5.0,5.0,3.0,full
high,strict,4500,Lighting - Compact fluorescent lamp (CFL) #2,variable,3.0,4.0,4.0,2.4,full
high,strict,4500,Lighting - Compact fluorescent lamp (CFL) #3,variable,4.0,2.0,2.0,1.2,full
high,strict,4500,Lighting - Compact fluorescent lamp (CFL) #4,variable,5.0,2.0,2.0,0.9,full
high,strict,4500,Lighting - Compact fluorescent lamp (CFL) #5,variable,6.0,4.0,4.0,1.8,full
high,strict,4500,Lighting - Incandescent bulb #2,variable,7.0,2.0,2.0,0.6,full
high,strict,4500,Electric fan #1,variable,8.0,9.0,9.0,43.2,full
high,strict,4500,Electric fan #2,variable,9.0,8.0,8.0,19.2,full
high,strict,4500,Rice cooker,variable,10.0,2.0,2.0,27.0,full
high,strict,4500,Electric flat iron,variable,11.0,2.0,2.0,5.143,full
high,strict,4500,"Washing machine, manual",variable,12.0,3.0,3.0,7.2,full
high,strict,4500,Color TV - CRT screen,variable,13.0,4.0,4.0,13.2,full
high,strict,4500,"Personal computer, LCD monitor",variable,14.0,2.0,2.0,5.786,full
high,strict,4500,"Airconditioner, window type",variable,15.0,1.5,4.0,83.7,reduced
high,strict,4500,Others (miscellaneous),variable,16.0,2.0,2.0,0.12,full
high,strict,4600,"Refrigerator, ordinary",fixed,,24.0,24.0,68.4,always on
high,strict,4600,Lighting - Incandescent bulb #1,variable,1.0,9.0,9.0,6.75,full
high,strict,4600,Lighting - Compact fluorescent lamp (CFL) #1,variable,2.0,5.0,5.0,3.0,full
high,strict,4600,Lighting - Compact fluorescent lamp (CFL) #2,variable,3.0,4.0,4.0,2.4,full
high,strict,4600,Lighting - Compact fluorescent lamp (CFL) #3,variable,4.0,2.0,2.0,1.2,full
high,strict,4600,Lighting - Compact fluorescent lamp (CFL) #4,variable,5.0,2.0,2.0,0.9,full
high,strict,4600,Lighting - Compact fluorescent lamp (CFL) #5,variable,6.0,4.0,4.0,1.8,full
high,strict,4600,Lighting - Incandescent bulb #2,variable,7.0,2.0,2.0,0.6,full
high,strict,4600,Electric fan #1,variable,8.0,9.0,9.0,43.2,full
high,strict,4600,Electric fan #2,variable,9.0,8.0,8.0,19.2,full
high,strict,4600,Rice cooker,variable,10.0,2.0,2.0,27.0,full
high,strict,4600,Electric flat iron,variable,11.0,2.0,2.0,5.143,full
high,strict,4600,"Washing machine, manual",variable,12.0,3.0,3.0,7.2,full
high,strict,4600,Color TV - CRT screen,variable,13.0,4.0,4.0,13.2,full
high,strict,4600,"Personal computer, LCD monitor",variable,14.0,2.0,2.0,5.786,full
high,strict,4600,"Airconditioner, window type",variable,15.0,1.5,4.0,83.7,reduced
high,strict,4600,Others (miscellaneous),variable,16.0,2.0,2.0,0.12,full
high,strict,4700,"Refrigerator, ordinary",fixed,,24.0,24.0,68.4,always on
high,strict,4700,Lighting - Incandescent bulb #1,variable,1.0,9.0,9.0,6.75,full
high,strict,4700,Lighting - Compact fluorescent lamp (CFL) #1,variable,2.0,5.0,5.0,3.0,full
high,strict,4700,Lighting - Compact fluorescent lamp (CFL) #2,variable,3.0,4.0,4.0,2.4,full
high,strict,4700,Lighting - Compact fluorescent lamp (CFL) #3,variable,4.0,2.0,2.0,1.2,full
high,strict,4700,Lighting - Compact fluorescent lamp (CFL) #4,variable,5.0,2.0,2.0,0.9,full
high,strict,4700,Lighting - Compact fluorescent lamp (CFL) #5,variable,6.0,4.0,4.0,1.8,full
high,strict,4700,Lighting - Incandescent bulb #2,variable,7.0,2.0,2.0,0.6,full
high,strict,4700,Electric fan #1,variable,8.0,9.0,9.0,43.2,full
high,strict,4700,Electric fan #2,variable,9.0,8.0,8.0,19.2,full
high,strict,4700,Rice cooker,variable,10.0,2.0,2.0,27.0,full
high,strict,4700,Electric flat iron,variable,11.0,2.0,2.0,5.143,full
high,strict,4700,"Washing machine, manual",variable,12.0,3.0,3.0,7.2,full
high,strict,4700,Color TV - CRT screen,variable,13.0,4.0,4.0,13.2,full
high,strict,4700,"Personal computer, LCD monitor",variable,14.0,2.0,2.0,5.786,full
high,strict,4700,"Airconditioner, window type",variable,15.0,1.75,4.0,97.65,reduced
high,strict,4700,Others (miscellaneous),variable,16.0,2.0,2.0,0.12,full
high,strict,4800,"Refrigerator, ordinary",fixed,,24.0,24.0,68.4,always on
high,strict,4800,Lighting - Incandescent bulb #1,variable,1.0,9.0,9.0,6.75,full
high,strict,4800,Lighting - Compact fluorescent lamp (CFL) #1,variable,2.0,5.0,5.0,3.0,full
high,strict,4800,Lighting - Compact fluorescent lamp (CFL) #2,variable,3.0,4.0,4.0,2.4,full
high,strict,4800,Lighting - Compact fluorescent lamp (CFL) #3,variable,4.0,2.0,2.0,1.2,full
high,strict,4800,Lighting - Compact fluorescent lamp (CFL) #4,variable,5.0,2.0,2.0,0.9,full
high,strict,4800,Lighting - Compact fluorescent lamp (CFL) #5,variable,6.0,4.0,4.0,1.8,full
high,strict,4800,Lighting - Incandescent bulb #2,variable,7.0,2.0,2.0,0.6,full
high,strict,4800,Electric fan #1,variable,8.0,9.0,9.0,43.2,full
high,strict,4800,Electric fan #2,variable,9.0,8.0,8.0,19.2,full
high,strict,4800,Rice cooker,variable,10.0,2.0,2.0,27.0,full
high,strict,4800,Electric flat iron,variable,11.0,2.0,2.0,5.143,full
high,strict,4800,"Washing machine, manual",variable,12.0,3.0,3.0,7.2,full
high,strict,4800,Color TV - CRT screen,variable,13.0,4.0,4.0,13.2,full
high,strict,4800,"Personal computer, LCD monitor",variable,14.0,2.0,2.0,5.786,full
high,strict,4800,"Airconditioner, window type",variable,15.0,1.75,4.0,97.65,reduced
high,strict,4800,Others (miscellaneous),variable,16.0,2.0,2.0,0.12,full
high,strict,4900,"Refrigerator, ordinary",fixed,,24.0,24.0,68.4,always on
high,strict,4900,Lighting - Incandescent bulb #1,variable,1.0,9.0,9.0,6.75,full
high,strict,4900,Lighting - Compact fluorescent lamp (CFL) #1,variable,2.0,5.0,5.0,3.0,full
high,strict,4900,Lighting - Compact fluorescent lamp (CFL) #2,variable,3.0,4.0,4.0,2.4,full
high,strict,4900,Lighting - Compact fluorescent lamp (CFL) #3,variable,4.0,2.0,2.0,1.2,full
high,strict,4900,Lighting - Compact fluorescent lamp (CFL) #4,variable,5.0,2.0,2.0,0.9,full
high,strict,4900,Lighting - Compact fluorescent lamp (CFL) #5,variable,6.0,4.0,4.0,1.8,full
high,strict,4900,Lighting - Incandescent bulb #2,variable,7.0,2.0,2.0,0.6,full
high,strict,4900,Electric fan #1,variable,8.0,9.0,9.0,43.2,full
high,strict,4900,Electric fan #2,variable,9.0,8.0,8.0,19.2,full
high,strict,4900,Rice cooker,variable,10.0,2.0,2.0,27.0,full
high,strict,4900,Electric flat iron,variable,11.0,2.0,2.0,5.143,full
high,strict,4900,"Washing machine, manual",variable,12.0,3.0,3.0,7.2,full
high,strict,4900,Color TV - CRT screen,variable,13.0,4.0,4.0,13.2,full
high,strict,4900,"Personal computer, LCD monitor",variable,14.0,2.0,2.0,5.786,full
high,strict,4900,"Airconditioner, window type",variable,15.0,2.0,4.0,111.6,reduced
high,strict,4900,Others (miscellaneous),variable,16.0,2.0,2.0,0.12,full
high,strict,5000,"Refrigerator, ordinary",fixed,,24.0,24.0,68.4,always on
high,strict,5000,Lighting - Incandescent bulb #1,variable,1.0,9.0,9.0,6.75,full
high,strict,5000,Lighting - Compact fluorescent lamp (CFL) #1,variable,2.0,5.0,5.0,3.0,full
high,strict,5000,Lighting - Compact fluorescent lamp (CFL) #2,variable,3.0,4.0,4.0,2.4,full
high,strict,5000,Lighting - Compact fluorescent lamp (CFL) #3,variable,4.0,2.0,2.0,1.2,full
high,strict,5000,Lighting - Compact fluorescent lamp (CFL) #4,variable,5.0,2.0,2.0,0.9,full
high,strict,5000,Lighting - Compact fluorescent lamp (CFL) #5,variable,6.0,4.0,4.0,1.8,full
high,strict,5000,Lighting - Incandescent bulb #2,variable,7.0,2.0,2.0,0.6,full
high,strict,5000,Electric fan #1,variable,8.0,9.0,9.0,43.2,full
high,strict,5000,Electric fan #2,variable,9.0,8.0,8.0,19.2,full
high,strict,5000,Rice cooker,variable,10.0,2.0,2.0,27.0,full
high,strict,5000,Electric flat iron,variable,11.0,2.0,2.0,5.143,full
high,strict,5000,"Washing machine, manual",variable,12.0,3.0,3.0,7.2,full
high,strict,5000,Color TV - CRT screen,variable,13.0,4.0,4.0,13.2,full
high,strict,5000,"Personal computer, LCD monitor",variable,14.0,2.0,2.0,5.786,full
high,strict,5000,"Airconditioner, window type",variable,15.0,2.0,4.0,111.6,reduced
high,strict,5000,Others (miscellaneous),variable,16.0,2.0,2.0,0.12,full
high,strict,5100,"Refrigerator, ordinary",fixed,,24.0,24.0,68.4,always on
high,strict,5100,Lighting - Incandescent bulb #1,variable,1.0,9.0,9.0,6.75,full
high,strict,5100,Lighting - Compact fluorescent lamp (CFL) #1,variable,2.0,5.0,5.0,3.0,full
high,strict,5100,Lighting - Compact fluorescent lamp (CFL) #2,variable,3.0,4.0,4.0,2.4,full
high,strict,5100,Lighting - Compact fluorescent lamp (CFL) #3,variable,4.0,2.0,2.0,1.2,full
high,strict,5100,Lighting - Compact fluorescent lamp (CFL) #4,variable,5.0,2.0,2.0,0.9,full
high,strict,5100,Lighting - Compact fluorescent lamp (CFL) #5,variable,6.0,4.0,4.0,1.8,full
high,strict,5100,Lighting - Incandescent bulb #2,variable,7.0,2.0,2.0,0.6,full
high,strict,5100,Electric fan #1,variable,8.0,9.0,9.0,43.2,full
high,strict,5100,Electric fan #2,variable,9.0,8.0,8.0,19.2,full
high,strict,5100,Rice cooker,variable,10.0,2.0,2.0,27.0,full
high,strict,5100,Electric flat iron,variable,11.0,2.0,2.0,5.143,full
high,strict,5100,"Washing machine, manual",variable,12.0,3.0,3.0,7.2,full
high,strict,5100,Color TV - CRT screen,variable,13.0,4.0,4.0,13.2,full
high,strict,5100,"Personal computer, LCD monitor",variable,14.0,2.0,2.0,5.786,full
high,strict,5100,"Airconditioner, window type",variable,15.0,2.25,4.0,125.55,reduced
high,strict,5100,Others (miscellaneous),variable,16.0,2.0,2.0,0.12,full
high,strict,5200,"Refrigerator, ordinary",fixed,,24.0,24.0,68.4,always on
high,strict,5200,Lighting - Incandescent bulb #1,variable,1.0,9.0,9.0,6.75,full
high,strict,5200,Lighting - Compact fluorescent lamp (CFL) #1,variable,2.0,5.0,5.0,3.0,full
high,strict,5200,Lighting - Compact fluorescent lamp (CFL) #2,variable,3.0,4.0,4.0,2.4,full
high,strict,5200,Lighting - Compact fluorescent lamp (CFL) #3,variable,4.0,2.0,2.0,1.2,full
high,strict,5200,Lighting - Compact fluorescent lamp (CFL) #4,variable,5.0,2.0,2.0,0.9,full
high,strict,5200,Lighting - Compact fluorescent lamp (CFL) #5,variable,6.0,4.0,4.0,1.8,full
high,strict,5200,Lighting - Incandescent bulb #2,variable,7.0,2.0,2.0,0.6,full
high,strict,5200,Electric fan #1,variable,8.0,9.0,9.0,43.2,full
high,strict,5200,Electric fan #2,variable,9.0,8.0,8.0,19.2,full
high,strict,5200,Rice cooker,variable,10.0,2.0,2.0,27.0,full
high,strict,5200,Electric flat iron,variable,11.0,2.0,2.0,5.143,full
high,strict,5200,"Washing machine, manual",variable,12.0,3.0,3.0,7.2,full
high,strict,5200,Color TV - CRT screen,variable,13.0,4.0,4.0,13.2,full
high,strict,5200,"Personal computer, LCD monitor",variable,14.0,2.0,2.0,5.786,full
high,strict,5200,"Airconditioner, window type",variable,15.0,2.25,4.0,125.55,reduced
high,strict,5200,Others (miscellaneous),variable,16.0,2.0,2.0,0.12,full
high,strict,5300,"Refrigerator, ordinary",fixed,,24.0,24.0,68.4,always on
high,strict,5300,Lighting - Incandescent bulb #1,variable,1.0,9.0,9.0,6.75,full
high,strict,5300,Lighting - Compact fluorescent lamp (CFL) #1,variable,2.0,5.0,5.0,3.0,full
high,strict,5300,Lighting - Compact fluorescent lamp (CFL) #2,variable,3.0,4.0,4.0,2.4,full
high,strict,5300,Lighting - Compact fluorescent lamp (CFL) #3,variable,4.0,2.0,2.0,1.2,full
high,strict,5300,Lighting - Compact fluorescent lamp (CFL) #4,variable,5.0,2.0,2.0,0.9,full
high,strict,5300,Lighting - Compact fluorescent lamp (CFL) #5,variable,6.0,4.0,4.0,1.8,full
high,strict,5300,Lighting - Incandescent bulb #2,variable,7.0,2.0,2.0,0.6,full
high,strict,5300,Electric fan #1,variable,8.0,9.0,9.0,43.2,full
high,strict,5300,Electric fan #2,variable,9.0,8.0,8.0,19.2,full
high,strict,5300,Rice cooker,variable,10.0,2.0,2.0,27.0,full
high,strict,5300,Electric flat iron,variable,11.0,2.0,2.0,5.143,full
high,strict,5300,"Washing machine, manual",variable,12.0,3.0,3.0,7.2,full
high,strict,5300,Color TV - CRT screen,variable,13.0,4.0,4.0,13.2,full
high,strict,5300,"Personal computer, LCD monitor",variable,14.0,2.0,2.0,5.786,full
high,strict,5300,"Airconditioner, window type",variable,15.0,2.5,4.0,139.5,reduced
high,strict,5300,Others (miscellaneous),variable,16.0,2.0,2.0,0.12,full
high,strict,5400,"Refrigerator, ordinary",fixed,,24.0,24.0,68.4,always on
high,strict,5400,Lighting - Incandescent bulb #1,variable,1.0,9.0,9.0,6.75,full
high,strict,5400,Lighting - Compact fluorescent lamp (CFL) #1,variable,2.0,5.0,5.0,3.0,full
high,strict,5400,Lighting - Compact fluorescent lamp (CFL) #2,variable,3.0,4.0,4.0,2.4,full
high,strict,5400,Lighting - Compact fluorescent lamp (CFL) #3,variable,4.0,2.0,2.0,1.2,full
high,strict,5400,Lighting - Compact fluorescent lamp (CFL) #4,variable,5.0,2.0,2.0,0.9,full
high,strict,5400,Lighting - Compact fluorescent lamp (CFL) #5,variable,6.0,4.0,4.0,1.8,full
high,strict,5400,Lighting - Incandescent bulb #2,variable,7.0,2.0,2.0,0.6,full
high,strict,5400,Electric fan #1,variable,8.0,9.0,9.0,43.2,full
high,strict,5400,Electric fan #2,variable,9.0,8.0,8.0,19.2,full
high,strict,5400,Rice cooker,variable,10.0,2.0,2.0,27.0,full
high,strict,5400,Electric flat iron,variable,11.0,2.0,2.0,5.143,full
high,strict,5400,"Washing machine, manual",variable,12.0,3.0,3.0,7.2,full
high,strict,5400,Color TV - CRT screen,variable,13.0,4.0,4.0,13.2,full
high,strict,5400,"Personal computer, LCD monitor",variable,14.0,2.0,2.0,5.786,full
high,strict,5400,"Airconditioner, window type",variable,15.0,2.5,4.0,139.5,reduced
high,strict,5400,Others (miscellaneous),variable,16.0,2.0,2.0,0.12,full
high,strict,5500,"Refrigerator, ordinary",fixed,,24.0,24.0,68.4,always on
high,strict,5500,Lighting - Incandescent bulb #1,variable,1.0,9.0,9.0,6.75,full
high,strict,5500,Lighting - Compact fluorescent lamp (CFL) #1,variable,2.0,5.0,5.0,3.0,full
high,strict,5500,Lighting - Compact fluorescent lamp (CFL) #2,variable,3.0,4.0,4.0,2.4,full
high,strict,5500,Lighting - Compact fluorescent lamp (CFL) #3,variable,4.0,2.0,2.0,1.2,full
high,strict,5500,Lighting - Compact fluorescent lamp (CFL) #4,variable,5.0,2.0,2.0,0.9,full
high,strict,5500,Lighting - Compact fluorescent lamp (CFL) #5,variable,6.0,4.0,4.0,1.8,full
high,strict,5500,Lighting - Incandescent bulb #2,variable,7.0,2.0,2.0,0.6,full
high,strict,5500,Electric fan #1,variable,8.0,9.0,9.0,43.2,full
high,strict,5500,Electric fan #2,variable,9.0,8.0,8.0,19.2,full
high,strict,5500,Rice cooker,variable,10.0,2.0,2.0,27.0,full
high,strict,5500,Electric flat iron,variable,11.0,2.0,2.0,5.143,full
high,strict,5500,"Washing machine, manual",variable,12.0,3.0,3.0,7.2,full
high,strict,5500,Color TV - CRT screen,variable,13.0,4.0,4.0,13.2,full
high,strict,5500,"Personal computer, LCD monitor",variable,14.0,2.0,2.0,5.786,full
high,strict,5500,"Airconditioner, window type",variable,15.0,2.75,4.0,153.45,reduced
high,strict,5500,Others (miscellaneous),variable,16.0,2.0,2.0,0.12,full
high,strict,5600,"Refrigerator, ordinary",fixed,,24.0,24.0,68.4,always on
high,strict,5600,Lighting - Incandescent bulb #1,variable,1.0,9.0,9.0,6.75,full
high,strict,5600,Lighting - Compact fluorescent lamp (CFL) #1,variable,2.0,5.0,5.0,3.0,full
high,strict,5600,Lighting - Compact fluorescent lamp (CFL) #2,variable,3.0,4.0,4.0,2.4,full
high,strict,5600,Lighting - Compact fluorescent lamp (CFL) #3,variable,4.0,2.0,2.0,1.2,full
high,strict,5600,Lighting - Compact fluorescent lamp (CFL) #4,variable,5.0,2.0,2.0,0.9,full
high,strict,5600,Lighting - Compact fluorescent lamp (CFL) #5,variable,6.0,4.0,4.0,1.8,full
high,strict,5600,Lighting - Incandescent bulb #2,variable,7.0,2.0,2.0,0.6,full
high,strict,5600,Electric fan #1,variable,8.0,9.0,9.0,43.2,full
high,strict,5600,Electric fan #2,variable,9.0,8.0,8.0,19.2,full
high,strict,5600,Rice cooker,variable,10.0,2.0,2.0,27.0,full
high,strict,5600,Electric flat iron,variable,11.0,2.0,2.0,5.143,full
high,strict,5600,"Washing machine, manual",variable,12.0,3.0,3.0,7.2,full
high,strict,5600,Color TV - CRT screen,variable,13.0,4.0,4.0,13.2,full
high,strict,5600,"Personal computer, LCD monitor",variable,14.0,2.0,2.0,5.786,full
high,strict,5600,"Airconditioner, window type",variable,15.0,2.75,4.0,153.45,reduced
high,strict,5600,Others (miscellaneous),variable,16.0,2.0,2.0,0.12,full
high,strict,5700,"Refrigerator, ordinary",fixed,,24.0,24.0,68.4,always on
high,strict,5700,Lighting - Incandescent bulb #1,variable,1.0,9.0,9.0,6.75,full
high,strict,5700,Lighting - Compact fluorescent lamp (CFL) #1,variable,2.0,5.0,5.0,3.0,full
high,strict,5700,Lighting - Compact fluorescent lamp (CFL) #2,variable,3.0,4.0,4.0,2.4,full
high,strict,5700,Lighting - Compact fluorescent lamp (CFL) #3,variable,4.0,2.0,2.0,1.2,full
high,strict,5700,Lighting - Compact fluorescent lamp (CFL) #4,variable,5.0,2.0,2.0,0.9,full
high,strict,5700,Lighting - Compact fluorescent lamp (CFL) #5,variable,6.0,4.0,4.0,1.8,full
high,strict,5700,Lighting - Incandescent bulb #2,variable,7.0,2.0,2.0,0.6,full
high,strict,5700,Electric fan #1,variable,8.0,9.0,9.0,43.2,full
high,strict,5700,Electric fan #2,variable,9.0,8.0,8.0,19.2,full
high,strict,5700,Rice cooker,variable,10.0,2.0,2.0,27.0,full
high,strict,5700,Electric flat iron,variable,11.0,2.0,2.0,5.143,full
high,strict,5700,"Washing machine, manual",variable,12.0,3.0,3.0,7.2,full
high,strict,5700,Color TV - CRT screen,variable,13.0,4.0,4.0,13.2,full
high,strict,5700,"Personal computer, LCD monitor",variable,14.0,2.0,2.0,5.786,full
high,strict,5700,"Airconditioner, window type",variable,15.0,2.75,4.0,153.45,reduced
high,strict,5700,Others (miscellaneous),variable,16.0,2.0,2.0,0.12,full
high,strict,5800,"Refrigerator, ordinary",fixed,,24.0,24.0,68.4,always on
high,strict,5800,Lighting - Incandescent bulb #1,variable,1.0,9.0,9.0,6.75,full
high,strict,5800,Lighting - Compact fluorescent lamp (CFL) #1,variable,2.0,5.0,5.0,3.0,full
high,strict,5800,Lighting - Compact fluorescent lamp (CFL) #2,variable,3.0,4.0,4.0,2.4,full
high,strict,5800,Lighting - Compact fluorescent lamp (CFL) #3,variable,4.0,2.0,2.0,1.2,full
high,strict,5800,Lighting - Compact fluorescent lamp (CFL) #4,variable,5.0,2.0,2.0,0.9,full
high,strict,5800,Lighting - Compact fluorescent lamp (CFL) #5,variable,6.0,4.0,4.0,1.8,full
high,strict,5800,Lighting - Incandescent bulb #2,variable,7.0,2.0,2.0,0.6,full
high,strict,5800,Electric fan #1,variable,8.0,9.0,9.0,43.2,full
high,strict,5800,Electric fan #2,variable,9.0,8.0,8.0,19.2,full
high,strict,5800,Rice cooker,variable,10.0,2.0,2.0,27.0,full
high,strict,5800,Electric flat iron,variable,11.0,2.0,2.0,5.143,full
high,strict,5800,"Washing machine, manual",variable,12.0,3.0,3.0,7.2,full
high,strict,5800,Color TV - CRT screen,variable,13.0,4.0,4.0,13.2,full
high,strict,5800,"Personal computer, LCD monitor",variable,14.0,2.0,2.0,5.786,full
high,strict,5800,"Airconditioner, window type",variable,15.0,3.0,4.0,167.4,reduced
high,strict,5800,Others (miscellaneous),variable,16.0,2.0,2.0,0.12,full
high,strict,5900,"Refrigerator, ordinary",fixed,,24.0,24.0,68.4,always on
high,strict,5900,Lighting - Incandescent bulb #1,variable,1.0,9.0,9.0,6.75,full
high,strict,5900,Lighting - Compact fluorescent lamp (CFL) #1,variable,2.0,5.0,5.0,3.0,full
high,strict,5900,Lighting - Compact fluorescent lamp (CFL) #2,variable,3.0,4.0,4.0,2.4,full
high,strict,5900,Lighting - Compact fluorescent lamp (CFL) #3,variable,4.0,2.0,2.0,1.2,full
high,strict,5900,Lighting - Compact fluorescent lamp (CFL) #4,variable,5.0,2.0,2.0,0.9,full
high,strict,5900,Lighting - Compact fluorescent lamp (CFL) #5,variable,6.0,4.0,4.0,1.8,full
high,strict,5900,Lighting - Incandescent bulb #2,variable,7.0,2.0,2.0,0.6,full
high,strict,5900,Electric fan #1,variable,8.0,9.0,9.0,43.2,full
high,strict,5900,Electric fan #2,variable,9.0,8.0,8.0,19.2,full
high,strict,5900,Rice cooker,variable,10.0,2.0,2.0,27.0,full
high,strict,5900,Electric flat iron,variable,11.0,2.0,2.0,5.143,full
high,strict,5900,"Washing machine, manual",variable,12.0,3.0,3.0,7.2,full
high,strict,5900,Color TV - CRT screen,variable,13.0,4.0,4.0,13.2,full
high,strict,5900,"Personal computer, LCD monitor",variable,14.0,2.0,2.0,5.786,full
high,strict,5900,"Airconditioner, window type",variable,15.0,3.0,4.0,167.4,reduced
high,strict,5900,Others (miscellaneous),variable,16.0,2.0,2.0,0.12,full
high,strict,6000,"Refrigerator, ordinary",fixed,,24.0,24.0,68.4,always on
high,strict,6000,Lighting - Incandescent bulb #1,variable,1.0,9.0,9.0,6.75,full
high,strict,6000,Lighting - Compact fluorescent lamp (CFL) #1,variable,2.0,5.0,5.0,3.0,full
high,strict,6000,Lighting - Compact fluorescent lamp (CFL) #2,variable,3.0,4.0,4.0,2.4,full
high,strict,6000,Lighting - Compact fluorescent lamp (CFL) #3,variable,4.0,2.0,2.0,1.2,full
high,strict,6000,Lighting - Compact fluorescent lamp (CFL) #4,variable,5.0,2.0,2.0,0.9,full
high,strict,6000,Lighting - Compact fluorescent lamp (CFL) #5,variable,6.0,4.0,4.0,1.8,full
high,strict,6000,Lighting - Incandescent bulb #2,variable,7.0,2.0,2.0,0.6,full
high,strict,6000,Electric fan #1,variable,8.0,9.0,9.0,43.2,full
high,strict,6000,Electric fan #2,variable,9.0,8.0,8.0,19.2,full
high,strict,6000,Rice cooker,variable,10.0,2.0,2.0,27.0,full
high,strict,6000,Electric flat iron,variable,11.0,2.0,2.0,5.143,full
high,strict,6000,"Washing machine, manual",variable,12.0,3.0,3.0,7.2,full
high,strict,6000,Color TV - CRT screen,variable,13.0,4.0,4.0,13.2,full
high,strict,6000,"Personal computer, LCD monitor",variable,14.0,2.0,2.0,5.786,full
high,strict,6000,"Airconditioner, window type",variable,15.0,3.25,4.0,181.35,reduced
high,strict,6000,Others (miscellaneous),variable,16.0,2.0,2.0,0.12,full
high,strict,6100,"Refrigerator, ordinary",fixed,,24.0,24.0,68.4,always on
high,strict,6100,Lighting - Incandescent bulb #1,variable,1.0,9.0,9.0,6.75,full
high,strict,6100,Lighting - Compact fluorescent lamp (CFL) #1,variable,2.0,5.0,5.0,3.0,full
high,strict,6100,Lighting - Compact fluorescent lamp (CFL) #2,variable,3.0,4.0,4.0,2.4,full
high,strict,6100,Lighting - Compact fluorescent lamp (CFL) #3,variable,4.0,2.0,2.0,1.2,full
high,strict,6100,Lighting - Compact fluorescent lamp (CFL) #4,variable,5.0,2.0,2.0,0.9,full
high,strict,6100,Lighting - Compact fluorescent lamp (CFL) #5,variable,6.0,4.0,4.0,1.8,full
high,strict,6100,Lighting - Incandescent bulb #2,variable,7.0,2.0,2.0,0.6,full
high,strict,6100,Electric fan #1,variable,8.0,9.0,9.0,43.2,full
high,strict,6100,Electric fan #2,variable,9.0,8.0,8.0,19.2,full
high,strict,6100,Rice cooker,variable,10.0,2.0,2.0,27.0,full
high,strict,6100,Electric flat iron,variable,11.0,2.0,2.0,5.143,full
high,strict,6100,"Washing machine, manual",variable,12.0,3.0,3.0,7.2,full
high,strict,6100,Color TV - CRT screen,variable,13.0,4.0,4.0,13.2,full
high,strict,6100,"Personal computer, LCD monitor",variable,14.0,2.0,2.0,5.786,full
high,strict,6100,"Airconditioner, window type",variable,15.0,3.25,4.0,181.35,reduced
high,strict,6100,Others (miscellaneous),variable,16.0,2.0,2.0,0.12,full
high,strict,6200,"Refrigerator, ordinary",fixed,,24.0,24.0,68.4,always on
high,strict,6200,Lighting - Incandescent bulb #1,variable,1.0,9.0,9.0,6.75,full
high,strict,6200,Lighting - Compact fluorescent lamp (CFL) #1,variable,2.0,5.0,5.0,3.0,full
high,strict,6200,Lighting - Compact fluorescent lamp (CFL) #2,variable,3.0,4.0,4.0,2.4,full
high,strict,6200,Lighting - Compact fluorescent lamp (CFL) #3,variable,4.0,2.0,2.0,1.2,full
high,strict,6200,Lighting - Compact fluorescent lamp (CFL) #4,variable,5.0,2.0,2.0,0.9,full
high,strict,6200,Lighting - Compact fluorescent lamp (CFL) #5,variable,6.0,4.0,4.0,1.8,full
high,strict,6200,Lighting - Incandescent bulb #2,variable,7.0,2.0,2.0,0.6,full
high,strict,6200,Electric fan #1,variable,8.0,9.0,9.0,43.2,full
high,strict,6200,Electric fan #2,variable,9.0,8.0,8.0,19.2,full
high,strict,6200,Rice cooker,variable,10.0,2.0,2.0,27.0,full
high,strict,6200,Electric flat iron,variable,11.0,2.0,2.0,5.143,full
high,strict,6200,"Washing machine, manual",variable,12.0,3.0,3.0,7.2,full
high,strict,6200,Color TV - CRT screen,variable,13.0,4.0,4.0,13.2,full
high,strict,6200,"Personal computer, LCD monitor",variable,14.0,2.0,2.0,5.786,full
high,strict,6200,"Airconditioner, window type",variable,15.0,3.25,4.0,181.35,reduced
high,strict,6200,Others (miscellaneous),variable,16.0,2.0,2.0,0.12,full
high,strict,6300,"Refrigerator, ordinary",fixed,,24.0,24.0,68.4,always on
high,strict,6300,Lighting - Incandescent bulb #1,variable,1.0,9.0,9.0,6.75,full
high,strict,6300,Lighting - Compact fluorescent lamp (CFL) #1,variable,2.0,5.0,5.0,3.0,full
high,strict,6300,Lighting - Compact fluorescent lamp (CFL) #2,variable,3.0,4.0,4.0,2.4,full
high,strict,6300,Lighting - Compact fluorescent lamp (CFL) #3,variable,4.0,2.0,2.0,1.2,full
high,strict,6300,Lighting - Compact fluorescent lamp (CFL) #4,variable,5.0,2.0,2.0,0.9,full
high,strict,6300,Lighting - Compact fluorescent lamp (CFL) #5,variable,6.0,4.0,4.0,1.8,full
high,strict,6300,Lighting - Incandescent bulb #2,variable,7.0,2.0,2.0,0.6,full
high,strict,6300,Electric fan #1,variable,8.0,9.0,9.0,43.2,full
high,strict,6300,Electric fan #2,variable,9.0,8.0,8.0,19.2,full
high,strict,6300,Rice cooker,variable,10.0,2.0,2.0,27.0,full
high,strict,6300,Electric flat iron,variable,11.0,2.0,2.0,5.143,full
high,strict,6300,"Washing machine, manual",variable,12.0,3.0,3.0,7.2,full
high,strict,6300,Color TV - CRT screen,variable,13.0,4.0,4.0,13.2,full
high,strict,6300,"Personal computer, LCD monitor",variable,14.0,2.0,2.0,5.786,full
high,strict,6300,"Airconditioner, window type",variable,15.0,3.25,4.0,181.35,reduced
high,strict,6300,Others (miscellaneous),variable,16.0,2.0,2.0,0.12,full
high,strict,6400,"Refrigerator, ordinary",fixed,,24.0,24.0,68.4,always on
high,strict,6400,Lighting - Incandescent bulb #1,variable,1.0,9.0,9.0,6.75,full
high,strict,6400,Lighting - Compact fluorescent lamp (CFL) #1,variable,2.0,5.0,5.0,3.0,full
high,strict,6400,Lighting - Compact fluorescent lamp (CFL) #2,variable,3.0,4.0,4.0,2.4,full
high,strict,6400,Lighting - Compact fluorescent lamp (CFL) #3,variable,4.0,2.0,2.0,1.2,full
high,strict,6400,Lighting - Compact fluorescent lamp (CFL) #4,variable,5.0,2.0,2.0,0.9,full
high,strict,6400,Lighting - Compact fluorescent lamp (CFL) #5,variable,6.0,4.0,4.0,1.8,full
high,strict,6400,Lighting - Incandescent bulb #2,variable,7.0,2.0,2.0,0.6,full
high,strict,6400,Electric fan #1,variable,8.0,9.0,9.0,43.2,full
high,strict,6400,Electric fan #2,variable,9.0,8.0,8.0,19.2,full
high,strict,6400,Rice cooker,variable,10.0,2.0,2.0,27.0,full
high,strict,6400,Electric flat iron,variable,11.0,2.0,2.0,5.143,full
high,strict,6400,"Washing machine, manual",variable,12.0,3.0,3.0,7.2,full
high,strict,6400,Color TV - CRT screen,variable,13.0,4.0,4.0,13.2,full
high,strict,6400,"Personal computer, LCD monitor",variable,14.0,2.0,2.0,5.786,full
high,strict,6400,"Airconditioner, window type",variable,15.0,3.5,4.0,195.3,reduced
high,strict,6400,Others (miscellaneous),variable,16.0,2.0,2.0,0.12,full
high,strict,6500,"Refrigerator, ordinary",fixed,,24.0,24.0,68.4,always on
high,strict,6500,Lighting - Incandescent bulb #1,variable,1.0,9.0,9.0,6.75,full
high,strict,6500,Lighting - Compact fluorescent lamp (CFL) #1,variable,2.0,5.0,5.0,3.0,full
high,strict,6500,Lighting - Compact fluorescent lamp (CFL) #2,variable,3.0,4.0,4.0,2.4,full
high,strict,6500,Lighting - Compact fluorescent lamp (CFL) #3,variable,4.0,2.0,2.0,1.2,full
high,strict,6500,Lighting - Compact fluorescent lamp (CFL) #4,variable,5.0,2.0,2.0,0.9,full
high,strict,6500,Lighting - Compact fluorescent lamp (CFL) #5,variable,6.0,4.0,4.0,1.8,full
high,strict,6500,Lighting - Incandescent bulb #2,variable,7.0,2.0,2.0,0.6,full
high,strict,6500,Electric fan #1,variable,8.0,9.0,9.0,43.2,full
high,strict,6500,Electric fan #2,variable,9.0,8.0,8.0,19.2,full
high,strict,6500,Rice cooker,variable,10.0,2.0,2.0,27.0,full
high,strict,6500,Electric flat iron,variable,11.0,2.0,2.0,5.143,full
high,strict,6500,"Washing machine, manual",variable,12.0,3.0,3.0,7.2,full
high,strict,6500,Color TV - CRT screen,variable,13.0,4.0,4.0,13.2,full
high,strict,6500,"Personal computer, LCD monitor",variable,14.0,2.0,2.0,5.786,full
high,strict,6500,"Airconditioner, window type",variable,15.0,3.5,4.0,195.3,reduced
high,strict,6500,Others (miscellaneous),variable,16.0,2.0,2.0,0.12,full
high,strict,6600,"Refrigerator, ordinary",fixed,,24.0,24.0,68.4,always on
high,strict,6600,Lighting - Incandescent bulb #1,variable,1.0,9.0,9.0,6.75,full
high,strict,6600,Lighting - Compact fluorescent lamp (CFL) #1,variable,2.0,5.0,5.0,3.0,full
high,strict,6600,Lighting - Compact fluorescent lamp (CFL) #2,variable,3.0,4.0,4.0,2.4,full
high,strict,6600,Lighting - Compact fluorescent lamp (CFL) #3,variable,4.0,2.0,2.0,1.2,full
high,strict,6600,Lighting - Compact fluorescent lamp (CFL) #4,variable,5.0,2.0,2.0,0.9,full
high,strict,6600,Lighting - Compact fluorescent lamp (CFL) #5,variable,6.0,4.0,4.0,1.8,full
high,strict,6600,Lighting - Incandescent bulb #2,variable,7.0,2.0,2.0,0.6,full
high,strict,6600,Electric fan #1,variable,8.0,9.0,9.0,43.2,full
high,strict,6600,Electric fan #2,variable,9.0,8.0,8.0,19.2,full
high,strict,6600,Rice cooker,variable,10.0,2.0,2.0,27.0,full
high,strict,6600,Electric flat iron,variable,11.0,2.0,2.0,5.143,full
high,strict,6600,"Washing machine, manual",variable,12.0,3.0,3.0,7.2,full
high,strict,6600,Color TV - CRT screen,variable,13.0,4.0,4.0,13.2,full
high,strict,6600,"Personal computer, LCD monitor",variable,14.0,2.0,2.0,5.786,full
high,strict,6600,"Airconditioner, window type",variable,15.0,3.75,4.0,209.25,reduced
high,strict,6600,Others (miscellaneous),variable,16.0,2.0,2.0,0.12,full
high,strict,6700,"Refrigerator, ordinary",fixed,,24.0,24.0,68.4,always on
high,strict,6700,Lighting - Incandescent bulb #1,variable,1.0,9.0,9.0,6.75,full
high,strict,6700,Lighting - Compact fluorescent lamp (CFL) #1,variable,2.0,5.0,5.0,3.0,full
high,strict,6700,Lighting - Compact fluorescent lamp (CFL) #2,variable,3.0,4.0,4.0,2.4,full
high,strict,6700,Lighting - Compact fluorescent lamp (CFL) #3,variable,4.0,2.0,2.0,1.2,full
high,strict,6700,Lighting - Compact fluorescent lamp (CFL) #4,variable,5.0,2.0,2.0,0.9,full
high,strict,6700,Lighting - Compact fluorescent lamp (CFL) #5,variable,6.0,4.0,4.0,1.8,full
high,strict,6700,Lighting - Incandescent bulb #2,variable,7.0,2.0,2.0,0.6,full
high,strict,6700,Electric fan #1,variable,8.0,9.0,9.0,43.2,full
high,strict,6700,Electric fan #2,variable,9.0,8.0,8.0,19.2,full
high,strict,6700,Rice cooker,variable,10.0,2.0,2.0,27.0,full
high,strict,6700,Electric flat iron,variable,11.0,2.0,2.0,5.143,full
high,strict,6700,"Washing machine, manual",variable,12.0,3.0,3.0,7.2,full
high,strict,6700,Color TV - CRT screen,variable,13.0,4.0,4.0,13.2,full
high,strict,6700,"Personal computer, LCD monitor",variable,14.0,2.0,2.0,5.786,full
high,strict,6700,"Airconditioner, window type",variable,15.0,3.75,4.0,209.25,reduced
high,strict,6700,Others (miscellaneous),variable,16.0,2.0,2.0,0.12,full
high,strict,6800,"Refrigerator, ordinary",fixed,,24.0,24.0,68.4,always on
high,strict,6800,Lighting - Incandescent bulb #1,variable,1.0,9.0,9.0,6.75,full
high,strict,6800,Lighting - Compact fluorescent lamp (CFL) #1,variable,2.0,5.0,5.0,3.0,full
high,strict,6800,Lighting - Compact fluorescent lamp (CFL) #2,variable,3.0,4.0,4.0,2.4,full
high,strict,6800,Lighting - Compact fluorescent lamp (CFL) #3,variable,4.0,2.0,2.0,1.2,full
high,strict,6800,Lighting - Compact fluorescent lamp (CFL) #4,variable,5.0,2.0,2.0,0.9,full
high,strict,6800,Lighting - Compact fluorescent lamp (CFL) #5,variable,6.0,4.0,4.0,1.8,full
high,strict,6800,Lighting - Incandescent bulb #2,variable,7.0,2.0,2.0,0.6,full
high,strict,6800,Electric fan #1,variable,8.0,9.0,9.0,43.2,full
high,strict,6800,Electric fan #2,variable,9.0,8.0,8.0,19.2,full
high,strict,6800,Rice cooker,variable,10.0,2.0,2.0,27.0,full
high,strict,6800,Electric flat iron,variable,11.0,2.0,2.0,5.143,full
high,strict,6800,"Washing machine, manual",variable,12.0,3.0,3.0,7.2,full
high,strict,6800,Color TV - CRT screen,variable,13.0,4.0,4.0,13.2,full
high,strict,6800,"Personal computer, LCD monitor",variable,14.0,2.0,2.0,5.786,full
high,strict,6800,"Airconditioner, window type",variable,15.0,3.75,4.0,209.25,reduced
high,strict,6800,Others (miscellaneous),variable,16.0,2.0,2.0,0.12,full
high,strict,6900,"Refrigerator, ordinary",fixed,,24.0,24.0,68.4,always on
high,strict,6900,Lighting - Incandescent bulb #1,variable,1.0,9.0,9.0,6.75,full
high,strict,6900,Lighting - Compact fluorescent lamp (CFL) #1,variable,2.0,5.0,5.0,3.0,full
high,strict,6900,Lighting - Compact fluorescent lamp (CFL) #2,variable,3.0,4.0,4.0,2.4,full
high,strict,6900,Lighting - Compact fluorescent lamp (CFL) #3,variable,4.0,2.0,2.0,1.2,full
high,strict,6900,Lighting - Compact fluorescent lamp (CFL) #4,variable,5.0,2.0,2.0,0.9,full
high,strict,6900,Lighting - Compact fluorescent lamp (CFL) #5,variable,6.0,4.0,4.0,1.8,full
high,strict,6900,Lighting - Incandescent bulb #2,variable,7.0,2.0,2.0,0.6,full
high,strict,6900,Electric fan #1,variable,8.0,9.0,9.0,43.2,full
high,strict,6900,Electric fan #2,variable,9.0,8.0,8.0,19.2,full
high,strict,6900,Rice cooker,variable,10.0,2.0,2.0,27.0,full
high,strict,6900,Electric flat iron,variable,11.0,2.0,2.0,5.143,full
high,strict,6900,"Washing machine, manual",variable,12.0,3.0,3.0,7.2,full
high,strict,6900,Color TV - CRT screen,variable,13.0,4.0,4.0,13.2,full
high,strict,6900,"Personal computer, LCD monitor",variable,14.0,2.0,2.0,5.786,full
high,strict,6900,"Airconditioner, window type",variable,15.0,4.0,4.0,223.2,full
high,strict,6900,Others (miscellaneous),variable,16.0,2.0,2.0,0.12,full
high,strict,7000,"Refrigerator, ordinary",fixed,,24.0,24.0,68.4,always on
high,strict,7000,Lighting - Incandescent bulb #1,variable,1.0,9.0,9.0,6.75,full
high,strict,7000,Lighting - Compact fluorescent lamp (CFL) #1,variable,2.0,5.0,5.0,3.0,full
high,strict,7000,Lighting - Compact fluorescent lamp (CFL) #2,variable,3.0,4.0,4.0,2.4,full
high,strict,7000,Lighting - Compact fluorescent lamp (CFL) #3,variable,4.0,2.0,2.0,1.2,full
high,strict,7000,Lighting - Compact fluorescent lamp (CFL) #4,variable,5.0,2.0,2.0,0.9,full
high,strict,7000,Lighting - Compact fluorescent lamp (CFL) #5,variable,6.0,4.0,4.0,1.8,full
high,strict,7000,Lighting - Incandescent bulb #2,variable,7.0,2.0,2.0,0.6,full
high,strict,7000,Electric fan #1,variable,8.0,9.0,9.0,43.2,full
high,strict,7000,Electric fan #2,variable,9.0,8.0,8.0,19.2,full
high,strict,7000,Rice cooker,variable,10.0,2.0,2.0,27.0,full
high,strict,7000,Electric flat iron,variable,11.0,2.0,2.0,5.143,full
high,strict,7000,"Washing machine, manual",variable,12.0,3.0,3.0,7.2,full
high,strict,7000,Color TV - CRT screen,variable,13.0,4.0,4.0,13.2,full
high,strict,7000,"Personal computer, LCD monitor",variable,14.0,2.0,2.0,5.786,full
high,strict,7000,"Airconditioner, window type",variable,15.0,4.0,4.0,223.2,full
high,strict,7000,Others (miscellaneous),variable,16.0,2.0,2.0,0.12,full
high,strict,7100,"Refrigerator, ordinary",fixed,,24.0,24.0,68.4,always on
high,strict,7100,Lighting - Incandescent bulb #1,variable,1.0,9.0,9.0,6.75,full
high,strict,7100,Lighting - Compact fluorescent lamp (CFL) #1,variable,2.0,5.0,5.0,3.0,full
high,strict,7100,Lighting - Compact fluorescent lamp (CFL) #2,variable,3.0,4.0,4.0,2.4,full
high,strict,7100,Lighting - Compact fluorescent lamp (CFL) #3,variable,4.0,2.0,2.0,1.2,full
high,strict,7100,Lighting - Compact fluorescent lamp (CFL) #4,variable,5.0,2.0,2.0,0.9,full
high,strict,7100,Lighting - Compact fluorescent lamp (CFL) #5,variable,6.0,4.0,4.0,1.8,full
high,strict,7100,Lighting - Incandescent bulb #2,variable,7.0,2.0,2.0,0.6,full
high,strict,7100,Electric fan #1,variable,8.0,9.0,9.0,43.2,full
high,strict,7100,Electric fan #2,variable,9.0,8.0,8.0,19.2,full
high,strict,7100,Rice cooker,variable,10.0,2.0,2.0,27.0,full
high,strict,7100,Electric flat iron,variable,11.0,2.0,2.0,5.143,full
high,strict,7100,"Washing machine, manual",variable,12.0,3.0,3.0,7.2,full
high,strict,7100,Color TV - CRT screen,variable,13.0,4.0,4.0,13.2,full
high,strict,7100,"Personal computer, LCD monitor",variable,14.0,2.0,2.0,5.786,full
high,strict,7100,"Airconditioner, window type",variable,15.0,4.0,4.0,223.2,full
high,strict,7100,Others (miscellaneous),variable,16.0,2.0,2.0,0.12,full
high,strict,7200,"Refrigerator, ordinary",fixed,,24.0,24.0,68.4,always on
high,strict,7200,Lighting - Incandescent bulb #1,variable,1.0,9.0,9.0,6.75,full
high,strict,7200,Lighting - Compact fluorescent lamp (CFL) #1,variable,2.0,5.0,5.0,3.0,full
high,strict,7200,Lighting - Compact fluorescent lamp (CFL) #2,variable,3.0,4.0,4.0,2.4,full
high,strict,7200,Lighting - Compact fluorescent lamp (CFL) #3,variable,4.0,2.0,2.0,1.2,full
high,strict,7200,Lighting - Compact fluorescent lamp (CFL) #4,variable,5.0,2.0,2.0,0.9,full
high,strict,7200,Lighting - Compact fluorescent lamp (CFL) #5,variable,6.0,4.0,4.0,1.8,full
high,strict,7200,Lighting - Incandescent bulb #2,variable,7.0,2.0,2.0,0.6,full
high,strict,7200,Electric fan #1,variable,8.0,9.0,9.0,43.2,full
high,strict,7200,Electric fan #2,variable,9.0,8.0,8.0,19.2,full
high,strict,7200,Rice cooker,variable,10.0,2.0,2.0,27.0,full
high,strict,7200,Electric flat iron,variable,11.0,2.0,2.0,5.143,full
high,strict,7200,"Washing machine, manual",variable,12.0,3.0,3.0,7.2,full
high,strict,7200,Color TV - CRT screen,variable,13.0,4.0,4.0,13.2,full
high,strict,7200,"Personal computer, LCD monitor",variable,14.0,2.0,2.0,5.786,full
high,strict,7200,"Airconditioner, window type",variable,15.0,4.0,4.0,223.2,full
high,strict,7200,Others (miscellaneous),variable,16.0,2.0,2.0,0.12,full
high,strict,7300,"Refrigerator, ordinary",fixed,,24.0,24.0,68.4,always on
high,strict,7300,Lighting - Incandescent bulb #1,variable,1.0,9.0,9.0,6.75,full
high,strict,7300,Lighting - Compact fluorescent lamp (CFL) #1,variable,2.0,5.0,5.0,3.0,full
high,strict,7300,Lighting - Compact fluorescent lamp (CFL) #2,variable,3.0,4.0,4.0,2.4,full
high,strict,7300,Lighting - Compact fluorescent lamp (CFL) #3,variable,4.0,2.0,2.0,1.2,full
high,strict,7300,Lighting - Compact fluorescent lamp (CFL) #4,variable,5.0,2.0,2.0,0.9,full
high,strict,7300,Lighting - Compact fluorescent lamp (CFL) #5,variable,6.0,4.0,4.0,1.8,full
high,strict,7300,Lighting - Incandescent bulb #2,variable,7.0,2.0,2.0,0.6,full
high,strict,7300,Electric fan #1,variable,8.0,9.0,9.0,43.2,full
high,strict,7300,Electric fan #2,variable,9.0,8.0,8.0,19.2,full
high,strict,7300,Rice cooker,variable,10.0,2.0,2.0,27.0,full
high,strict,7300,Electric flat iron,variable,11.0,2.0,2.0,5.143,full
high,strict,7300,"Washing machine, manual",variable,12.0,3.0,3.0,7.2,full
high,strict,7300,Color TV - CRT screen,variable,13.0,4.0,4.0,13.2,full
high,strict,7300,"Personal computer, LCD monitor",variable,14.0,2.0,2.0,5.786,full
high,strict,7300,"Airconditioner, window type",variable,15.0,4.0,4.0,223.2,full
high,strict,7300,Others (miscellaneous),variable,16.0,2.0,2.0,0.12,full
high,strict,7400,"Refrigerator, ordinary",fixed,,24.0,24.0,68.4,always on
high,strict,7400,Lighting - Incandescent bulb #1,variable,1.0,9.0,9.0,6.75,full
high,strict,7400,Lighting - Compact fluorescent lamp (CFL) #1,variable,2.0,5.0,5.0,3.0,full
high,strict,7400,Lighting - Compact fluorescent lamp (CFL) #2,variable,3.0,4.0,4.0,2.4,full
high,strict,7400,Lighting - Compact fluorescent lamp (CFL) #3,variable,4.0,2.0,2.0,1.2,full
high,strict,7400,Lighting - Compact fluorescent lamp (CFL) #4,variable,5.0,2.0,2.0,0.9,full
high,strict,7400,Lighting - Compact fluorescent lamp (CFL) #5,variable,6.0,4.0,4.0,1.8,full
high,strict,7400,Lighting - Incandescent bulb #2,variable,7.0,2.0,2.0,0.6,full
high,strict,7400,Electric fan #1,variable,8.0,9.0,9.0,43.2,full
high,strict,7400,Electric fan #2,variable,9.0,8.0,8.0,19.2,full
high,strict,7400,Rice cooker,variable,10.0,2.0,2.0,27.0,full
high,strict,7400,Electric flat iron,variable,11.0,2.0,2.0,5.143,full
high,strict,7400,"Washing machine, manual",variable,12.0,3.0,3.0,7.2,full
high,strict,7400,Color TV - CRT screen,variable,13.0,4.0,4.0,13.2,full
high,strict,7400,"Personal computer, LCD monitor",variable,14.0,2.0,2.0,5.786,full
high,strict,7400,"Airconditioner, window type",variable,15.0,4.0,4.0,223.2,full
high,strict,7400,Others (miscellaneous),variable,16.0,2.0,2.0,0.12,full
high,strict,7500,"Refrigerator, ordinary",fixed,,24.0,24.0,68.4,always on
high,strict,7500,Lighting - Incandescent bulb #1,variable,1.0,9.0,9.0,6.75,full
high,strict,7500,Lighting - Compact fluorescent lamp (CFL) #1,variable,2.0,5.0,5.0,3.0,full
high,strict,7500,Lighting - Compact fluorescent lamp (CFL) #2,variable,3.0,4.0,4.0,2.4,full
high,strict,7500,Lighting - Compact fluorescent lamp (CFL) #3,variable,4.0,2.0,2.0,1.2,full
high,strict,7500,Lighting - Compact fluorescent lamp (CFL) #4,variable,5.0,2.0,2.0,0.9,full
high,strict,7500,Lighting - Compact fluorescent lamp (CFL) #5,variable,6.0,4.0,4.0,1.8,full
high,strict,7500,Lighting - Incandescent bulb #2,variable,7.0,2.0,2.0,0.6,full
high,strict,7500,Electric fan #1,variable,8.0,9.0,9.0,43.2,full
high,strict,7500,Electric fan #2,variable,9.0,8.0,8.0,19.2,full
high,strict,7500,Rice cooker,variable,10.0,2.0,2.0,27.0,full
high,strict,7500,Electric flat iron,variable,11.0,2.0,2.0,5.143,full
high,strict,7500,"Washing machine, manual",variable,12.0,3.0,3.0,7.2,full
high,strict,7500,Color TV - CRT screen,variable,13.0,4.0,4.0,13.2,full
high,strict,7500,"Personal computer, LCD monitor",variable,14.0,2.0,2.0,5.786,full
high,strict,7500,"Airconditioner, window type",variable,15.0,4.0,4.0,223.2,full
high,strict,7500,Others (miscellaneous),variable,16.0,2.0,2.0,0.12,full
high,strict,7600,"Refrigerator, ordinary",fixed,,24.0,24.0,68.4,always on
high,strict,7600,Lighting - Incandescent bulb #1,variable,1.0,9.0,9.0,6.75,full
high,strict,7600,Lighting - Compact fluorescent lamp (CFL) #1,variable,2.0,5.0,5.0,3.0,full
high,strict,7600,Lighting - Compact fluorescent lamp (CFL) #2,variable,3.0,4.0,4.0,2.4,full
high,strict,7600,Lighting - Compact fluorescent lamp (CFL) #3,variable,4.0,2.0,2.0,1.2,full
high,strict,7600,Lighting - Compact fluorescent lamp (CFL) #4,variable,5.0,2.0,2.0,0.9,full
high,strict,7600,Lighting - Compact fluorescent lamp (CFL) #5,variable,6.0,4.0,4.0,1.8,full
high,strict,7600,Lighting - Incandescent bulb #2,variable,7.0,2.0,2.0,0.6,full
high,strict,7600,Electric fan #1,variable,8.0,9.0,9.0,43.2,full
high,strict,7600,Electric fan #2,variable,9.0,8.0,8.0,19.2,full
high,strict,7600,Rice cooker,variable,10.0,2.0,2.0,27.0,full
high,strict,7600,Electric flat iron,variable,11.0,2.0,2.0,5.143,full
high,strict,7600,"Washing machine, manual",variable,12.0,3.0,3.0,7.2,full
high,strict,7600,Color TV - CRT screen,variable,13.0,4.0,4.0,13.2,full
high,strict,7600,"Personal computer, LCD monitor",variable,14.0,2.0,2.0,5.786,full
high,strict,7600,"Airconditioner, window type",variable,15.0,4.0,4.0,223.2,full
high,strict,7600,Others (miscellaneous),variable,16.0,2.0,2.0,0.12,full
high,strict,7700,"Refrigerator, ordinary",fixed,,24.0,24.0,68.4,always on
high,strict,7700,Lighting - Incandescent bulb #1,variable,1.0,9.0,9.0,6.75,full
high,strict,7700,Lighting - Compact fluorescent lamp (CFL) #1,variable,2.0,5.0,5.0,3.0,full
high,strict,7700,Lighting - Compact fluorescent lamp (CFL) #2,variable,3.0,4.0,4.0,2.4,full
high,strict,7700,Lighting - Compact fluorescent lamp (CFL) #3,variable,4.0,2.0,2.0,1.2,full
high,strict,7700,Lighting - Compact fluorescent lamp (CFL) #4,variable,5.0,2.0,2.0,0.9,full
high,strict,7700,Lighting - Compact fluorescent lamp (CFL) #5,variable,6.0,4.0,4.0,1.8,full
high,strict,7700,Lighting - Incandescent bulb #2,variable,7.0,2.0,2.0,0.6,full
high,strict,7700,Electric fan #1,variable,8.0,9.0,9.0,43.2,full
high,strict,7700,Electric fan #2,variable,9.0,8.0,8.0,19.2,full
high,strict,7700,Rice cooker,variable,10.0,2.0,2.0,27.0,full
high,strict,7700,Electric flat iron,variable,11.0,2.0,2.0,5.143,full
high,strict,7700,"Washing machine, manual",variable,12.0,3.0,3.0,7.2,full
high,strict,7700,Color TV - CRT screen,variable,13.0,4.0,4.0,13.2,full
high,strict,7700,"Personal computer, LCD monitor",variable,14.0,2.0,2.0,5.786,full
high,strict,7700,"Airconditioner, window type",variable,15.0,4.0,4.0,223.2,full
high,strict,7700,Others (miscellaneous),variable,16.0,2.0,2.0,0.12,full
high,strict,7800,"Refrigerator, ordinary",fixed,,24.0,24.0,68.4,always on
high,strict,7800,Lighting - Incandescent bulb #1,variable,1.0,9.0,9.0,6.75,full
high,strict,7800,Lighting - Compact fluorescent lamp (CFL) #1,variable,2.0,5.0,5.0,3.0,full
high,strict,7800,Lighting - Compact fluorescent lamp (CFL) #2,variable,3.0,4.0,4.0,2.4,full
high,strict,7800,Lighting - Compact fluorescent lamp (CFL) #3,variable,4.0,2.0,2.0,1.2,full
high,strict,7800,Lighting - Compact fluorescent lamp (CFL) #4,variable,5.0,2.0,2.0,0.9,full
high,strict,7800,Lighting - Compact fluorescent lamp (CFL) #5,variable,6.0,4.0,4.0,1.8,full
high,strict,7800,Lighting - Incandescent bulb #2,variable,7.0,2.0,2.0,0.6,full
high,strict,7800,Electric fan #1,variable,8.0,9.0,9.0,43.2,full
high,strict,7800,Electric fan #2,variable,9.0,8.0,8.0,19.2,full
high,strict,7800,Rice cooker,variable,10.0,2.0,2.0,27.0,full
high,strict,7800,Electric flat iron,variable,11.0,2.0,2.0,5.143,full
high,strict,7800,"Washing machine, manual",variable,12.0,3.0,3.0,7.2,full
high,strict,7800,Color TV - CRT screen,variable,13.0,4.0,4.0,13.2,full
high,strict,7800,"Personal computer, LCD monitor",variable,14.0,2.0,2.0,5.786,full
high,strict,7800,"Airconditioner, window type",variable,15.0,4.0,4.0,223.2,full
high,strict,7800,Others (miscellaneous),variable,16.0,2.0,2.0,0.12,full
high,strict,7900,"Refrigerator, ordinary",fixed,,24.0,24.0,68.4,always on
high,strict,7900,Lighting - Incandescent bulb #1,variable,1.0,9.0,9.0,6.75,full
high,strict,7900,Lighting - Compact fluorescent lamp (CFL) #1,variable,2.0,5.0,5.0,3.0,full
high,strict,7900,Lighting - Compact fluorescent lamp (CFL) #2,variable,3.0,4.0,4.0,2.4,full
high,strict,7900,Lighting - Compact fluorescent lamp (CFL) #3,variable,4.0,2.0,2.0,1.2,full
high,strict,7900,Lighting - Compact fluorescent lamp (CFL) #4,variable,5.0,2.0,2.0,0.9,full
high,strict,7900,Lighting - Compact fluorescent lamp (CFL) #5,variable,6.0,4.0,4.0,1.8,full
high,strict,7900,Lighting - Incandescent bulb #2,variable,7.0,2.0,2.0,0.6,full
high,strict,7900,Electric fan #1,variable,8.0,9.0,9.0,43.2,full
high,strict,7900,Electric fan #2,variable,9.0,8.0,8.0,19.2,full
high,strict,7900,Rice cooker,variable,10.0,2.0,2.0,27.0,full
high,strict,7900,Electric flat iron,variable,11.0,2.0,2.0,5.143,full
high,strict,7900,"Washing machine, manual",variable,12.0,3.0,3.0,7.2,full
high,strict,7900,Color TV - CRT screen,variable,13.0,4.0,4.0,13.2,full
high,strict,7900,"Personal computer, LCD monitor",variable,14.0,2.0,2.0,5.786,full
high,strict,7900,"Airconditioner, window type",variable,15.0,4.0,4.0,223.2,full
high,strict,7900,Others (miscellaneous),variable,16.0,2.0,2.0,0.12,full
high,strict,8000,"Refrigerator, ordinary",fixed,,24.0,24.0,68.4,always on
high,strict,8000,Lighting - Incandescent bulb #1,variable,1.0,9.0,9.0,6.75,full
high,strict,8000,Lighting - Compact fluorescent lamp (CFL) #1,variable,2.0,5.0,5.0,3.0,full
high,strict,8000,Lighting - Compact fluorescent lamp (CFL) #2,variable,3.0,4.0,4.0,2.4,full
high,strict,8000,Lighting - Compact fluorescent lamp (CFL) #3,variable,4.0,2.0,2.0,1.2,full
high,strict,8000,Lighting - Compact fluorescent lamp (CFL) #4,variable,5.0,2.0,2.0,0.9,full
high,strict,8000,Lighting - Compact fluorescent lamp (CFL) #5,variable,6.0,4.0,4.0,1.8,full
high,strict,8000,Lighting - Incandescent bulb #2,variable,7.0,2.0,2.0,0.6,full
high,strict,8000,Electric fan #1,variable,8.0,9.0,9.0,43.2,full
high,strict,8000,Electric fan #2,variable,9.0,8.0,8.0,19.2,full
high,strict,8000,Rice cooker,variable,10.0,2.0,2.0,27.0,full
high,strict,8000,Electric flat iron,variable,11.0,2.0,2.0,5.143,full
high,strict,8000,"Washing machine, manual",variable,12.0,3.0,3.0,7.2,full
high,strict,8000,Color TV - CRT screen,variable,13.0,4.0,4.0,13.2,full
high,strict,8000,"Personal computer, LCD monitor",variable,14.0,2.0,2.0,5.786,full
high,strict,8000,"Airconditioner, window type",variable,15.0,4.0,4.0,223.2,full
high,strict,8000,Others (miscellaneous),variable,16.0,2.0,2.0,0.12,full
high,weighted,1100,"Refrigerator, ordinary",fixed,,24.0,24.0,68.4,always on
high,weighted,1100,Lighting - Incandescent bulb #1,variable,1.0,2.0,9.0,1.5,minimum only
high,weighted,1100,Lighting - Compact fluorescent lamp (CFL) #1,variable,2.0,2.0,5.0,1.2,minimum only
high,weighted,1100,Lighting - Compact fluorescent lamp (CFL) #2,variable,3.0,2.0,4.0,1.2,minimum only
high,weighted,1100,Lighting - Compact fluorescent lamp (CFL) #3,variable,4.0,2.0,2.0,1.2,full
high,weighted,1100,Lighting - Compact fluorescent lamp (CFL) #4,variable,5.0,0.75,2.0,0.337,below minimum
high,weighted,1100,Lighting - Compact fluorescent lamp (CFL) #5,variable,6.0,0.0,4.0,0.0,OFF (sacrificed)
high,weighted,1100,Lighting - Incandescent bulb #2,variable,7.0,0.0,2.0,0.0,OFF (sacrificed)
high,weighted,1100,Electric fan #1,variable,8.0,0.0,9.0,0.0,OFF (sacrificed)
high,weighted,1100,Electric fan #2,variable,9.0,0.0,8.0,0.0,OFF (sacrificed)
high,weighted,1100,Rice cooker,variable,10.0,0.0,2.0,0.0,OFF (sacrificed)
high,weighted,1100,Electric flat iron,variable,11.0,0.0,2.0,0.0,OFF (sacrificed)
high,weighted,1100,"Washing machine, manual",variable,12.0,0.0,3.0,0.0,OFF (sacrificed)
high,weighted,1100,Color TV - CRT screen,variable,13.0,0.0,4.0,0.0,OFF (sacrificed)
high,weighted,1100,"Personal computer, LCD monitor",variable,14.0,0.0,2.0,0.0,OFF (sacrificed)
high,weighted,1100,"Airconditioner, window type",variable,15.0,0.0,4.0,0.0,OFF (sacrificed)
high,weighted,1100,Others (miscellaneous),variable,16.0,1.0,2.0,0.06,reduced
high,weighted,1200,"Refrigerator, ordinary",fixed,,24.0,24.0,68.4,always on
high,weighted,1200,Lighting - Incandescent bulb #1,variable,1.0,3.0,9.0,2.25,reduced
high,weighted,1200,Lighting - Compact fluorescent lamp (CFL) #1,variable,2.0,5.0,5.0,3.0,full
high,weighted,1200,Lighting - Compact fluorescent lamp (CFL) #2,variable,3.0,4.0,4.0,2.4,full
high,weighted,1200,Lighting - Compact fluorescent lamp (CFL) #3,variable,4.0,2.0,2.0,1.2,full
high,weighted,1200,Lighting - Compact fluorescent lamp (CFL) #4,variable,5.0,2.0,2.0,0.9,full
high,weighted,1200,Lighting - Compact fluorescent lamp (CFL) #5,variable,6.0,4.0,4.0,1.8,full
high,weighted,1200,Lighting - Incandescent bulb #2,variable,7.0,2.0,2.0,0.6,full
high,weighted,1200,Electric fan #1,variable,8.0,0.0,9.0,0.0,OFF (sacrificed)
high,weighted,1200,Electric fan #2,variable,9.0,0.0,8.0,0.0,OFF (sacrificed)
high,weighted,1200,Rice cooker,variable,10.0,0.0,2.0,0.0,OFF (sacrificed)
high,weighted,1200,Electric flat iron,variable,11.0,0.0,2.0,0.0,OFF (sacrificed)
high,weighted,1200,"Washing machine, manual",variable,12.0,0.0,3.0,0.0,OFF (sacrificed)
high,weighted,1200,Color TV - CRT screen,variable,13.0,0.0,4.0,0.0,OFF (sacrificed)
high,weighted,1200,"Personal computer, LCD monitor",variable,14.0,0.0,2.0,0.0,OFF (sacrificed)
high,weighted,1200,"Airconditioner, window type",variable,15.0,0.0,4.0,0.0,OFF (sacrificed)
high,weighted,1200,Others (miscellaneous),variable,16.0,2.0,2.0,0.12,full
high,weighted,1300,"Refrigerator, ordinary",fixed,,24.0,24.0,68.4,always on
high,weighted,1300,Lighting - Incandescent bulb #1,variable,1.0,9.0,9.0,6.75,full
high,weighted,1300,Lighting - Compact fluorescent lamp (CFL) #1,variable,2.0,5.0,5.0,3.0,full
high,weighted,1300,Lighting - Compact fluorescent lamp (CFL) #2,variable,3.0,4.0,4.0,2.4,full
high,weighted,1300,Lighting - Compact fluorescent lamp (CFL) #3,variable,4.0,2.0,2.0,1.2,full
high,weighted,1300,Lighting - Compact fluorescent lamp (CFL) #4,variable,5.0,2.0,2.0,0.9,full
high,weighted,1300,Lighting - Compact fluorescent lamp (CFL) #5,variable,6.0,4.0,4.0,1.8,full
high,weighted,1300,Lighting - Incandescent bulb #2,variable,7.0,2.0,2.0,0.6,full
high,weighted,1300,Electric fan #1,variable,8.0,0.0,9.0,0.0,OFF (sacrificed)
high,weighted,1300,Electric fan #2,variable,9.0,0.0,8.0,0.0,OFF (sacrificed)
high,weighted,1300,Rice cooker,variable,10.0,0.0,2.0,0.0,OFF (sacrificed)
high,weighted,1300,Electric flat iron,variable,11.0,0.75,2.0,1.929,reduced
high,weighted,1300,"Washing machine, manual",variable,12.0,0.0,3.0,0.0,OFF (sacrificed)
high,weighted,1300,Color TV - CRT screen,variable,13.0,0.0,4.0,0.0,OFF (sacrificed)
high,weighted,1300,"Personal computer, LCD monitor",variable,14.0,0.0,2.0,0.0,OFF (sacrificed)
high,weighted,1300,"Airconditioner, window type",variable,15.0,0.0,4.0,0.0,OFF (sacrificed)
high,weighted,1300,Others (miscellaneous),variable,16.0,2.0,2.0,0.12,full
high,weighted,1400,"Refrigerator, ordinary",fixed,,24.0,24.0,68.4,always on
high,weighted,1400,Lighting - Incandescent bulb #1,variable,1.0,9.0,9.0,6.75,full
high,weighted,1400,Lighting - Compact fluorescent lamp (CFL) #1,variable,2.0,5.0,5.0,3.0,full
high,weighted,1400,Lighting - Compact fluorescent lamp (CFL) #2,variable,3.0,4.0,4.0,2.4,full
high,weighted,1400,Lighting - Compact fluorescent lamp (CFL) #3,variable,4.0,2.0,2.0,1.2,full
high,weighted,1400,Lighting - Compact fluorescent lamp (CFL) #4,variable,5.0,2.0,2.0,0.9,full
high,weighted,1400,Lighting - Compact fluorescent lamp (CFL) #5,variable,6.0,4.0,4.0,1.8,full
high,weighted,1400,Lighting - Incandescent bulb #2,variable,7.0,2.0,2.0,0.6,full
high,weighted,1400,Electric fan #1,variable,8.0,0.0,9.0,0.0,OFF (sacrificed)
high,weighted,1400,Electric fan #2,variable,9.0,0.0,8.0,0.0,OFF (sacrificed)
high,weighted,1400,Rice cooker,variable,10.0,0.0,2.0,0.0,OFF (sacrificed)
high,weighted,1400,Electric flat iron,variable,11.0,2.0,2.0,5.143,full
high,weighted,1400,"Washing machine, manual",variable,12.0,1.75,3.0,4.2,reduced
high,weighted,1400,Color TV - CRT screen,variable,13.0,0.0,4.0,0.0,OFF (sacrificed)
high,weighted,1400,"Personal computer, LCD monitor",variable,14.0,0.0,2.0,0.0,OFF (sacrificed)
high,weighted,1400,"Airconditioner, window type",variable,15.0,0.0,4.0,0.0,OFF (sacrificed)
high,weighted,1400,Others (miscellaneous),variable,16.0,2.0,2.0,0.12,full
high,weighted,1500,"Refrigerator, ordinary",fixed,,24.0,24.0,68.4,always on
high,weighted,1500,Lighting - Incandescent bulb #1,variable,1.0,9.0,9.0,6.75,full
high,weighted,1500,Lighting - Compact fluorescent lamp (CFL) #1,variable,2.0,5.0,5.0,3.0,full
high,weighted,1500,Lighting - Compact fluorescent lamp (CFL) #2,variable,3.0,4.0,4.0,2.4,full
high,weighted,1500,Lighting - Compact fluorescent lamp (CFL) #3,variable,4.0,2.0,2.0,1.2,full
high,weighted,1500,Lighting - Compact fluorescent lamp (CFL) #4,variable,5.0,2.0,2.0,0.9,full
high,weighted,1500,Lighting - Compact fluorescent lamp (CFL) #5,variable,6.0,4.0,4.0,1.8,full
high,weighted,1500,Lighting - Incandescent bulb #2,variable,7.0,2.0,2.0,0.6,full
high,weighted,1500,Electric fan #1,variable,8.0,0.0,9.0,0.0,OFF (sacrificed)
high,weighted,1500,Electric fan #2,variable,9.0,0.0,8.0,0.0,OFF (sacrificed)
high,weighted,1500,Rice cooker,variable,10.0,0.0,2.0,0.0,OFF (sacrificed)
high,weighted,1500,Electric flat iron,variable,11.0,2.0,2.0,5.143,full
high,weighted,1500,"Washing machine, manual",variable,12.0,3.0,3.0,7.2,full
high,weighted,1500,Color TV - CRT screen,variable,13.0,0.0,4.0,0.0,OFF (sacrificed)
high,weighted,1500,"Personal computer, LCD monitor",variable,14.0,1.25,2.0,3.616,reduced
high,weighted,1500,"Airconditioner, window type",variable,15.0,0.0,4.0,0.0,OFF (sacrificed)
high,weighted,1500,Others (miscellaneous),variable,16.0,2.0,2.0,0.12,full
high,weighted,1600,"Refrigerator, ordinary",fixed,,24.0,24.0,68.4,always on
high,weighted,1600,Lighting - Incandescent bulb #1,variable,1.0,9.0,9.0,6.75,full
high,weighted,1600,Lighting - Compact fluorescent lamp (CFL) #1,variable,2.0,5.0,5.0,3.0,full
high,weighted,1600,Lighting - Compact fluorescent lamp (CFL) #2,variable,3.0,4.0,4.0,2.4,full
high,weighted,1600,Lighting - Compact fluorescent lamp (CFL) #3,variable,4.0,2.0,2.0,1.2,full
high,weighted,1600,Lighting - Compact fluorescent lamp (CFL) #4,variable,5.0,2.0,2.0,0.9,full
high,weighted,1600,Lighting - Compact fluorescent lamp (CFL) #5,variable,6.0,4.0,4.0,1.8,full
high,weighted,1600,Lighting - Incandescent bulb #2,variable,7.0,2.0,2.0,0.6,full
high,weighted,1600,Electric fan #1,variable,8.0,0.0,9.0,0.0,OFF (sacrificed)
high,weighted,1600,Electric fan #2,variable,9.0,2.0,8.0,4.8,reduced
high,weighted,1600,Rice cooker,variable,10.0,0.0,2.0,0.0,OFF (sacrificed)
high,weighted,1600,Electric flat iron,variable,11.0,2.0,2.0,5.143,full
high,weighted,1600,"Washing machine, manual",variable,12.0,3.0,3.0,7.2,full
high,weighted,1600,Color TV - CRT screen,variable,13.0,0.0,4.0,0.0,OFF (sacrificed)
high,weighted,1600,"Personal computer, LCD monitor",variable,14.0,2.0,2.0,5.786,full
high,weighted,1600,"Airconditioner, window type",variable,15.0,0.0,4.0,0.0,OFF (sacrificed)
high,weighted,1600,Others (miscellaneous),variable,16.0,2.0,2.0,0.12,full
high,weighted,1700,"Refrigerator, ordinary",fixed,,24.0,24.0,68.4,always on
high,weighted,1700,Lighting - Incandescent bulb #1,variable,1.0,9.0,9.0,6.75,full
high,weighted,1700,Lighting - Compact fluorescent lamp (CFL) #1,variable,2.0,5.0,5.0,3.0,full
high,weighted,1700,Lighting - Compact fluorescent lamp (CFL) #2,variable,3.0,4.0,4.0,2.4,full
high,weighted,1700,Lighting - Compact fluorescent lamp (CFL) #3,variable,4.0,2.0,2.0,1.2,full
high,weighted,1700,Lighting - Compact fluorescent lamp (CFL) #4,variable,5.0,2.0,2.0,0.9,full
high,weighted,1700,Lighting - Compact fluorescent lamp (CFL) #5,variable,6.0,4.0,4.0,1.8,full
high,weighted,1700,Lighting - Incandescent bulb #2,variable,7.0,2.0,2.0,0.6,full
high,weighted,1700,Electric fan #1,variable,8.0,0.0,9.0,0.0,OFF (sacrificed)
high,weighted,1700,Electric fan #2,variable,9.0,4.75,8.0,11.4,reduced
high,weighted,1700,Rice cooker,variable,10.0,0.0,2.0,0.0,OFF (sacrificed)
high,weighted,1700,Electric flat iron,variable,11.0,2.0,2.0,5.143,full
high,weighted,1700,"Washing machine, manual",variable,12.0,3.0,3.0,7.2,full
high,weighted,1700,Color TV - CRT screen,variable,13.0,0.0,4.0,0.0,OFF (sacrificed)
high,weighted,1700,"Personal computer, LCD monitor",variable,14.0,2.0,2.0,5.786,full
high,weighted,1700,"Airconditioner, window type",variable,15.0,0.0,4.0,0.0,OFF (sacrificed)
high,weighted,1700,Others (miscellaneous),variable,16.0,2.0,2.0,0.12,full
high,weighted,1800,"Refrigerator, ordinary",fixed,,24.0,24.0,68.4,always on
high,weighted,1800,Lighting - Incandescent bulb #1,variable,1.0,9.0,9.0,6.75,full
high,weighted,1800,Lighting - Compact fluorescent lamp (CFL) #1,variable,2.0,5.0,5.0,3.0,full
high,weighted,1800,Lighting - Compact fluorescent lamp (CFL) #2,variable,3.0,4.0,4.0,2.4,full
high,weighted,1800,Lighting - Compact fluorescent lamp (CFL) #3,variable,4.0,2.0,2.0,1.2,full
high,weighted,1800,Lighting - Compact fluorescent lamp (CFL) #4,variable,5.0,2.0,2.0,0.9,full
high,weighted,1800,Lighting - Compact fluorescent lamp (CFL) #5,variable,6.0,4.0,4.0,1.8,full
high,weighted,1800,Lighting - Incandescent bulb #2,variable,7.0,2.0,2.0,0.6,full
high,weighted,1800,Electric fan #1,variable,8.0,0.0,9.0,0.0,OFF (sacrificed)
high,weighted,1800,Electric fan #2,variable,9.0,7.75,8.0,18.6,reduced
high,weighted,1800,Rice cooker,variable,10.0,0.0,2.0,0.0,OFF (sacrificed)
high,weighted,1800,Electric flat iron,variable,11.0,2.0,2.0,5.143,full
high,weighted,1800,"Washing machine, manual",variable,12.0,3.0,3.0,7.2,full
high,weighted,1800,Color TV - CRT screen,variable,13.0,0.0,4.0,0.0,OFF (sacrificed)
high,weighted,1800,"Personal computer, LCD monitor",variable,14.0,2.0,2.0,5.786,full
high,weighted,1800,"Airconditioner, window type",variable,15.0,0.0,4.0,0.0,OFF (sacrificed)
high,weighted,1800,Others (miscellaneous),variable,16.0,2.0,2.0,0.12,full
high,weighted,1900,"Refrigerator, ordinary",fixed,,24.0,24.0,68.4,always on
high,weighted,1900,Lighting - Incandescent bulb #1,variable,1.0,9.0,9.0,6.75,full
high,weighted,1900,Lighting - Compact fluorescent lamp (CFL) #1,variable,2.0,5.0,5.0,3.0,full
high,weighted,1900,Lighting - Compact fluorescent lamp (CFL) #2,variable,3.0,4.0,4.0,2.4,full
high,weighted,1900,Lighting - Compact fluorescent lamp (CFL) #3,variable,4.0,2.0,2.0,1.2,full
high,weighted,1900,Lighting - Compact fluorescent lamp (CFL) #4,variable,5.0,2.0,2.0,0.9,full
high,weighted,1900,Lighting - Compact fluorescent lamp (CFL) #5,variable,6.0,4.0,4.0,1.8,full
high,weighted,1900,Lighting - Incandescent bulb #2,variable,7.0,2.0,2.0,0.6,full
high,weighted,1900,Electric fan #1,variable,8.0,0.0,9.0,0.0,OFF (sacrificed)
high,weighted,1900,Electric fan #2,variable,9.0,8.0,8.0,19.2,full
high,weighted,1900,Rice cooker,variable,10.0,0.0,2.0,0.0,OFF (sacrificed)
high,weighted,1900,Electric flat iron,variable,11.0,2.0,2.0,5.143,full
high,weighted,1900,"Washing machine, manual",variable,12.0,3.0,3.0,7.2,full
high,weighted,1900,Color TV - CRT screen,variable,13.0,1.75,4.0,5.775,reduced
high,weighted,1900,"Personal computer, LCD monitor",variable,14.0,2.0,2.0,5.786,full
high,weighted,1900,"Airconditioner, window type",variable,15.0,0.0,4.0,0.0,OFF (sacrificed)
high,weighted,1900,Others (miscellaneous),variable,16.0,2.0,2.0,0.12,full
high,weighted,2000,"Refrigerator, ordinary",fixed,,24.0,24.0,68.4,always on
high,weighted,2000,Lighting - Incandescent bulb #1,variable,1.0,9.0,9.0,6.75,full
high,weighted,2000,Lighting - Compact fluorescent lamp (CFL) #1,variable,2.0,5.0,5.0,3.0,full
high,weighted,2000,Lighting - Compact fluorescent lamp (CFL) #2,variable,3.0,4.0,4.0,2.4,full
high,weighted,2000,Lighting - Compact fluorescent lamp (CFL) #3,variable,4.0,2.0,2.0,1.2,full
high,weighted,2000,Lighting - Compact fluorescent lamp (CFL) #4,variable,5.0,2.0,2.0,0.9,full
high,weighted,2000,Lighting - Compact fluorescent lamp (CFL) #5,variable,6.0,4.0,4.0,1.8,full
high,weighted,2000,Lighting - Incandescent bulb #2,variable,7.0,2.0,2.0,0.6,full
high,weighted,2000,Electric fan #1,variable,8.0,0.0,9.0,0.0,OFF (sacrificed)
high,weighted,2000,Electric fan #2,variable,9.0,8.0,8.0,19.2,full
high,weighted,2000,Rice cooker,variable,10.0,0.0,2.0,0.0,OFF (sacrificed)
high,weighted,2000,Electric flat iron,variable,11.0,2.0,2.0,5.143,full
high,weighted,2000,"Washing machine, manual",variable,12.0,3.0,3.0,7.2,full
high,weighted,2000,Color TV - CRT screen,variable,13.0,4.0,4.0,13.2,full
high,weighted,2000,"Personal computer, LCD monitor",variable,14.0,2.0,2.0,5.786,full
high,weighted,2000,"Airconditioner, window type",variable,15.0,0.0,4.0,0.0,OFF (sacrificed)
high,weighted,2000,Others (miscellaneous),variable,16.0,2.0,2.0,0.12,full
high,weighted,2100,"Refrigerator, ordinary",fixed,,24.0,24.0,68.4,always on
high,weighted,2100,Lighting - Incandescent bulb #1,variable,1.0,9.0,9.0,6.75,full
high,weighted,2100,Lighting - Compact fluorescent lamp (CFL) #1,variable,2.0,5.0,5.0,3.0,full
high,weighted,2100,Lighting - Compact fluorescent lamp (CFL) #2,variable,3.0,4.0,4.0,2.4,full
high,weighted,2100,Lighting - Compact fluorescent lamp (CFL) #3,variable,4.0,2.0,2.0,1.2,full
high,weighted,2100,Lighting - Compact fluorescent lamp (CFL) #4,variable,5.0,2.0,2.0,0.9,full
high,weighted,2100,Lighting - Compact fluorescent lamp (CFL) #5,variable,6.0,4.0,4.0,1.8,full
high,weighted,2100,Lighting - Incandescent bulb #2,variable,7.0,2.0,2.0,0.6,full
high,weighted,2100,Electric fan #1,variable,8.0,0.0,9.0,0.0,OFF (sacrificed)
high,weighted,2100,Electric fan #2,variable,9.0,8.0,8.0,19.2,full
high,weighted,2100,Rice cooker,variable,10.0,0.5,2.0,6.75,reduced
high,weighted,2100,Electric flat iron,variable,11.0,2.0,2.0,5.143,full
high,weighted,2100,"Washing machine, manual",variable,12.0,3.0,3.0,7.2,full
high,weighted,2100,Color TV - CRT screen,variable,13.0,4.0,4.0,13.2,full
high,weighted,2100,"Personal computer, LCD monitor",variable,14.0,2.0,2.0,5.786,full
high,weighted,2100,"Airconditioner, window type",variable,15.0,0.0,4.0,0.0,OFF (sacrificed)
high,weighted,2100,Others (miscellaneous),variable,16.0,2.0,2.0,0.12,full
high,weighted,2200,"Refrigerator, ordinary",fixed,,24.0,24.0,68.4,always on
high,weighted,2200,Lighting - Incandescent bulb #1,variable,1.0,9.0,9.0,6.75,full
high,weighted,2200,Lighting - Compact fluorescent lamp (CFL) #1,variable,2.0,5.0,5.0,3.0,full
high,weighted,2200,Lighting - Compact fluorescent lamp (CFL) #2,variable,3.0,4.0,4.0,2.4,full
high,weighted,2200,Lighting - Compact fluorescent lamp (CFL) #3,variable,4.0,2.0,2.0,1.2,full
high,weighted,2200,Lighting - Compact fluorescent lamp (CFL) #4,variable,5.0,2.0,2.0,0.9,full
high,weighted,2200,Lighting - Compact fluorescent lamp (CFL) #5,variable,6.0,4.0,4.0,1.8,full
high,weighted,2200,Lighting - Incandescent bulb #2,variable,7.0,2.0,2.0,0.6,full
high,weighted,2200,Electric fan #1,variable,8.0,0.0,9.0,0.0,OFF (sacrificed)
high,weighted,2200,Electric fan #2,variable,9.0,8.0,8.0,19.2,full
high,weighted,2200,Rice cooker,variable,10.0,1.0,2.0,13.5,reduced
high,weighted,2200,Electric flat iron,variable,11.0,2.0,2.0,5.143,full
high,weighted,2200,"Washing machine, manual",variable,12.0,3.0,3.0,7.2,full
high,weighted,2200,Color TV - CRT screen,variable,13.0,4.0,4.0,13.2,full
high,weighted,2200,"Personal computer, LCD monitor",variable,14.0,2.0,2.0,5.786,full
high,weighted,2200,"Airconditioner, window type",variable,15.0,0.0,4.0,0.0,OFF (sacrificed)
high,weighted,2200,Others (miscellaneous),variable,16.0,2.0,2.0,0.12,full
high,weighted,2300,"Refrigerator, ordinary",fixed,,24.0,24.0,68.4,always on
high,weighted,2300,Lighting - Incandescent bulb #1,variable,1.0,9.0,9.0,6.75,full
high,weighted,2300,Lighting - Compact fluorescent lamp (CFL) #1,variable,2.0,5.0,5.0,3.0,full
high,weighted,2300,Lighting - Compact fluorescent lamp (CFL) #2,variable,3.0,4.0,4.0,2.4,full
high,weighted,2300,Lighting - Compact fluorescent lamp (CFL) #3,variable,4.0,2.0,2.0,1.2,full
high,weighted,2300,Lighting - Compact fluorescent lamp (CFL) #4,variable,5.0,2.0,2.0,0.9,full
high,weighted,2300,Lighting - Compact fluorescent lamp (CFL) #5,variable,6.0,4.0,4.0,1.8,full
high,weighted,2300,Lighting - Incandescent bulb #2,variable,7.0,2.0,2.0,0.6,full
high,weighted,2300,Electric fan #1,variable,8.0,0.0,9.0,0.0,OFF (sacrificed)
high,weighted,2300,Electric fan #2,variable,9.0,8.0,8.0,19.2,full
high,weighted,2300,Rice cooker,variable,10.0,1.5,2.0,20.25,reduced
high,weighted,2300,Electric flat iron,variable,11.0,2.0,2.0,5.143,full
high,weighted,2300,"Washing machine, manual",variable,12.0,3.0,3.0,7.2,full
high,weighted,2300,Color TV - CRT screen,variable,13.0,4.0,4.0,13.2,full
high,weighted,2300,"Personal computer, LCD monitor",variable,14.0,2.0,2.0,5.786,full
high,weighted,2300,"Airconditioner, window type",variable,15.0,0.0,4.0,0.0,OFF (sacrificed)
high,weighted,2300,Others (miscellaneous),variable,16.0,2.0,2.0,0.12,full
high,weighted,2400,"Refrigerator, ordinary",fixed,,24.0,24.0,68.4,always on
high,weighted,2400,Lighting - Incandescent bulb #1,variable,1.0,9.0,9.0,6.75,full
high,weighted,2400,Lighting - Compact fluorescent lamp (CFL) #1,variable,2.0,5.0,5.0,3.0,full
high,weighted,2400,Lighting - Compact fluorescent lamp (CFL) #2,variable,3.0,4.0,4.0,2.4,full
high,weighted,2400,Lighting - Compact fluorescent lamp (CFL) #3,variable,4.0,2.0,2.0,1.2,full
high,weighted,2400,Lighting - Compact fluorescent lamp (CFL) #4,variable,5.0,2.0,2.0,0.9,full
high,weighted,2400,Lighting - Compact fluorescent lamp (CFL) #5,variable,6.0,4.0,4.0,1.8,full
high,weighted,2400,Lighting - Incandescent bulb #2,variable,7.0,2.0,2.0,0.6,full
high,weighted,2400,Electric fan #1,variable,8.0,0.0,9.0,0.0,OFF (sacrificed)
high,weighted,2400,Electric fan #2,variable,9.0,8.0,8.0,19.2,full
high,weighted,2400,Rice cooker,variable,10.0,2.0,2.0,27.0,full
high,weighted,2400,Electric flat iron,variable,11.0,2.0,2.0,5.143,full
high,weighted,2400,"Washing machine, manual",variable,12.0,3.0,3.0,7.2,full
high,weighted,2400,Color TV - CRT screen,variable,13.0,4.0,4.0,13.2,full
high,weighted,2400,"Personal computer, LCD monitor",variable,14.0,2.0,2.0,5.786,full
high,weighted,2400,"Airconditioner, window type",variable,15.0,0.0,4.0,0.0,OFF (sacrificed)
high,weighted,2400,Others (miscellaneous),variable,16.0,2.0,2.0,0.12,full
high,weighted,2500,"Refrigerator, ordinary",fixed,,24.0,24.0,68.4,always on
high,weighted,2500,Lighting - Incandescent bulb #1,variable,1.0,9.0,9.0,6.75,full
high,weighted,2500,Lighting - Compact fluorescent lamp (CFL) #1,variable,2.0,5.0,5.0,3.0,full
high,weighted,2500,Lighting - Compact fluorescent lamp (CFL) #2,variable,3.0,4.0,4.0,2.4,full
high,weighted,2500,Lighting - Compact fluorescent lamp (CFL) #3,variable,4.0,2.0,2.0,1.2,full
high,weighted,2500,Lighting - Compact fluorescent lamp (CFL) #4,variable,5.0,2.0,2.0,0.9,full
high,weighted,2500,Lighting - Compact fluorescent lamp (CFL) #5,variable,6.0,4.0,4.0,1.8,full
high,weighted,2500,Lighting - Incandescent bulb #2,variable,7.0,2.0,2.0,0.6,full
high,weighted,2500,Electric fan #1,variable,8.0,1.5,9.0,7.2,reduced
high,weighted,2500,Electric fan #2,variable,9.0,8.0,8.0,19.2,full
high,weighted,2500,Rice cooker,variable,10.0,2.0,2.0,27.0,full
high,weighted,2500,Electric flat iron,variable,11.0,2.0,2.0,5.143,full
high,weighted,2500,"Washing machine, manual",variable,12.0,3.0,3.0,7.2,full
high,weighted,2500,Color TV - CRT screen,variable,13.0,4.0,4.0,13.2,full
high,weighted,2500,"Personal computer, LCD monitor",variable,14.0,2.0,2.0,5.786,full
high,weighted,2500,"Airconditioner, window type",variable,15.0,0.0,4.0,0.0,OFF (sacrificed)
high,weighted,2500,Others (miscellaneous),variable,16.0,2.0,2.0,0.12,full
high,weighted,2600,"Refrigerator, ordinary",fixed,,24.0,24.0,68.4,always on
high,weighted,2600,Lighting - Incandescent bulb #1,variable,1.0,9.0,9.0,6.75,full
high,weighted,2600,Lighting - Compact fluorescent lamp (CFL) #1,variable,2.0,5.0,5.0,3.0,full
high,weighted,2600,Lighting - Compact fluorescent lamp (CFL) #2,variable,3.0,4.0,4.0,2.4,full
high,weighted,2600,Lighting - Compact fluorescent lamp (CFL) #3,variable,4.0,2.0,2.0,1.2,full
high,weighted,2600,Lighting - Compact fluorescent lamp (CFL) #4,variable,5.0,2.0,2.0,0.9,full
high,weighted,2600,Lighting - Compact fluorescent lamp (CFL) #5,variable,6.0,4.0,4.0,1.8,full
high,weighted,2600,Lighting - Incandescent bulb #2,variable,7.0,2.0,2.0,0.6,full
high,weighted,2600,Electric fan #1,variable,8.0,2.75,9.0,13.2,reduced
high,weighted,2600,Electric fan #2,variable,9.0,8.0,8.0,19.2,full
high,weighted,2600,Rice cooker,variable,10.0,2.0,2.0,27.0,full
high,weighted,2600,Electric flat iron,variable,11.0,2.0,2.0,5.143,full
high,weighted,2600,"Washing machine, manual",variable,12.0,3.0,3.0,7.2,full
high,weighted,2600,Color TV - CRT screen,variable,13.0,4.0,4.0,13.2,full
high,weighted,2600,"Personal computer, LCD monitor",variable,14.0,2.0,2.0,5.786,full
high,weighted,2600,"Airconditioner, window type",variable,15.0,0.0,4.0,0.0,OFF (sacrificed)
high,weighted,2600,Others (miscellaneous),variable,16.0,2.0,2.0,0.12,full
high,weighted,2700,"Refrigerator, ordinary",fixed,,24.0,24.0,68.4,always on
high,weighted,2700,Lighting - Incandescent bulb #1,variable,1.0,9.0,9.0,6.75,full
high,weighted,2700,Lighting - Compact fluorescent lamp (CFL) #1,variable,2.0,5.0,5.0,3.0,full
high,weighted,2700,Lighting - Compact fluorescent lamp (CFL) #2,variable,3.0,4.0,4.0,2.4,full
high,weighted,2700,Lighting - Compact fluorescent lamp (CFL) #3,variable,4.0,2.0,2.0,1.2,full
high,weighted,2700,Lighting - Compact fluorescent lamp (CFL) #4,variable,5.0,2.0,2.0,0.9,full
high,weighted,2700,Lighting - Compact fluorescent lamp (CFL) #5,variable,6.0,4.0,4.0,1.8,full
high,weighted,2700,Lighting - Incandescent bulb #2,variable,7.0,2.0,2.0,0.6,full
high,weighted,2700,Electric fan #1,variable,8.0,4.25,9.0,20.4,reduced
high,weighted,2700,Electric fan #2,variable,9.0,8.0,8.0,19.2,full
high,weighted,2700,Rice cooker,variable,10.0,2.0,2.0,27.0,full
high,weighted,2700,Electric flat iron,variable,11.0,2.0,2.0,5.143,full
high,weighted,2700,"Washing machine, manual",variable,12.0,3.0,3.0,7.2,full
high,weighted,2700,Color TV - CRT screen,variable,13.0,4.0,4.0,13.2,full
high,weighted,2700,"Personal computer, LCD monitor",variable,14.0,2.0,2.0,5.786,full
high,weighted,2700,"Airconditioner, window type",variable,15.0,0.0,4.0,0.0,OFF (sacrificed)
high,weighted,2700,Others (miscellaneous),variable,16.0,2.0,2.0,0.12,full
high,weighted,2800,"Refrigerator, ordinary",fixed,,24.0,24.0,68.4,always on
high,weighted,2800,Lighting - Incandescent bulb #1,variable,1.0,9.0,9.0,6.75,full
high,weighted,2800,Lighting - Compact fluorescent lamp (CFL) #1,variable,2.0,5.0,5.0,3.0,full
high,weighted,2800,Lighting - Compact fluorescent lamp (CFL) #2,variable,3.0,4.0,4.0,2.4,full
high,weighted,2800,Lighting - Compact fluorescent lamp (CFL) #3,variable,4.0,2.0,2.0,1.2,full
high,weighted,2800,Lighting - Compact fluorescent lamp (CFL) #4,variable,5.0,2.0,2.0,0.9,full
high,weighted,2800,Lighting - Compact fluorescent lamp (CFL) #5,variable,6.0,4.0,4.0,1.8,full
high,weighted,2800,Lighting - Incandescent bulb #2,variable,7.0,2.0,2.0,0.6,full
high,weighted,2800,Electric fan #1,variable,8.0,5.75,9.0,27.6,reduced
high,weighted,2800,Electric fan #2,variable,9.0,8.0,8.0,19.2,full
high,weighted,2800,Rice cooker,variable,10.0,2.0,2.0,27.0,full
high,weighted,2800,Electric flat iron,variable,11.0,2.0,2.0,5.143,full
high,weighted,2800,"Washing machine, manual",variable,12.0,3.0,3.0,7.2,full
high,weighted,2800,Color TV - CRT screen,variable,13.0,4.0,4.0,13.2,full
high,weighted,2800,"Personal computer, LCD monitor",variable,14.0,2.0,2.0,5.786,full
high,weighted,2800,"Airconditioner, window type",variable,15.0,0.0,4.0,0.0,OFF (sacrificed)
high,weighted,2800,Others (miscellaneous),variable,16.0,2.0,2.0,0.12,full
high,weighted,2900,"Refrigerator, ordinary",fixed,,24.0,24.0,68.4,always on
high,weighted,2900,Lighting - Incandescent bulb #1,variable,1.0,9.0,9.0,6.75,full
high,weighted,2900,Lighting - Compact fluorescent lamp (CFL) #1,variable,2.0,5.0,5.0,3.0,full
high,weighted,2900,Lighting - Compact fluorescent lamp (CFL) #2,variable,3.0,4.0,4.0,2.4,full
high,weighted,2900,Lighting - Compact fluorescent lamp (CFL) #3,variable,4.0,2.0,2.0,1.2,full
high,weighted,2900,Lighting - Compact fluorescent lamp (CFL) #4,variable,5.0,2.0,2.0,0.9,full
high,weighted,2900,Lighting - Compact fluorescent lamp (CFL) #5,variable,6.0,4.0,4.0,1.8,full
high,weighted,2900,Lighting - Incandescent bulb #2,variable,7.0,2.0,2.0,0.6,full
high,weighted,2900,Electric fan #1,variable,8.0,7.25,9.0,34.8,reduced
high,weighted,2900,Electric fan #2,variable,9.0,8.0,8.0,19.2,full
high,weighted,2900,Rice cooker,variable,10.0,2.0,2.0,27.0,full
high,weighted,2900,Electric flat iron,variable,11.0,2.0,2.0,5.143,full
high,weighted,2900,"Washing machine, manual",variable,12.0,3.0,3.0,7.2,full
high,weighted,2900,Color TV - CRT screen,variable,13.0,4.0,4.0,13.2,full
high,weighted,2900,"Personal computer, LCD monitor",variable,14.0,2.0,2.0,5.786,full
high,weighted,2900,"Airconditioner, window type",variable,15.0,0.0,4.0,0.0,OFF (sacrificed)
high,weighted,2900,Others (miscellaneous),variable,16.0,2.0,2.0,0.12,full
high,weighted,3000,"Refrigerator, ordinary",fixed,,24.0,24.0,68.4,always on
high,weighted,3000,Lighting - Incandescent bulb #1,variable,1.0,9.0,9.0,6.75,full
high,weighted,3000,Lighting - Compact fluorescent lamp (CFL) #1,variable,2.0,5.0,5.0,3.0,full
high,weighted,3000,Lighting - Compact fluorescent lamp (CFL) #2,variable,3.0,4.0,4.0,2.4,full
high,weighted,3000,Lighting - Compact fluorescent lamp (CFL) #3,variable,4.0,2.0,2.0,1.2,full
high,weighted,3000,Lighting - Compact fluorescent lamp (CFL) #4,variable,5.0,2.0,2.0,0.9,full
high,weighted,3000,Lighting - Compact fluorescent lamp (CFL) #5,variable,6.0,4.0,4.0,1.8,full
high,weighted,3000,Lighting - Incandescent bulb #2,variable,7.0,2.0,2.0,0.6,full
high,weighted,3000,Electric fan #1,variable,8.0,7.75,9.0,37.2,reduced
high,weighted,3000,Electric fan #2,variable,9.0,8.0,8.0,19.2,full
high,weighted,3000,Rice cooker,variable,10.0,2.0,2.0,27.0,full
high,weighted,3000,Electric flat iron,variable,11.0,2.0,2.0,5.143,full
high,weighted,3000,"Washing machine, manual",variable,12.0,3.0,3.0,7.2,full
high,weighted,3000,Color TV - CRT screen,variable,13.0,4.0,4.0,13.2,full
high,weighted,3000,"Personal computer, LCD monitor",variable,14.0,2.0,2.0,5.786,full
high,weighted,3000,"Airconditioner, window type",variable,15.0,0.0,4.0,0.0,OFF (sacrificed)
high,weighted,3000,Others (miscellaneous),variable,16.0,2.0,2.0,0.12,full
high,weighted,3100,"Refrigerator, ordinary",fixed,,24.0,24.0,68.4,always on
high,weighted,3100,Lighting - Incandescent bulb #1,variable,1.0,9.0,9.0,6.75,full
high,weighted,3100,Lighting - Compact fluorescent lamp (CFL) #1,variable,2.0,5.0,5.0,3.0,full
high,weighted,3100,Lighting - Compact fluorescent lamp (CFL) #2,variable,3.0,4.0,4.0,2.4,full
high,weighted,3100,Lighting - Compact fluorescent lamp (CFL) #3,variable,4.0,2.0,2.0,1.2,full
high,weighted,3100,Lighting - Compact fluorescent lamp (CFL) #4,variable,5.0,2.0,2.0,0.9,full
high,weighted,3100,Lighting - Compact fluorescent lamp (CFL) #5,variable,6.0,4.0,4.0,1.8,full
high,weighted,3100,Lighting - Incandescent bulb #2,variable,7.0,2.0,2.0,0.6,full
high,weighted,3100,Electric fan #1,variable,8.0,9.0,9.0,43.2,full
high,weighted,3100,Electric fan #2,variable,9.0,8.0,8.0,19.2,full
high,weighted,3100,Rice cooker,variable,10.0,2.0,2.0,27.0,full
high,weighted,3100,Electric flat iron,variable,11.0,2.0,2.0,5.143,full
high,weighted,3100,"Washing machine, manual",variable,12.0,3.0,3.0,7.2,full
high,weighted,3100,Color TV - CRT screen,variable,13.0,4.0,4.0,13.2,full
high,weighted,3100,"Personal computer, LCD monitor",variable,14.0,2.0,2.0,5.786,full
high,weighted,3100,"Airconditioner, window type",variable,15.0,0.0,4.0,0.0,OFF (sacrificed)
high,weighted,3100,Others (miscellaneous),variable,16.0,2.0,2.0,0.12,full
high,weighted,3200,"Refrigerator, ordinary",fixed,,24.0,24.0,68.4,always on
high,weighted,3200,Lighting - Incandescent bulb #1,variable,1.0,9.0,9.0,6.75,full
high,weighted,3200,Lighting - Compact fluorescent lamp (CFL) #1,variable,2.0,5.0,5.0,3.0,full
high,weighted,3200,Lighting - Compact fluorescent lamp (CFL) #2,variable,3.0,4.0,4.0,2.4,full
high,weighted,3200,Lighting - Compact fluorescent lamp (CFL) #3,variable,4.0,2.0,2.0,1.2,full
high,weighted,3200,Lighting - Compact fluorescent lamp (CFL) #4,variable,5.0,2.0,2.0,0.9,full
high,weighted,3200,Lighting - Compact fluorescent lamp (CFL) #5,variable,6.0,4.0,4.0,1.8,full
high,weighted,3200,Lighting - Incandescent bulb #2,variable,7.0,2.0,2.0,0.6,full
high,weighted,3200,Electric fan #1,variable,8.0,9.0,9.0,43.2,full
high,weighted,3200,Electric fan #2,variable,9.0,8.0,8.0,19.2,full
high,weighted,3200,Rice cooker,variable,10.0,2.0,2.0,27.0,full
high,weighted,3200,Electric flat iron,variable,11.0,2.0,2.0,5.143,full
high,weighted,3200,"Washing machine, manual",variable,12.0,3.0,3.0,7.2,full
high,weighted,3200,Color TV - CRT screen,variable,13.0,4.0,4.0,13.2,full
high,weighted,3200,"Personal computer, LCD monitor",variable,14.0,2.0,2.0,5.786,full
high,weighted,3200,"Airconditioner, window type",variable,15.0,0.0,4.0,0.0,OFF (sacrificed)
high,weighted,3200,Others (miscellaneous),variable,16.0,2.0,2.0,0.12,full
high,weighted,3300,"Refrigerator, ordinary",fixed,,24.0,24.0,68.4,always on
high,weighted,3300,Lighting - Incandescent bulb #1,variable,1.0,9.0,9.0,6.75,full
high,weighted,3300,Lighting - Compact fluorescent lamp (CFL) #1,variable,2.0,5.0,5.0,3.0,full
high,weighted,3300,Lighting - Compact fluorescent lamp (CFL) #2,variable,3.0,4.0,4.0,2.4,full
high,weighted,3300,Lighting - Compact fluorescent lamp (CFL) #3,variable,4.0,2.0,2.0,1.2,full
high,weighted,3300,Lighting - Compact fluorescent lamp (CFL) #4,variable,5.0,2.0,2.0,0.9,full
high,weighted,3300,Lighting - Compact fluorescent lamp (CFL) #5,variable,6.0,4.0,4.0,1.8,full
high,weighted,3300,Lighting - Incandescent bulb #2,variable,7.0,2.0,2.0,0.6,full
high,weighted,3300,Electric fan #1,variable,8.0,9.0,9.0,43.2,full
high,weighted,3300,Electric fan #2,variable,9.0,8.0,8.0,19.2,full
high,weighted,3300,Rice cooker,variable,10.0,2.0,2.0,27.0,full
high,weighted,3300,Electric flat iron,variable,11.0,2.0,2.0,5.143,full
high,weighted,3300,"Washing machine, manual",variable,12.0,3.0,3.0,7.2,full
high,weighted,3300,Color TV - CRT screen,variable,13.0,4.0,4.0,13.2,full
high,weighted,3300,"Personal computer, LCD monitor",variable,14.0,2.0,2.0,5.786,full
high,weighted,3300,"Airconditioner, window type",variable,15.0,0.0,4.0,0.0,OFF (sacrificed)
high,weighted,3300,Others (miscellaneous),variable,16.0,2.0,2.0,0.12,full
high,weighted,3400,"Refrigerator, ordinary",fixed,,24.0,24.0,68.4,always on
high,weighted,3400,Lighting - Incandescent bulb #1,variable,1.0,9.0,9.0,6.75,full
high,weighted,3400,Lighting - Compact fluorescent lamp (CFL) #1,variable,2.0,5.0,5.0,3.0,full
high,weighted,3400,Lighting - Compact fluorescent lamp (CFL) #2,variable,3.0,4.0,4.0,2.4,full
high,weighted,3400,Lighting - Compact fluorescent lamp (CFL) #3,variable,4.0,2.0,2.0,1.2,full
high,weighted,3400,Lighting - Compact fluorescent lamp (CFL) #4,variable,5.0,2.0,2.0,0.9,full
high,weighted,3400,Lighting - Compact fluorescent lamp (CFL) #5,variable,6.0,4.0,4.0,1.8,full
high,weighted,3400,Lighting - Incandescent bulb #2,variable,7.0,2.0,2.0,0.6,full
high,weighted,3400,Electric fan #1,variable,8.0,9.0,9.0,43.2,full
high,weighted,3400,Electric fan #2,variable,9.0,8.0,8.0,19.2,full
high,weighted,3400,Rice cooker,variable,10.0,2.0,2.0,27.0,full
high,weighted,3400,Electric flat iron,variable,11.0,2.0,2.0,5.143,full
high,weighted,3400,"Washing machine, manual",variable,12.0,3.0,3.0,7.2,full
high,weighted,3400,Color TV - CRT screen,variable,13.0,4.0,4.0,13.2,full
high,weighted,3400,"Personal computer, LCD monitor",variable,14.0,2.0,2.0,5.786,full
high,weighted,3400,"Airconditioner, window type",variable,15.0,0.25,4.0,13.95,reduced
high,weighted,3400,Others (miscellaneous),variable,16.0,2.0,2.0,0.12,full
high,weighted,3500,"Refrigerator, ordinary",fixed,,24.0,24.0,68.4,always on
high,weighted,3500,Lighting - Incandescent bulb #1,variable,1.0,9.0,9.0,6.75,full
high,weighted,3500,Lighting - Compact fluorescent lamp (CFL) #1,variable,2.0,5.0,5.0,3.0,full
high,weighted,3500,Lighting - Compact fluorescent lamp (CFL) #2,variable,3.0,4.0,4.0,2.4,full
high,weighted,3500,Lighting - Compact fluorescent lamp (CFL) #3,variable,4.0,2.0,2.0,1.2,full
high,weighted,3500,Lighting - Compact fluorescent lamp (CFL) #4,variable,5.0,2.0,2.0,0.9,full
high,weighted,3500,Lighting - Compact fluorescent lamp (CFL) #5,variable,6.0,4.0,4.0,1.8,full
high,weighted,3500,Lighting - Incandescent bulb #2,variable,7.0,2.0,2.0,0.6,full
high,weighted,3500,Electric fan #1,variable,8.0,9.0,9.0,43.2,full
high,weighted,3500,Electric fan #2,variable,9.0,8.0,8.0,19.2,full
high,weighted,3500,Rice cooker,variable,10.0,2.0,2.0,27.0,full
high,weighted,3500,Electric flat iron,variable,11.0,2.0,2.0,5.143,full
high,weighted,3500,"Washing machine, manual",variable,12.0,3.0,3.0,7.2,full
high,weighted,3500,Color TV - CRT screen,variable,13.0,4.0,4.0,13.2,full
high,weighted,3500,"Personal computer, LCD monitor",variable,14.0,2.0,2.0,5.786,full
high,weighted,3500,"Airconditioner, window type",variable,15.0,0.25,4.0,13.95,reduced
high,weighted,3500,Others (miscellaneous),variable,16.0,2.0,2.0,0.12,full
high,weighted,3600,"Refrigerator, ordinary",fixed,,24.0,24.0,68.4,always on
high,weighted,3600,Lighting - Incandescent bulb #1,variable,1.0,9.0,9.0,6.75,full
high,weighted,3600,Lighting - Compact fluorescent lamp (CFL) #1,variable,2.0,5.0,5.0,3.0,full
high,weighted,3600,Lighting - Compact fluorescent lamp (CFL) #2,variable,3.0,4.0,4.0,2.4,full
high,weighted,3600,Lighting - Compact fluorescent lamp (CFL) #3,variable,4.0,2.0,2.0,1.2,full
high,weighted,3600,Lighting - Compact fluorescent lamp (CFL) #4,variable,5.0,2.0,2.0,0.9,full
high,weighted,3600,Lighting - Compact fluorescent lamp (CFL) #5,variable,6.0,4.0,4.0,1.8,full
high,weighted,3600,Lighting - Incandescent bulb #2,variable,7.0,2.0,2.0,0.6,full
high,weighted,3600,Electric fan #1,variable,8.0,9.0,9.0,43.2,full
high,weighted,3600,Electric fan #2,variable,9.0,8.0,8.0,19.2,full
high,weighted,3600,Rice cooker,variable,10.0,2.0,2.0,27.0,full
high,weighted,3600,Electric flat iron,variable,11.0,2.0,2.0,5.143,full
high,weighted,3600,"Washing machine, manual",variable,12.0,3.0,3.0,7.2,full
high,weighted,3600,Color TV - CRT screen,variable,13.0,4.0,4.0,13.2,full
high,weighted,3600,"Personal computer, LCD monitor",variable,14.0,2.0,2.0,5.786,full
high,weighted,3600,"Airconditioner, window type",variable,15.0,0.5,4.0,27.9,reduced
high,weighted,3600,Others (miscellaneous),variable,16.0,2.0,2.0,0.12,full
high,weighted,3700,"Refrigerator, ordinary",fixed,,24.0,24.0,68.4,always on
high,weighted,3700,Lighting - Incandescent bulb #1,variable,1.0,9.0,9.0,6.75,full
high,weighted,3700,Lighting - Compact fluorescent lamp (CFL) #1,variable,2.0,5.0,5.0,3.0,full
high,weighted,3700,Lighting - Compact fluorescent lamp (CFL) #2,variable,3.0,4.0,4.0,2.4,full
high,weighted,3700,Lighting - Compact fluorescent lamp (CFL) #3,variable,4.0,2.0,2.0,1.2,full
high,weighted,3700,Lighting - Compact fluorescent lamp (CFL) #4,variable,5.0,2.0,2.0,0.9,full
high,weighted,3700,Lighting - Compact fluorescent lamp (CFL) #5,variable,6.0,4.0,4.0,1.8,full
high,weighted,3700,Lighting - Incandescent bulb #2,variable,7.0,2.0,2.0,0.6,full
high,weighted,3700,Electric fan #1,variable,8.0,9.0,9.0,43.2,full
high,weighted,3700,Electric fan #2,variable,9.0,8.0,8.0,19.2,full
high,weighted,3700,Rice cooker,variable,10.0,2.0,2.0,27.0,full
high,weighted,3700,Electric flat iron,variable,11.0,2.0,2.0,5.143,full
high,weighted,3700,"Washing machine, manual",variable,12.0,3.0,3.0,7.2,full
high,weighted,3700,Color TV - CRT screen,variable,13.0,4.0,4.0,13.2,full
high,weighted,3700,"Personal computer, LCD monitor",variable,14.0,2.0,2.0,5.786,full
high,weighted,3700,"Airconditioner, window type",variable,15.0,0.5,4.0,27.9,reduced
high,weighted,3700,Others (miscellaneous),variable,16.0,2.0,2.0,0.12,full
high,weighted,3800,"Refrigerator, ordinary",fixed,,24.0,24.0,68.4,always on
high,weighted,3800,Lighting - Incandescent bulb #1,variable,1.0,9.0,9.0,6.75,full
high,weighted,3800,Lighting - Compact fluorescent lamp (CFL) #1,variable,2.0,5.0,5.0,3.0,full
high,weighted,3800,Lighting - Compact fluorescent lamp (CFL) #2,variable,3.0,4.0,4.0,2.4,full
high,weighted,3800,Lighting - Compact fluorescent lamp (CFL) #3,variable,4.0,2.0,2.0,1.2,full
high,weighted,3800,Lighting - Compact fluorescent lamp (CFL) #4,variable,5.0,2.0,2.0,0.9,full
high,weighted,3800,Lighting - Compact fluorescent lamp (CFL) #5,variable,6.0,4.0,4.0,1.8,full
high,weighted,3800,Lighting - Incandescent bulb #2,variable,7.0,2.0,2.0,0.6,full
high,weighted,3800,Electric fan #1,variable,8.0,9.0,9.0,43.2,full
high,weighted,3800,Electric fan #2,variable,9.0,8.0,8.0,19.2,full
high,weighted,3800,Rice cooker,variable,10.0,2.0,2.0,27.0,full
high,weighted,3800,Electric flat iron,variable,11.0,2.0,2.0,5.143,full
high,weighted,3800,"Washing machine, manual",variable,12.0,3.0,3.0,7.2,full
high,weighted,3800,Color TV - CRT screen,variable,13.0,4.0,4.0,13.2,full
high,weighted,3800,"Personal computer, LCD monitor",variable,14.0,2.0,2.0,5.786,full
high,weighted,3800,"Airconditioner, window type",variable,15.0,0.75,4.0,41.85,reduced
high,weighted,3800,Others (miscellaneous),variable,16.0,2.0,2.0,0.12,full
high,weighted,3900,"Refrigerator, ordinary",fixed,,24.0,24.0,68.4,always on
high,weighted,3900,Lighting - Incandescent bulb #1,variable,1.0,9.0,9.0,6.75,full
high,weighted,3900,Lighting - Compact fluorescent lamp (CFL) #1,variable,2.0,5.0,5.0,3.0,full
high,weighted,3900,Lighting - Compact fluorescent lamp (CFL) #2,variable,3.0,4.0,4.0,2.4,full
high,weighted,3900,Lighting - Compact fluorescent lamp (CFL) #3,variable,4.0,2.0,2.0,1.2,full
high,weighted,3900,Lighting - Compact fluorescent lamp (CFL) #4,variable,5.0,2.0,2.0,0.9,full
high,weighted,3900,Lighting - Compact fluorescent lamp (CFL) #5,variable,6.0,4.0,4.0,1.8,full
high,weighted,3900,Lighting - Incandescent bulb #2,variable,7.0,2.0,2.0,0.6,full
high,weighted,3900,Electric fan #1,variable,8.0,9.0,9.0,43.2,full
high,weighted,3900,Electric fan #2,variable,9.0,8.0,8.0,19.2,full
high,weighted,3900,Rice cooker,variable,10.0,2.0,2.0,27.0,full
high,weighted,3900,Electric flat iron,variable,11.0,2.0,2.0,5.143,full
high,weighted,3900,"Washing machine, manual",variable,12.0,3.0,3.0,7.2,full
high,weighted,3900,Color TV - CRT screen,variable,13.0,4.0,4.0,13.2,full
high,weighted,3900,"Personal computer, LCD monitor",variable,14.0,2.0,2.0,5.786,full
high,weighted,3900,"Airconditioner, window type",variable,15.0,0.75,4.0,41.85,reduced
high,weighted,3900,Others (miscellaneous),variable,16.0,2.0,2.0,0.12,full
high,weighted,4000,"Refrigerator, ordinary",fixed,,24.0,24.0,68.4,always on
high,weighted,4000,Lighting - Incandescent bulb #1,variable,1.0,9.0,9.0,6.75,full
high,weighted,4000,Lighting - Compact fluorescent lamp (CFL) #1,variable,2.0,5.0,5.0,3.0,full
high,weighted,4000,Lighting - Compact fluorescent lamp (CFL) #2,variable,3.0,4.0,4.0,2.4,full
high,weighted,4000,Lighting - Compact fluorescent lamp (CFL) #3,variable,4.0,2.0,2.0,1.2,full
high,weighted,4000,Lighting - Compact fluorescent lamp (CFL) #4,variable,5.0,2.0,2.0,0.9,full
high,weighted,4000,Lighting - Compact fluorescent lamp (CFL) #5,variable,6.0,4.0,4.0,1.8,full
high,weighted,4000,Lighting - Incandescent bulb #2,variable,7.0,2.0,2.0,0.6,full
high,weighted,4000,Electric fan #1,variable,8.0,9.0,9.0,43.2,full
high,weighted,4000,Electric fan #2,variable,9.0,8.0,8.0,19.2,full
high,weighted,4000,Rice cooker,variable,10.0,2.0,2.0,27.0,full
high,weighted,4000,Electric flat iron,variable,11.0,2.0,2.0,5.143,full
high,weighted,4000,"Washing machine, manual",variable,12.0,3.0,3.0,7.2,full
high,weighted,4000,Color TV - CRT screen,variable,13.0,4.0,4.0,13.2,full
high,weighted,4000,"Personal computer, LCD monitor",variable,14.0,2.0,2.0,5.786,full
high,weighted,4000,"Airconditioner, window type",variable,15.0,1.0,4.0,55.8,reduced
high,weighted,4000,Others (miscellaneous),variable,16.0,2.0,2.0,0.12,full
high,weighted,4100,"Refrigerator, ordinary",fixed,,24.0,24.0,68.4,always on
high,weighted,4100,Lighting - Incandescent bulb #1,variable,1.0,9.0,9.0,6.75,full
high,weighted,4100,Lighting - Compact fluorescent lamp (CFL) #1,variable,2.0,5.0,5.0,3.0,full
high,weighted,4100,Lighting - Compact fluorescent lamp (CFL) #2,variable,3.0,4.0,4.0,2.4,full
high,weighted,4100,Lighting - Compact fluorescent lamp (CFL) #3,variable,4.0,2.0,2.0,1.2,full
high,weighted,4100,Lighting - Compact fluorescent lamp (CFL) #4,variable,5.0,2.0,2.0,0.9,full
high,weighted,4100,Lighting - Compact fluorescent lamp (CFL) #5,variable,6.0,4.0,4.0,1.8,full
high,weighted,4100,Lighting - Incandescent bulb #2,variable,7.0,2.0,2.0,0.6,full
high,weighted,4100,Electric fan #1,variable,8.0,9.0,9.0,43.2,full
high,weighted,4100,Electric fan #2,variable,9.0,8.0,8.0,19.2,full
high,weighted,4100,Rice cooker,variable,10.0,2.0,2.0,27.0,full
high,weighted,4100,Electric flat iron,variable,11.0,2.0,2.0,5.143,full
high,weighted,4100,"Washing machine, manual",variable,12.0,3.0,3.0,7.2,full
high,weighted,4100,Color TV - CRT screen,variable,13.0,4.0,4.0,13.2,full
high,weighted,4100,"Personal computer, LCD monitor",variable,14.0,2.0,2.0,5.786,full
high,weighted,4100,"Airconditioner, window type",variable,15.0,1.0,4.0,55.8,reduced
high,weighted,4100,Others (miscellaneous),variable,16.0,2.0,2.0,0.12,full
high,weighted,4200,"Refrigerator, ordinary",fixed,,24.0,24.0,68.4,always on
high,weighted,4200,Lighting - Incandescent bulb #1,variable,1.0,9.0,9.0,6.75,full
high,weighted,4200,Lighting - Compact fluorescent lamp (CFL) #1,variable,2.0,5.0,5.0,3.0,full
high,weighted,4200,Lighting - Compact fluorescent lamp (CFL) #2,variable,3.0,4.0,4.0,2.4,full
high,weighted,4200,Lighting - Compact fluorescent lamp (CFL) #3,variable,4.0,2.0,2.0,1.2,full
high,weighted,4200,Lighting - Compact fluorescent lamp (CFL) #4,variable,5.0,2.0,2.0,0.9,full
high,weighted,4200,Lighting - Compact fluorescent lamp (CFL) #5,variable,6.0,4.0,4.0,1.8,full
high,weighted,4200,Lighting - Incandescent bulb #2,variable,7.0,2.0,2.0,0.6,full
high,weighted,4200,Electric fan #1,variable,8.0,9.0,9.0,43.2,full
high,weighted,4200,Electric fan #2,variable,9.0,8.0,8.0,19.2,full
high,weighted,4200,Rice cooker,variable,10.0,2.0,2.0,27.0,full
high,weighted,4200,Electric flat iron,variable,11.0,2.0,2.0,5.143,full
high,weighted,4200,"Washing machine, manual",variable,12.0,3.0,3.0,7.2,full
high,weighted,4200,Color TV - CRT screen,variable,13.0,4.0,4.0,13.2,full
high,weighted,4200,"Personal computer, LCD monitor",variable,14.0,2.0,2.0,5.786,full
high,weighted,4200,"Airconditioner, window type",variable,15.0,1.25,4.0,69.75,reduced
high,weighted,4200,Others (miscellaneous),variable,16.0,2.0,2.0,0.12,full
high,weighted,4300,"Refrigerator, ordinary",fixed,,24.0,24.0,68.4,always on
high,weighted,4300,Lighting - Incandescent bulb #1,variable,1.0,9.0,9.0,6.75,full
high,weighted,4300,Lighting - Compact fluorescent lamp (CFL) #1,variable,2.0,5.0,5.0,3.0,full
high,weighted,4300,Lighting - Compact fluorescent lamp (CFL) #2,variable,3.0,4.0,4.0,2.4,full
high,weighted,4300,Lighting - Compact fluorescent lamp (CFL) #3,variable,4.0,2.0,2.0,1.2,full
high,weighted,4300,Lighting - Compact fluorescent lamp (CFL) #4,variable,5.0,2.0,2.0,0.9,full
high,weighted,4300,Lighting - Compact fluorescent lamp (CFL) #5,variable,6.0,4.0,4.0,1.8,full
high,weighted,4300,Lighting - Incandescent bulb #2,variable,7.0,2.0,2.0,0.6,full
high,weighted,4300,Electric fan #1,variable,8.0,9.0,9.0,43.2,full
high,weighted,4300,Electric fan #2,variable,9.0,8.0,8.0,19.2,full
high,weighted,4300,Rice cooker,variable,10.0,2.0,2.0,27.0,full
high,weighted,4300,Electric flat iron,variable,11.0,2.0,2.0,5.143,full
high,weighted,4300,"Washing machine, manual",variable,12.0,3.0,3.0,7.2,full
high,weighted,4300,Color TV - CRT screen,variable,13.0,4.0,4.0,13.2,full
high,weighted,4300,"Personal computer, LCD monitor",variable,14.0,2.0,2.0,5.786,full
high,weighted,4300,"Airconditioner, window type",variable,15.0,1.25,4.0,69.75,reduced
high,weighted,4300,Others (miscellaneous),variable,16.0,2.0,2.0,0.12,full
high,weighted,4400,"Refrigerator, ordinary",fixed,,24.0,24.0,68.4,always on
high,weighted,4400,Lighting - Incandescent bulb #1,variable,1.0,9.0,9.0,6.75,full
high,weighted,4400,Lighting - Compact fluorescent lamp (CFL) #1,variable,2.0,5.0,5.0,3.0,full
high,weighted,4400,Lighting - Compact fluorescent lamp (CFL) #2,variable,3.0,4.0,4.0,2.4,full
high,weighted,4400,Lighting - Compact fluorescent lamp (CFL) #3,variable,4.0,2.0,2.0,1.2,full
high,weighted,4400,Lighting - Compact fluorescent lamp (CFL) #4,variable,5.0,2.0,2.0,0.9,full
high,weighted,4400,Lighting - Compact fluorescent lamp (CFL) #5,variable,6.0,4.0,4.0,1.8,full
high,weighted,4400,Lighting - Incandescent bulb #2,variable,7.0,2.0,2.0,0.6,full
high,weighted,4400,Electric fan #1,variable,8.0,9.0,9.0,43.2,full
high,weighted,4400,Electric fan #2,variable,9.0,8.0,8.0,19.2,full
high,weighted,4400,Rice cooker,variable,10.0,2.0,2.0,27.0,full
high,weighted,4400,Electric flat iron,variable,11.0,2.0,2.0,5.143,full
high,weighted,4400,"Washing machine, manual",variable,12.0,3.0,3.0,7.2,full
high,weighted,4400,Color TV - CRT screen,variable,13.0,4.0,4.0,13.2,full
high,weighted,4400,"Personal computer, LCD monitor",variable,14.0,2.0,2.0,5.786,full
high,weighted,4400,"Airconditioner, window type",variable,15.0,1.5,4.0,83.7,reduced
high,weighted,4400,Others (miscellaneous),variable,16.0,2.0,2.0,0.12,full
high,weighted,4500,"Refrigerator, ordinary",fixed,,24.0,24.0,68.4,always on
high,weighted,4500,Lighting - Incandescent bulb #1,variable,1.0,9.0,9.0,6.75,full
high,weighted,4500,Lighting - Compact fluorescent lamp (CFL) #1,variable,2.0,5.0,5.0,3.0,full
high,weighted,4500,Lighting - Compact fluorescent lamp (CFL) #2,variable,3.0,4.0,4.0,2.4,full
high,weighted,4500,Lighting - Compact fluorescent lamp (CFL) #3,variable,4.0,2.0,2.0,1.2,full
high,weighted,4500,Lighting - Compact fluorescent lamp (CFL) #4,variable,5.0,2.0,2.0,0.9,full
high,weighted,4500,Lighting - Compact fluorescent lamp (CFL) #5,variable,6.0,4.0,4.0,1.8,full
high,weighted,4500,Lighting - Incandescent bulb #2,variable,7.0,2.0,2.0,0.6,full
high,weighted,4500,Electric fan #1,variable,8.0,9.0,9.0,43.2,full
high,weighted,4500,Electric fan #2,variable,9.0,8.0,8.0,19.2,full
high,weighted,4500,Rice cooker,variable,10.0,2.0,2.0,27.0,full
high,weighted,4500,Electric flat iron,variable,11.0,2.0,2.0,5.143,full
high,weighted,4500,"Washing machine, manual",variable,12.0,3.0,3.0,7.2,full
high,weighted,4500,Color TV - CRT screen,variable,13.0,4.0,4.0,13.2,full
high,weighted,4500,"Personal computer, LCD monitor",variable,14.0,2.0,2.0,5.786,full
high,weighted,4500,"Airconditioner, window type",variable,15.0,1.5,4.0,83.7,reduced
high,weighted,4500,Others (miscellaneous),variable,16.0,2.0,2.0,0.12,full
high,weighted,4600,"Refrigerator, ordinary",fixed,,24.0,24.0,68.4,always on
high,weighted,4600,Lighting - Incandescent bulb #1,variable,1.0,9.0,9.0,6.75,full
high,weighted,4600,Lighting - Compact fluorescent lamp (CFL) #1,variable,2.0,5.0,5.0,3.0,full
high,weighted,4600,Lighting - Compact fluorescent lamp (CFL) #2,variable,3.0,4.0,4.0,2.4,full
high,weighted,4600,Lighting - Compact fluorescent lamp (CFL) #3,variable,4.0,2.0,2.0,1.2,full
high,weighted,4600,Lighting - Compact fluorescent lamp (CFL) #4,variable,5.0,2.0,2.0,0.9,full
high,weighted,4600,Lighting - Compact fluorescent lamp (CFL) #5,variable,6.0,4.0,4.0,1.8,full
high,weighted,4600,Lighting - Incandescent bulb #2,variable,7.0,2.0,2.0,0.6,full
high,weighted,4600,Electric fan #1,variable,8.0,9.0,9.0,43.2,full
high,weighted,4600,Electric fan #2,variable,9.0,8.0,8.0,19.2,full
high,weighted,4600,Rice cooker,variable,10.0,2.0,2.0,27.0,full
high,weighted,4600,Electric flat iron,variable,11.0,2.0,2.0,5.143,full
high,weighted,4600,"Washing machine, manual",variable,12.0,3.0,3.0,7.2,full
high,weighted,4600,Color TV - CRT screen,variable,13.0,4.0,4.0,13.2,full
high,weighted,4600,"Personal computer, LCD monitor",variable,14.0,2.0,2.0,5.786,full
high,weighted,4600,"Airconditioner, window type",variable,15.0,1.5,4.0,83.7,reduced
high,weighted,4600,Others (miscellaneous),variable,16.0,2.0,2.0,0.12,full
high,weighted,4700,"Refrigerator, ordinary",fixed,,24.0,24.0,68.4,always on
high,weighted,4700,Lighting - Incandescent bulb #1,variable,1.0,9.0,9.0,6.75,full
high,weighted,4700,Lighting - Compact fluorescent lamp (CFL) #1,variable,2.0,5.0,5.0,3.0,full
high,weighted,4700,Lighting - Compact fluorescent lamp (CFL) #2,variable,3.0,4.0,4.0,2.4,full
high,weighted,4700,Lighting - Compact fluorescent lamp (CFL) #3,variable,4.0,2.0,2.0,1.2,full
high,weighted,4700,Lighting - Compact fluorescent lamp (CFL) #4,variable,5.0,2.0,2.0,0.9,full
high,weighted,4700,Lighting - Compact fluorescent lamp (CFL) #5,variable,6.0,4.0,4.0,1.8,full
high,weighted,4700,Lighting - Incandescent bulb #2,variable,7.0,2.0,2.0,0.6,full
high,weighted,4700,Electric fan #1,variable,8.0,9.0,9.0,43.2,full
high,weighted,4700,Electric fan #2,variable,9.0,8.0,8.0,19.2,full
high,weighted,4700,Rice cooker,variable,10.0,2.0,2.0,27.0,full
high,weighted,4700,Electric flat iron,variable,11.0,2.0,2.0,5.143,full
high,weighted,4700,"Washing machine, manual",variable,12.0,3.0,3.0,7.2,full
high,weighted,4700,Color TV - CRT screen,variable,13.0,4.0,4.0,13.2,full
high,weighted,4700,"Personal computer, LCD monitor",variable,14.0,2.0,2.0,5.786,full
high,weighted,4700,"Airconditioner, window type",variable,15.0,1.75,4.0,97.65,reduced
high,weighted,4700,Others (miscellaneous),variable,16.0,2.0,2.0,0.12,full
high,weighted,4800,"Refrigerator, ordinary",fixed,,24.0,24.0,68.4,always on
high,weighted,4800,Lighting - Incandescent bulb #1,variable,1.0,9.0,9.0,6.75,full
high,weighted,4800,Lighting - Compact fluorescent lamp (CFL) #1,variable,2.0,5.0,5.0,3.0,full
high,weighted,4800,Lighting - Compact fluorescent lamp (CFL) #2,variable,3.0,4.0,4.0,2.4,full
high,weighted,4800,Lighting - Compact fluorescent lamp (CFL) #3,variable,4.0,2.0,2.0,1.2,full
high,weighted,4800,Lighting - Compact fluorescent lamp (CFL) #4,variable,5.0,2.0,2.0,0.9,full
high,weighted,4800,Lighting - Compact fluorescent lamp (CFL) #5,variable,6.0,4.0,4.0,1.8,full
high,weighted,4800,Lighting - Incandescent bulb #2,variable,7.0,2.0,2.0,0.6,full
high,weighted,4800,Electric fan #1,variable,8.0,9.0,9.0,43.2,full
high,weighted,4800,Electric fan #2,variable,9.0,8.0,8.0,19.2,full
high,weighted,4800,Rice cooker,variable,10.0,2.0,2.0,27.0,full
high,weighted,4800,Electric flat iron,variable,11.0,2.0,2.0,5.143,full
high,weighted,4800,"Washing machine, manual",variable,12.0,3.0,3.0,7.2,full
high,weighted,4800,Color TV - CRT screen,variable,13.0,4.0,4.0,13.2,full
high,weighted,4800,"Personal computer, LCD monitor",variable,14.0,2.0,2.0,5.786,full
high,weighted,4800,"Airconditioner, window type",variable,15.0,1.75,4.0,97.65,reduced
high,weighted,4800,Others (miscellaneous),variable,16.0,2.0,2.0,0.12,full
high,weighted,4900,"Refrigerator, ordinary",fixed,,24.0,24.0,68.4,always on
high,weighted,4900,Lighting - Incandescent bulb #1,variable,1.0,9.0,9.0,6.75,full
high,weighted,4900,Lighting - Compact fluorescent lamp (CFL) #1,variable,2.0,5.0,5.0,3.0,full
high,weighted,4900,Lighting - Compact fluorescent lamp (CFL) #2,variable,3.0,4.0,4.0,2.4,full
high,weighted,4900,Lighting - Compact fluorescent lamp (CFL) #3,variable,4.0,2.0,2.0,1.2,full
high,weighted,4900,Lighting - Compact fluorescent lamp (CFL) #4,variable,5.0,2.0,2.0,0.9,full
high,weighted,4900,Lighting - Compact fluorescent lamp (CFL) #5,variable,6.0,4.0,4.0,1.8,full
high,weighted,4900,Lighting - Incandescent bulb #2,variable,7.0,2.0,2.0,0.6,full
high,weighted,4900,Electric fan #1,variable,8.0,9.0,9.0,43.2,full
high,weighted,4900,Electric fan #2,variable,9.0,8.0,8.0,19.2,full
high,weighted,4900,Rice cooker,variable,10.0,2.0,2.0,27.0,full
high,weighted,4900,Electric flat iron,variable,11.0,2.0,2.0,5.143,full
high,weighted,4900,"Washing machine, manual",variable,12.0,3.0,3.0,7.2,full
high,weighted,4900,Color TV - CRT screen,variable,13.0,4.0,4.0,13.2,full
high,weighted,4900,"Personal computer, LCD monitor",variable,14.0,2.0,2.0,5.786,full
high,weighted,4900,"Airconditioner, window type",variable,15.0,2.0,4.0,111.6,reduced
high,weighted,4900,Others (miscellaneous),variable,16.0,2.0,2.0,0.12,full
high,weighted,5000,"Refrigerator, ordinary",fixed,,24.0,24.0,68.4,always on
high,weighted,5000,Lighting - Incandescent bulb #1,variable,1.0,9.0,9.0,6.75,full
high,weighted,5000,Lighting - Compact fluorescent lamp (CFL) #1,variable,2.0,5.0,5.0,3.0,full
high,weighted,5000,Lighting - Compact fluorescent lamp (CFL) #2,variable,3.0,4.0,4.0,2.4,full
high,weighted,5000,Lighting - Compact fluorescent lamp (CFL) #3,variable,4.0,2.0,2.0,1.2,full
high,weighted,5000,Lighting - Compact fluorescent lamp (CFL) #4,variable,5.0,2.0,2.0,0.9,full
high,weighted,5000,Lighting - Compact fluorescent lamp (CFL) #5,variable,6.0,4.0,4.0,1.8,full
high,weighted,5000,Lighting - Incandescent bulb #2,variable,7.0,2.0,2.0,0.6,full
high,weighted,5000,Electric fan #1,variable,8.0,9.0,9.0,43.2,full
high,weighted,5000,Electric fan #2,variable,9.0,8.0,8.0,19.2,full
high,weighted,5000,Rice cooker,variable,10.0,2.0,2.0,27.0,full
high,weighted,5000,Electric flat iron,variable,11.0,2.0,2.0,5.143,full
high,weighted,5000,"Washing machine, manual",variable,12.0,3.0,3.0,7.2,full
high,weighted,5000,Color TV - CRT screen,variable,13.0,4.0,4.0,13.2,full
high,weighted,5000,"Personal computer, LCD monitor",variable,14.0,2.0,2.0,5.786,full
high,weighted,5000,"Airconditioner, window type",variable,15.0,2.0,4.0,111.6,reduced
high,weighted,5000,Others (miscellaneous),variable,16.0,2.0,2.0,0.12,full
high,weighted,5100,"Refrigerator, ordinary",fixed,,24.0,24.0,68.4,always on
high,weighted,5100,Lighting - Incandescent bulb #1,variable,1.0,9.0,9.0,6.75,full
high,weighted,5100,Lighting - Compact fluorescent lamp (CFL) #1,variable,2.0,5.0,5.0,3.0,full
high,weighted,5100,Lighting - Compact fluorescent lamp (CFL) #2,variable,3.0,4.0,4.0,2.4,full
high,weighted,5100,Lighting - Compact fluorescent lamp (CFL) #3,variable,4.0,2.0,2.0,1.2,full
high,weighted,5100,Lighting - Compact fluorescent lamp (CFL) #4,variable,5.0,2.0,2.0,0.9,full
high,weighted,5100,Lighting - Compact fluorescent lamp (CFL) #5,variable,6.0,4.0,4.0,1.8,full
high,weighted,5100,Lighting - Incandescent bulb #2,variable,7.0,2.0,2.0,0.6,full
high,weighted,5100,Electric fan #1,variable,8.0,9.0,9.0,43.2,full
high,weighted,5100,Electric fan #2,variable,9.0,8.0,8.0,19.2,full
high,weighted,5100,Rice cooker,variable,10.0,2.0,2.0,27.0,full
high,weighted,5100,Electric flat iron,variable,11.0,2.0,2.0,5.143,full
high,weighted,5100,"Washing machine, manual",variable,12.0,3.0,3.0,7.2,full
high,weighted,5100,Color TV - CRT screen,variable,13.0,4.0,4.0,13.2,full
high,weighted,5100,"Personal computer, LCD monitor",variable,14.0,2.0,2.0,5.786,full
high,weighted,5100,"Airconditioner, window type",variable,15.0,2.25,4.0,125.55,reduced
high,weighted,5100,Others (miscellaneous),variable,16.0,2.0,2.0,0.12,full
high,weighted,5200,"Refrigerator, ordinary",fixed,,24.0,24.0,68.4,always on
high,weighted,5200,Lighting - Incandescent bulb #1,variable,1.0,9.0,9.0,6.75,full
high,weighted,5200,Lighting - Compact fluorescent lamp (CFL) #1,variable,2.0,5.0,5.0,3.0,full
high,weighted,5200,Lighting - Compact fluorescent lamp (CFL) #2,variable,3.0,4.0,4.0,2.4,full
high,weighted,5200,Lighting - Compact fluorescent lamp (CFL) #3,variable,4.0,2.0,2.0,1.2,full
high,weighted,5200,Lighting - Compact fluorescent lamp (CFL) #4,variable,5.0,2.0,2.0,0.9,full
high,weighted,5200,Lighting - Compact fluorescent lamp (CFL) #5,variable,6.0,4.0,4.0,1.8,full
high,weighted,5200,Lighting - Incandescent bulb #2,variable,7.0,2.0,2.0,0.6,full
high,weighted,5200,Electric fan #1,variable,8.0,9.0,9.0,43.2,full
high,weighted,5200,Electric fan #2,variable,9.0,8.0,8.0,19.2,full
high,weighted,5200,Rice cooker,variable,10.0,2.0,2.0,27.0,full
high,weighted,5200,Electric flat iron,variable,11.0,2.0,2.0,5.143,full
high,weighted,5200,"Washing machine, manual",variable,12.0,3.0,3.0,7.2,full
high,weighted,5200,Color TV - CRT screen,variable,13.0,4.0,4.0,13.2,full
high,weighted,5200,"Personal computer, LCD monitor",variable,14.0,2.0,2.0,5.786,full
high,weighted,5200,"Airconditioner, window type",variable,15.0,2.25,4.0,125.55,reduced
high,weighted,5200,Others (miscellaneous),variable,16.0,2.0,2.0,0.12,full
high,weighted,5300,"Refrigerator, ordinary",fixed,,24.0,24.0,68.4,always on
high,weighted,5300,Lighting - Incandescent bulb #1,variable,1.0,9.0,9.0,6.75,full
high,weighted,5300,Lighting - Compact fluorescent lamp (CFL) #1,variable,2.0,5.0,5.0,3.0,full
high,weighted,5300,Lighting - Compact fluorescent lamp (CFL) #2,variable,3.0,4.0,4.0,2.4,full
high,weighted,5300,Lighting - Compact fluorescent lamp (CFL) #3,variable,4.0,2.0,2.0,1.2,full
high,weighted,5300,Lighting - Compact fluorescent lamp (CFL) #4,variable,5.0,2.0,2.0,0.9,full
high,weighted,5300,Lighting - Compact fluorescent lamp (CFL) #5,variable,6.0,4.0,4.0,1.8,full
high,weighted,5300,Lighting - Incandescent bulb #2,variable,7.0,2.0,2.0,0.6,full
high,weighted,5300,Electric fan #1,variable,8.0,9.0,9.0,43.2,full
high,weighted,5300,Electric fan #2,variable,9.0,8.0,8.0,19.2,full
high,weighted,5300,Rice cooker,variable,10.0,2.0,2.0,27.0,full
high,weighted,5300,Electric flat iron,variable,11.0,2.0,2.0,5.143,full
high,weighted,5300,"Washing machine, manual",variable,12.0,3.0,3.0,7.2,full
high,weighted,5300,Color TV - CRT screen,variable,13.0,4.0,4.0,13.2,full
high,weighted,5300,"Personal computer, LCD monitor",variable,14.0,2.0,2.0,5.786,full
high,weighted,5300,"Airconditioner, window type",variable,15.0,2.5,4.0,139.5,reduced
high,weighted,5300,Others (miscellaneous),variable,16.0,2.0,2.0,0.12,full
high,weighted,5400,"Refrigerator, ordinary",fixed,,24.0,24.0,68.4,always on
high,weighted,5400,Lighting - Incandescent bulb #1,variable,1.0,9.0,9.0,6.75,full
high,weighted,5400,Lighting - Compact fluorescent lamp (CFL) #1,variable,2.0,5.0,5.0,3.0,full
high,weighted,5400,Lighting - Compact fluorescent lamp (CFL) #2,variable,3.0,4.0,4.0,2.4,full
high,weighted,5400,Lighting - Compact fluorescent lamp (CFL) #3,variable,4.0,2.0,2.0,1.2,full
high,weighted,5400,Lighting - Compact fluorescent lamp (CFL) #4,variable,5.0,2.0,2.0,0.9,full
high,weighted,5400,Lighting - Compact fluorescent lamp (CFL) #5,variable,6.0,4.0,4.0,1.8,full
high,weighted,5400,Lighting - Incandescent bulb #2,variable,7.0,2.0,2.0,0.6,full
high,weighted,5400,Electric fan #1,variable,8.0,9.0,9.0,43.2,full
high,weighted,5400,Electric fan #2,variable,9.0,8.0,8.0,19.2,full
high,weighted,5400,Rice cooker,variable,10.0,2.0,2.0,27.0,full
high,weighted,5400,Electric flat iron,variable,11.0,2.0,2.0,5.143,full
high,weighted,5400,"Washing machine, manual",variable,12.0,3.0,3.0,7.2,full
high,weighted,5400,Color TV - CRT screen,variable,13.0,4.0,4.0,13.2,full
high,weighted,5400,"Personal computer, LCD monitor",variable,14.0,2.0,2.0,5.786,full
high,weighted,5400,"Airconditioner, window type",variable,15.0,2.5,4.0,139.5,reduced
high,weighted,5400,Others (miscellaneous),variable,16.0,2.0,2.0,0.12,full
high,weighted,5500,"Refrigerator, ordinary",fixed,,24.0,24.0,68.4,always on
high,weighted,5500,Lighting - Incandescent bulb #1,variable,1.0,9.0,9.0,6.75,full
high,weighted,5500,Lighting - Compact fluorescent lamp (CFL) #1,variable,2.0,5.0,5.0,3.0,full
high,weighted,5500,Lighting - Compact fluorescent lamp (CFL) #2,variable,3.0,4.0,4.0,2.4,full
high,weighted,5500,Lighting - Compact fluorescent lamp (CFL) #3,variable,4.0,2.0,2.0,1.2,full
high,weighted,5500,Lighting - Compact fluorescent lamp (CFL) #4,variable,5.0,2.0,2.0,0.9,full
high,weighted,5500,Lighting - Compact fluorescent lamp (CFL) #5,variable,6.0,4.0,4.0,1.8,full
high,weighted,5500,Lighting - Incandescent bulb #2,variable,7.0,2.0,2.0,0.6,full
high,weighted,5500,Electric fan #1,variable,8.0,9.0,9.0,43.2,full
high,weighted,5500,Electric fan #2,variable,9.0,8.0,8.0,19.2,full
high,weighted,5500,Rice cooker,variable,10.0,2.0,2.0,27.0,full
high,weighted,5500,Electric flat iron,variable,11.0,2.0,2.0,5.143,full
high,weighted,5500,"Washing machine, manual",variable,12.0,3.0,3.0,7.2,full
high,weighted,5500,Color TV - CRT screen,variable,13.0,4.0,4.0,13.2,full
high,weighted,5500,"Personal computer, LCD monitor",variable,14.0,2.0,2.0,5.786,full
high,weighted,5500,"Airconditioner, window type",variable,15.0,2.75,4.0,153.45,reduced
high,weighted,5500,Others (miscellaneous),variable,16.0,2.0,2.0,0.12,full
high,weighted,5600,"Refrigerator, ordinary",fixed,,24.0,24.0,68.4,always on
high,weighted,5600,Lighting - Incandescent bulb #1,variable,1.0,9.0,9.0,6.75,full
high,weighted,5600,Lighting - Compact fluorescent lamp (CFL) #1,variable,2.0,5.0,5.0,3.0,full
high,weighted,5600,Lighting - Compact fluorescent lamp (CFL) #2,variable,3.0,4.0,4.0,2.4,full
high,weighted,5600,Lighting - Compact fluorescent lamp (CFL) #3,variable,4.0,2.0,2.0,1.2,full
high,weighted,5600,Lighting - Compact fluorescent lamp (CFL) #4,variable,5.0,2.0,2.0,0.9,full
high,weighted,5600,Lighting - Compact fluorescent lamp (CFL) #5,variable,6.0,4.0,4.0,1.8,full
high,weighted,5600,Lighting - Incandescent bulb #2,variable,7.0,2.0,2.0,0.6,full
high,weighted,5600,Electric fan #1,variable,8.0,9.0,9.0,43.2,full
high,weighted,5600,Electric fan #2,variable,9.0,8.0,8.0,19.2,full
high,weighted,5600,Rice cooker,variable,10.0,2.0,2.0,27.0,full
high,weighted,5600,Electric flat iron,variable,11.0,2.0,2.0,5.143,full
high,weighted,5600,"Washing machine, manual",variable,12.0,3.0,3.0,7.2,full
high,weighted,5600,Color TV - CRT screen,variable,13.0,4.0,4.0,13.2,full
high,weighted,5600,"Personal computer, LCD monitor",variable,14.0,2.0,2.0,5.786,full
high,weighted,5600,"Airconditioner, window type",variable,15.0,2.75,4.0,153.45,reduced
high,weighted,5600,Others (miscellaneous),variable,16.0,2.0,2.0,0.12,full
high,weighted,5700,"Refrigerator, ordinary",fixed,,24.0,24.0,68.4,always on
high,weighted,5700,Lighting - Incandescent bulb #1,variable,1.0,9.0,9.0,6.75,full
high,weighted,5700,Lighting - Compact fluorescent lamp (CFL) #1,variable,2.0,5.0,5.0,3.0,full
high,weighted,5700,Lighting - Compact fluorescent lamp (CFL) #2,variable,3.0,4.0,4.0,2.4,full
high,weighted,5700,Lighting - Compact fluorescent lamp (CFL) #3,variable,4.0,2.0,2.0,1.2,full
high,weighted,5700,Lighting - Compact fluorescent lamp (CFL) #4,variable,5.0,2.0,2.0,0.9,full
high,weighted,5700,Lighting - Compact fluorescent lamp (CFL) #5,variable,6.0,4.0,4.0,1.8,full
high,weighted,5700,Lighting - Incandescent bulb #2,variable,7.0,2.0,2.0,0.6,full
high,weighted,5700,Electric fan #1,variable,8.0,9.0,9.0,43.2,full
high,weighted,5700,Electric fan #2,variable,9.0,8.0,8.0,19.2,full
high,weighted,5700,Rice cooker,variable,10.0,2.0,2.0,27.0,full
high,weighted,5700,Electric flat iron,variable,11.0,2.0,2.0,5.143,full
high,weighted,5700,"Washing machine, manual",variable,12.0,3.0,3.0,7.2,full
high,weighted,5700,Color TV - CRT screen,variable,13.0,4.0,4.0,13.2,full
high,weighted,5700,"Personal computer, LCD monitor",variable,14.0,2.0,2.0,5.786,full
high,weighted,5700,"Airconditioner, window type",variable,15.0,2.75,4.0,153.45,reduced
high,weighted,5700,Others (miscellaneous),variable,16.0,2.0,2.0,0.12,full
high,weighted,5800,"Refrigerator, ordinary",fixed,,24.0,24.0,68.4,always on
high,weighted,5800,Lighting - Incandescent bulb #1,variable,1.0,9.0,9.0,6.75,full
high,weighted,5800,Lighting - Compact fluorescent lamp (CFL) #1,variable,2.0,5.0,5.0,3.0,full
high,weighted,5800,Lighting - Compact fluorescent lamp (CFL) #2,variable,3.0,4.0,4.0,2.4,full
high,weighted,5800,Lighting - Compact fluorescent lamp (CFL) #3,variable,4.0,2.0,2.0,1.2,full
high,weighted,5800,Lighting - Compact fluorescent lamp (CFL) #4,variable,5.0,2.0,2.0,0.9,full
high,weighted,5800,Lighting - Compact fluorescent lamp (CFL) #5,variable,6.0,4.0,4.0,1.8,full
high,weighted,5800,Lighting - Incandescent bulb #2,variable,7.0,2.0,2.0,0.6,full
high,weighted,5800,Electric fan #1,variable,8.0,9.0,9.0,43.2,full
high,weighted,5800,Electric fan #2,variable,9.0,8.0,8.0,19.2,full
high,weighted,5800,Rice cooker,variable,10.0,2.0,2.0,27.0,full
high,weighted,5800,Electric flat iron,variable,11.0,2.0,2.0,5.143,full
high,weighted,5800,"Washing machine, manual",variable,12.0,3.0,3.0,7.2,full
high,weighted,5800,Color TV - CRT screen,variable,13.0,4.0,4.0,13.2,full
high,weighted,5800,"Personal computer, LCD monitor",variable,14.0,2.0,2.0,5.786,full
high,weighted,5800,"Airconditioner, window type",variable,15.0,3.0,4.0,167.4,reduced
high,weighted,5800,Others (miscellaneous),variable,16.0,2.0,2.0,0.12,full
high,weighted,5900,"Refrigerator, ordinary",fixed,,24.0,24.0,68.4,always on
high,weighted,5900,Lighting - Incandescent bulb #1,variable,1.0,9.0,9.0,6.75,full
high,weighted,5900,Lighting - Compact fluorescent lamp (CFL) #1,variable,2.0,5.0,5.0,3.0,full
high,weighted,5900,Lighting - Compact fluorescent lamp (CFL) #2,variable,3.0,4.0,4.0,2.4,full
high,weighted,5900,Lighting - Compact fluorescent lamp (CFL) #3,variable,4.0,2.0,2.0,1.2,full
high,weighted,5900,Lighting - Compact fluorescent lamp (CFL) #4,variable,5.0,2.0,2.0,0.9,full
high,weighted,5900,Lighting - Compact fluorescent lamp (CFL) #5,variable,6.0,4.0,4.0,1.8,full
high,weighted,5900,Lighting - Incandescent bulb #2,variable,7.0,2.0,2.0,0.6,full
high,weighted,5900,Electric fan #1,variable,8.0,9.0,9.0,43.2,full
high,weighted,5900,Electric fan #2,variable,9.0,8.0,8.0,19.2,full
high,weighted,5900,Rice cooker,variable,10.0,2.0,2.0,27.0,full
high,weighted,5900,Electric flat iron,variable,11.0,2.0,2.0,5.143,full
high,weighted,5900,"Washing machine, manual",variable,12.0,3.0,3.0,7.2,full
high,weighted,5900,Color TV - CRT screen,variable,13.0,4.0,4.0,13.2,full
high,weighted,5900,"Personal computer, LCD monitor",variable,14.0,2.0,2.0,5.786,full
high,weighted,5900,"Airconditioner, window type",variable,15.0,3.0,4.0,167.4,reduced
high,weighted,5900,Others (miscellaneous),variable,16.0,2.0,2.0,0.12,full
high,weighted,6000,"Refrigerator, ordinary",fixed,,24.0,24.0,68.4,always on
high,weighted,6000,Lighting - Incandescent bulb #1,variable,1.0,9.0,9.0,6.75,full
high,weighted,6000,Lighting - Compact fluorescent lamp (CFL) #1,variable,2.0,5.0,5.0,3.0,full
high,weighted,6000,Lighting - Compact fluorescent lamp (CFL) #2,variable,3.0,4.0,4.0,2.4,full
high,weighted,6000,Lighting - Compact fluorescent lamp (CFL) #3,variable,4.0,2.0,2.0,1.2,full
high,weighted,6000,Lighting - Compact fluorescent lamp (CFL) #4,variable,5.0,2.0,2.0,0.9,full
high,weighted,6000,Lighting - Compact fluorescent lamp (CFL) #5,variable,6.0,4.0,4.0,1.8,full
high,weighted,6000,Lighting - Incandescent bulb #2,variable,7.0,2.0,2.0,0.6,full
high,weighted,6000,Electric fan #1,variable,8.0,9.0,9.0,43.2,full
high,weighted,6000,Electric fan #2,variable,9.0,8.0,8.0,19.2,full
high,weighted,6000,Rice cooker,variable,10.0,2.0,2.0,27.0,full
high,weighted,6000,Electric flat iron,variable,11.0,2.0,2.0,5.143,full
high,weighted,6000,"Washing machine, manual",variable,12.0,3.0,3.0,7.2,full
high,weighted,6000,Color TV - CRT screen,variable,13.0,4.0,4.0,13.2,full
high,weighted,6000,"Personal computer, LCD monitor",variable,14.0,2.0,2.0,5.786,full
high,weighted,6000,"Airconditioner, window type",variable,15.0,3.25,4.0,181.35,reduced
high,weighted,6000,Others (miscellaneous),variable,16.0,2.0,2.0,0.12,full
high,weighted,6100,"Refrigerator, ordinary",fixed,,24.0,24.0,68.4,always on
high,weighted,6100,Lighting - Incandescent bulb #1,variable,1.0,9.0,9.0,6.75,full
high,weighted,6100,Lighting - Compact fluorescent lamp (CFL) #1,variable,2.0,5.0,5.0,3.0,full
high,weighted,6100,Lighting - Compact fluorescent lamp (CFL) #2,variable,3.0,4.0,4.0,2.4,full
high,weighted,6100,Lighting - Compact fluorescent lamp (CFL) #3,variable,4.0,2.0,2.0,1.2,full
high,weighted,6100,Lighting - Compact fluorescent lamp (CFL) #4,variable,5.0,2.0,2.0,0.9,full
high,weighted,6100,Lighting - Compact fluorescent lamp (CFL) #5,variable,6.0,4.0,4.0,1.8,full
high,weighted,6100,Lighting - Incandescent bulb #2,variable,7.0,2.0,2.0,0.6,full
high,weighted,6100,Electric fan #1,variable,8.0,9.0,9.0,43.2,full
high,weighted,6100,Electric fan #2,variable,9.0,8.0,8.0,19.2,full
high,weighted,6100,Rice cooker,variable,10.0,2.0,2.0,27.0,full
high,weighted,6100,Electric flat iron,variable,11.0,2.0,2.0,5.143,full
high,weighted,6100,"Washing machine, manual",variable,12.0,3.0,3.0,7.2,full
high,weighted,6100,Color TV - CRT screen,variable,13.0,4.0,4.0,13.2,full
high,weighted,6100,"Personal computer, LCD monitor",variable,14.0,2.0,2.0,5.786,full
high,weighted,6100,"Airconditioner, window type",variable,15.0,3.25,4.0,181.35,reduced
high,weighted,6100,Others (miscellaneous),variable,16.0,2.0,2.0,0.12,full
high,weighted,6200,"Refrigerator, ordinary",fixed,,24.0,24.0,68.4,always on
high,weighted,6200,Lighting - Incandescent bulb #1,variable,1.0,9.0,9.0,6.75,full
high,weighted,6200,Lighting - Compact fluorescent lamp (CFL) #1,variable,2.0,5.0,5.0,3.0,full
high,weighted,6200,Lighting - Compact fluorescent lamp (CFL) #2,variable,3.0,4.0,4.0,2.4,full
high,weighted,6200,Lighting - Compact fluorescent lamp (CFL) #3,variable,4.0,2.0,2.0,1.2,full
high,weighted,6200,Lighting - Compact fluorescent lamp (CFL) #4,variable,5.0,2.0,2.0,0.9,full
high,weighted,6200,Lighting - Compact fluorescent lamp (CFL) #5,variable,6.0,4.0,4.0,1.8,full
high,weighted,6200,Lighting - Incandescent bulb #2,variable,7.0,2.0,2.0,0.6,full
high,weighted,6200,Electric fan #1,variable,8.0,9.0,9.0,43.2,full
high,weighted,6200,Electric fan #2,variable,9.0,8.0,8.0,19.2,full
high,weighted,6200,Rice cooker,variable,10.0,2.0,2.0,27.0,full
high,weighted,6200,Electric flat iron,variable,11.0,2.0,2.0,5.143,full
high,weighted,6200,"Washing machine, manual",variable,12.0,3.0,3.0,7.2,full
high,weighted,6200,Color TV - CRT screen,variable,13.0,4.0,4.0,13.2,full
high,weighted,6200,"Personal computer, LCD monitor",variable,14.0,2.0,2.0,5.786,full
high,weighted,6200,"Airconditioner, window type",variable,15.0,3.25,4.0,181.35,reduced
high,weighted,6200,Others (miscellaneous),variable,16.0,2.0,2.0,0.12,full
high,weighted,6300,"Refrigerator, ordinary",fixed,,24.0,24.0,68.4,always on
high,weighted,6300,Lighting - Incandescent bulb #1,variable,1.0,9.0,9.0,6.75,full
high,weighted,6300,Lighting - Compact fluorescent lamp (CFL) #1,variable,2.0,5.0,5.0,3.0,full
high,weighted,6300,Lighting - Compact fluorescent lamp (CFL) #2,variable,3.0,4.0,4.0,2.4,full
high,weighted,6300,Lighting - Compact fluorescent lamp (CFL) #3,variable,4.0,2.0,2.0,1.2,full
high,weighted,6300,Lighting - Compact fluorescent lamp (CFL) #4,variable,5.0,2.0,2.0,0.9,full
high,weighted,6300,Lighting - Compact fluorescent lamp (CFL) #5,variable,6.0,4.0,4.0,1.8,full
high,weighted,6300,Lighting - Incandescent bulb #2,variable,7.0,2.0,2.0,0.6,full
high,weighted,6300,Electric fan #1,variable,8.0,9.0,9.0,43.2,full
high,weighted,6300,Electric fan #2,variable,9.0,8.0,8.0,19.2,full
high,weighted,6300,Rice cooker,variable,10.0,2.0,2.0,27.0,full
high,weighted,6300,Electric flat iron,variable,11.0,2.0,2.0,5.143,full
high,weighted,6300,"Washing machine, manual",variable,12.0,3.0,3.0,7.2,full
high,weighted,6300,Color TV - CRT screen,variable,13.0,4.0,4.0,13.2,full
high,weighted,6300,"Personal computer, LCD monitor",variable,14.0,2.0,2.0,5.786,full
high,weighted,6300,"Airconditioner, window type",variable,15.0,3.25,4.0,181.35,reduced
high,weighted,6300,Others (miscellaneous),variable,16.0,2.0,2.0,0.12,full
high,weighted,6400,"Refrigerator, ordinary",fixed,,24.0,24.0,68.4,always on
high,weighted,6400,Lighting - Incandescent bulb #1,variable,1.0,9.0,9.0,6.75,full
high,weighted,6400,Lighting - Compact fluorescent lamp (CFL) #1,variable,2.0,5.0,5.0,3.0,full
high,weighted,6400,Lighting - Compact fluorescent lamp (CFL) #2,variable,3.0,4.0,4.0,2.4,full
high,weighted,6400,Lighting - Compact fluorescent lamp (CFL) #3,variable,4.0,2.0,2.0,1.2,full
high,weighted,6400,Lighting - Compact fluorescent lamp (CFL) #4,variable,5.0,2.0,2.0,0.9,full
high,weighted,6400,Lighting - Compact fluorescent lamp (CFL) #5,variable,6.0,4.0,4.0,1.8,full
high,weighted,6400,Lighting - Incandescent bulb #2,variable,7.0,2.0,2.0,0.6,full
high,weighted,6400,Electric fan #1,variable,8.0,9.0,9.0,43.2,full
high,weighted,6400,Electric fan #2,variable,9.0,8.0,8.0,19.2,full
high,weighted,6400,Rice cooker,variable,10.0,2.0,2.0,27.0,full
high,weighted,6400,Electric flat iron,variable,11.0,2.0,2.0,5.143,full
high,weighted,6400,"Washing machine, manual",variable,12.0,3.0,3.0,7.2,full
high,weighted,6400,Color TV - CRT screen,variable,13.0,4.0,4.0,13.2,full
high,weighted,6400,"Personal computer, LCD monitor",variable,14.0,2.0,2.0,5.786,full
high,weighted,6400,"Airconditioner, window type",variable,15.0,3.5,4.0,195.3,reduced
high,weighted,6400,Others (miscellaneous),variable,16.0,2.0,2.0,0.12,full
high,weighted,6500,"Refrigerator, ordinary",fixed,,24.0,24.0,68.4,always on
high,weighted,6500,Lighting - Incandescent bulb #1,variable,1.0,9.0,9.0,6.75,full
high,weighted,6500,Lighting - Compact fluorescent lamp (CFL) #1,variable,2.0,5.0,5.0,3.0,full
high,weighted,6500,Lighting - Compact fluorescent lamp (CFL) #2,variable,3.0,4.0,4.0,2.4,full
high,weighted,6500,Lighting - Compact fluorescent lamp (CFL) #3,variable,4.0,2.0,2.0,1.2,full
high,weighted,6500,Lighting - Compact fluorescent lamp (CFL) #4,variable,5.0,2.0,2.0,0.9,full
high,weighted,6500,Lighting - Compact fluorescent lamp (CFL) #5,variable,6.0,4.0,4.0,1.8,full
high,weighted,6500,Lighting - Incandescent bulb #2,variable,7.0,2.0,2.0,0.6,full
high,weighted,6500,Electric fan #1,variable,8.0,9.0,9.0,43.2,full
high,weighted,6500,Electric fan #2,variable,9.0,8.0,8.0,19.2,full
high,weighted,6500,Rice cooker,variable,10.0,2.0,2.0,27.0,full
high,weighted,6500,Electric flat iron,variable,11.0,2.0,2.0,5.143,full
high,weighted,6500,"Washing machine, manual",variable,12.0,3.0,3.0,7.2,full
high,weighted,6500,Color TV - CRT screen,variable,13.0,4.0,4.0,13.2,full
high,weighted,6500,"Personal computer, LCD monitor",variable,14.0,2.0,2.0,5.786,full
high,weighted,6500,"Airconditioner, window type",variable,15.0,3.5,4.0,195.3,reduced
high,weighted,6500,Others (miscellaneous),variable,16.0,2.0,2.0,0.12,full
high,weighted,6600,"Refrigerator, ordinary",fixed,,24.0,24.0,68.4,always on
high,weighted,6600,Lighting - Incandescent bulb #1,variable,1.0,9.0,9.0,6.75,full
high,weighted,6600,Lighting - Compact fluorescent lamp (CFL) #1,variable,2.0,5.0,5.0,3.0,full
high,weighted,6600,Lighting - Compact fluorescent lamp (CFL) #2,variable,3.0,4.0,4.0,2.4,full
high,weighted,6600,Lighting - Compact fluorescent lamp (CFL) #3,variable,4.0,2.0,2.0,1.2,full
high,weighted,6600,Lighting - Compact fluorescent lamp (CFL) #4,variable,5.0,2.0,2.0,0.9,full
high,weighted,6600,Lighting - Compact fluorescent lamp (CFL) #5,variable,6.0,4.0,4.0,1.8,full
high,weighted,6600,Lighting - Incandescent bulb #2,variable,7.0,2.0,2.0,0.6,full
high,weighted,6600,Electric fan #1,variable,8.0,9.0,9.0,43.2,full
high,weighted,6600,Electric fan #2,variable,9.0,8.0,8.0,19.2,full
high,weighted,6600,Rice cooker,variable,10.0,2.0,2.0,27.0,full
high,weighted,6600,Electric flat iron,variable,11.0,2.0,2.0,5.143,full
high,weighted,6600,"Washing machine, manual",variable,12.0,3.0,3.0,7.2,full
high,weighted,6600,Color TV - CRT screen,variable,13.0,4.0,4.0,13.2,full
high,weighted,6600,"Personal computer, LCD monitor",variable,14.0,2.0,2.0,5.786,full
high,weighted,6600,"Airconditioner, window type",variable,15.0,3.75,4.0,209.25,reduced
high,weighted,6600,Others (miscellaneous),variable,16.0,2.0,2.0,0.12,full
high,weighted,6700,"Refrigerator, ordinary",fixed,,24.0,24.0,68.4,always on
high,weighted,6700,Lighting - Incandescent bulb #1,variable,1.0,9.0,9.0,6.75,full
high,weighted,6700,Lighting - Compact fluorescent lamp (CFL) #1,variable,2.0,5.0,5.0,3.0,full
high,weighted,6700,Lighting - Compact fluorescent lamp (CFL) #2,variable,3.0,4.0,4.0,2.4,full
high,weighted,6700,Lighting - Compact fluorescent lamp (CFL) #3,variable,4.0,2.0,2.0,1.2,full
high,weighted,6700,Lighting - Compact fluorescent lamp (CFL) #4,variable,5.0,2.0,2.0,0.9,full
high,weighted,6700,Lighting - Compact fluorescent lamp (CFL) #5,variable,6.0,4.0,4.0,1.8,full
high,weighted,6700,Lighting - Incandescent bulb #2,variable,7.0,2.0,2.0,0.6,full
high,weighted,6700,Electric fan #1,variable,8.0,9.0,9.0,43.2,full
high,weighted,6700,Electric fan #2,variable,9.0,8.0,8.0,19.2,full
high,weighted,6700,Rice cooker,variable,10.0,2.0,2.0,27.0,full
high,weighted,6700,Electric flat iron,variable,11.0,2.0,2.0,5.143,full
high,weighted,6700,"Washing machine, manual",variable,12.0,3.0,3.0,7.2,full
high,weighted,6700,Color TV - CRT screen,variable,13.0,4.0,4.0,13.2,full
high,weighted,6700,"Personal computer, LCD monitor",variable,14.0,2.0,2.0,5.786,full
high,weighted,6700,"Airconditioner, window type",variable,15.0,3.75,4.0,209.25,reduced
high,weighted,6700,Others (miscellaneous),variable,16.0,2.0,2.0,0.12,full
high,weighted,6800,"Refrigerator, ordinary",fixed,,24.0,24.0,68.4,always on
high,weighted,6800,Lighting - Incandescent bulb #1,variable,1.0,9.0,9.0,6.75,full
high,weighted,6800,Lighting - Compact fluorescent lamp (CFL) #1,variable,2.0,5.0,5.0,3.0,full
high,weighted,6800,Lighting - Compact fluorescent lamp (CFL) #2,variable,3.0,4.0,4.0,2.4,full
high,weighted,6800,Lighting - Compact fluorescent lamp (CFL) #3,variable,4.0,2.0,2.0,1.2,full
high,weighted,6800,Lighting - Compact fluorescent lamp (CFL) #4,variable,5.0,2.0,2.0,0.9,full
high,weighted,6800,Lighting - Compact fluorescent lamp (CFL) #5,variable,6.0,4.0,4.0,1.8,full
high,weighted,6800,Lighting - Incandescent bulb #2,variable,7.0,2.0,2.0,0.6,full
high,weighted,6800,Electric fan #1,variable,8.0,9.0,9.0,43.2,full
high,weighted,6800,Electric fan #2,variable,9.0,8.0,8.0,19.2,full
high,weighted,6800,Rice cooker,variable,10.0,2.0,2.0,27.0,full
high,weighted,6800,Electric flat iron,variable,11.0,2.0,2.0,5.143,full
high,weighted,6800,"Washing machine, manual",variable,12.0,3.0,3.0,7.2,full
high,weighted,6800,Color TV - CRT screen,variable,13.0,4.0,4.0,13.2,full
high,weighted,6800,"Personal computer, LCD monitor",variable,14.0,2.0,2.0,5.786,full
high,weighted,6800,"Airconditioner, window type",variable,15.0,3.75,4.0,209.25,reduced
high,weighted,6800,Others (miscellaneous),variable,16.0,2.0,2.0,0.12,full
high,weighted,6900,"Refrigerator, ordinary",fixed,,24.0,24.0,68.4,always on
high,weighted,6900,Lighting - Incandescent bulb #1,variable,1.0,9.0,9.0,6.75,full
high,weighted,6900,Lighting - Compact fluorescent lamp (CFL) #1,variable,2.0,5.0,5.0,3.0,full
high,weighted,6900,Lighting - Compact fluorescent lamp (CFL) #2,variable,3.0,4.0,4.0,2.4,full
high,weighted,6900,Lighting - Compact fluorescent lamp (CFL) #3,variable,4.0,2.0,2.0,1.2,full
high,weighted,6900,Lighting - Compact fluorescent lamp (CFL) #4,variable,5.0,2.0,2.0,0.9,full
high,weighted,6900,Lighting - Compact fluorescent lamp (CFL) #5,variable,6.0,4.0,4.0,1.8,full
high,weighted,6900,Lighting - Incandescent bulb #2,variable,7.0,2.0,2.0,0.6,full
high,weighted,6900,Electric fan #1,variable,8.0,9.0,9.0,43.2,full
high,weighted,6900,Electric fan #2,variable,9.0,8.0,8.0,19.2,full
high,weighted,6900,Rice cooker,variable,10.0,2.0,2.0,27.0,full
high,weighted,6900,Electric flat iron,variable,11.0,2.0,2.0,5.143,full
high,weighted,6900,"Washing machine, manual",variable,12.0,3.0,3.0,7.2,full
high,weighted,6900,Color TV - CRT screen,variable,13.0,4.0,4.0,13.2,full
high,weighted,6900,"Personal computer, LCD monitor",variable,14.0,2.0,2.0,5.786,full
high,weighted,6900,"Airconditioner, window type",variable,15.0,4.0,4.0,223.2,full
high,weighted,6900,Others (miscellaneous),variable,16.0,2.0,2.0,0.12,full
high,weighted,7000,"Refrigerator, ordinary",fixed,,24.0,24.0,68.4,always on
high,weighted,7000,Lighting - Incandescent bulb #1,variable,1.0,9.0,9.0,6.75,full
high,weighted,7000,Lighting - Compact fluorescent lamp (CFL) #1,variable,2.0,5.0,5.0,3.0,full
high,weighted,7000,Lighting - Compact fluorescent lamp (CFL) #2,variable,3.0,4.0,4.0,2.4,full
high,weighted,7000,Lighting - Compact fluorescent lamp (CFL) #3,variable,4.0,2.0,2.0,1.2,full
high,weighted,7000,Lighting - Compact fluorescent lamp (CFL) #4,variable,5.0,2.0,2.0,0.9,full
high,weighted,7000,Lighting - Compact fluorescent lamp (CFL) #5,variable,6.0,4.0,4.0,1.8,full
high,weighted,7000,Lighting - Incandescent bulb #2,variable,7.0,2.0,2.0,0.6,full
high,weighted,7000,Electric fan #1,variable,8.0,9.0,9.0,43.2,full
high,weighted,7000,Electric fan #2,variable,9.0,8.0,8.0,19.2,full
high,weighted,7000,Rice cooker,variable,10.0,2.0,2.0,27.0,full
high,weighted,7000,Electric flat iron,variable,11.0,2.0,2.0,5.143,full
high,weighted,7000,"Washing machine, manual",variable,12.0,3.0,3.0,7.2,full
high,weighted,7000,Color TV - CRT screen,variable,13.0,4.0,4.0,13.2,full
high,weighted,7000,"Personal computer, LCD monitor",variable,14.0,2.0,2.0,5.786,full
high,weighted,7000,"Airconditioner, window type",variable,15.0,4.0,4.0,223.2,full
high,weighted,7000,Others (miscellaneous),variable,16.0,2.0,2.0,0.12,full
high,weighted,7100,"Refrigerator, ordinary",fixed,,24.0,24.0,68.4,always on
high,weighted,7100,Lighting - Incandescent bulb #1,variable,1.0,9.0,9.0,6.75,full
high,weighted,7100,Lighting - Compact fluorescent lamp (CFL) #1,variable,2.0,5.0,5.0,3.0,full
high,weighted,7100,Lighting - Compact fluorescent lamp (CFL) #2,variable,3.0,4.0,4.0,2.4,full
high,weighted,7100,Lighting - Compact fluorescent lamp (CFL) #3,variable,4.0,2.0,2.0,1.2,full
high,weighted,7100,Lighting - Compact fluorescent lamp (CFL) #4,variable,5.0,2.0,2.0,0.9,full
high,weighted,7100,Lighting - Compact fluorescent lamp (CFL) #5,variable,6.0,4.0,4.0,1.8,full
high,weighted,7100,Lighting - Incandescent bulb #2,variable,7.0,2.0,2.0,0.6,full
high,weighted,7100,Electric fan #1,variable,8.0,9.0,9.0,43.2,full
high,weighted,7100,Electric fan #2,variable,9.0,8.0,8.0,19.2,full
high,weighted,7100,Rice cooker,variable,10.0,2.0,2.0,27.0,full
high,weighted,7100,Electric flat iron,variable,11.0,2.0,2.0,5.143,full
high,weighted,7100,"Washing machine, manual",variable,12.0,3.0,3.0,7.2,full
high,weighted,7100,Color TV - CRT screen,variable,13.0,4.0,4.0,13.2,full
high,weighted,7100,"Personal computer, LCD monitor",variable,14.0,2.0,2.0,5.786,full
high,weighted,7100,"Airconditioner, window type",variable,15.0,4.0,4.0,223.2,full
high,weighted,7100,Others (miscellaneous),variable,16.0,2.0,2.0,0.12,full
high,weighted,7200,"Refrigerator, ordinary",fixed,,24.0,24.0,68.4,always on
high,weighted,7200,Lighting - Incandescent bulb #1,variable,1.0,9.0,9.0,6.75,full
high,weighted,7200,Lighting - Compact fluorescent lamp (CFL) #1,variable,2.0,5.0,5.0,3.0,full
high,weighted,7200,Lighting - Compact fluorescent lamp (CFL) #2,variable,3.0,4.0,4.0,2.4,full
high,weighted,7200,Lighting - Compact fluorescent lamp (CFL) #3,variable,4.0,2.0,2.0,1.2,full
high,weighted,7200,Lighting - Compact fluorescent lamp (CFL) #4,variable,5.0,2.0,2.0,0.9,full
high,weighted,7200,Lighting - Compact fluorescent lamp (CFL) #5,variable,6.0,4.0,4.0,1.8,full
high,weighted,7200,Lighting - Incandescent bulb #2,variable,7.0,2.0,2.0,0.6,full
high,weighted,7200,Electric fan #1,variable,8.0,9.0,9.0,43.2,full
high,weighted,7200,Electric fan #2,variable,9.0,8.0,8.0,19.2,full
high,weighted,7200,Rice cooker,variable,10.0,2.0,2.0,27.0,full
high,weighted,7200,Electric flat iron,variable,11.0,2.0,2.0,5.143,full
high,weighted,7200,"Washing machine, manual",variable,12.0,3.0,3.0,7.2,full
high,weighted,7200,Color TV - CRT screen,variable,13.0,4.0,4.0,13.2,full
high,weighted,7200,"Personal computer, LCD monitor",variable,14.0,2.0,2.0,5.786,full
high,weighted,7200,"Airconditioner, window type",variable,15.0,4.0,4.0,223.2,full
high,weighted,7200,Others (miscellaneous),variable,16.0,2.0,2.0,0.12,full
high,weighted,7300,"Refrigerator, ordinary",fixed,,24.0,24.0,68.4,always on
high,weighted,7300,Lighting - Incandescent bulb #1,variable,1.0,9.0,9.0,6.75,full
high,weighted,7300,Lighting - Compact fluorescent lamp (CFL) #1,variable,2.0,5.0,5.0,3.0,full
high,weighted,7300,Lighting - Compact fluorescent lamp (CFL) #2,variable,3.0,4.0,4.0,2.4,full
high,weighted,7300,Lighting - Compact fluorescent lamp (CFL) #3,variable,4.0,2.0,2.0,1.2,full
high,weighted,7300,Lighting - Compact fluorescent lamp (CFL) #4,variable,5.0,2.0,2.0,0.9,full
high,weighted,7300,Lighting - Compact fluorescent lamp (CFL) #5,variable,6.0,4.0,4.0,1.8,full
high,weighted,7300,Lighting - Incandescent bulb #2,variable,7.0,2.0,2.0,0.6,full
high,weighted,7300,Electric fan #1,variable,8.0,9.0,9.0,43.2,full
high,weighted,7300,Electric fan #2,variable,9.0,8.0,8.0,19.2,full
high,weighted,7300,Rice cooker,variable,10.0,2.0,2.0,27.0,full
high,weighted,7300,Electric flat iron,variable,11.0,2.0,2.0,5.143,full
high,weighted,7300,"Washing machine, manual",variable,12.0,3.0,3.0,7.2,full
high,weighted,7300,Color TV - CRT screen,variable,13.0,4.0,4.0,13.2,full
high,weighted,7300,"Personal computer, LCD monitor",variable,14.0,2.0,2.0,5.786,full
high,weighted,7300,"Airconditioner, window type",variable,15.0,4.0,4.0,223.2,full
high,weighted,7300,Others (miscellaneous),variable,16.0,2.0,2.0,0.12,full
high,weighted,7400,"Refrigerator, ordinary",fixed,,24.0,24.0,68.4,always on
high,weighted,7400,Lighting - Incandescent bulb #1,variable,1.0,9.0,9.0,6.75,full
high,weighted,7400,Lighting - Compact fluorescent lamp (CFL) #1,variable,2.0,5.0,5.0,3.0,full
high,weighted,7400,Lighting - Compact fluorescent lamp (CFL) #2,variable,3.0,4.0,4.0,2.4,full
high,weighted,7400,Lighting - Compact fluorescent lamp (CFL) #3,variable,4.0,2.0,2.0,1.2,full
high,weighted,7400,Lighting - Compact fluorescent lamp (CFL) #4,variable,5.0,2.0,2.0,0.9,full
high,weighted,7400,Lighting - Compact fluorescent lamp (CFL) #5,variable,6.0,4.0,4.0,1.8,full
high,weighted,7400,Lighting - Incandescent bulb #2,variable,7.0,2.0,2.0,0.6,full
high,weighted,7400,Electric fan #1,variable,8.0,9.0,9.0,43.2,full
high,weighted,7400,Electric fan #2,variable,9.0,8.0,8.0,19.2,full
high,weighted,7400,Rice cooker,variable,10.0,2.0,2.0,27.0,full
high,weighted,7400,Electric flat iron,variable,11.0,2.0,2.0,5.143,full
high,weighted,7400,"Washing machine, manual",variable,12.0,3.0,3.0,7.2,full
high,weighted,7400,Color TV - CRT screen,variable,13.0,4.0,4.0,13.2,full
high,weighted,7400,"Personal computer, LCD monitor",variable,14.0,2.0,2.0,5.786,full
high,weighted,7400,"Airconditioner, window type",variable,15.0,4.0,4.0,223.2,full
high,weighted,7400,Others (miscellaneous),variable,16.0,2.0,2.0,0.12,full
high,weighted,7500,"Refrigerator, ordinary",fixed,,24.0,24.0,68.4,always on
high,weighted,7500,Lighting - Incandescent bulb #1,variable,1.0,9.0,9.0,6.75,full
high,weighted,7500,Lighting - Compact fluorescent lamp (CFL) #1,variable,2.0,5.0,5.0,3.0,full
high,weighted,7500,Lighting - Compact fluorescent lamp (CFL) #2,variable,3.0,4.0,4.0,2.4,full
high,weighted,7500,Lighting - Compact fluorescent lamp (CFL) #3,variable,4.0,2.0,2.0,1.2,full
high,weighted,7500,Lighting - Compact fluorescent lamp (CFL) #4,variable,5.0,2.0,2.0,0.9,full
high,weighted,7500,Lighting - Compact fluorescent lamp (CFL) #5,variable,6.0,4.0,4.0,1.8,full
high,weighted,7500,Lighting - Incandescent bulb #2,variable,7.0,2.0,2.0,0.6,full
high,weighted,7500,Electric fan #1,variable,8.0,9.0,9.0,43.2,full
high,weighted,7500,Electric fan #2,variable,9.0,8.0,8.0,19.2,full
high,weighted,7500,Rice cooker,variable,10.0,2.0,2.0,27.0,full
high,weighted,7500,Electric flat iron,variable,11.0,2.0,2.0,5.143,full
high,weighted,7500,"Washing machine, manual",variable,12.0,3.0,3.0,7.2,full
high,weighted,7500,Color TV - CRT screen,variable,13.0,4.0,4.0,13.2,full
high,weighted,7500,"Personal computer, LCD monitor",variable,14.0,2.0,2.0,5.786,full
high,weighted,7500,"Airconditioner, window type",variable,15.0,4.0,4.0,223.2,full
high,weighted,7500,Others (miscellaneous),variable,16.0,2.0,2.0,0.12,full
high,weighted,7600,"Refrigerator, ordinary",fixed,,24.0,24.0,68.4,always on
high,weighted,7600,Lighting - Incandescent bulb #1,variable,1.0,9.0,9.0,6.75,full
high,weighted,7600,Lighting - Compact fluorescent lamp (CFL) #1,variable,2.0,5.0,5.0,3.0,full
high,weighted,7600,Lighting - Compact fluorescent lamp (CFL) #2,variable,3.0,4.0,4.0,2.4,full
high,weighted,7600,Lighting - Compact fluorescent lamp (CFL) #3,variable,4.0,2.0,2.0,1.2,full
high,weighted,7600,Lighting - Compact fluorescent lamp (CFL) #4,variable,5.0,2.0,2.0,0.9,full
high,weighted,7600,Lighting - Compact fluorescent lamp (CFL) #5,variable,6.0,4.0,4.0,1.8,full
high,weighted,7600,Lighting - Incandescent bulb #2,variable,7.0,2.0,2.0,0.6,full
high,weighted,7600,Electric fan #1,variable,8.0,9.0,9.0,43.2,full
high,weighted,7600,Electric fan #2,variable,9.0,8.0,8.0,19.2,full
high,weighted,7600,Rice cooker,variable,10.0,2.0,2.0,27.0,full
high,weighted,7600,Electric flat iron,variable,11.0,2.0,2.0,5.143,full
high,weighted,7600,"Washing machine, manual",variable,12.0,3.0,3.0,7.2,full
high,weighted,7600,Color TV - CRT screen,variable,13.0,4.0,4.0,13.2,full
high,weighted,7600,"Personal computer, LCD monitor",variable,14.0,2.0,2.0,5.786,full
high,weighted,7600,"Airconditioner, window type",variable,15.0,4.0,4.0,223.2,full
high,weighted,7600,Others (miscellaneous),variable,16.0,2.0,2.0,0.12,full
high,weighted,7700,"Refrigerator, ordinary",fixed,,24.0,24.0,68.4,always on
high,weighted,7700,Lighting - Incandescent bulb #1,variable,1.0,9.0,9.0,6.75,full
high,weighted,7700,Lighting - Compact fluorescent lamp (CFL) #1,variable,2.0,5.0,5.0,3.0,full
high,weighted,7700,Lighting - Compact fluorescent lamp (CFL) #2,variable,3.0,4.0,4.0,2.4,full
high,weighted,7700,Lighting - Compact fluorescent lamp (CFL) #3,variable,4.0,2.0,2.0,1.2,full
high,weighted,7700,Lighting - Compact fluorescent lamp (CFL) #4,variable,5.0,2.0,2.0,0.9,full
high,weighted,7700,Lighting - Compact fluorescent lamp (CFL) #5,variable,6.0,4.0,4.0,1.8,full
high,weighted,7700,Lighting - Incandescent bulb #2,variable,7.0,2.0,2.0,0.6,full
high,weighted,7700,Electric fan #1,variable,8.0,9.0,9.0,43.2,full
high,weighted,7700,Electric fan #2,variable,9.0,8.0,8.0,19.2,full
high,weighted,7700,Rice cooker,variable,10.0,2.0,2.0,27.0,full
high,weighted,7700,Electric flat iron,variable,11.0,2.0,2.0,5.143,full
high,weighted,7700,"Washing machine, manual",variable,12.0,3.0,3.0,7.2,full
high,weighted,7700,Color TV - CRT screen,variable,13.0,4.0,4.0,13.2,full
high,weighted,7700,"Personal computer, LCD monitor",variable,14.0,2.0,2.0,5.786,full
high,weighted,7700,"Airconditioner, window type",variable,15.0,4.0,4.0,223.2,full
high,weighted,7700,Others (miscellaneous),variable,16.0,2.0,2.0,0.12,full
high,weighted,7800,"Refrigerator, ordinary",fixed,,24.0,24.0,68.4,always on
high,weighted,7800,Lighting - Incandescent bulb #1,variable,1.0,9.0,9.0,6.75,full
high,weighted,7800,Lighting - Compact fluorescent lamp (CFL) #1,variable,2.0,5.0,5.0,3.0,full
high,weighted,7800,Lighting - Compact fluorescent lamp (CFL) #2,variable,3.0,4.0,4.0,2.4,full
high,weighted,7800,Lighting - Compact fluorescent lamp (CFL) #3,variable,4.0,2.0,2.0,1.2,full
high,weighted,7800,Lighting - Compact fluorescent lamp (CFL) #4,variable,5.0,2.0,2.0,0.9,full
high,weighted,7800,Lighting - Compact fluorescent lamp (CFL) #5,variable,6.0,4.0,4.0,1.8,full
high,weighted,7800,Lighting - Incandescent bulb #2,variable,7.0,2.0,2.0,0.6,full
high,weighted,7800,Electric fan #1,variable,8.0,9.0,9.0,43.2,full
high,weighted,7800,Electric fan #2,variable,9.0,8.0,8.0,19.2,full
high,weighted,7800,Rice cooker,variable,10.0,2.0,2.0,27.0,full
high,weighted,7800,Electric flat iron,variable,11.0,2.0,2.0,5.143,full
high,weighted,7800,"Washing machine, manual",variable,12.0,3.0,3.0,7.2,full
high,weighted,7800,Color TV - CRT screen,variable,13.0,4.0,4.0,13.2,full
high,weighted,7800,"Personal computer, LCD monitor",variable,14.0,2.0,2.0,5.786,full
high,weighted,7800,"Airconditioner, window type",variable,15.0,4.0,4.0,223.2,full
high,weighted,7800,Others (miscellaneous),variable,16.0,2.0,2.0,0.12,full
high,weighted,7900,"Refrigerator, ordinary",fixed,,24.0,24.0,68.4,always on
high,weighted,7900,Lighting - Incandescent bulb #1,variable,1.0,9.0,9.0,6.75,full
high,weighted,7900,Lighting - Compact fluorescent lamp (CFL) #1,variable,2.0,5.0,5.0,3.0,full
high,weighted,7900,Lighting - Compact fluorescent lamp (CFL) #2,variable,3.0,4.0,4.0,2.4,full
high,weighted,7900,Lighting - Compact fluorescent lamp (CFL) #3,variable,4.0,2.0,2.0,1.2,full
high,weighted,7900,Lighting - Compact fluorescent lamp (CFL) #4,variable,5.0,2.0,2.0,0.9,full
high,weighted,7900,Lighting - Compact fluorescent lamp (CFL) #5,variable,6.0,4.0,4.0,1.8,full
high,weighted,7900,Lighting - Incandescent bulb #2,variable,7.0,2.0,2.0,0.6,full
high,weighted,7900,Electric fan #1,variable,8.0,9.0,9.0,43.2,full
high,weighted,7900,Electric fan #2,variable,9.0,8.0,8.0,19.2,full
high,weighted,7900,Rice cooker,variable,10.0,2.0,2.0,27.0,full
high,weighted,7900,Electric flat iron,variable,11.0,2.0,2.0,5.143,full
high,weighted,7900,"Washing machine, manual",variable,12.0,3.0,3.0,7.2,full
high,weighted,7900,Color TV - CRT screen,variable,13.0,4.0,4.0,13.2,full
high,weighted,7900,"Personal computer, LCD monitor",variable,14.0,2.0,2.0,5.786,full
high,weighted,7900,"Airconditioner, window type",variable,15.0,4.0,4.0,223.2,full
high,weighted,7900,Others (miscellaneous),variable,16.0,2.0,2.0,0.12,full
high,weighted,8000,"Refrigerator, ordinary",fixed,,24.0,24.0,68.4,always on
high,weighted,8000,Lighting - Incandescent bulb #1,variable,1.0,9.0,9.0,6.75,full
high,weighted,8000,Lighting - Compact fluorescent lamp (CFL) #1,variable,2.0,5.0,5.0,3.0,full
high,weighted,8000,Lighting - Compact fluorescent lamp (CFL) #2,variable,3.0,4.0,4.0,2.4,full
high,weighted,8000,Lighting - Compact fluorescent lamp (CFL) #3,variable,4.0,2.0,2.0,1.2,full
high,weighted,8000,Lighting - Compact fluorescent lamp (CFL) #4,variable,5.0,2.0,2.0,0.9,full
high,weighted,8000,Lighting - Compact fluorescent lamp (CFL) #5,variable,6.0,4.0,4.0,1.8,full
high,weighted,8000,Lighting - Incandescent bulb #2,variable,7.0,2.0,2.0,0.6,full
high,weighted,8000,Electric fan #1,variable,8.0,9.0,9.0,43.2,full
high,weighted,8000,Electric fan #2,variable,9.0,8.0,8.0,19.2,full
high,weighted,8000,Rice cooker,variable,10.0,2.0,2.0,27.0,full
high,weighted,8000,Electric flat iron,variable,11.0,2.0,2.0,5.143,full
high,weighted,8000,"Washing machine, manual",variable,12.0,3.0,3.0,7.2,full
high,weighted,8000,Color TV - CRT screen,variable,13.0,4.0,4.0,13.2,full
high,weighted,8000,"Personal computer, LCD monitor",variable,14.0,2.0,2.0,5.786,full
high,weighted,8000,"Airconditioner, window type",variable,15.0,4.0,4.0,223.2,full
high,weighted,8000,Others (miscellaneous),variable,16.0,2.0,2.0,0.12,full
custom,strict,1600,Refrigerator,fixed,,24.0,24.0,100.8,always on
custom,strict,1600,Wi-Fi router,fixed,,24.0,24.0,7.2,always on
custom,strict,1600,LED lights,variable,1.0,0.0,5.0,0.0,OFF (sacrificed)
custom,strict,1600,Electric fan,variable,2.0,0.0,8.0,0.0,OFF (sacrificed)
custom,strict,1600,Rice cooker,variable,3.0,0.0,1.0,0.0,OFF (sacrificed)
custom,strict,1600,Laptop,variable,4.0,0.0,6.0,0.0,OFF (sacrificed)
custom,strict,1600,LED TV,variable,5.0,0.0,4.0,0.0,OFF (sacrificed)
custom,strict,1600,Washing machine,variable,6.0,0.0,2.0,0.0,OFF (sacrificed)
custom,strict,1600,Electric flat iron,variable,7.0,0.0,1.0,0.0,OFF (sacrificed)
custom,strict,1600,Inverter aircon (1.0 HP),variable,8.0,0.0,8.0,0.0,OFF (sacrificed)
custom,strict,1700,Refrigerator,fixed,,24.0,24.0,100.8,always on
custom,strict,1700,Wi-Fi router,fixed,,24.0,24.0,7.2,always on
custom,strict,1700,LED lights,variable,1.0,4.25,5.0,6.885,reduced
custom,strict,1700,Electric fan,variable,2.0,0.0,8.0,0.0,OFF (sacrificed)
custom,strict,1700,Rice cooker,variable,3.0,0.0,1.0,0.0,OFF (sacrificed)
custom,strict,1700,Laptop,variable,4.0,0.0,6.0,0.0,OFF (sacrificed)
custom,strict,1700,LED TV,variable,5.0,0.0,4.0,0.0,OFF (sacrificed)
custom,strict,1700,Washing machine,variable,6.0,0.0,2.0,0.0,OFF (sacrificed)
custom,strict,1700,Electric flat iron,variable,7.0,0.0,1.0,0.0,OFF (sacrificed)
custom,strict,1700,Inverter aircon (1.0 HP),variable,8.0,0.0,8.0,0.0,OFF (sacrificed)
custom,strict,1800,Refrigerator,fixed,,24.0,24.0,100.8,always on
custom,strict,1800,Wi-Fi router,fixed,,24.0,24.0,7.2,always on
custom,strict,1800,LED lights,variable,1.0,5.0,5.0,8.1,full
custom,strict,1800,Electric fan,variable,2.0,1.0,8.0,4.8,reduced
custom,strict,1800,Rice cooker,variable,3.0,0.0,1.0,0.0,OFF (sacrificed)
custom,strict,1800,Laptop,variable,4.0,0.75,6.0,1.045,reduced
custom,strict,1800,LED TV,variable,5.0,0.0,4.0,0.0,OFF (sacrificed)
custom,strict,1800,Washing machine,variable,6.0,0.0,2.0,0.0,OFF (sacrificed)
custom,strict,1800,Electric flat iron,variable,7.0,0.0,1.0,0.0,OFF (sacrificed)
custom,strict,1800,Inverter aircon (1.0 HP),variable,8.0,0.0,8.0,0.0,OFF (sacrificed)
custom,strict,1900,Refrigerator,fixed,,24.0,24.0,100.8,always on
custom,strict,1900,Wi-Fi router,fixed,,24.0,24.0,7.2,always on
custom,strict,1900,LED lights,variable,1.0,5.0,5.0,8.1,full
custom,strict,1900,Electric fan,variable,2.0,2.5,8.0,12.0,reduced
custom,strict,1900,Rice cooker,variable,3.0,0.0,1.0,0.0,OFF (sacrificed)
custom,strict,1900,Laptop,variable,4.0,0.5,6.0,0.696,reduced
custom,strict,1900,LED TV,variable,5.0,0.0,4.0,0.0,OFF (sacrificed)
custom,strict,1900,Washing machine,variable,6.0,0.0,2.0,0.0,OFF (sacrificed)
custom,strict,1900,Electric flat iron,variable,7.0,0.0,1.0,0.0,OFF (sacrificed)
custom,strict,1900,Inverter aircon (1.0 HP),variable,8.0,0.0,8.0,0.0,OFF (sacrificed)
custom,strict,2000,Refrigerator,fixed,,24.0,24.0,100.8,always on
custom,strict,2000,Wi-Fi router,fixed,,24.0,24.0,7.2,always on
custom,strict,2000,LED lights,variable,1.0,5.0,5.0,8.1,full
custom,strict,2000,Electric fan,variable,2.0,4.0,8.0,19.2,reduced
custom,strict,2000,Rice cooker,variable,3.0,0.0,1.0,0.0,OFF (sacrificed)
custom,strict,2000,Laptop,variable,4.0,0.25,6.0,0.348,reduced
custom,strict,2000,LED TV,variable,5.0,0.0,4.0,0.0,OFF (sacrificed)
custom,strict,2000,Washing machine,variable,6.0,0.0,2.0,0.0,OFF (sacrificed)
custom,strict,2000,Electric flat iron,variable,7.0,0.0,1.0,0.0,OFF (sacrificed)
custom,strict,2000,Inverter aircon (1.0 HP),variable,8.0,0.0,8.0,0.0,OFF (sacrificed)
custom,strict,2100,Refrigerator,fixed,,24.0,24.0,100.8,always on
custom,strict,2100,Wi-Fi router,fixed,,24.0,24.0,7.2,always on
custom,strict,2100,LED lights,variable,1.0,5.0,5.0,8.1,full
custom,strict,2100,Electric fan,variable,2.0,5.5,8.0,26.4,reduced
custom,strict,2100,Rice cooker,variable,3.0,0.0,1.0,0.0,OFF (sacrificed)
custom,strict,2100,Laptop,variable,4.0,0.0,6.0,0.0,OFF (sacrificed)
custom,strict,2100,LED TV,variable,5.0,0.0,4.0,0.0,OFF (sacrificed)
custom,strict,2100,Washing machine,variable,6.0,0.0,2.0,0.0,OFF (sacrificed)
custom,strict,2100,Electric flat iron,variable,7.0,0.0,1.0,0.0,OFF (sacrificed)
custom,strict,2100,Inverter aircon (1.0 HP),variable,8.0,0.0,8.0,0.0,OFF (sacrificed)
custom,strict,2200,Refrigerator,fixed,,24.0,24.0,100.8,always on
custom,strict,2200,Wi-Fi router,fixed,,24.0,24.0,7.2,always on
custom,strict,2200,LED lights,variable,1.0,5.0,5.0,8.1,full
custom,strict,2200,Electric fan,variable,2.0,6.75,8.0,32.4,reduced
custom,strict,2200,Rice cooker,variable,3.0,0.0,1.0,0.0,OFF (sacrificed)
custom,strict,2200,Laptop,variable,4.0,0.5,6.0,0.696,reduced
custom,strict,2200,LED TV,variable,5.0,0.0,4.0,0.0,OFF (sacrificed)
custom,strict,2200,Washing machine,variable,6.0,0.0,2.0,0.0,OFF (sacrificed)
custom,strict,2200,Electric flat iron,variable,7.0,0.0,1.0,0.0,OFF (sacrificed)
custom,strict,2200,Inverter aircon (1.0 HP),variable,8.0,0.0,8.0,0.0,OFF (sacrificed)
custom,strict,2300,Refrigerator,fixed,,24.0,24.0,100.8,always on
custom,strict,2300,Wi-Fi router,fixed,,24.0,24.0,7.2,always on
custom,strict,2300,LED lights,variable,1.0,5.0,5.0,8.1,full
custom,strict,2300,Electric fan,variable,2.0,8.0,8.0,38.4,full
custom,strict,2300,Rice cooker,variable,3.0,0.0,1.0,0.0,OFF (sacrificed)
custom,strict,2300,Laptop,variable,4.0,1.25,6.0,1.741,reduced
custom,strict,2300,LED TV,variable,5.0,0.0,4.0,0.0,OFF (sacrificed)
custom,strict,2300,Washing machine,variable,6.0,0.0,2.0,0.0,OFF (sacrificed)
custom,strict,2300,Electric flat iron,variable,7.0,0.0,1.0,0.0,OFF (sacrificed)
custom,strict,2300,Inverter aircon (1.0 HP),variable,8.0,0.0,8.0,0.0,OFF (sacrificed)
custom,strict,2400,Refrigerator,fixed,,24.0,24.0,100.8,always on
custom,strict,2400,Wi-Fi router,fixed,,24.0,24.0,7.2,always on
custom,strict,2400,LED lights,variable,1.0,5.0,5.0,8.1,full
custom,strict,2400,Electric fan,variable,2.0,8.0,8.0,38.4,full
custom,strict,2400,Rice cooker,variable,3.0,0.25,1.0,4.875,reduced
custom,strict,2400,Laptop,variable,4.0,2.5,6.0,3.482,reduced
custom,strict,2400,LED TV,variable,5.0,0.0,4.0,0.0,OFF (sacrificed)
custom,strict,2400,Washing machine,variable,6.0,0.0,2.0,0.0,OFF (sacrificed)
custom,strict,2400,Electric flat iron,variable,7.0,0.0,1.0,0.0,OFF (sacrificed)
custom,strict,2400,Inverter aircon (1.0 HP),variable,8.0,0.0,8.0,0.0,OFF (sacrificed)
custom,strict,2500,Refrigerator,fixed,,24.0,24.0,100.8,always on
custom,strict,2500,Wi-Fi router,fixed,,24.0,24.0,7.2,always on
custom,strict,2500,LED lights,variable,1.0,5.0,5.0,8.1,full
custom,strict,2500,Electric fan,variable,2.0,8.0,8.0,38.4,full
custom,strict,2500,Rice cooker,variable,3.0,0.75,1.0,14.625,reduced
custom,strict,2500,Laptop,variable,4.0,0.5,6.0,0.696,reduced
custom,strict,2500,LED TV,variable,5.0,0.0,4.0,0.0,OFF (sacrificed)
custom,strict,2500,Washing machine,variable,6.0,0.0,2.0,0.0,OFF (sacrificed)
custom,strict,2500,Electric flat iron,variable,7.0,0.0,1.0,0.0,OFF (sacrificed)
custom,strict,2500,Inverter aircon (1.0 HP),variable,8.0,0.0,8.0,0.0,OFF (sacrificed)
custom,strict,2600,Refrigerator,fixed,,24.0,24.0,100.8,always on
custom,strict,2600,Wi-Fi router,fixed,,24.0,24.0,7.2,always on
custom,strict,2600,LED lights,variable,1.0,5.0,5.0,8.1,full
custom,strict,2600,Electric fan,variable,2.0,8.0,8.0,38.4,full
custom,strict,2600,Rice cooker,variable,3.0,1.0,1.0,19.5,full
custom,strict,2600,Laptop,variable,4.0,2.0,6.0,2.786,reduced
custom,strict,2600,LED TV,variable,5.0,0.0,4.0,0.0,OFF (sacrificed)
custom,strict,2600,Washing machine,variable,6.0,0.0,2.0,0.0,OFF (sacrificed)
custom,strict,2600,Electric flat iron,variable,7.0,0.0,1.0,0.0,OFF (sacrificed)
custom,strict,2600,Inverter aircon (1.0 HP),variable,8.0,0.0,8.0,0.0,OFF (sacrificed)
custom,strict,2700,Refrigerator,fixed,,24.0,24.0,100.8,always on
custom,strict,2700,Wi-Fi router,fixed,,24.0,24.0,7.2,always on
custom,strict,2700,LED lights,variable,1.0,5.0,5.0,8.1,full
custom,strict,2700,Electric fan,variable,2.0,8.0,8.0,38.4,full
custom,strict,2700,Rice cooker,variable,3.0,1.0,1.0,19.5,full
custom,strict,2700,Laptop,variable,4.0,6.0,6.0,8.357,full
custom,strict,2700,LED TV,variable,5.0,0.5,4.0,1.35,reduced
custom,strict,2700,Washing machine,variable,6.0,0.0,2.0,0.0,OFF (sacrificed)
custom,strict,2700,Electric flat iron,variable,7.0,0.0,1.0,0.0,OFF (sacrificed)
custom,strict,2700,Inverter aircon (1.0 HP),variable,8.0,0.0,8.0,0.0,OFF (sacrificed)
custom,strict,2800,Refrigerator,fixed,,24.0,24.0,100.8,always on
custom,strict,2800,Wi-Fi router,fixed,,24.0,24.0,7.2,always on
custom,strict,2800,LED lights,variable,1.0,5.0,5.0,8.1,full
custom,strict,2800,Electric fan,variable,2.0,8.0,8.0,38.4,full
custom,strict,2800,Rice cooker,variable,3.0,1.0,1.0,19.5,full
custom,strict,2800,Laptop,variable,4.0,6.0,6.0,8.357,full
custom,strict,2800,LED TV,variable,5.0,3.0,4.0,8.1,reduced
custom,strict,2800,Washing machine,variable,6.0,0.0,2.0,0.0,OFF (sacrificed)
custom,strict,2800,Electric flat iron,variable,7.0,0.0,1.0,0.0,OFF (sacrificed)
custom,strict,2800,Inverter aircon (1.0 HP),variable,8.0,0.0,8.0,0.0,OFF (sacrificed)
custom,strict,2900,Refrigerator,fixed,,24.0,24.0,100.8,always on
custom,strict,2900,Wi-Fi router,fixed,,24.0,24.0,7.2,always on
custom,strict,2900,LED lights,variable,1.0,5.0,5.0,8.1,full
custom,strict,2900,Electric fan,variable,2.0,8.0,8.0,38.4,full
custom,strict,2900,Rice cooker,variable,3.0,1.0,1.0,19.5,full
custom,strict,2900,Laptop,variable,4.0,6.0,6.0,8.357,full
custom,strict,2900,LED TV,variable,5.0,4.0,4.0,10.8,full
custom,strict,2900,Washing machine,variable,6.0,0.75,2.0,3.761,reduced
custom,strict,2900,Electric flat iron,variable,7.0,0.0,1.0,0.0,OFF (sacrificed)
custom,strict,2900,Inverter aircon (1.0 HP),variable,8.0,0.0,8.0,0.0,OFF (sacrificed)
custom,strict,3000,Refrigerator,fixed,,24.0,24.0,100.8,always on
custom,strict,3000,Wi-Fi router,fixed,,24.0,24.0,7.2,always on
custom,strict,3000,LED lights,variable,1.0,5.0,5.0,8.1,full
custom,strict,3000,Electric fan,variable,2.0,8.0,8.0,38.4,full
custom,strict,3000,Rice cooker,variable,3.0,1.0,1.0,19.5,full
custom,strict,3000,Laptop,variable,4.0,6.0,6.0,8.357,full
custom,strict,3000,LED TV,variable,5.0,4.0,4.0,10.8,full
custom,strict,3000,Washing machine,variable,6.0,1.25,2.0,6.268,reduced
custom,strict,3000,Electric flat iron,variable,7.0,0.0,1.0,0.0,OFF (sacrificed)
custom,strict,3000,Inverter aircon (1.0 HP),variable,8.0,0.0,8.0,0.0,OFF (sacrificed)
custom,strict,3100,Refrigerator,fixed,,24.0,24.0,100.8,always on
custom,strict,3100,Wi-Fi router,fixed,,24.0,24.0,7.2,always on
custom,strict,3100,LED lights,variable,1.0,5.0,5.0,8.1,full
custom,strict,3100,Electric fan,variable,2.0,8.0,8.0,38.4,full
custom,strict,3100,Rice cooker,variable,3.0,1.0,1.0,19.5,full
custom,strict,3100,Laptop,variable,4.0,6.0,6.0,8.357,full
custom,strict,3100,LED TV,variable,5.0,4.0,4.0,10.8,full
custom,strict,3100,Washing machine,variable,6.0,2.0,2.0,10.029,full
custom,strict,3100,Electric flat iron,variable,7.0,1.0,1.0,2.571,full
custom,strict,3100,Inverter aircon (1.0 HP),variable,8.0,0.0,8.0,0.0,OFF (sacrificed)
custom,strict,3200,Refrigerator,fixed,,24.0,24.0,100.8,always on
custom,strict,3200,Wi-Fi router,fixed,,24.0,24.0,7.2,always on
custom,strict,3200,LED lights,variable,1.0,5.0,5.0,8.1,full
custom,strict,3200,Electric fan,variable,2.0,8.0,8.0,38.4,full
custom,strict,3200,Rice cooker,variable,3.0,1.0,1.0,19.5,full
custom,strict,3200,Laptop,variable,4.0,6.0,6.0,8.357,full
custom,strict,3200,LED TV,variable,5.0,4.0,4.0,10.8,full
custom,strict,3200,Washing machine,variable,6.0,2.0,2.0,10.029,full
custom,strict,3200,Electric flat iron,variable,7.0,1.0,1.0,2.571,full
custom,strict,3200,Inverter aircon (1.0 HP),variable,8.0,0.25,8.0,5.625,reduced
custom,strict,3300,Refrigerator,fixed,,24.0,24.0,100.8,always on
custom,strict,3300,Wi-Fi router,fixed,,24.0,24.0,7.2,always on
custom,strict,3300,LED lights,variable,1.0,5.0,5.0,8.1,full
custom,strict,3300,Electric fan,variable,2.0,8.0,8.0,38.4,full
custom,strict,3300,Rice cooker,variable,3.0,1.0,1.0,19.5,full
custom,strict,3300,Laptop,variable,4.0,6.0,6.0,8.357,full
custom,strict,3300,LED TV,variable,5.0,4.0,4.0,10.8,full
custom,strict,3300,Washing machine,variable,6.0,2.0,2.0,10.029,full
custom,strict,3300,Electric flat iron,variable,7.0,1.0,1.0,2.571,full
custom,strict,3300,Inverter aircon (1.0 HP),variable,8.0,0.5,8.0,11.25,reduced
custom,strict,3400,Refrigerator,fixed,,24.0,24.0,100.8,always on
custom,strict,3400,Wi-Fi router,fixed,,24.0,24.0,7.2,always on
custom,strict,3400,LED lights,variable,1.0,5.0,5.0,8.1,full
custom,strict,3400,Electric fan,variable,2.0,8.0,8.0,38.4,full
custom,strict,3400,Rice cooker,variable,3.0,1.0,1.0,19.5,full
custom,strict,3400,Laptop,variable,4.0,6.0,6.0,8.357,full
custom,strict,3400,LED TV,variable,5.0,4.0,4.0,10.8,full
custom,strict,3400,Washing machine,variable,6.0,2.0,2.0,10.029,full
custom,strict,3400,Electric flat iron,variable,7.0,1.0,1.0,2.571,full
custom,strict,3400,Inverter aircon (1.0 HP),variable,8.0,0.75,8.0,16.875,reduced
custom,strict,3500,Refrigerator,fixed,,24.0,24.0,100.8,always on
custom,strict,3500,Wi-Fi router,fixed,,24.0,24.0,7.2,always on
custom,strict,3500,LED lights,variable,1.0,5.0,5.0,8.1,full
custom,strict,3500,Electric fan,variable,2.0,8.0,8.0,38.4,full
custom,strict,3500,Rice cooker,variable,3.0,1.0,1.0,19.5,full
custom,strict,3500,Laptop,variable,4.0,6.0,6.0,8.357,full
custom,strict,3500,LED TV,variable,5.0,4.0,4.0,10.8,full
custom,strict,3500,Washing machine,variable,6.0,2.0,2.0,10.029,full
custom,strict,3500,Electric flat iron,variable,7.0,1.0,1.0,2.571,full
custom,strict,3500,Inverter aircon (1.0 HP),variable,8.0,1.0,8.0,22.5,reduced
custom,strict,3600,Refrigerator,fixed,,24.0,24.0,100.8,always on
custom,strict,3600,Wi-Fi router,fixed,,24.0,24.0,7.2,always on
custom,strict,3600,LED lights,variable,1.0,5.0,5.0,8.1,full
custom,strict,3600,Electric fan,variable,2.0,8.0,8.0,38.4,full
custom,strict,3600,Rice cooker,variable,3.0,1.0,1.0,19.5,full
custom,strict,3600,Laptop,variable,4.0,6.0,6.0,8.357,full
custom,strict,3600,LED TV,variable,5.0,4.0,4.0,10.8,full
custom,strict,3600,Washing machine,variable,6.0,2.0,2.0,10.029,full
custom,strict,3600,Electric flat iron,variable,7.0,1.0,1.0,2.571,full
custom,strict,3600,Inverter aircon (1.0 HP),variable,8.0,1.5,8.0,33.75,reduced
custom,strict,3700,Refrigerator,fixed,,24.0,24.0,100.8,always on
custom,strict,3700,Wi-Fi router,fixed,,24.0,24.0,7.2,always on
custom,strict,3700,LED lights,variable,1.0,5.0,5.0,8.1,full
custom,strict,3700,Electric fan,variable,2.0,8.0,8.0,38.4,full
custom,strict,3700,Rice cooker,variable,3.0,1.0,1.0,19.5,full
custom,strict,3700,Laptop,variable,4.0,6.0,6.0,8.357,full
custom,strict,3700,LED TV,variable,5.0,4.0,4.0,10.8,full
custom,strict,3700,Washing machine,variable,6.0,2.0,2.0,10.029,full
custom,strict,3700,Electric flat iron,variable,7.0,1.0,1.0,2.571,full
custom,strict,3700,Inverter aircon (1.0 HP),variable,8.0,1.75,8.0,39.375,reduced
custom,strict,3800,Refrigerator,fixed,,24.0,24.0,100.8,always on
custom,strict,3800,Wi-Fi router,fixed,,24.0,24.0,7.2,always on
custom,strict,3800,LED lights,variable,1.0,5.0,5.0,8.1,full
custom,strict,3800,Electric fan,variable,2.0,8.0,8.0,38.4,full
custom,strict,3800,Rice cooker,variable,3.0,1.0,1.0,19.5,full
custom,strict,3800,Laptop,variable,4.0,6.0,6.0,8.357,full
custom,strict,3800,LED TV,variable,5.0,4.0,4.0,10.8,full
custom,strict,3800,Washing machine,variable,6.0,2.0,2.0,10.029,full
custom,strict,3800,Electric flat iron,variable,7.0,1.0,1.0,2.571,full
custom,strict,3800,Inverter aircon (1.0 HP),variable,8.0,2.0,8.0,45.0,reduced
custom,strict,3900,Refrigerator,fixed,,24.0,24.0,100.8,always on
custom,strict,3900,Wi-Fi router,fixed,,24.0,24.0,7.2,always on
custom,strict,3900,LED lights,variable,1.0,5.0,5.0,8.1,full
custom,strict,3900,Electric fan,variable,2.0,8.0,8.0,38.4,full
custom,strict,3900,Rice cooker,variable,3.0,1.0,1.0,19.5,full
custom,strict,3900,Laptop,variable,4.0,6.0,6.0,8.357,full
custom,strict,3900,LED TV,variable,5.0,4.0,4.0,10.8,full
custom,strict,3900,Washing machine,variable,6.0,2.0,2.0,10.029,full
custom,strict,3900,Electric flat iron,variable,7.0,1.0,1.0,2.571,full
custom,strict,3900,Inverter aircon (1.0 HP),variable,8.0,2.25,8.0,50.625,reduced
custom,strict,4000,Refrigerator,fixed,,24.0,24.0,100.8,always on
custom,strict,4000,Wi-Fi router,fixed,,24.0,24.0,7.2,always on
custom,strict,4000,LED lights,variable,1.0,5.0,5.0,8.1,full
custom,strict,4000,Electric fan,variable,2.0,8.0,8.0,38.4,full
custom,strict,4000,Rice cooker,variable,3.0,1.0,1.0,19.5,full
custom,strict,4000,Laptop,variable,4.0,6.0,6.0,8.357,full
custom,strict,4000,LED TV,variable,5.0,4.0,4.0,10.8,full
custom,strict,4000,Washing machine,variable,6.0,2.0,2.0,10.029,full
custom,strict,4000,Electric flat iron,variable,7.0,1.0,1.0,2.571,full
custom,strict,4000,Inverter aircon (1.0 HP),variable,8.0,2.5,8.0,56.25,reduced
custom,strict,4100,Refrigerator,fixed,,24.0,24.0,100.8,always on
custom,strict,4100,Wi-Fi router,fixed,,24.0,24.0,7.2,always on
custom,strict,4100,LED lights,variable,1.0,5.0,5.0,8.1,full
custom,strict,4100,Electric fan,variable,2.0,8.0,8.0,38.4,full
custom,strict,4100,Rice cooker,variable,3.0,1.0,1.0,19.5,full
custom,strict,4100,Laptop,variable,4.0,6.0,6.0,8.357,full
custom,strict,4100,LED TV,variable,5.0,4.0,4.0,10.8,full
custom,strict,4100,Washing machine,variable,6.0,2.0,2.0,10.029,full
custom,strict,4100,Electric flat iron,variable,7.0,1.0,1.0,2.571,full
custom,strict,4100,Inverter aircon (1.0 HP),variable,8.0,3.0,8.0,67.5,reduced
custom,strict,4200,Refrigerator,fixed,,24.0,24.0,100.8,always on
custom,strict,4200,Wi-Fi router,fixed,,24.0,24.0,7.2,always on
custom,strict,4200,LED lights,variable,1.0,5.0,5.0,8.1,full
custom,strict,4200,Electric fan,variable,2.0,8.0,8.0,38.4,full
custom,strict,4200,Rice cooker,variable,3.0,1.0,1.0,19.5,full
custom,strict,4200,Laptop,variable,4.0,6.0,6.0,8.357,full
custom,strict,4200,LED TV,variable,5.0,4.0,4.0,10.8,full
custom,strict,4200,Washing machine,variable,6.0,2.0,2.0,10.029,full
custom,strict,4200,Electric flat iron,variable,7.0,1.0,1.0,2.571,full
custom,strict,4200,Inverter aircon (1.0 HP),variable,8.0,3.25,8.0,73.125,reduced
custom,strict,4300,Refrigerator,fixed,,24.0,24.0,100.8,always on
custom,strict,4300,Wi-Fi router,fixed,,24.0,24.0,7.2,always on
custom,strict,4300,LED lights,variable,1.0,5.0,5.0,8.1,full
custom,strict,4300,Electric fan,variable,2.0,8.0,8.0,38.4,full
custom,strict,4300,Rice cooker,variable,3.0,1.0,1.0,19.5,full
custom,strict,4300,Laptop,variable,4.0,6.0,6.0,8.357,full
custom,strict,4300,LED TV,variable,5.0,4.0,4.0,10.8,full
custom,strict,4300,Washing machine,variable,6.0,2.0,2.0,10.029,full
custom,strict,4300,Electric flat iron,variable,7.0,1.0,1.0,2.571,full
custom,strict,4300,Inverter aircon (1.0 HP),variable,8.0,3.5,8.0,78.75,reduced
custom,strict,4400,Refrigerator,fixed,,24.0,24.0,100.8,always on
custom,strict,4400,Wi-Fi router,fixed,,24.0,24.0,7.2,always on
custom,strict,4400,LED lights,variable,1.0,5.0,5.0,8.1,full
custom,strict,4400,Electric fan,variable,2.0,8.0,8.0,38.4,full
custom,strict,4400,Rice cooker,variable,3.0,1.0,1.0,19.5,full
custom,strict,4400,Laptop,variable,4.0,6.0,6.0,8.357,full
custom,strict,4400,LED TV,variable,5.0,4.0,4.0,10.8,full
custom,strict,4400,Washing machine,variable,6.0,2.0,2.0,10.029,full
custom,strict,4400,Electric flat iron,variable,7.0,1.0,1.0,2.571,full
custom,strict,4400,Inverter aircon (1.0 HP),variable,8.0,3.75,8.0,84.375,reduced
custom,strict,4500,Refrigerator,fixed,,24.0,24.0,100.8,always on
custom,strict,4500,Wi-Fi router,fixed,,24.0,24.0,7.2,always on
custom,strict,4500,LED lights,variable,1.0,5.0,5.0,8.1,full
custom,strict,4500,Electric fan,variable,2.0,8.0,8.0,38.4,full
custom,strict,4500,Rice cooker,variable,3.0,1.0,1.0,19.5,full
custom,strict,4500,Laptop,variable,4.0,6.0,6.0,8.357,full
custom,strict,4500,LED TV,variable,5.0,4.0,4.0,10.8,full
custom,strict,4500,Washing machine,variable,6.0,2.0,2.0,10.029,full
custom,strict,4500,Electric flat iron,variable,7.0,1.0,1.0,2.571,full
custom,strict,4500,Inverter aircon (1.0 HP),variable,8.0,4.0,8.0,90.0,reduced
custom,strict,4600,Refrigerator,fixed,,24.0,24.0,100.8,always on
custom,strict,4600,Wi-Fi router,fixed,,24.0,24.0,7.2,always on
custom,strict,4600,LED lights,variable,1.0,5.0,5.0,8.1,full
custom,strict,4600,Electric fan,variable,2.0,8.0,8.0,38.4,full
custom,strict,4600,Rice cooker,variable,3.0,1.0,1.0,19.5,full
custom,strict,4600,Laptop,variable,4.0,6.0,6.0,8.357,full
custom,strict,4600,LED TV,variable,5.0,4.0,4.0,10.8,full
custom,strict,4600,Washing machine,variable,6.0,2.0,2.0,10.029,full
custom,strict,4600,Electric flat iron,variable,7.0,1.0,1.0,2.571,full
custom,strict,4600,Inverter aircon (1.0 HP),variable,8.0,4.0,8.0,90.0,reduced
custom,strict,4700,Refrigerator,fixed,,24.0,24.0,100.8,always on
custom,strict,4700,Wi-Fi router,fixed,,24.0,24.0,7.2,always on
custom,strict,4700,LED lights,variable,1.0,5.0,5.0,8.1,full
custom,strict,4700,Electric fan,variable,2.0,8.0,8.0,38.4,full
custom,strict,4700,Rice cooker,variable,3.0,1.0,1.0,19.5,full
custom,strict,4700,Laptop,variable,4.0,6.0,6.0,8.357,full
custom,strict,4700,LED TV,variable,5.0,4.0,4.0,10.8,full
custom,strict,4700,Washing machine,variable,6.0,2.0,2.0,10.029,full
custom,strict,4700,Electric flat iron,variable,7.0,1.0,1.0,2.571,full
custom,strict,4700,Inverter aircon (1.0 HP),variable,8.0,4.25,8.0,95.625,reduced
custom,strict,4800,Refrigerator,fixed,,24.0,24.0,100.8,always on
custom,strict,4800,Wi-Fi router,fixed,,24.0,24.0,7.2,always on
custom,strict,4800,LED lights,variable,1.0,5.0,5.0,8.1,full
custom,strict,4800,Electric fan,variable,2.0,8.0,8.0,38.4,full
custom,strict,4800,Rice cooker,variable,3.0,1.0,1.0,19.5,full
custom,strict,4800,Laptop,variable,4.0,6.0,6.0,8.357,full
custom,strict,4800,LED TV,variable,5.0,4.0,4.0,10.8,full
custom,strict,4800,Washing machine,variable,6.0,2.0,2.0,10.029,full
custom,strict,4800,Electric flat iron,variable,7.0,1.0,1.0,2.571,full
custom,strict,4800,Inverter aircon (1.0 HP),variable,8.0,4.75,8.0,106.875,reduced
custom,strict,4900,Refrigerator,fixed,,24.0,24.0,100.8,always on
custom,strict,4900,Wi-Fi router,fixed,,24.0,24.0,7.2,always on
custom,strict,4900,LED lights,variable,1.0,5.0,5.0,8.1,full
custom,strict,4900,Electric fan,variable,2.0,8.0,8.0,38.4,full
custom,strict,4900,Rice cooker,variable,3.0,1.0,1.0,19.5,full
custom,strict,4900,Laptop,variable,4.0,6.0,6.0,8.357,full
custom,strict,4900,LED TV,variable,5.0,4.0,4.0,10.8,full
custom,strict,4900,Washing machine,variable,6.0,2.0,2.0,10.029,full
custom,strict,4900,Electric flat iron,variable,7.0,1.0,1.0,2.571,full
custom,strict,4900,Inverter aircon (1.0 HP),variable,8.0,5.0,8.0,112.5,reduced
custom,strict,5000,Refrigerator,fixed,,24.0,24.0,100.8,always on
custom,strict,5000,Wi-Fi router,fixed,,24.0,24.0,7.2,always on
custom,strict,5000,LED lights,variable,1.0,5.0,5.0,8.1,full
custom,strict,5000,Electric fan,variable,2.0,8.0,8.0,38.4,full
custom,strict,5000,Rice cooker,variable,3.0,1.0,1.0,19.5,full
custom,strict,5000,Laptop,variable,4.0,6.0,6.0,8.357,full
custom,strict,5000,LED TV,variable,5.0,4.0,4.0,10.8,full
custom,strict,5000,Washing machine,variable,6.0,2.0,2.0,10.029,full
custom,strict,5000,Electric flat iron,variable,7.0,1.0,1.0,2.571,full
custom,strict,5000,Inverter aircon (1.0 HP),variable,8.0,5.25,8.0,118.125,reduced
custom,strict,5100,Refrigerator,fixed,,24.0,24.0,100.8,always on
custom,strict,5100,Wi-Fi router,fixed,,24.0,24.0,7.2,always on
custom,strict,5100,LED lights,variable,1.0,5.0,5.0,8.1,full
custom,strict,5100,Electric fan,variable,2.0,8.0,8.0,38.4,full
custom,strict,5100,Rice cooker,variable,3.0,1.0,1.0,19.5,full
custom,strict,5100,Laptop,variable,4.0,6.0,6.0,8.357,full
custom,strict,5100,LED TV,variable,5.0,4.0,4.0,10.8,full
custom,strict,5100,Washing machine,variable,6.0,2.0,2.0,10.029,full
custom,strict,5100,Electric flat iron,variable,7.0,1.0,1.0,2.571,full
custom,strict,5100,Inverter aircon (1.0 HP),variable,8.0,5.5,8.0,123.75,reduced
custom,strict,5200,Refrigerator,fixed,,24.0,24.0,100.8,always on
custom,strict,5200,Wi-Fi router,fixed,,24.0,24.0,7.2,always on
custom,strict,5200,LED lights,variable,1.0,5.0,5.0,8.1,full
custom,strict,5200,Electric fan,variable,2.0,8.0,8.0,38.4,full
custom,strict,5200,Rice cooker,variable,3.0,1.0,1.0,19.5,full
custom,strict,5200,Laptop,variable,4.0,6.0,6.0,8.357,full
custom,strict,5200,LED TV,variable,5.0,4.0,4.0,10.8,full
custom,strict,5200,Washing machine,variable,6.0,2.0,2.0,10.029,full
custom,strict,5200,Electric flat iron,variable,7.0,1.0,1.0,2.571,full
custom,strict,5200,Inverter aircon (1.0 HP),variable,8.0,5.75,8.0,129.375,reduced
custom,strict,5300,Refrigerator,fixed,,24.0,24.0,100.8,always on
custom,strict,5300,Wi-Fi router,fixed,,24.0,24.0,7.2,always on
custom,strict,5300,LED lights,variable,1.0,5.0,5.0,8.1,full
custom,strict,5300,Electric fan,variable,2.0,8.0,8.0,38.4,full
custom,strict,5300,Rice cooker,variable,3.0,1.0,1.0,19.5,full
custom,strict,5300,Laptop,variable,4.0,6.0,6.0,8.357,full
custom,strict,5300,LED TV,variable,5.0,4.0,4.0,10.8,full
custom,strict,5300,Washing machine,variable,6.0,2.0,2.0,10.029,full
custom,strict,5300,Electric flat iron,variable,7.0,1.0,1.0,2.571,full
custom,strict,5300,Inverter aircon (1.0 HP),variable,8.0,6.0,8.0,135.0,reduced
custom,strict,5400,Refrigerator,fixed,,24.0,24.0,100.8,always on
custom,strict,5400,Wi-Fi router,fixed,,24.0,24.0,7.2,always on
custom,strict,5400,LED lights,variable,1.0,5.0,5.0,8.1,full
custom,strict,5400,Electric fan,variable,2.0,8.0,8.0,38.4,full
custom,strict,5400,Rice cooker,variable,3.0,1.0,1.0,19.5,full
custom,strict,5400,Laptop,variable,4.0,6.0,6.0,8.357,full
custom,strict,5400,LED TV,variable,5.0,4.0,4.0,10.8,full
custom,strict,5400,Washing machine,variable,6.0,2.0,2.0,10.029,full
custom,strict,5400,Electric flat iron,variable,7.0,1.0,1.0,2.571,full
custom,strict,5400,Inverter aircon (1.0 HP),variable,8.0,6.5,8.0,146.25,reduced
custom,strict,5500,Refrigerator,fixed,,24.0,24.0,100.8,always on
custom,strict,5500,Wi-Fi router,fixed,,24.0,24.0,7.2,always on
custom,strict,5500,LED lights,variable,1.0,5.0,5.0,8.1,full
custom,strict,5500,Electric fan,variable,2.0,8.0,8.0,38.4,full
custom,strict,5500,Rice cooker,variable,3.0,1.0,1.0,19.5,full
custom,strict,5500,Laptop,variable,4.0,6.0,6.0,8.357,full
custom,strict,5500,LED TV,variable,5.0,4.0,4.0,10.8,full
custom,strict,5500,Washing machine,variable,6.0,2.0,2.0,10.029,full
custom,strict,5500,Electric flat iron,variable,7.0,1.0,1.0,2.571,full
custom,strict,5500,Inverter aircon (1.0 HP),variable,8.0,6.75,8.0,151.875,reduced
custom,strict,5600,Refrigerator,fixed,,24.0,24.0,100.8,always on
custom,strict,5600,Wi-Fi router,fixed,,24.0,24.0,7.2,always on
custom,strict,5600,LED lights,variable,1.0,5.0,5.0,8.1,full
custom,strict,5600,Electric fan,variable,2.0,8.0,8.0,38.4,full
custom,strict,5600,Rice cooker,variable,3.0,1.0,1.0,19.5,full
custom,strict,5600,Laptop,variable,4.0,6.0,6.0,8.357,full
custom,strict,5600,LED TV,variable,5.0,4.0,4.0,10.8,full
custom,strict,5600,Washing machine,variable,6.0,2.0,2.0,10.029,full
custom,strict,5600,Electric flat iron,variable,7.0,1.0,1.0,2.571,full
custom,strict,5600,Inverter aircon (1.0 HP),variable,8.0,7.0,8.0,157.5,reduced
custom,strict,5700,Refrigerator,fixed,,24.0,24.0,100.8,always on
custom,strict,5700,Wi-Fi router,fixed,,24.0,24.0,7.2,always on
custom,strict,5700,LED lights,variable,1.0,5.0,5.0,8.1,full
custom,strict,5700,Electric fan,variable,2.0,8.0,8.0,38.4,full
custom,strict,5700,Rice cooker,variable,3.0,1.0,1.0,19.5,full
custom,strict,5700,Laptop,variable,4.0,6.0,6.0,8.357,full
custom,strict,5700,LED TV,variable,5.0,4.0,4.0,10.8,full
custom,strict,5700,Washing machine,variable,6.0,2.0,2.0,10.029,full
custom,strict,5700,Electric flat iron,variable,7.0,1.0,1.0,2.571,full
custom,strict,5700,Inverter aircon (1.0 HP),variable,8.0,7.25,8.0,163.125,reduced
custom,strict,5800,Refrigerator,fixed,,24.0,24.0,100.8,always on
custom,strict,5800,Wi-Fi router,fixed,,24.0,24.0,7.2,always on
custom,strict,5800,LED lights,variable,1.0,5.0,5.0,8.1,full
custom,strict,5800,Electric fan,variable,2.0,8.0,8.0,38.4,full
custom,strict,5800,Rice cooker,variable,3.0,1.0,1.0,19.5,full
custom,strict,5800,Laptop,variable,4.0,6.0,6.0,8.357,full
custom,strict,5800,LED TV,variable,5.0,4.0,4.0,10.8,full
custom,strict,5800,Washing machine,variable,6.0,2.0,2.0,10.029,full
custom,strict,5800,Electric flat iron,variable,7.0,1.0,1.0,2.571,full
custom,strict,5800,Inverter aircon (1.0 HP),variable,8.0,7.5,8.0,168.75,reduced
custom,strict,5900,Refrigerator,fixed,,24.0,24.0,100.8,always on
custom,strict,5900,Wi-Fi router,fixed,,24.0,24.0,7.2,always on
custom,strict,5900,LED lights,variable,1.0,5.0,5.0,8.1,full
custom,strict,5900,Electric fan,variable,2.0,8.0,8.0,38.4,full
custom,strict,5900,Rice cooker,variable,3.0,1.0,1.0,19.5,full
custom,strict,5900,Laptop,variable,4.0,6.0,6.0,8.357,full
custom,strict,5900,LED TV,variable,5.0,4.0,4.0,10.8,full
custom,strict,5900,Washing machine,variable,6.0,2.0,2.0,10.029,full
custom,strict,5900,Electric flat iron,variable,7.0,1.0,1.0,2.571,full
custom,strict,5900,Inverter aircon (1.0 HP),variable,8.0,7.75,8.0,174.375,reduced
custom,strict,6000,Refrigerator,fixed,,24.0,24.0,100.8,always on
custom,strict,6000,Wi-Fi router,fixed,,24.0,24.0,7.2,always on
custom,strict,6000,LED lights,variable,1.0,5.0,5.0,8.1,full
custom,strict,6000,Electric fan,variable,2.0,8.0,8.0,38.4,full
custom,strict,6000,Rice cooker,variable,3.0,1.0,1.0,19.5,full
custom,strict,6000,Laptop,variable,4.0,6.0,6.0,8.357,full
custom,strict,6000,LED TV,variable,5.0,4.0,4.0,10.8,full
custom,strict,6000,Washing machine,variable,6.0,2.0,2.0,10.029,full
custom,strict,6000,Electric flat iron,variable,7.0,1.0,1.0,2.571,full
custom,strict,6000,Inverter aircon (1.0 HP),variable,8.0,8.0,8.0,180.0,full
custom,strict,6100,Refrigerator,fixed,,24.0,24.0,100.8,always on
custom,strict,6100,Wi-Fi router,fixed,,24.0,24.0,7.2,always on
custom,strict,6100,LED lights,variable,1.0,5.0,5.0,8.1,full
custom,strict,6100,Electric fan,variable,2.0,8.0,8.0,38.4,full
custom,strict,6100,Rice cooker,variable,3.0,1.0,1.0,19.5,full
custom,strict,6100,Laptop,variable,4.0,6.0,6.0,8.357,full
custom,strict,6100,LED TV,variable,5.0,4.0,4.0,10.8,full
custom,strict,6100,Washing machine,variable,6.0,2.0,2.0,10.029,full
custom,strict,6100,Electric flat iron,variable,7.0,1.0,1.0,2.571,full
custom,strict,6100,Inverter aircon (1.0 HP),variable,8.0,8.0,8.0,180.0,full
custom,strict,6200,Refrigerator,fixed,,24.0,24.0,100.8,always on
custom,strict,6200,Wi-Fi router,fixed,,24.0,24.0,7.2,always on
custom,strict,6200,LED lights,variable,1.0,5.0,5.0,8.1,full
custom,strict,6200,Electric fan,variable,2.0,8.0,8.0,38.4,full
custom,strict,6200,Rice cooker,variable,3.0,1.0,1.0,19.5,full
custom,strict,6200,Laptop,variable,4.0,6.0,6.0,8.357,full
custom,strict,6200,LED TV,variable,5.0,4.0,4.0,10.8,full
custom,strict,6200,Washing machine,variable,6.0,2.0,2.0,10.029,full
custom,strict,6200,Electric flat iron,variable,7.0,1.0,1.0,2.571,full
custom,strict,6200,Inverter aircon (1.0 HP),variable,8.0,8.0,8.0,180.0,full
custom,strict,6300,Refrigerator,fixed,,24.0,24.0,100.8,always on
custom,strict,6300,Wi-Fi router,fixed,,24.0,24.0,7.2,always on
custom,strict,6300,LED lights,variable,1.0,5.0,5.0,8.1,full
custom,strict,6300,Electric fan,variable,2.0,8.0,8.0,38.4,full
custom,strict,6300,Rice cooker,variable,3.0,1.0,1.0,19.5,full
custom,strict,6300,Laptop,variable,4.0,6.0,6.0,8.357,full
custom,strict,6300,LED TV,variable,5.0,4.0,4.0,10.8,full
custom,strict,6300,Washing machine,variable,6.0,2.0,2.0,10.029,full
custom,strict,6300,Electric flat iron,variable,7.0,1.0,1.0,2.571,full
custom,strict,6300,Inverter aircon (1.0 HP),variable,8.0,8.0,8.0,180.0,full
custom,strict,6400,Refrigerator,fixed,,24.0,24.0,100.8,always on
custom,strict,6400,Wi-Fi router,fixed,,24.0,24.0,7.2,always on
custom,strict,6400,LED lights,variable,1.0,5.0,5.0,8.1,full
custom,strict,6400,Electric fan,variable,2.0,8.0,8.0,38.4,full
custom,strict,6400,Rice cooker,variable,3.0,1.0,1.0,19.5,full
custom,strict,6400,Laptop,variable,4.0,6.0,6.0,8.357,full
custom,strict,6400,LED TV,variable,5.0,4.0,4.0,10.8,full
custom,strict,6400,Washing machine,variable,6.0,2.0,2.0,10.029,full
custom,strict,6400,Electric flat iron,variable,7.0,1.0,1.0,2.571,full
custom,strict,6400,Inverter aircon (1.0 HP),variable,8.0,8.0,8.0,180.0,full
custom,strict,6500,Refrigerator,fixed,,24.0,24.0,100.8,always on
custom,strict,6500,Wi-Fi router,fixed,,24.0,24.0,7.2,always on
custom,strict,6500,LED lights,variable,1.0,5.0,5.0,8.1,full
custom,strict,6500,Electric fan,variable,2.0,8.0,8.0,38.4,full
custom,strict,6500,Rice cooker,variable,3.0,1.0,1.0,19.5,full
custom,strict,6500,Laptop,variable,4.0,6.0,6.0,8.357,full
custom,strict,6500,LED TV,variable,5.0,4.0,4.0,10.8,full
custom,strict,6500,Washing machine,variable,6.0,2.0,2.0,10.029,full
custom,strict,6500,Electric flat iron,variable,7.0,1.0,1.0,2.571,full
custom,strict,6500,Inverter aircon (1.0 HP),variable,8.0,8.0,8.0,180.0,full
custom,strict,6600,Refrigerator,fixed,,24.0,24.0,100.8,always on
custom,strict,6600,Wi-Fi router,fixed,,24.0,24.0,7.2,always on
custom,strict,6600,LED lights,variable,1.0,5.0,5.0,8.1,full
custom,strict,6600,Electric fan,variable,2.0,8.0,8.0,38.4,full
custom,strict,6600,Rice cooker,variable,3.0,1.0,1.0,19.5,full
custom,strict,6600,Laptop,variable,4.0,6.0,6.0,8.357,full
custom,strict,6600,LED TV,variable,5.0,4.0,4.0,10.8,full
custom,strict,6600,Washing machine,variable,6.0,2.0,2.0,10.029,full
custom,strict,6600,Electric flat iron,variable,7.0,1.0,1.0,2.571,full
custom,strict,6600,Inverter aircon (1.0 HP),variable,8.0,8.0,8.0,180.0,full
custom,strict,6700,Refrigerator,fixed,,24.0,24.0,100.8,always on
custom,strict,6700,Wi-Fi router,fixed,,24.0,24.0,7.2,always on
custom,strict,6700,LED lights,variable,1.0,5.0,5.0,8.1,full
custom,strict,6700,Electric fan,variable,2.0,8.0,8.0,38.4,full
custom,strict,6700,Rice cooker,variable,3.0,1.0,1.0,19.5,full
custom,strict,6700,Laptop,variable,4.0,6.0,6.0,8.357,full
custom,strict,6700,LED TV,variable,5.0,4.0,4.0,10.8,full
custom,strict,6700,Washing machine,variable,6.0,2.0,2.0,10.029,full
custom,strict,6700,Electric flat iron,variable,7.0,1.0,1.0,2.571,full
custom,strict,6700,Inverter aircon (1.0 HP),variable,8.0,8.0,8.0,180.0,full
custom,strict,6800,Refrigerator,fixed,,24.0,24.0,100.8,always on
custom,strict,6800,Wi-Fi router,fixed,,24.0,24.0,7.2,always on
custom,strict,6800,LED lights,variable,1.0,5.0,5.0,8.1,full
custom,strict,6800,Electric fan,variable,2.0,8.0,8.0,38.4,full
custom,strict,6800,Rice cooker,variable,3.0,1.0,1.0,19.5,full
custom,strict,6800,Laptop,variable,4.0,6.0,6.0,8.357,full
custom,strict,6800,LED TV,variable,5.0,4.0,4.0,10.8,full
custom,strict,6800,Washing machine,variable,6.0,2.0,2.0,10.029,full
custom,strict,6800,Electric flat iron,variable,7.0,1.0,1.0,2.571,full
custom,strict,6800,Inverter aircon (1.0 HP),variable,8.0,8.0,8.0,180.0,full
custom,strict,6900,Refrigerator,fixed,,24.0,24.0,100.8,always on
custom,strict,6900,Wi-Fi router,fixed,,24.0,24.0,7.2,always on
custom,strict,6900,LED lights,variable,1.0,5.0,5.0,8.1,full
custom,strict,6900,Electric fan,variable,2.0,8.0,8.0,38.4,full
custom,strict,6900,Rice cooker,variable,3.0,1.0,1.0,19.5,full
custom,strict,6900,Laptop,variable,4.0,6.0,6.0,8.357,full
custom,strict,6900,LED TV,variable,5.0,4.0,4.0,10.8,full
custom,strict,6900,Washing machine,variable,6.0,2.0,2.0,10.029,full
custom,strict,6900,Electric flat iron,variable,7.0,1.0,1.0,2.571,full
custom,strict,6900,Inverter aircon (1.0 HP),variable,8.0,8.0,8.0,180.0,full
custom,strict,7000,Refrigerator,fixed,,24.0,24.0,100.8,always on
custom,strict,7000,Wi-Fi router,fixed,,24.0,24.0,7.2,always on
custom,strict,7000,LED lights,variable,1.0,5.0,5.0,8.1,full
custom,strict,7000,Electric fan,variable,2.0,8.0,8.0,38.4,full
custom,strict,7000,Rice cooker,variable,3.0,1.0,1.0,19.5,full
custom,strict,7000,Laptop,variable,4.0,6.0,6.0,8.357,full
custom,strict,7000,LED TV,variable,5.0,4.0,4.0,10.8,full
custom,strict,7000,Washing machine,variable,6.0,2.0,2.0,10.029,full
custom,strict,7000,Electric flat iron,variable,7.0,1.0,1.0,2.571,full
custom,strict,7000,Inverter aircon (1.0 HP),variable,8.0,8.0,8.0,180.0,full
custom,strict,7100,Refrigerator,fixed,,24.0,24.0,100.8,always on
custom,strict,7100,Wi-Fi router,fixed,,24.0,24.0,7.2,always on
custom,strict,7100,LED lights,variable,1.0,5.0,5.0,8.1,full
custom,strict,7100,Electric fan,variable,2.0,8.0,8.0,38.4,full
custom,strict,7100,Rice cooker,variable,3.0,1.0,1.0,19.5,full
custom,strict,7100,Laptop,variable,4.0,6.0,6.0,8.357,full
custom,strict,7100,LED TV,variable,5.0,4.0,4.0,10.8,full
custom,strict,7100,Washing machine,variable,6.0,2.0,2.0,10.029,full
custom,strict,7100,Electric flat iron,variable,7.0,1.0,1.0,2.571,full
custom,strict,7100,Inverter aircon (1.0 HP),variable,8.0,8.0,8.0,180.0,full
custom,strict,7200,Refrigerator,fixed,,24.0,24.0,100.8,always on
custom,strict,7200,Wi-Fi router,fixed,,24.0,24.0,7.2,always on
custom,strict,7200,LED lights,variable,1.0,5.0,5.0,8.1,full
custom,strict,7200,Electric fan,variable,2.0,8.0,8.0,38.4,full
custom,strict,7200,Rice cooker,variable,3.0,1.0,1.0,19.5,full
custom,strict,7200,Laptop,variable,4.0,6.0,6.0,8.357,full
custom,strict,7200,LED TV,variable,5.0,4.0,4.0,10.8,full
custom,strict,7200,Washing machine,variable,6.0,2.0,2.0,10.029,full
custom,strict,7200,Electric flat iron,variable,7.0,1.0,1.0,2.571,full
custom,strict,7200,Inverter aircon (1.0 HP),variable,8.0,8.0,8.0,180.0,full
custom,strict,7300,Refrigerator,fixed,,24.0,24.0,100.8,always on
custom,strict,7300,Wi-Fi router,fixed,,24.0,24.0,7.2,always on
custom,strict,7300,LED lights,variable,1.0,5.0,5.0,8.1,full
custom,strict,7300,Electric fan,variable,2.0,8.0,8.0,38.4,full
custom,strict,7300,Rice cooker,variable,3.0,1.0,1.0,19.5,full
custom,strict,7300,Laptop,variable,4.0,6.0,6.0,8.357,full
custom,strict,7300,LED TV,variable,5.0,4.0,4.0,10.8,full
custom,strict,7300,Washing machine,variable,6.0,2.0,2.0,10.029,full
custom,strict,7300,Electric flat iron,variable,7.0,1.0,1.0,2.571,full
custom,strict,7300,Inverter aircon (1.0 HP),variable,8.0,8.0,8.0,180.0,full
custom,strict,7400,Refrigerator,fixed,,24.0,24.0,100.8,always on
custom,strict,7400,Wi-Fi router,fixed,,24.0,24.0,7.2,always on
custom,strict,7400,LED lights,variable,1.0,5.0,5.0,8.1,full
custom,strict,7400,Electric fan,variable,2.0,8.0,8.0,38.4,full
custom,strict,7400,Rice cooker,variable,3.0,1.0,1.0,19.5,full
custom,strict,7400,Laptop,variable,4.0,6.0,6.0,8.357,full
custom,strict,7400,LED TV,variable,5.0,4.0,4.0,10.8,full
custom,strict,7400,Washing machine,variable,6.0,2.0,2.0,10.029,full
custom,strict,7400,Electric flat iron,variable,7.0,1.0,1.0,2.571,full
custom,strict,7400,Inverter aircon (1.0 HP),variable,8.0,8.0,8.0,180.0,full
custom,strict,7500,Refrigerator,fixed,,24.0,24.0,100.8,always on
custom,strict,7500,Wi-Fi router,fixed,,24.0,24.0,7.2,always on
custom,strict,7500,LED lights,variable,1.0,5.0,5.0,8.1,full
custom,strict,7500,Electric fan,variable,2.0,8.0,8.0,38.4,full
custom,strict,7500,Rice cooker,variable,3.0,1.0,1.0,19.5,full
custom,strict,7500,Laptop,variable,4.0,6.0,6.0,8.357,full
custom,strict,7500,LED TV,variable,5.0,4.0,4.0,10.8,full
custom,strict,7500,Washing machine,variable,6.0,2.0,2.0,10.029,full
custom,strict,7500,Electric flat iron,variable,7.0,1.0,1.0,2.571,full
custom,strict,7500,Inverter aircon (1.0 HP),variable,8.0,8.0,8.0,180.0,full
custom,strict,7600,Refrigerator,fixed,,24.0,24.0,100.8,always on
custom,strict,7600,Wi-Fi router,fixed,,24.0,24.0,7.2,always on
custom,strict,7600,LED lights,variable,1.0,5.0,5.0,8.1,full
custom,strict,7600,Electric fan,variable,2.0,8.0,8.0,38.4,full
custom,strict,7600,Rice cooker,variable,3.0,1.0,1.0,19.5,full
custom,strict,7600,Laptop,variable,4.0,6.0,6.0,8.357,full
custom,strict,7600,LED TV,variable,5.0,4.0,4.0,10.8,full
custom,strict,7600,Washing machine,variable,6.0,2.0,2.0,10.029,full
custom,strict,7600,Electric flat iron,variable,7.0,1.0,1.0,2.571,full
custom,strict,7600,Inverter aircon (1.0 HP),variable,8.0,8.0,8.0,180.0,full
custom,strict,7700,Refrigerator,fixed,,24.0,24.0,100.8,always on
custom,strict,7700,Wi-Fi router,fixed,,24.0,24.0,7.2,always on
custom,strict,7700,LED lights,variable,1.0,5.0,5.0,8.1,full
custom,strict,7700,Electric fan,variable,2.0,8.0,8.0,38.4,full
custom,strict,7700,Rice cooker,variable,3.0,1.0,1.0,19.5,full
custom,strict,7700,Laptop,variable,4.0,6.0,6.0,8.357,full
custom,strict,7700,LED TV,variable,5.0,4.0,4.0,10.8,full
custom,strict,7700,Washing machine,variable,6.0,2.0,2.0,10.029,full
custom,strict,7700,Electric flat iron,variable,7.0,1.0,1.0,2.571,full
custom,strict,7700,Inverter aircon (1.0 HP),variable,8.0,8.0,8.0,180.0,full
custom,strict,7800,Refrigerator,fixed,,24.0,24.0,100.8,always on
custom,strict,7800,Wi-Fi router,fixed,,24.0,24.0,7.2,always on
custom,strict,7800,LED lights,variable,1.0,5.0,5.0,8.1,full
custom,strict,7800,Electric fan,variable,2.0,8.0,8.0,38.4,full
custom,strict,7800,Rice cooker,variable,3.0,1.0,1.0,19.5,full
custom,strict,7800,Laptop,variable,4.0,6.0,6.0,8.357,full
custom,strict,7800,LED TV,variable,5.0,4.0,4.0,10.8,full
custom,strict,7800,Washing machine,variable,6.0,2.0,2.0,10.029,full
custom,strict,7800,Electric flat iron,variable,7.0,1.0,1.0,2.571,full
custom,strict,7800,Inverter aircon (1.0 HP),variable,8.0,8.0,8.0,180.0,full
custom,strict,7900,Refrigerator,fixed,,24.0,24.0,100.8,always on
custom,strict,7900,Wi-Fi router,fixed,,24.0,24.0,7.2,always on
custom,strict,7900,LED lights,variable,1.0,5.0,5.0,8.1,full
custom,strict,7900,Electric fan,variable,2.0,8.0,8.0,38.4,full
custom,strict,7900,Rice cooker,variable,3.0,1.0,1.0,19.5,full
custom,strict,7900,Laptop,variable,4.0,6.0,6.0,8.357,full
custom,strict,7900,LED TV,variable,5.0,4.0,4.0,10.8,full
custom,strict,7900,Washing machine,variable,6.0,2.0,2.0,10.029,full
custom,strict,7900,Electric flat iron,variable,7.0,1.0,1.0,2.571,full
custom,strict,7900,Inverter aircon (1.0 HP),variable,8.0,8.0,8.0,180.0,full
custom,strict,8000,Refrigerator,fixed,,24.0,24.0,100.8,always on
custom,strict,8000,Wi-Fi router,fixed,,24.0,24.0,7.2,always on
custom,strict,8000,LED lights,variable,1.0,5.0,5.0,8.1,full
custom,strict,8000,Electric fan,variable,2.0,8.0,8.0,38.4,full
custom,strict,8000,Rice cooker,variable,3.0,1.0,1.0,19.5,full
custom,strict,8000,Laptop,variable,4.0,6.0,6.0,8.357,full
custom,strict,8000,LED TV,variable,5.0,4.0,4.0,10.8,full
custom,strict,8000,Washing machine,variable,6.0,2.0,2.0,10.029,full
custom,strict,8000,Electric flat iron,variable,7.0,1.0,1.0,2.571,full
custom,strict,8000,Inverter aircon (1.0 HP),variable,8.0,8.0,8.0,180.0,full
custom,weighted,1600,Refrigerator,fixed,,24.0,24.0,100.8,always on
custom,weighted,1600,Wi-Fi router,fixed,,24.0,24.0,7.2,always on
custom,weighted,1600,LED lights,variable,1.0,0.0,5.0,0.0,OFF (sacrificed)
custom,weighted,1600,Electric fan,variable,2.0,0.0,8.0,0.0,OFF (sacrificed)
custom,weighted,1600,Rice cooker,variable,3.0,0.0,1.0,0.0,OFF (sacrificed)
custom,weighted,1600,Laptop,variable,4.0,0.0,6.0,0.0,OFF (sacrificed)
custom,weighted,1600,LED TV,variable,5.0,0.0,4.0,0.0,OFF (sacrificed)
custom,weighted,1600,Washing machine,variable,6.0,0.0,2.0,0.0,OFF (sacrificed)
custom,weighted,1600,Electric flat iron,variable,7.0,0.0,1.0,0.0,OFF (sacrificed)
custom,weighted,1600,Inverter aircon (1.0 HP),variable,8.0,0.0,8.0,0.0,OFF (sacrificed)
custom,weighted,1700,Refrigerator,fixed,,24.0,24.0,100.8,always on
custom,weighted,1700,Wi-Fi router,fixed,,24.0,24.0,7.2,always on
custom,weighted,1700,LED lights,variable,1.0,4.25,5.0,6.885,reduced
custom,weighted,1700,Electric fan,variable,2.0,0.0,8.0,0.0,OFF (sacrificed)
custom,weighted,1700,Rice cooker,variable,3.0,0.0,1.0,0.0,OFF (sacrificed)
custom,weighted,1700,Laptop,variable,4.0,0.0,6.0,0.0,OFF (sacrificed)
custom,weighted,1700,LED TV,variable,5.0,0.0,4.0,0.0,OFF (sacrificed)
custom,weighted,1700,Washing machine,variable,6.0,0.0,2.0,0.0,OFF (sacrificed)
custom,weighted,1700,Electric flat iron,variable,7.0,0.0,1.0,0.0,OFF (sacrificed)
custom,weighted,1700,Inverter aircon (1.0 HP),variable,8.0,0.0,8.0,0.0,OFF (sacrificed)
custom,weighted,1800,Refrigerator,fixed,,24.0,24.0,100.8,always on
custom,weighted,1800,Wi-Fi router,fixed,,24.0,24.0,7.2,always on
custom,weighted,1800,LED lights,variable,1.0,5.0,5.0,8.1,full
custom,weighted,1800,Electric fan,variable,2.0,0.0,8.0,0.0,OFF (sacrificed)
custom,weighted,1800,Rice cooker,variable,3.0,0.0,1.0,0.0,OFF (sacrificed)
custom,weighted,1800,Laptop,variable,4.0,2.25,6.0,3.134,reduced
custom,weighted,1800,LED TV,variable,5.0,0.0,4.0,0.0,OFF (sacrificed)
custom,weighted,1800,Washing machine,variable,6.0,0.0,2.0,0.0,OFF (sacrificed)
custom,weighted,1800,Electric flat iron,variable,7.0,1.0,1.0,2.571,full
custom,weighted,1800,Inverter aircon (1.0 HP),variable,8.0,0.0,8.0,0.0,OFF (sacrificed)
custom,weighted,1900,Refrigerator,fixed,,24.0,24.0,100.8,always on
custom,weighted,1900,Wi-Fi router,fixed,,24.0,24.0,7.2,always on
custom,weighted,1900,LED lights,variable,1.0,5.0,5.0,8.1,full
custom,weighted,1900,Electric fan,variable,2.0,0.0,8.0,0.0,OFF (sacrificed)
custom,weighted,1900,Rice cooker,variable,3.0,0.0,1.0,0.0,OFF (sacrificed)
custom,weighted,1900,Laptop,variable,4.0,6.0,6.0,8.357,full
custom,weighted,1900,LED TV,variable,5.0,0.5,4.0,1.35,reduced
custom,weighted,1900,Washing machine,variable,6.0,0.0,2.0,0.0,OFF (sacrificed)
custom,weighted,1900,Electric flat iron,variable,7.0,1.0,1.0,2.571,full
custom,weighted,1900,Inverter aircon (1.0 HP),variable,8.0,0.0,8.0,0.0,OFF (sacrificed)
custom,weighted,2000,Refrigerator,fixed,,24.0,24.0,100.8,always on
custom,weighted,2000,Wi-Fi router,fixed,,24.0,24.0,7.2,always on
custom,weighted,2000,LED lights,variable,1.0,5.0,5.0,8.1,full
custom,weighted,2000,Electric fan,variable,2.0,0.0,8.0,0.0,OFF (sacrificed)
custom,weighted,2000,Rice cooker,variable,3.0,0.0,1.0,0.0,OFF (sacrificed)
custom,weighted,2000,Laptop,variable,4.0,6.0,6.0,8.357,full
custom,weighted,2000,LED TV,variable,5.0,3.0,4.0,8.1,reduced
custom,weighted,2000,Washing machine,variable,6.0,0.0,2.0,0.0,OFF (sacrificed)
custom,weighted,2000,Electric flat iron,variable,7.0,1.0,1.0,2.571,full
custom,weighted,2000,Inverter aircon (1.0 HP),variable,8.0,0.0,8.0,0.0,OFF (sacrificed)
custom,weighted,2100,Refrigerator,fixed,,24.0,24.0,100.8,always on
custom,weighted,2100,Wi-Fi router,fixed,,24.0,24.0,7.2,always on
custom,weighted,2100,LED lights,variable,1.0,5.0,5.0,8.1,full
custom,weighted,2100,Electric fan,variable,2.0,0.0,8.0,0.0,OFF (sacrificed)
custom,weighted,2100,Rice cooker,variable,3.0,0.0,1.0,0.0,OFF (sacrificed)
custom,weighted,2100,Laptop,variable,4.0,6.0,6.0,8.357,full
custom,weighted,2100,LED TV,variable,5.0,4.0,4.0,10.8,full
custom,weighted,2100,Washing machine,variable,6.0,0.75,2.0,3.761,reduced
custom,weighted,2100,Electric flat iron,variable,7.0,1.0,1.0,2.571,full
custom,weighted,2100,Inverter aircon (1.0 HP),variable,8.0,0.0,8.0,0.0,OFF (sacrificed)
custom,weighted,2200,Refrigerator,fixed,,24.0,24.0,100.8,always on
custom,weighted,2200,Wi-Fi router,fixed,,24.0,24.0,7.2,always on
custom,weighted,2200,LED lights,variable,1.0,5.0,5.0,8.1,full
custom,weighted,2200,Electric fan,variable,2.0,0.0,8.0,0.0,OFF (sacrificed)
custom,weighted,2200,Rice cooker,variable,3.0,0.5,1.0,9.75,reduced
custom,weighted,2200,Laptop,variable,4.0,6.0,6.0,8.357,full
custom,weighted,2200,LED TV,variable,5.0,4.0,4.0,10.8,full
custom,weighted,2200,Washing machine,variable,6.0,0.25,2.0,1.254,reduced
custom,weighted,2200,Electric flat iron,variable,7.0,1.0,1.0,2.571,full
custom,weighted,2200,Inverter aircon (1.0 HP),variable,8.0,0.0,8.0,0.0,OFF (sacrificed)
custom,weighted,2300,Refrigerator,fixed,,24.0,24.0,100.8,always on
custom,weighted,2300,Wi-Fi router,fixed,,24.0,24.0,7.2,always on
custom,weighted,2300,LED lights,variable,1.0,5.0,5.0,8.1,full
custom,weighted,2300,Electric fan,variable,2.0,0.0,8.0,0.0,OFF (sacrificed)
custom,weighted,2300,Rice cooker,variable,3.0,0.75,1.0,14.625,reduced
custom,weighted,2300,Laptop,variable,4.0,6.0,6.0,8.357,full
custom,weighted,2300,LED TV,variable,5.0,4.0,4.0,10.8,full
custom,weighted,2300,Washing machine,variable,6.0,0.75,2.0,3.761,reduced
custom,weighted,2300,Electric flat iron,variable,7.0,1.0,1.0,2.571,full
custom,weighted,2300,Inverter aircon (1.0 HP),variable,8.0,0.0,8.0,0.0,OFF (sacrificed)
custom,weighted,2400,Refrigerator,fixed,,24.0,24.0,100.8,always on
custom,weighted,2400,Wi-Fi router,fixed,,24.0,24.0,7.2,always on
custom,weighted,2400,LED lights,variable,1.0,5.0,5.0,8.1,full
custom,weighted,2400,Electric fan,variable,2.0,0.0,8.0,0.0,OFF (sacrificed)
custom,weighted,2400,Rice cooker,variable,3.0,1.0,1.0,19.5,full
custom,weighted,2400,Laptop,variable,4.0,6.0,6.0,8.357,full
custom,weighted,2400,LED TV,variable,5.0,4.0,4.0,10.8,full
custom,weighted,2400,Washing machine,variable,6.0,1.0,2.0,5.014,reduced
custom,weighted,2400,Electric flat iron,variable,7.0,1.0,1.0,2.571,full
custom,weighted,2400,Inverter aircon (1.0 HP),variable,8.0,0.0,8.0,0.0,OFF (sacrificed)
custom,weighted,2500,Refrigerator,fixed,,24.0,24.0,100.8,always on
custom,weighted,2500,Wi-Fi router,fixed,,24.0,24.0,7.2,always on
custom,weighted,2500,LED lights,variable,1.0,5.0,5.0,8.1,full
custom,weighted,2500,Electric fan,variable,2.0,0.5,8.0,2.4,reduced
custom,weighted,2500,Rice cooker,variable,3.0,1.0,1.0,19.5,full
custom,weighted,2500,Laptop,variable,4.0,6.0,6.0,8.357,full
custom,weighted,2500,LED TV,variable,5.0,4.0,4.0,10.8,full
custom,weighted,2500,Washing machine,variable,6.0,2.0,2.0,10.029,full
custom,weighted,2500,Electric flat iron,variable,7.0,1.0,1.0,2.571,full
custom,weighted,2500,Inverter aircon (1.0 HP),variable,8.0,0.0,8.0,0.0,OFF (sacrificed)
custom,weighted,2600,Refrigerator,fixed,,24.0,24.0,100.8,always on
custom,weighted,2600,Wi-Fi router,fixed,,24.0,24.0,7.2,always on
custom,weighted,2600,LED lights,variable,1.0,5.0,5.0,8.1,full
custom,weighted,2600,Electric fan,variable,2.0,1.75,8.0,8.4,reduced
custom,weighted,2600,Rice cooker,variable,3.0,1.0,1.0,19.5,full
custom,weighted,2600,Laptop,variable,4.0,6.0,6.0,8.357,full
custom,weighted,2600,LED TV,variable,5.0,4.0,4.0,10.8,full
custom,weighted,2600,Washing machine,variable,6.0,2.0,2.0,10.029,full
custom,weighted,2600,Electric flat iron,variable,7.0,1.0,1.0,2.571,full
custom,weighted,2600,Inverter aircon (1.0 HP),variable,8.0,0.0,8.0,0.0,OFF (sacrificed)
custom,weighted,2700,Refrigerator,fixed,,24.0,24.0,100.8,always on
custom,weighted,2700,Wi-Fi router,fixed,,24.0,24.0,7.2,always on
custom,weighted,2700,LED lights,variable,1.0,5.0,5.0,8.1,full
custom,weighted,2700,Electric fan,variable,2.0,3.25,8.0,15.6,reduced
custom,weighted,2700,Rice cooker,variable,3.0,1.0,1.0,19.5,full
custom,weighted,2700,Laptop,variable,4.0,6.0,6.0,8.357,full
custom,weighted,2700,LED TV,variable,5.0,4.0,4.0,10.8,full
custom,weighted,2700,Washing machine,variable,6.0,2.0,2.0,10.029,full
custom,weighted,2700,Electric flat iron,variable,7.0,1.0,1.0,2.571,full
custom,weighted,2700,Inverter aircon (1.0 HP),variable,8.0,0.0,8.0,0.0,OFF (sacrificed)
custom,weighted,2800,Refrigerator,fixed,,24.0,24.0,100.8,always on
custom,weighted,2800,Wi-Fi router,fixed,,24.0,24.0,7.2,always on
custom,weighted,2800,LED lights,variable,1.0,5.0,5.0,8.1,full
custom,weighted,2800,Electric fan,variable,2.0,4.75,8.0,22.8,reduced
custom,weighted,2800,Rice cooker,variable,3.0,1.0,1.0,19.5,full
custom,weighted,2800,Laptop,variable,4.0,6.0,6.0,8.357,full
custom,weighted,2800,LED TV,variable,5.0,4.0,4.0,10.8,full
custom,weighted,2800,Washing machine,variable,6.0,2.0,2.0,10.029,full
custom,weighted,2800,Electric flat iron,variable,7.0,1.0,1.0,2.571,full
custom,weighted,2800,Inverter aircon (1.0 HP),variable,8.0,0.0,8.0,0.0,OFF (sacrificed)
custom,weighted,2900,Refrigerator,fixed,,24.0,24.0,100.8,always on
custom,weighted,2900,Wi-Fi router,fixed,,24.0,24.0,7.2,always on
custom,weighted,2900,LED lights,variable,1.0,5.0,5.0,8.1,full
custom,weighted,2900,Electric fan,variable,2.0,6.25,8.0,30.0,reduced
custom,weighted,2900,Rice cooker,variable,3.0,1.0,1.0,19.5,full
custom,weighted,2900,Laptop,variable,4.0,6.0,6.0,8.357,full
custom,weighted,2900,LED TV,variable,5.0,4.0,4.0,10.8,full
custom,weighted,2900,Washing machine,variable,6.0,2.0,2.0,10.029,full
custom,weighted,2900,Electric flat iron,variable,7.0,1.0,1.0,2.571,full
custom,weighted,2900,Inverter aircon (1.0 HP),variable,8.0,0.0,8.0,0.0,OFF (sacrificed)
custom,weighted,3000,Refrigerator,fixed,,24.0,24.0,100.8,always on
custom,weighted,3000,Wi-Fi router,fixed,,24.0,24.0,7.2,always on
custom,weighted,3000,LED lights,variable,1.0,5.0,5.0,8.1,full
custom,weighted,3000,Electric fan,variable,2.0,6.75,8.0,32.4,reduced
custom,weighted,3000,Rice cooker,variable,3.0,1.0,1.0,19.5,full
custom,weighted,3000,Laptop,variable,4.0,6.0,6.0,8.357,full
custom,weighted,3000,LED TV,variable,5.0,4.0,4.0,10.8,full
custom,weighted,3000,Washing machine,variable,6.0,2.0,2.0,10.029,full
custom,weighted,3000,Electric flat iron,variable,7.0,1.0,1.0,2.571,full
custom,weighted,3000,Inverter aircon (1.0 HP),variable,8.0,0.0,8.0,0.0,OFF (sacrificed)
custom,weighted,3100,Refrigerator,fixed,,24.0,24.0,100.8,always on
custom,weighted,3100,Wi-Fi router,fixed,,24.0,24.0,7.2,always on
custom,weighted,3100,LED lights,variable,1.0,5.0,5.0,8.1,full
custom,weighted,3100,Electric fan,variable,2.0,8.0,8.0,38.4,full
custom,weighted,3100,Rice cooker,variable,3.0,1.0,1.0,19.5,full
custom,weighted,3100,Laptop,variable,4.0,6.0,6.0,8.357,full
custom,weighted,3100,LED TV,variable,5.0,4.0,4.0,10.8,full
custom,weighted,3100,Washing machine,variable,6.0,2.0,2.0,10.029,full
custom,weighted,3100,Electric flat iron,variable,7.0,1.0,1.0,2.571,full
custom,weighted,3100,Inverter aircon (1.0 HP),variable,8.0,0.0,8.0,0.0,OFF (sacrificed)
custom,weighted,3200,Refrigerator,fixed,,24.0,24.0,100.8,always on
custom,weighted,3200,Wi-Fi router,fixed,,24.0,24.0,7.2,always on
custom,weighted,3200,LED lights,variable,1.0,5.0,5.0,8.1,full
custom,weighted,3200,Electric fan,variable,2.0,8.0,8.0,38.4,full
custom,weighted,3200,Rice cooker,variable,3.0,1.0,1.0,19.5,full
custom,weighted,3200,Laptop,variable,4.0,6.0,6.0,8.357,full
custom,weighted,3200,LED TV,variable,5.0,4.0,4.0,10.8,full
custom,weighted,3200,Washing machine,variable,6.0,2.0,2.0,10.029,full
custom,weighted,3200,Electric flat iron,variable,7.0,1.0,1.0,2.571,full
custom,weighted,3200,Inverter aircon (1.0 HP),variable,8.0,0.25,8.0,5.625,reduced
custom,weighted,3300,Refrigerator,fixed,,24.0,24.0,100.8,always on
custom,weighted,3300,Wi-Fi router,fixed,,24.0,24.0,7.2,always on
custom,weighted,3300,LED lights,variable,1.0,5.0,5.0,8.1,full
custom,weighted,3300,Electric fan,variable,2.0,8.0,8.0,38.4,full
custom,weighted,3300,Rice cooker,variable,3.0,1.0,1.0,19.5,full
custom,weighted,3300,Laptop,variable,4.0,6.0,6.0,8.357,full
custom,weighted,3300,LED TV,variable,5.0,4.0,4.0,10.8,full
custom,weighted,3300,Washing machine,variable,6.0,2.0,2.0,10.029,full
custom,weighted,3300,Electric flat iron,variable,7.0,1.0,1.0,2.571,full
custom,weighted,3300,Inverter aircon (1.0 HP),variable,8.0,0.5,8.0,11.25,reduced
custom,weighted,3400,Refrigerator,fixed,,24.0,24.0,100.8,always on
custom,weighted,3400,Wi-Fi router,fixed,,24.0,24.0,7.2,always on
custom,weighted,3400,LED lights,variable,1.0,5.0,5.0,8.1,full
custom,weighted,3400,Electric fan,variable,2.0,8.0,8.0,38.4,full
custom,weighted,3400,Rice cooker,variable,3.0,1.0,1.0,19.5,full
custom,weighted,3400,Laptop,variable,4.0,6.0,6.0,8.357,full
custom,weighted,3400,LED TV,variable,5.0,4.0,4.0,10.8,full
custom,weighted,3400,Washing machine,variable,6.0,2.0,2.0,10.029,full
custom,weighted,3400,Electric flat iron,variable,7.0,1.0,1.0,2.571,full
custom,weighted,3400,Inverter aircon (1.0 HP),variable,8.0,0.75,8.0,16.875,reduced
custom,weighted,3500,Refrigerator,fixed,,24.0,24.0,100.8,always on
custom,weighted,3500,Wi-Fi router,fixed,,24.0,24.0,7.2,always on
custom,weighted,3500,LED lights,variable,1.0,5.0,5.0,8.1,full
custom,weighted,3500,Electric fan,variable,2.0,8.0,8.0,38.4,full
custom,weighted,3500,Rice cooker,variable,3.0,1.0,1.0,19.5,full
custom,weighted,3500,Laptop,variable,4.0,6.0,6.0,8.357,full
custom,weighted,3500,LED TV,variable,5.0,4.0,4.0,10.8,full
custom,weighted,3500,Washing machine,variable,6.0,2.0,2.0,10.029,full
custom,weighted,3500,Electric flat iron,variable,7.0,1.0,1.0,2.571,full
custom,weighted,3500,Inverter aircon (1.0 HP),variable,8.0,1.0,8.0,22.5,reduced
custom,weighted,3600,Refrigerator,fixed,,24.0,24.0,100.8,always on
custom,weighted,3600,Wi-Fi router,fixed,,24.0,24.0,7.2,always on
custom,weighted,3600,LED lights,variable,1.0,5.0,5.0,8.1,full
custom,weighted,3600,Electric fan,variable,2.0,8.0,8.0,38.4,full
custom,weighted,3600,Rice cooker,variable,3.0,1.0,1.0,19.5,full
custom,weighted,3600,Laptop,variable,4.0,6.0,6.0,8.357,full
custom,weighted,3600,LED TV,variable,5.0,4.0,4.0,10.8,full
custom,weighted,3600,Washing machine,variable,6.0,2.0,2.0,10.029,full
custom,weighted,3600,Electric flat iron,variable,7.0,1.0,1.0,2.571,full
custom,weighted,3600,Inverter aircon (1.0 HP),variable,8.0,1.5,8.0,33.75,reduced
custom,weighted,3700,Refrigerator,fixed,,24.0,24.0,100.8,always on
custom,weighted,3700,Wi-Fi router,fixed,,24.0,24.0,7.2,always on
custom,weighted,3700,LED lights,variable,1.0,5.0,5.0,8.1,full
custom,weighted,3700,Electric fan,variable,2.0,8.0,8.0,38.4,full
custom,weighted,3700,Rice cooker,variable,3.0,1.0,1.0,19.5,full
custom,weighted,3700,Laptop,variable,4.0,6.0,6.0,8.357,full
custom,weighted,3700,LED TV,variable,5.0,4.0,4.0,10.8,full
custom,weighted,3700,Washing machine,variable,6.0,2.0,2.0,10.029,full
custom,weighted,3700,Electric flat iron,variable,7.0,1.0,1.0,2.571,full
custom,weighted,3700,Inverter aircon (1.0 HP),variable,8.0,1.75,8.0,39.375,reduced
custom,weighted,3800,Refrigerator,fixed,,24.0,24.0,100.8,always on
custom,weighted,3800,Wi-Fi router,fixed,,24.0,24.0,7.2,always on
custom,weighted,3800,LED lights,variable,1.0,5.0,5.0,8.1,full
custom,weighted,3800,Electric fan,variable,2.0,8.0,8.0,38.4,full
custom,weighted,3800,Rice cooker,variable,3.0,1.0,1.0,19.5,full
custom,weighted,3800,Laptop,variable,4.0,6.0,6.0,8.357,full
custom,weighted,3800,LED TV,variable,5.0,4.0,4.0,10.8,full
custom,weighted,3800,Washing machine,variable,6.0,2.0,2.0,10.029,full
custom,weighted,3800,Electric flat iron,variable,7.0,1.0,1.0,2.571,full
custom,weighted,3800,Inverter aircon (1.0 HP),variable,8.0,2.0,8.0,45.0,reduced
custom,weighted,3900,Refrigerator,fixed,,24.0,24.0,100.8,always on
custom,weighted,3900,Wi-Fi router,fixed,,24.0,24.0,7.2,always on
custom,weighted,3900,LED lights,variable,1.0,5.0,5.0,8.1,full
custom,weighted,3900,Electric fan,variable,2.0,8.0,8.0,38.4,full
custom,weighted,3900,Rice cooker,variable,3.0,1.0,1.0,19.5,full
custom,weighted,3900,Laptop,variable,4.0,6.0,6.0,8.357,full
custom,weighted,3900,LED TV,variable,5.0,4.0,4.0,10.8,full
custom,weighted,3900,Washing machine,variable,6.0,2.0,2.0,10.029,full
custom,weighted,3900,Electric flat iron,variable,7.0,1.0,1.0,2.571,full
custom,weighted,3900,Inverter aircon (1.0 HP),variable,8.0,2.25,8.0,50.625,reduced
custom,weighted,4000,Refrigerator,fixed,,24.0,24.0,100.8,always on
custom,weighted,4000,Wi-Fi router,fixed,,24.0,24.0,7.2,always on
custom,weighted,4000,LED lights,variable,1.0,5.0,5.0,8.1,full
custom,weighted,4000,Electric fan,variable,2.0,8.0,8.0,38.4,full
custom,weighted,4000,Rice cooker,variable,3.0,1.0,1.0,19.5,full
custom,weighted,4000,Laptop,variable,4.0,6.0,6.0,8.357,full
custom,weighted,4000,LED TV,variable,5.0,4.0,4.0,10.8,full
custom,weighted,4000,Washing machine,variable,6.0,2.0,2.0,10.029,full
custom,weighted,4000,Electric flat iron,variable,7.0,1.0,1.0,2.571,full
custom,weighted,4000,Inverter aircon (1.0 HP),variable,8.0,2.5,8.0,56.25,reduced
custom,weighted,4100,Refrigerator,fixed,,24.0,24.0,100.8,always on
custom,weighted,4100,Wi-Fi router,fixed,,24.0,24.0,7.2,always on
custom,weighted,4100,LED lights,variable,1.0,5.0,5.0,8.1,full
custom,weighted,4100,Electric fan,variable,2.0,8.0,8.0,38.4,full
custom,weighted,4100,Rice cooker,variable,3.0,1.0,1.0,19.5,full
custom,weighted,4100,Laptop,variable,4.0,6.0,6.0,8.357,full
custom,weighted,4100,LED TV,variable,5.0,4.0,4.0,10.8,full
custom,weighted,4100,Washing machine,variable,6.0,2.0,2.0,10.029,full
custom,weighted,4100,Electric flat iron,variable,7.0,1.0,1.0,2.571,full
custom,weighted,4100,Inverter aircon (1.0 HP),variable,8.0,3.0,8.0,67.5,reduced
custom,weighted,4200,Refrigerator,fixed,,24.0,24.0,100.8,always on
custom,weighted,4200,Wi-Fi router,fixed,,24.0,24.0,7.2,always on
custom,weighted,4200,LED lights,variable,1.0,5.0,5.0,8.1,full
custom,weighted,4200,Electric fan,variable,2.0,8.0,8.0,38.4,full
custom,weighted,4200,Rice cooker,variable,3.0,1.0,1.0,19.5,full
custom,weighted,4200,Laptop,variable,4.0,6.0,6.0,8.357,full
custom,weighted,4200,LED TV,variable,5.0,4.0,4.0,10.8,full
custom,weighted,4200,Washing machine,variable,6.0,2.0,2.0,10.029,full
custom,weighted,4200,Electric flat iron,variable,7.0,1.0,1.0,2.571,full
custom,weighted,4200,Inverter aircon (1.0 HP),variable,8.0,3.25,8.0,73.125,reduced
custom,weighted,4300,Refrigerator,fixed,,24.0,24.0,100.8,always on
custom,weighted,4300,Wi-Fi router,fixed,,24.0,24.0,7.2,always on
custom,weighted,4300,LED lights,variable,1.0,5.0,5.0,8.1,full
custom,weighted,4300,Electric fan,variable,2.0,8.0,8.0,38.4,full
custom,weighted,4300,Rice cooker,variable,3.0,1.0,1.0,19.5,full
custom,weighted,4300,Laptop,variable,4.0,6.0,6.0,8.357,full
custom,weighted,4300,LED TV,variable,5.0,4.0,4.0,10.8,full
custom,weighted,4300,Washing machine,variable,6.0,2.0,2.0,10.029,full
custom,weighted,4300,Electric flat iron,variable,7.0,1.0,1.0,2.571,full
custom,weighted,4300,Inverter aircon (1.0 HP),variable,8.0,3.5,8.0,78.75,reduced
custom,weighted,4400,Refrigerator,fixed,,24.0,24.0,100.8,always on
custom,weighted,4400,Wi-Fi router,fixed,,24.0,24.0,7.2,always on
custom,weighted,4400,LED lights,variable,1.0,5.0,5.0,8.1,full
custom,weighted,4400,Electric fan,variable,2.0,8.0,8.0,38.4,full
custom,weighted,4400,Rice cooker,variable,3.0,1.0,1.0,19.5,full
custom,weighted,4400,Laptop,variable,4.0,6.0,6.0,8.357,full
custom,weighted,4400,LED TV,variable,5.0,4.0,4.0,10.8,full
custom,weighted,4400,Washing machine,variable,6.0,2.0,2.0,10.029,full
custom,weighted,4400,Electric flat iron,variable,7.0,1.0,1.0,2.571,full
custom,weighted,4400,Inverter aircon (1.0 HP),variable,8.0,3.75,8.0,84.375,reduced
custom,weighted,4500,Refrigerator,fixed,,24.0,24.0,100.8,always on
custom,weighted,4500,Wi-Fi router,fixed,,24.0,24.0,7.2,always on
custom,weighted,4500,LED lights,variable,1.0,5.0,5.0,8.1,full
custom,weighted,4500,Electric fan,variable,2.0,8.0,8.0,38.4,full
custom,weighted,4500,Rice cooker,variable,3.0,1.0,1.0,19.5,full
custom,weighted,4500,Laptop,variable,4.0,6.0,6.0,8.357,full
custom,weighted,4500,LED TV,variable,5.0,4.0,4.0,10.8,full
custom,weighted,4500,Washing machine,variable,6.0,2.0,2.0,10.029,full
custom,weighted,4500,Electric flat iron,variable,7.0,1.0,1.0,2.571,full
custom,weighted,4500,Inverter aircon (1.0 HP),variable,8.0,4.0,8.0,90.0,reduced
custom,weighted,4600,Refrigerator,fixed,,24.0,24.0,100.8,always on
custom,weighted,4600,Wi-Fi router,fixed,,24.0,24.0,7.2,always on
custom,weighted,4600,LED lights,variable,1.0,5.0,5.0,8.1,full
custom,weighted,4600,Electric fan,variable,2.0,8.0,8.0,38.4,full
custom,weighted,4600,Rice cooker,variable,3.0,1.0,1.0,19.5,full
custom,weighted,4600,Laptop,variable,4.0,6.0,6.0,8.357,full
custom,weighted,4600,LED TV,variable,5.0,4.0,4.0,10.8,full
custom,weighted,4600,Washing machine,variable,6.0,2.0,2.0,10.029,full
custom,weighted,4600,Electric flat iron,variable,7.0,1.0,1.0,2.571,full
custom,weighted,4600,Inverter aircon (1.0 HP),variable,8.0,4.0,8.0,90.0,reduced
custom,weighted,4700,Refrigerator,fixed,,24.0,24.0,100.8,always on
custom,weighted,4700,Wi-Fi router,fixed,,24.0,24.0,7.2,always on
custom,weighted,4700,LED lights,variable,1.0,5.0,5.0,8.1,full
custom,weighted,4700,Electric fan,variable,2.0,8.0,8.0,38.4,full
custom,weighted,4700,Rice cooker,variable,3.0,1.0,1.0,19.5,full
custom,weighted,4700,Laptop,variable,4.0,6.0,6.0,8.357,full
custom,weighted,4700,LED TV,variable,5.0,4.0,4.0,10.8,full
custom,weighted,4700,Washing machine,variable,6.0,2.0,2.0,10.029,full
custom,weighted,4700,Electric flat iron,variable,7.0,1.0,1.0,2.571,full
custom,weighted,4700,Inverter aircon (1.0 HP),variable,8.0,4.25,8.0,95.625,reduced
custom,weighted,4800,Refrigerator,fixed,,24.0,24.0,100.8,always on
custom,weighted,4800,Wi-Fi router,fixed,,24.0,24.0,7.2,always on
custom,weighted,4800,LED lights,variable,1.0,5.0,5.0,8.1,full
custom,weighted,4800,Electric fan,variable,2.0,8.0,8.0,38.4,full
custom,weighted,4800,Rice cooker,variable,3.0,1.0,1.0,19.5,full
custom,weighted,4800,Laptop,variable,4.0,6.0,6.0,8.357,full
custom,weighted,4800,LED TV,variable,5.0,4.0,4.0,10.8,full
custom,weighted,4800,Washing machine,variable,6.0,2.0,2.0,10.029,full
custom,weighted,4800,Electric flat iron,variable,7.0,1.0,1.0,2.571,full
custom,weighted,4800,Inverter aircon (1.0 HP),variable,8.0,4.75,8.0,106.875,reduced
custom,weighted,4900,Refrigerator,fixed,,24.0,24.0,100.8,always on
custom,weighted,4900,Wi-Fi router,fixed,,24.0,24.0,7.2,always on
custom,weighted,4900,LED lights,variable,1.0,5.0,5.0,8.1,full
custom,weighted,4900,Electric fan,variable,2.0,8.0,8.0,38.4,full
custom,weighted,4900,Rice cooker,variable,3.0,1.0,1.0,19.5,full
custom,weighted,4900,Laptop,variable,4.0,6.0,6.0,8.357,full
custom,weighted,4900,LED TV,variable,5.0,4.0,4.0,10.8,full
custom,weighted,4900,Washing machine,variable,6.0,2.0,2.0,10.029,full
custom,weighted,4900,Electric flat iron,variable,7.0,1.0,1.0,2.571,full
custom,weighted,4900,Inverter aircon (1.0 HP),variable,8.0,5.0,8.0,112.5,reduced
custom,weighted,5000,Refrigerator,fixed,,24.0,24.0,100.8,always on
custom,weighted,5000,Wi-Fi router,fixed,,24.0,24.0,7.2,always on
custom,weighted,5000,LED lights,variable,1.0,5.0,5.0,8.1,full
custom,weighted,5000,Electric fan,variable,2.0,8.0,8.0,38.4,full
custom,weighted,5000,Rice cooker,variable,3.0,1.0,1.0,19.5,full
custom,weighted,5000,Laptop,variable,4.0,6.0,6.0,8.357,full
custom,weighted,5000,LED TV,variable,5.0,4.0,4.0,10.8,full
custom,weighted,5000,Washing machine,variable,6.0,2.0,2.0,10.029,full
custom,weighted,5000,Electric flat iron,variable,7.0,1.0,1.0,2.571,full
custom,weighted,5000,Inverter aircon (1.0 HP),variable,8.0,5.25,8.0,118.125,reduced
custom,weighted,5100,Refrigerator,fixed,,24.0,24.0,100.8,always on
custom,weighted,5100,Wi-Fi router,fixed,,24.0,24.0,7.2,always on
custom,weighted,5100,LED lights,variable,1.0,5.0,5.0,8.1,full
custom,weighted,5100,Electric fan,variable,2.0,8.0,8.0,38.4,full
custom,weighted,5100,Rice cooker,variable,3.0,1.0,1.0,19.5,full
custom,weighted,5100,Laptop,variable,4.0,6.0,6.0,8.357,full
custom,weighted,5100,LED TV,variable,5.0,4.0,4.0,10.8,full
custom,weighted,5100,Washing machine,variable,6.0,2.0,2.0,10.029,full
custom,weighted,5100,Electric flat iron,variable,7.0,1.0,1.0,2.571,full
custom,weighted,5100,Inverter aircon (1.0 HP),variable,8.0,5.5,8.0,123.75,reduced
custom,weighted,5200,Refrigerator,fixed,,24.0,24.0,100.8,always on
custom,weighted,5200,Wi-Fi router,fixed,,24.0,24.0,7.2,always on
custom,weighted,5200,LED lights,variable,1.0,5.0,5.0,8.1,full
custom,weighted,5200,Electric fan,variable,2.0,8.0,8.0,38.4,full
custom,weighted,5200,Rice cooker,variable,3.0,1.0,1.0,19.5,full
custom,weighted,5200,Laptop,variable,4.0,6.0,6.0,8.357,full
custom,weighted,5200,LED TV,variable,5.0,4.0,4.0,10.8,full
custom,weighted,5200,Washing machine,variable,6.0,2.0,2.0,10.029,full
custom,weighted,5200,Electric flat iron,variable,7.0,1.0,1.0,2.571,full
custom,weighted,5200,Inverter aircon (1.0 HP),variable,8.0,5.75,8.0,129.375,reduced
custom,weighted,5300,Refrigerator,fixed,,24.0,24.0,100.8,always on
custom,weighted,5300,Wi-Fi router,fixed,,24.0,24.0,7.2,always on
custom,weighted,5300,LED lights,variable,1.0,5.0,5.0,8.1,full
custom,weighted,5300,Electric fan,variable,2.0,8.0,8.0,38.4,full
custom,weighted,5300,Rice cooker,variable,3.0,1.0,1.0,19.5,full
custom,weighted,5300,Laptop,variable,4.0,6.0,6.0,8.357,full
custom,weighted,5300,LED TV,variable,5.0,4.0,4.0,10.8,full
custom,weighted,5300,Washing machine,variable,6.0,2.0,2.0,10.029,full
custom,weighted,5300,Electric flat iron,variable,7.0,1.0,1.0,2.571,full
custom,weighted,5300,Inverter aircon (1.0 HP),variable,8.0,6.0,8.0,135.0,reduced
custom,weighted,5400,Refrigerator,fixed,,24.0,24.0,100.8,always on
custom,weighted,5400,Wi-Fi router,fixed,,24.0,24.0,7.2,always on
custom,weighted,5400,LED lights,variable,1.0,5.0,5.0,8.1,full
custom,weighted,5400,Electric fan,variable,2.0,8.0,8.0,38.4,full
custom,weighted,5400,Rice cooker,variable,3.0,1.0,1.0,19.5,full
custom,weighted,5400,Laptop,variable,4.0,6.0,6.0,8.357,full
custom,weighted,5400,LED TV,variable,5.0,4.0,4.0,10.8,full
custom,weighted,5400,Washing machine,variable,6.0,2.0,2.0,10.029,full
custom,weighted,5400,Electric flat iron,variable,7.0,1.0,1.0,2.571,full
custom,weighted,5400,Inverter aircon (1.0 HP),variable,8.0,6.5,8.0,146.25,reduced
custom,weighted,5500,Refrigerator,fixed,,24.0,24.0,100.8,always on
custom,weighted,5500,Wi-Fi router,fixed,,24.0,24.0,7.2,always on
custom,weighted,5500,LED lights,variable,1.0,5.0,5.0,8.1,full
custom,weighted,5500,Electric fan,variable,2.0,8.0,8.0,38.4,full
custom,weighted,5500,Rice cooker,variable,3.0,1.0,1.0,19.5,full
custom,weighted,5500,Laptop,variable,4.0,6.0,6.0,8.357,full
custom,weighted,5500,LED TV,variable,5.0,4.0,4.0,10.8,full
custom,weighted,5500,Washing machine,variable,6.0,2.0,2.0,10.029,full
custom,weighted,5500,Electric flat iron,variable,7.0,1.0,1.0,2.571,full
custom,weighted,5500,Inverter aircon (1.0 HP),variable,8.0,6.75,8.0,151.875,reduced
custom,weighted,5600,Refrigerator,fixed,,24.0,24.0,100.8,always on
custom,weighted,5600,Wi-Fi router,fixed,,24.0,24.0,7.2,always on
custom,weighted,5600,LED lights,variable,1.0,5.0,5.0,8.1,full
custom,weighted,5600,Electric fan,variable,2.0,8.0,8.0,38.4,full
custom,weighted,5600,Rice cooker,variable,3.0,1.0,1.0,19.5,full
custom,weighted,5600,Laptop,variable,4.0,6.0,6.0,8.357,full
custom,weighted,5600,LED TV,variable,5.0,4.0,4.0,10.8,full
custom,weighted,5600,Washing machine,variable,6.0,2.0,2.0,10.029,full
custom,weighted,5600,Electric flat iron,variable,7.0,1.0,1.0,2.571,full
custom,weighted,5600,Inverter aircon (1.0 HP),variable,8.0,7.0,8.0,157.5,reduced
custom,weighted,5700,Refrigerator,fixed,,24.0,24.0,100.8,always on
custom,weighted,5700,Wi-Fi router,fixed,,24.0,24.0,7.2,always on
custom,weighted,5700,LED lights,variable,1.0,5.0,5.0,8.1,full
custom,weighted,5700,Electric fan,variable,2.0,8.0,8.0,38.4,full
custom,weighted,5700,Rice cooker,variable,3.0,1.0,1.0,19.5,full
custom,weighted,5700,Laptop,variable,4.0,6.0,6.0,8.357,full
custom,weighted,5700,LED TV,variable,5.0,4.0,4.0,10.8,full
custom,weighted,5700,Washing machine,variable,6.0,2.0,2.0,10.029,full
custom,weighted,5700,Electric flat iron,variable,7.0,1.0,1.0,2.571,full
custom,weighted,5700,Inverter aircon (1.0 HP),variable,8.0,7.25,8.0,163.125,reduced
custom,weighted,5800,Refrigerator,fixed,,24.0,24.0,100.8,always on
custom,weighted,5800,Wi-Fi router,fixed,,24.0,24.0,7.2,always on
custom,weighted,5800,LED lights,variable,1.0,5.0,5.0,8.1,full
custom,weighted,5800,Electric fan,variable,2.0,8.0,8.0,38.4,full
custom,weighted,5800,Rice cooker,variable,3.0,1.0,1.0,19.5,full
custom,weighted,5800,Laptop,variable,4.0,6.0,6.0,8.357,full
custom,weighted,5800,LED TV,variable,5.0,4.0,4.0,10.8,full
custom,weighted,5800,Washing machine,variable,6.0,2.0,2.0,10.029,full
custom,weighted,5800,Electric flat iron,variable,7.0,1.0,1.0,2.571,full
custom,weighted,5800,Inverter aircon (1.0 HP),variable,8.0,7.5,8.0,168.75,reduced
custom,weighted,5900,Refrigerator,fixed,,24.0,24.0,100.8,always on
custom,weighted,5900,Wi-Fi router,fixed,,24.0,24.0,7.2,always on
custom,weighted,5900,LED lights,variable,1.0,5.0,5.0,8.1,full
custom,weighted,5900,Electric fan,variable,2.0,8.0,8.0,38.4,full
custom,weighted,5900,Rice cooker,variable,3.0,1.0,1.0,19.5,full
custom,weighted,5900,Laptop,variable,4.0,6.0,6.0,8.357,full
custom,weighted,5900,LED TV,variable,5.0,4.0,4.0,10.8,full
custom,weighted,5900,Washing machine,variable,6.0,2.0,2.0,10.029,full
custom,weighted,5900,Electric flat iron,variable,7.0,1.0,1.0,2.571,full
custom,weighted,5900,Inverter aircon (1.0 HP),variable,8.0,7.75,8.0,174.375,reduced
custom,weighted,6000,Refrigerator,fixed,,24.0,24.0,100.8,always on
custom,weighted,6000,Wi-Fi router,fixed,,24.0,24.0,7.2,always on
custom,weighted,6000,LED lights,variable,1.0,5.0,5.0,8.1,full
custom,weighted,6000,Electric fan,variable,2.0,8.0,8.0,38.4,full
custom,weighted,6000,Rice cooker,variable,3.0,1.0,1.0,19.5,full
custom,weighted,6000,Laptop,variable,4.0,6.0,6.0,8.357,full
custom,weighted,6000,LED TV,variable,5.0,4.0,4.0,10.8,full
custom,weighted,6000,Washing machine,variable,6.0,2.0,2.0,10.029,full
custom,weighted,6000,Electric flat iron,variable,7.0,1.0,1.0,2.571,full
custom,weighted,6000,Inverter aircon (1.0 HP),variable,8.0,8.0,8.0,180.0,full
custom,weighted,6100,Refrigerator,fixed,,24.0,24.0,100.8,always on
custom,weighted,6100,Wi-Fi router,fixed,,24.0,24.0,7.2,always on
custom,weighted,6100,LED lights,variable,1.0,5.0,5.0,8.1,full
custom,weighted,6100,Electric fan,variable,2.0,8.0,8.0,38.4,full
custom,weighted,6100,Rice cooker,variable,3.0,1.0,1.0,19.5,full
custom,weighted,6100,Laptop,variable,4.0,6.0,6.0,8.357,full
custom,weighted,6100,LED TV,variable,5.0,4.0,4.0,10.8,full
custom,weighted,6100,Washing machine,variable,6.0,2.0,2.0,10.029,full
custom,weighted,6100,Electric flat iron,variable,7.0,1.0,1.0,2.571,full
custom,weighted,6100,Inverter aircon (1.0 HP),variable,8.0,8.0,8.0,180.0,full
custom,weighted,6200,Refrigerator,fixed,,24.0,24.0,100.8,always on
custom,weighted,6200,Wi-Fi router,fixed,,24.0,24.0,7.2,always on
custom,weighted,6200,LED lights,variable,1.0,5.0,5.0,8.1,full
custom,weighted,6200,Electric fan,variable,2.0,8.0,8.0,38.4,full
custom,weighted,6200,Rice cooker,variable,3.0,1.0,1.0,19.5,full
custom,weighted,6200,Laptop,variable,4.0,6.0,6.0,8.357,full
custom,weighted,6200,LED TV,variable,5.0,4.0,4.0,10.8,full
custom,weighted,6200,Washing machine,variable,6.0,2.0,2.0,10.029,full
custom,weighted,6200,Electric flat iron,variable,7.0,1.0,1.0,2.571,full
custom,weighted,6200,Inverter aircon (1.0 HP),variable,8.0,8.0,8.0,180.0,full
custom,weighted,6300,Refrigerator,fixed,,24.0,24.0,100.8,always on
custom,weighted,6300,Wi-Fi router,fixed,,24.0,24.0,7.2,always on
custom,weighted,6300,LED lights,variable,1.0,5.0,5.0,8.1,full
custom,weighted,6300,Electric fan,variable,2.0,8.0,8.0,38.4,full
custom,weighted,6300,Rice cooker,variable,3.0,1.0,1.0,19.5,full
custom,weighted,6300,Laptop,variable,4.0,6.0,6.0,8.357,full
custom,weighted,6300,LED TV,variable,5.0,4.0,4.0,10.8,full
custom,weighted,6300,Washing machine,variable,6.0,2.0,2.0,10.029,full
custom,weighted,6300,Electric flat iron,variable,7.0,1.0,1.0,2.571,full
custom,weighted,6300,Inverter aircon (1.0 HP),variable,8.0,8.0,8.0,180.0,full
custom,weighted,6400,Refrigerator,fixed,,24.0,24.0,100.8,always on
custom,weighted,6400,Wi-Fi router,fixed,,24.0,24.0,7.2,always on
custom,weighted,6400,LED lights,variable,1.0,5.0,5.0,8.1,full
custom,weighted,6400,Electric fan,variable,2.0,8.0,8.0,38.4,full
custom,weighted,6400,Rice cooker,variable,3.0,1.0,1.0,19.5,full
custom,weighted,6400,Laptop,variable,4.0,6.0,6.0,8.357,full
custom,weighted,6400,LED TV,variable,5.0,4.0,4.0,10.8,full
custom,weighted,6400,Washing machine,variable,6.0,2.0,2.0,10.029,full
custom,weighted,6400,Electric flat iron,variable,7.0,1.0,1.0,2.571,full
custom,weighted,6400,Inverter aircon (1.0 HP),variable,8.0,8.0,8.0,180.0,full
custom,weighted,6500,Refrigerator,fixed,,24.0,24.0,100.8,always on
custom,weighted,6500,Wi-Fi router,fixed,,24.0,24.0,7.2,always on
custom,weighted,6500,LED lights,variable,1.0,5.0,5.0,8.1,full
custom,weighted,6500,Electric fan,variable,2.0,8.0,8.0,38.4,full
custom,weighted,6500,Rice cooker,variable,3.0,1.0,1.0,19.5,full
custom,weighted,6500,Laptop,variable,4.0,6.0,6.0,8.357,full
custom,weighted,6500,LED TV,variable,5.0,4.0,4.0,10.8,full
custom,weighted,6500,Washing machine,variable,6.0,2.0,2.0,10.029,full
custom,weighted,6500,Electric flat iron,variable,7.0,1.0,1.0,2.571,full
custom,weighted,6500,Inverter aircon (1.0 HP),variable,8.0,8.0,8.0,180.0,full
custom,weighted,6600,Refrigerator,fixed,,24.0,24.0,100.8,always on
custom,weighted,6600,Wi-Fi router,fixed,,24.0,24.0,7.2,always on
custom,weighted,6600,LED lights,variable,1.0,5.0,5.0,8.1,full
custom,weighted,6600,Electric fan,variable,2.0,8.0,8.0,38.4,full
custom,weighted,6600,Rice cooker,variable,3.0,1.0,1.0,19.5,full
custom,weighted,6600,Laptop,variable,4.0,6.0,6.0,8.357,full
custom,weighted,6600,LED TV,variable,5.0,4.0,4.0,10.8,full
custom,weighted,6600,Washing machine,variable,6.0,2.0,2.0,10.029,full
custom,weighted,6600,Electric flat iron,variable,7.0,1.0,1.0,2.571,full
custom,weighted,6600,Inverter aircon (1.0 HP),variable,8.0,8.0,8.0,180.0,full
custom,weighted,6700,Refrigerator,fixed,,24.0,24.0,100.8,always on
custom,weighted,6700,Wi-Fi router,fixed,,24.0,24.0,7.2,always on
custom,weighted,6700,LED lights,variable,1.0,5.0,5.0,8.1,full
custom,weighted,6700,Electric fan,variable,2.0,8.0,8.0,38.4,full
custom,weighted,6700,Rice cooker,variable,3.0,1.0,1.0,19.5,full
custom,weighted,6700,Laptop,variable,4.0,6.0,6.0,8.357,full
custom,weighted,6700,LED TV,variable,5.0,4.0,4.0,10.8,full
custom,weighted,6700,Washing machine,variable,6.0,2.0,2.0,10.029,full
custom,weighted,6700,Electric flat iron,variable,7.0,1.0,1.0,2.571,full
custom,weighted,6700,Inverter aircon (1.0 HP),variable,8.0,8.0,8.0,180.0,full
custom,weighted,6800,Refrigerator,fixed,,24.0,24.0,100.8,always on
custom,weighted,6800,Wi-Fi router,fixed,,24.0,24.0,7.2,always on
custom,weighted,6800,LED lights,variable,1.0,5.0,5.0,8.1,full
custom,weighted,6800,Electric fan,variable,2.0,8.0,8.0,38.4,full
custom,weighted,6800,Rice cooker,variable,3.0,1.0,1.0,19.5,full
custom,weighted,6800,Laptop,variable,4.0,6.0,6.0,8.357,full
custom,weighted,6800,LED TV,variable,5.0,4.0,4.0,10.8,full
custom,weighted,6800,Washing machine,variable,6.0,2.0,2.0,10.029,full
custom,weighted,6800,Electric flat iron,variable,7.0,1.0,1.0,2.571,full
custom,weighted,6800,Inverter aircon (1.0 HP),variable,8.0,8.0,8.0,180.0,full
custom,weighted,6900,Refrigerator,fixed,,24.0,24.0,100.8,always on
custom,weighted,6900,Wi-Fi router,fixed,,24.0,24.0,7.2,always on
custom,weighted,6900,LED lights,variable,1.0,5.0,5.0,8.1,full
custom,weighted,6900,Electric fan,variable,2.0,8.0,8.0,38.4,full
custom,weighted,6900,Rice cooker,variable,3.0,1.0,1.0,19.5,full
custom,weighted,6900,Laptop,variable,4.0,6.0,6.0,8.357,full
custom,weighted,6900,LED TV,variable,5.0,4.0,4.0,10.8,full
custom,weighted,6900,Washing machine,variable,6.0,2.0,2.0,10.029,full
custom,weighted,6900,Electric flat iron,variable,7.0,1.0,1.0,2.571,full
custom,weighted,6900,Inverter aircon (1.0 HP),variable,8.0,8.0,8.0,180.0,full
custom,weighted,7000,Refrigerator,fixed,,24.0,24.0,100.8,always on
custom,weighted,7000,Wi-Fi router,fixed,,24.0,24.0,7.2,always on
custom,weighted,7000,LED lights,variable,1.0,5.0,5.0,8.1,full
custom,weighted,7000,Electric fan,variable,2.0,8.0,8.0,38.4,full
custom,weighted,7000,Rice cooker,variable,3.0,1.0,1.0,19.5,full
custom,weighted,7000,Laptop,variable,4.0,6.0,6.0,8.357,full
custom,weighted,7000,LED TV,variable,5.0,4.0,4.0,10.8,full
custom,weighted,7000,Washing machine,variable,6.0,2.0,2.0,10.029,full
custom,weighted,7000,Electric flat iron,variable,7.0,1.0,1.0,2.571,full
custom,weighted,7000,Inverter aircon (1.0 HP),variable,8.0,8.0,8.0,180.0,full
custom,weighted,7100,Refrigerator,fixed,,24.0,24.0,100.8,always on
custom,weighted,7100,Wi-Fi router,fixed,,24.0,24.0,7.2,always on
custom,weighted,7100,LED lights,variable,1.0,5.0,5.0,8.1,full
custom,weighted,7100,Electric fan,variable,2.0,8.0,8.0,38.4,full
custom,weighted,7100,Rice cooker,variable,3.0,1.0,1.0,19.5,full
custom,weighted,7100,Laptop,variable,4.0,6.0,6.0,8.357,full
custom,weighted,7100,LED TV,variable,5.0,4.0,4.0,10.8,full
custom,weighted,7100,Washing machine,variable,6.0,2.0,2.0,10.029,full
custom,weighted,7100,Electric flat iron,variable,7.0,1.0,1.0,2.571,full
custom,weighted,7100,Inverter aircon (1.0 HP),variable,8.0,8.0,8.0,180.0,full
custom,weighted,7200,Refrigerator,fixed,,24.0,24.0,100.8,always on
custom,weighted,7200,Wi-Fi router,fixed,,24.0,24.0,7.2,always on
custom,weighted,7200,LED lights,variable,1.0,5.0,5.0,8.1,full
custom,weighted,7200,Electric fan,variable,2.0,8.0,8.0,38.4,full
custom,weighted,7200,Rice cooker,variable,3.0,1.0,1.0,19.5,full
custom,weighted,7200,Laptop,variable,4.0,6.0,6.0,8.357,full
custom,weighted,7200,LED TV,variable,5.0,4.0,4.0,10.8,full
custom,weighted,7200,Washing machine,variable,6.0,2.0,2.0,10.029,full
custom,weighted,7200,Electric flat iron,variable,7.0,1.0,1.0,2.571,full
custom,weighted,7200,Inverter aircon (1.0 HP),variable,8.0,8.0,8.0,180.0,full
custom,weighted,7300,Refrigerator,fixed,,24.0,24.0,100.8,always on
custom,weighted,7300,Wi-Fi router,fixed,,24.0,24.0,7.2,always on
custom,weighted,7300,LED lights,variable,1.0,5.0,5.0,8.1,full
custom,weighted,7300,Electric fan,variable,2.0,8.0,8.0,38.4,full
custom,weighted,7300,Rice cooker,variable,3.0,1.0,1.0,19.5,full
custom,weighted,7300,Laptop,variable,4.0,6.0,6.0,8.357,full
custom,weighted,7300,LED TV,variable,5.0,4.0,4.0,10.8,full
custom,weighted,7300,Washing machine,variable,6.0,2.0,2.0,10.029,full
custom,weighted,7300,Electric flat iron,variable,7.0,1.0,1.0,2.571,full
custom,weighted,7300,Inverter aircon (1.0 HP),variable,8.0,8.0,8.0,180.0,full
custom,weighted,7400,Refrigerator,fixed,,24.0,24.0,100.8,always on
custom,weighted,7400,Wi-Fi router,fixed,,24.0,24.0,7.2,always on
custom,weighted,7400,LED lights,variable,1.0,5.0,5.0,8.1,full
custom,weighted,7400,Electric fan,variable,2.0,8.0,8.0,38.4,full
custom,weighted,7400,Rice cooker,variable,3.0,1.0,1.0,19.5,full
custom,weighted,7400,Laptop,variable,4.0,6.0,6.0,8.357,full
custom,weighted,7400,LED TV,variable,5.0,4.0,4.0,10.8,full
custom,weighted,7400,Washing machine,variable,6.0,2.0,2.0,10.029,full
custom,weighted,7400,Electric flat iron,variable,7.0,1.0,1.0,2.571,full
custom,weighted,7400,Inverter aircon (1.0 HP),variable,8.0,8.0,8.0,180.0,full
custom,weighted,7500,Refrigerator,fixed,,24.0,24.0,100.8,always on
custom,weighted,7500,Wi-Fi router,fixed,,24.0,24.0,7.2,always on
custom,weighted,7500,LED lights,variable,1.0,5.0,5.0,8.1,full
custom,weighted,7500,Electric fan,variable,2.0,8.0,8.0,38.4,full
custom,weighted,7500,Rice cooker,variable,3.0,1.0,1.0,19.5,full
custom,weighted,7500,Laptop,variable,4.0,6.0,6.0,8.357,full
custom,weighted,7500,LED TV,variable,5.0,4.0,4.0,10.8,full
custom,weighted,7500,Washing machine,variable,6.0,2.0,2.0,10.029,full
custom,weighted,7500,Electric flat iron,variable,7.0,1.0,1.0,2.571,full
custom,weighted,7500,Inverter aircon (1.0 HP),variable,8.0,8.0,8.0,180.0,full
custom,weighted,7600,Refrigerator,fixed,,24.0,24.0,100.8,always on
custom,weighted,7600,Wi-Fi router,fixed,,24.0,24.0,7.2,always on
custom,weighted,7600,LED lights,variable,1.0,5.0,5.0,8.1,full
custom,weighted,7600,Electric fan,variable,2.0,8.0,8.0,38.4,full
custom,weighted,7600,Rice cooker,variable,3.0,1.0,1.0,19.5,full
custom,weighted,7600,Laptop,variable,4.0,6.0,6.0,8.357,full
custom,weighted,7600,LED TV,variable,5.0,4.0,4.0,10.8,full
custom,weighted,7600,Washing machine,variable,6.0,2.0,2.0,10.029,full
custom,weighted,7600,Electric flat iron,variable,7.0,1.0,1.0,2.571,full
custom,weighted,7600,Inverter aircon (1.0 HP),variable,8.0,8.0,8.0,180.0,full
custom,weighted,7700,Refrigerator,fixed,,24.0,24.0,100.8,always on
custom,weighted,7700,Wi-Fi router,fixed,,24.0,24.0,7.2,always on
custom,weighted,7700,LED lights,variable,1.0,5.0,5.0,8.1,full
custom,weighted,7700,Electric fan,variable,2.0,8.0,8.0,38.4,full
custom,weighted,7700,Rice cooker,variable,3.0,1.0,1.0,19.5,full
custom,weighted,7700,Laptop,variable,4.0,6.0,6.0,8.357,full
custom,weighted,7700,LED TV,variable,5.0,4.0,4.0,10.8,full
custom,weighted,7700,Washing machine,variable,6.0,2.0,2.0,10.029,full
custom,weighted,7700,Electric flat iron,variable,7.0,1.0,1.0,2.571,full
custom,weighted,7700,Inverter aircon (1.0 HP),variable,8.0,8.0,8.0,180.0,full
custom,weighted,7800,Refrigerator,fixed,,24.0,24.0,100.8,always on
custom,weighted,7800,Wi-Fi router,fixed,,24.0,24.0,7.2,always on
custom,weighted,7800,LED lights,variable,1.0,5.0,5.0,8.1,full
custom,weighted,7800,Electric fan,variable,2.0,8.0,8.0,38.4,full
custom,weighted,7800,Rice cooker,variable,3.0,1.0,1.0,19.5,full
custom,weighted,7800,Laptop,variable,4.0,6.0,6.0,8.357,full
custom,weighted,7800,LED TV,variable,5.0,4.0,4.0,10.8,full
custom,weighted,7800,Washing machine,variable,6.0,2.0,2.0,10.029,full
custom,weighted,7800,Electric flat iron,variable,7.0,1.0,1.0,2.571,full
custom,weighted,7800,Inverter aircon (1.0 HP),variable,8.0,8.0,8.0,180.0,full
custom,weighted,7900,Refrigerator,fixed,,24.0,24.0,100.8,always on
custom,weighted,7900,Wi-Fi router,fixed,,24.0,24.0,7.2,always on
custom,weighted,7900,LED lights,variable,1.0,5.0,5.0,8.1,full
custom,weighted,7900,Electric fan,variable,2.0,8.0,8.0,38.4,full
custom,weighted,7900,Rice cooker,variable,3.0,1.0,1.0,19.5,full
custom,weighted,7900,Laptop,variable,4.0,6.0,6.0,8.357,full
custom,weighted,7900,LED TV,variable,5.0,4.0,4.0,10.8,full
custom,weighted,7900,Washing machine,variable,6.0,2.0,2.0,10.029,full
custom,weighted,7900,Electric flat iron,variable,7.0,1.0,1.0,2.571,full
custom,weighted,7900,Inverter aircon (1.0 HP),variable,8.0,8.0,8.0,180.0,full
custom,weighted,8000,Refrigerator,fixed,,24.0,24.0,100.8,always on
custom,weighted,8000,Wi-Fi router,fixed,,24.0,24.0,7.2,always on
custom,weighted,8000,LED lights,variable,1.0,5.0,5.0,8.1,full
custom,weighted,8000,Electric fan,variable,2.0,8.0,8.0,38.4,full
custom,weighted,8000,Rice cooker,variable,3.0,1.0,1.0,19.5,full
custom,weighted,8000,Laptop,variable,4.0,6.0,6.0,8.357,full
custom,weighted,8000,LED TV,variable,5.0,4.0,4.0,10.8,full
custom,weighted,8000,Washing machine,variable,6.0,2.0,2.0,10.029,full
custom,weighted,8000,Electric flat iron,variable,7.0,1.0,1.0,2.571,full
custom,weighted,8000,Inverter aircon (1.0 HP),variable,8.0,8.0,8.0,180.0,full
